00:00.422  blend            | Read blend: "/Users/auchan/projects/garden-of-dreams/blender/kits/KIT_flora.blend"
BlenderMCP addon registered
INFO Draco is available, use library at /Applications/Blender.app/Contents/Resources/5.2/scripts/addons_core/io_scene_gltf2/libbf_intern_draco_bridge.dylib
INFO MeshOptimizer is available, use library at /Applications/Blender.app/Contents/Resources/5.2/scripts/addons_core/io_scene_gltf2/libbf_intern_meshopt_bridge.dylib
13:27:09 | INFO: Starting glTF 2.0 export
13:27:09 | INFO: Extracting primitive: TEMP_reed_geometry
13:27:09 | WARNING: More than one shader node tex image used for a texture. The resulting glTF sampler will behave like the first shader node tex image.
13:27:09 | INFO: Primitives created: 1
13:27:09 | INFO: Finished glTF 2.0 export in 0.00862884521484375 s

13:27:09 | INFO: Starting glTF 2.0 export
13:27:09 | INFO: Extracting primitive: TEMP_reed_geometry_LOD1
13:27:09 | WARNING: More than one shader node tex image used for a texture. The resulting glTF sampler will behave like the first shader node tex image.
13:27:09 | INFO: Primitives created: 1
13:27:09 | INFO: Finished glTF 2.0 export in 0.0032193660736083984 s
00:00.848  blend            | Read blend: "/var/folders/gf/s_g2zvzj3jxbylz3ylbc7k4c0000gn/T/garden-ziling-source-art-tgpe0mou/waterline/blender/authoring.blend"
00:04.875  blend            | Read blend: "/var/folders/gf/s_g2zvzj3jxbylz3ylbc7k4c0000gn/T/garden-ziling-source-art-tgpe0mou/reeds-volume/blender/authoring.blend"

Info: Saved as "KIT_flora.blend"
Info: Saved as "authoring.blend"
13:27:17 | INFO: Starting glTF 2.0 export
13:27:17 | INFO: Extracting primitive: COL_aojing_approach.001
13:27:17 | INFO: Primitives created: 1
13:27:17 | INFO: Extracting primitive: COL_aojing_approach.004
13:27:17 | INFO: Primitives created: 1
13:27:17 | INFO: Extracting primitive: COL_aojing_approach_guard.001
13:27:17 | INFO: Primitives created: 1
13:27:17 | INFO: Extracting primitive: COL_aojing_approach_guard.004
13:27:17 | INFO: Primitives created: 1
13:27:17 | INFO: Extracting primitive: COL_aojing_approach_ramp.002
13:27:17 | INFO: Primitives created: 1
13:27:17 | INFO: Extracting primitive: COL_daoxiang_approach.002
13:27:17 | INFO: Primitives created: 1
13:27:17 | INFO: Extracting primitive: COL_daoxiang_approach.003
13:27:17 | INFO: Primitives created: 1
13:27:17 | INFO: Extracting primitive: COL_hengwu_approach.002
13:27:17 | INFO: Primitives created: 1
13:27:17 | INFO: Extracting primitive: COL_hengwu_approach.003
13:27:17 | INFO: Primitives created: 1
13:27:17 | INFO: Extracting primitive: COL_longcui_approach.003
13:27:17 | INFO: Primitives created: 1
13:27:17 | INFO: Extracting primitive: COL_longcui_approach.004
13:27:17 | INFO: Primitives created: 1
13:27:17 | INFO: Extracting primitive: COL_longcui_approach.005
13:27:17 | INFO: Primitives created: 1
13:27:17 | INFO: Extracting primitive: Cube.009
13:27:17 | INFO: Primitives created: 1
13:27:17 | INFO: Extracting primitive: Cube.011
13:27:17 | INFO: Primitives created: 1
13:27:17 | INFO: Extracting primitive: Cube.012
13:27:17 | INFO: Primitives created: 1
13:27:17 | INFO: Extracting primitive: Cube.013
13:27:17 | INFO: Primitives created: 1
13:27:17 | INFO: Extracting primitive: Cube.019
13:27:17 | INFO: Primitives created: 1
13:27:17 | INFO: Extracting primitive: Cube.020
13:27:17 | INFO: Primitives created: 1
13:27:17 | INFO: Extracting primitive: Cube.023
13:27:17 | INFO: Primitives created: 1
13:27:17 | INFO: Extracting primitive: Cube.024
13:27:17 | INFO: Primitives created: 1
13:27:17 | INFO: Extracting primitive: Cube.048
13:27:17 | INFO: Primitives created: 1
13:27:17 | INFO: Extracting primitive: Cube.050
13:27:17 | INFO: Primitives created: 1
13:27:17 | INFO: Extracting primitive: Cube.052
13:27:17 | INFO: Primitives created: 1
13:27:17 | INFO: Extracting primitive: Cube.092
13:27:17 | INFO: Primitives created: 1
13:27:17 | INFO: Extracting primitive: Cube.093
13:27:17 | INFO: Primitives created: 1
13:27:17 | INFO: Extracting primitive: Cube.094
13:27:17 | INFO: Primitives created: 1
13:27:17 | INFO: Extracting primitive: Cube.095
13:27:17 | INFO: Primitives created: 1
13:27:17 | INFO: Extracting primitive: Cube.096
13:27:17 | INFO: Primitives created: 1
13:27:17 | INFO: Extracting primitive: Cube.097
13:27:17 | INFO: Primitives created: 1
13:27:17 | INFO: Extracting primitive: Cube.098
13:27:17 | INFO: Primitives created: 1
13:27:17 | INFO: Extracting primitive: Cube.099
13:27:17 | INFO: Primitives created: 1
13:27:17 | INFO: Extracting primitive: Cube.100
13:27:17 | INFO: Primitives created: 1
13:27:17 | INFO: Extracting primitive: Cube.101
13:27:17 | INFO: Primitives created: 1
13:27:17 | INFO: Extracting primitive: Cube.102
13:27:17 | INFO: Primitives created: 1
13:27:17 | INFO: Extracting primitive: Cube.103
13:27:17 | INFO: Primitives created: 1
13:27:17 | INFO: Extracting primitive: Cube.104
13:27:17 | INFO: Primitives created: 1
13:27:17 | INFO: Extracting primitive: Cube.105
13:27:17 | INFO: Primitives created: 1
13:27:17 | INFO: Extracting primitive: Cube.106
13:27:17 | INFO: Primitives created: 1
13:27:17 | INFO: Extracting primitive: Cube.107
13:27:17 | INFO: Primitives created: 1
13:27:17 | INFO: Extracting primitive: Cube.108
13:27:17 | INFO: Primitives created: 1
13:27:17 | INFO: Extracting primitive: Cube.109
13:27:17 | INFO: Primitives created: 1
13:27:17 | INFO: Extracting primitive: Cube.110
13:27:17 | INFO: Primitives created: 1
13:27:17 | INFO: Extracting primitive: Cube.111
13:27:17 | INFO: Primitives created: 1
13:27:17 | INFO: Extracting primitive: Cube.112
13:27:17 | INFO: Primitives created: 1
13:27:17 | INFO: Extracting primitive: Cube.113
13:27:17 | INFO: Primitives created: 1
13:27:17 | INFO: Extracting primitive: Cube.114
13:27:17 | INFO: Primitives created: 1
13:27:17 | INFO: Extracting primitive: Cube.115
13:27:17 | INFO: Primitives created: 1
13:27:17 | INFO: Extracting primitive: Cube.116
13:27:17 | INFO: Primitives created: 1
13:27:17 | INFO: Extracting primitive: Cube.117
13:27:17 | INFO: Primitives created: 1
13:27:17 | INFO: Extracting primitive: Cube.118
13:27:17 | INFO: Primitives created: 1
13:27:17 | INFO: Extracting primitive: Cube.119
13:27:17 | INFO: Primitives created: 1
13:27:17 | INFO: Extracting primitive: Cube.120
13:27:17 | INFO: Primitives created: 1
13:27:17 | INFO: Extracting primitive: Cube.121
13:27:17 | INFO: Primitives created: 1
13:27:17 | INFO: Extracting primitive: Cube.122
13:27:17 | INFO: Primitives created: 1
13:27:17 | INFO: Extracting primitive: Cube.123
13:27:17 | INFO: Primitives created: 1
13:27:17 | INFO: Extracting primitive: Cube.124
13:27:17 | INFO: Primitives created: 1
13:27:17 | INFO: Extracting primitive: Cube.125
13:27:17 | INFO: Primitives created: 1
13:27:17 | INFO: Extracting primitive: Cube.126
13:27:17 | INFO: Primitives created: 1
13:27:17 | INFO: Extracting primitive: Cube.127
13:27:17 | INFO: Primitives created: 1
13:27:17 | INFO: Extracting primitive: Cube.128
13:27:17 | INFO: Primitives created: 1
13:27:17 | INFO: Extracting primitive: Cube.129
13:27:17 | INFO: Primitives created: 1
13:27:17 | INFO: Extracting primitive: Cube.130
13:27:17 | INFO: Primitives created: 1
13:27:17 | INFO: Extracting primitive: Cube.131
13:27:17 | INFO: Primitives created: 1
13:27:17 | INFO: Extracting primitive: Cube.132
13:27:17 | INFO: Primitives created: 1
13:27:17 | INFO: Extracting primitive: Cube.133
13:27:17 | INFO: Primitives created: 1
13:27:17 | INFO: Extracting primitive: Cube.134
13:27:17 | INFO: Primitives created: 1
13:27:17 | INFO: Extracting primitive: Cube.135
13:27:17 | INFO: Primitives created: 1
13:27:17 | INFO: Extracting primitive: Cube.136
13:27:17 | INFO: Primitives created: 1
13:27:17 | INFO: Extracting primitive: Cube.137
13:27:17 | INFO: Primitives created: 1
13:27:17 | INFO: Extracting primitive: Cube.138
13:27:17 | INFO: Primitives created: 1
13:27:17 | INFO: Extracting primitive: Cube.139
13:27:17 | INFO: Primitives created: 1
13:27:17 | INFO: Extracting primitive: Cube.140
13:27:17 | INFO: Primitives created: 1
13:27:17 | INFO: Extracting primitive: Cube.141
13:27:17 | INFO: Primitives created: 1
13:27:17 | INFO: Extracting primitive: Cube.142
13:27:17 | INFO: Primitives created: 1
13:27:17 | INFO: Extracting primitive: Cube.143
13:27:17 | INFO: Primitives created: 1
13:27:17 | INFO: Extracting primitive: Cube.144
13:27:17 | INFO: Primitives created: 1
13:27:17 | INFO: Extracting primitive: COL_stone_walk.005
13:27:17 | INFO: Primitives created: 1
13:27:17 | INFO: Extracting primitive: COL_stone_walk.008
13:27:17 | INFO: Primitives created: 1
13:27:17 | INFO: Extracting primitive: COL_stone_walk.009
13:27:17 | INFO: Primitives created: 1
13:27:17 | INFO: Extracting primitive: COL_stone_walk.010
13:27:17 | INFO: Primitives created: 1
13:27:17 | INFO: Extracting primitive: COL_stone_walk.011
13:27:17 | INFO: Primitives created: 1
13:27:17 | INFO: Extracting primitive: COL_stone_walk.012
13:27:17 | INFO: Primitives created: 1
13:27:17 | INFO: Extracting primitive: COL_study_approach.002
13:27:17 | INFO: Primitives created: 1
13:27:17 | INFO: Extracting primitive: COL_tubi_approach.001
13:27:17 | INFO: Primitives created: 1
13:27:17 | INFO: Extracting primitive: COL_tubi_approach.002
13:27:17 | INFO: Primitives created: 1
13:27:17 | INFO: Extracting primitive: COL_tubi_approach.007
13:27:17 | INFO: Primitives created: 1
13:27:17 | INFO: Extracting primitive: COL_tubi_approach.008
13:27:17 | INFO: Primitives created: 1
13:27:17 | INFO: Extracting primitive: KIT_stage_floor.001
13:27:17 | INFO: Primitives created: 1
13:27:17 | INFO: Extracting primitive: AOJING_approach_guard.001
13:27:17 | INFO: Primitives created: 1
13:27:17 | INFO: Extracting primitive: KIT_stage_painted_moon.001
13:27:17 | INFO: Primitives created: 1
13:27:17 | INFO: Extracting primitive: KIT_stage_painted_mountain_layer.003
13:27:18 | INFO: Primitives created: 1
13:27:18 | INFO: Extracting primitive: KIT_stage_painted_mountain_layer.004
13:27:18 | INFO: Primitives created: 1
13:27:18 | INFO: Extracting primitive: KIT_stage_painted_mountain_layer.005
13:27:18 | INFO: Primitives created: 1
13:27:18 | INFO: Extracting primitive: KIT_water_stone_walk.005
13:27:18 | INFO: Primitives created: 1
13:27:18 | INFO: Extracting primitive: Painted coved ceiling candidate.001
13:27:18 | INFO: Primitives created: 1
13:27:18 | INFO: Extracting primitive: KIT_stage_painted_canvas.002
13:27:18 | INFO: Primitives created: 1
13:27:18 | INFO: Extracting primitive: Eight painted cyclorama arcs.001
13:27:18 | WARNING: More than one shader node tex image used for a texture. The resulting glTF sampler will behave like the first shader node tex image.
13:27:18 | INFO: Primitives created: 2
13:27:18 | INFO: Extracting primitive: KIT_stage_fog_plane_render.002
13:27:18 | INFO: Primitives created: 1
13:27:18 | INFO: Finished glTF 2.0 export in 0.227341890335083 s

13:27:22 | INFO: Starting glTF 2.0 export
13:27:22 | INFO: Extracting primitive: Cube.147
13:27:22 | INFO: Primitives created: 1
13:27:22 | INFO: Extracting primitive: Cube.148
13:27:22 | INFO: Primitives created: 1
13:27:22 | INFO: Extracting primitive: Cube.149
13:27:22 | INFO: Primitives created: 1
13:27:22 | INFO: Extracting primitive: Cube.150
13:27:22 | INFO: Primitives created: 1
13:27:22 | INFO: Extracting primitive: COL_bridge_crosswalk.002
13:27:22 | INFO: Primitives created: 1
13:27:22 | INFO: Extracting primitive: COL_bridge_crosswalk.003
13:27:22 | INFO: Primitives created: 1
13:27:22 | INFO: Extracting primitive: COL_floor_joint_pavilion_east_joint.001
13:27:22 | INFO: Primitives created: 1
13:27:22 | INFO: Extracting primitive: COL_floor_joint_pavilion_west_joint.001
13:27:22 | INFO: Primitives created: 1
13:27:22 | INFO: Extracting primitive: Cube.146
13:27:22 | INFO: Primitives created: 1
13:27:22 | INFO: Extracting primitive: Cube.145
13:27:22 | INFO: Primitives created: 1
13:27:22 | INFO: Extracting primitive: COL_corridor_floor.009
13:27:22 | INFO: Primitives created: 1
13:27:22 | INFO: Extracting primitive: COL_corridor_side.015
13:27:22 | INFO: Primitives created: 1
13:27:22 | INFO: Extracting primitive: COL_corridor_side.016
13:27:22 | INFO: Primitives created: 1
13:27:22 | INFO: Extracting primitive: COL_corridor_post.016
13:27:22 | INFO: Primitives created: 1
13:27:22 | INFO: Extracting primitive: COL_corridor_post.017
13:27:22 | INFO: Primitives created: 1
13:27:22 | INFO: Extracting primitive: COL_corridor_floor.010
13:27:22 | INFO: Primitives created: 1
13:27:22 | INFO: Extracting primitive: COL_corridor_side.017
13:27:22 | INFO: Primitives created: 1
13:27:22 | INFO: Extracting primitive: COL_corridor_side.018
13:27:22 | INFO: Primitives created: 1
13:27:22 | INFO: Extracting primitive: COL_corridor_post.018
13:27:22 | INFO: Primitives created: 1
13:27:22 | INFO: Extracting primitive: COL_corridor_post.019
13:27:22 | INFO: Primitives created: 1
13:27:22 | INFO: Extracting primitive: COL_corridor_floor.011
13:27:22 | INFO: Primitives created: 1
13:27:22 | INFO: Extracting primitive: COL_corridor_side.019
13:27:22 | INFO: Primitives created: 1
13:27:22 | INFO: Extracting primitive: COL_corridor_side.020
13:27:22 | INFO: Primitives created: 1
13:27:22 | INFO: Extracting primitive: COL_corridor_post.020
13:27:22 | INFO: Primitives created: 1
13:27:22 | INFO: Extracting primitive: COL_corridor_post.021
13:27:22 | INFO: Primitives created: 1
13:27:22 | INFO: Extracting primitive: COL_corridor_floor.012
13:27:22 | INFO: Primitives created: 1
13:27:22 | INFO: Extracting primitive: COL_corridor_side.021
13:27:22 | INFO: Primitives created: 1
13:27:22 | INFO: Extracting primitive: COL_corridor_side.022
13:27:22 | INFO: Primitives created: 1
13:27:22 | INFO: Extracting primitive: COL_corridor_post.022
13:27:22 | INFO: Primitives created: 1
13:27:22 | INFO: Extracting primitive: COL_corridor_post.023
13:27:22 | INFO: Primitives created: 1
13:27:22 | INFO: Extracting primitive: COL_corridor_floor.001
13:27:22 | INFO: Primitives created: 1
13:27:22 | INFO: Extracting primitive: COL_corridor_side.001
13:27:22 | INFO: Primitives created: 1
13:27:22 | INFO: Extracting primitive: COL_corridor_side.002
13:27:22 | INFO: Primitives created: 1
13:27:22 | INFO: Extracting primitive: COL_corridor_post.001
13:27:22 | INFO: Primitives created: 1
13:27:22 | INFO: Extracting primitive: COL_corridor_post.002
13:27:22 | INFO: Primitives created: 1
13:27:22 | INFO: Extracting primitive: COL_corridor_floor.002
13:27:22 | INFO: Primitives created: 1
13:27:22 | INFO: Extracting primitive: COL_corridor_side.003
13:27:22 | INFO: Primitives created: 1
13:27:22 | INFO: Extracting primitive: COL_corridor_side.004
13:27:22 | INFO: Primitives created: 1
13:27:22 | INFO: Extracting primitive: COL_corridor_post.003
13:27:22 | INFO: Primitives created: 1
13:27:22 | INFO: Extracting primitive: COL_corridor_post.004
13:27:22 | INFO: Primitives created: 1
13:27:22 | INFO: Extracting primitive: COL_corridor_floor.003
13:27:22 | INFO: Primitives created: 1
13:27:22 | INFO: Extracting primitive: COL_corridor_side.005
13:27:22 | INFO: Primitives created: 1
13:27:22 | INFO: Extracting primitive: COL_corridor_side.006
13:27:22 | INFO: Primitives created: 1
13:27:22 | INFO: Extracting primitive: COL_corridor_post.005
13:27:22 | INFO: Primitives created: 1
13:27:22 | INFO: Extracting primitive: COL_corridor_post.006
13:27:22 | INFO: Primitives created: 1
13:27:22 | INFO: Extracting primitive: COL_corridor_floor.004
13:27:22 | INFO: Primitives created: 1
13:27:22 | INFO: Extracting primitive: COL_corridor_side.007
13:27:22 | INFO: Primitives created: 1
13:27:22 | INFO: Extracting primitive: COL_corridor_side.008
13:27:22 | INFO: Primitives created: 1
13:27:22 | INFO: Extracting primitive: COL_corridor_post.007
13:27:22 | INFO: Primitives created: 1
13:27:22 | INFO: Extracting primitive: COL_corridor_post.008
13:27:22 | INFO: Primitives created: 1
13:27:22 | INFO: Extracting primitive: COL_corridor_floor.005
13:27:22 | INFO: Primitives created: 1
13:27:22 | INFO: Extracting primitive: COL_corridor_side.009
13:27:22 | INFO: Primitives created: 1
13:27:22 | INFO: Extracting primitive: COL_corridor_side.010
13:27:22 | INFO: Primitives created: 1
13:27:22 | INFO: Extracting primitive: COL_corridor_post.009
13:27:22 | INFO: Primitives created: 1
13:27:22 | INFO: Extracting primitive: COL_corridor_post.010
13:27:22 | INFO: Primitives created: 1
13:27:22 | INFO: Extracting primitive: COL_corridor_floor.006
13:27:22 | INFO: Primitives created: 1
13:27:22 | INFO: Extracting primitive: COL_corridor_side.011
13:27:22 | INFO: Primitives created: 1
13:27:22 | INFO: Extracting primitive: COL_corridor_post.011
13:27:22 | INFO: Primitives created: 1
13:27:22 | INFO: Extracting primitive: COL_corridor_post.012
13:27:22 | INFO: Primitives created: 1
13:27:22 | INFO: Extracting primitive: COL_corridor_floor.007
13:27:22 | INFO: Primitives created: 1
13:27:22 | INFO: Extracting primitive: COL_corridor_side.012
13:27:22 | INFO: Primitives created: 1
13:27:22 | INFO: Extracting primitive: COL_corridor_post.013
13:27:22 | INFO: Primitives created: 1
13:27:22 | INFO: Extracting primitive: COL_corridor_floor.008
13:27:22 | INFO: Primitives created: 1
13:27:22 | INFO: Extracting primitive: COL_corridor_side.013
13:27:22 | INFO: Primitives created: 1
13:27:22 | INFO: Extracting primitive: COL_corridor_side.014
13:27:22 | INFO: Primitives created: 1
13:27:22 | INFO: Extracting primitive: COL_corridor_post.014
13:27:22 | INFO: Primitives created: 1
13:27:22 | INFO: Extracting primitive: COL_corridor_post.015
13:27:22 | INFO: Primitives created: 1
13:27:22 | INFO: Extracting primitive: COL_corridor_floor.013
13:27:22 | INFO: Primitives created: 1
13:27:22 | INFO: Extracting primitive: COL_corridor_side.023
13:27:22 | INFO: Primitives created: 1
13:27:22 | INFO: Extracting primitive: COL_corridor_side.024
13:27:22 | INFO: Primitives created: 1
13:27:22 | INFO: Extracting primitive: COL_corridor_post.024
13:27:22 | INFO: Primitives created: 1
13:27:22 | INFO: Extracting primitive: COL_corridor_post.025
13:27:22 | INFO: Primitives created: 1
13:27:22 | INFO: Extracting primitive: COL_corridor_floor.014
13:27:22 | INFO: Primitives created: 1
13:27:22 | INFO: Extracting primitive: COL_corridor_side.025
13:27:22 | INFO: Primitives created: 1
13:27:22 | INFO: Extracting primitive: COL_corridor_side.026
13:27:22 | INFO: Primitives created: 1
13:27:22 | INFO: Extracting primitive: COL_corridor_post.026
13:27:22 | INFO: Primitives created: 1
13:27:22 | INFO: Extracting primitive: COL_corridor_post.027
13:27:22 | INFO: Primitives created: 1
13:27:22 | INFO: Extracting primitive: COL_corridor_floor.015
13:27:22 | INFO: Primitives created: 1
13:27:22 | INFO: Extracting primitive: COL_corridor_side.027
13:27:22 | INFO: Primitives created: 1
13:27:22 | INFO: Extracting primitive: COL_corridor_side.028
13:27:22 | INFO: Primitives created: 1
13:27:22 | INFO: Extracting primitive: COL_corridor_post.028
13:27:22 | INFO: Primitives created: 1
13:27:22 | INFO: Extracting primitive: COL_corridor_post.029
13:27:22 | INFO: Primitives created: 1
13:27:22 | INFO: Extracting primitive: COL_corridor_floor.016
13:27:22 | INFO: Primitives created: 1
13:27:22 | INFO: Extracting primitive: COL_corridor_side.029
13:27:22 | INFO: Primitives created: 1
13:27:22 | INFO: Extracting primitive: COL_corridor_side.030
13:27:22 | INFO: Primitives created: 1
13:27:22 | INFO: Extracting primitive: COL_corridor_post.030
13:27:22 | INFO: Primitives created: 1
13:27:22 | INFO: Extracting primitive: COL_corridor_post.031
13:27:22 | INFO: Primitives created: 1
13:27:22 | INFO: Extracting primitive: COL_qinfang_deck.001
13:27:22 | INFO: Primitives created: 1
13:27:22 | INFO: Extracting primitive: COL_pavilion_bench.001
13:27:22 | INFO: Primitives created: 1
13:27:22 | INFO: Extracting primitive: COL_pavilion_bench.002
13:27:22 | INFO: Primitives created: 1
13:27:22 | INFO: Extracting primitive: COL_pavilion_bracket.001
13:27:22 | INFO: Primitives created: 1
13:27:22 | INFO: Extracting primitive: COL_pavilion_bracket.002
13:27:22 | INFO: Primitives created: 1
13:27:22 | INFO: Extracting primitive: COL_pavilion_bracket.003
13:27:22 | INFO: Primitives created: 1
13:27:22 | INFO: Extracting primitive: COL_pavilion_bracket.004
13:27:22 | INFO: Primitives created: 1
13:27:22 | INFO: Extracting primitive: COL_pavilion_bracket.005
13:27:22 | INFO: Primitives created: 1
13:27:22 | INFO: Extracting primitive: COL_pavilion_bracket.006
13:27:22 | INFO: Primitives created: 1
13:27:22 | INFO: Extracting primitive: COL_pavilion_post.001
13:27:22 | INFO: Primitives created: 1
13:27:22 | INFO: Extracting primitive: COL_pavilion_post.002
13:27:22 | INFO: Primitives created: 1
13:27:22 | INFO: Extracting primitive: COL_pavilion_post.003
13:27:22 | INFO: Primitives created: 1
13:27:22 | INFO: Extracting primitive: COL_pavilion_post.004
13:27:22 | INFO: Primitives created: 1
13:27:22 | INFO: Extracting primitive: COL_pavilion_post.005
13:27:22 | INFO: Primitives created: 1
13:27:22 | INFO: Extracting primitive: COL_pavilion_post.006
13:27:22 | INFO: Primitives created: 1
13:27:22 | INFO: Extracting primitive: COL_pavilion_roof.001
13:27:22 | INFO: Primitives created: 1
13:27:22 | INFO: Extracting primitive: KIT_flora_bamboo_large_render.001
13:27:22 | WARNING: More than one shader node tex image used for a texture. The resulting glTF sampler will behave like the first shader node tex image.
13:27:22 | INFO: Primitives created: 1
13:27:22 | INFO: Extracting primitive: KIT_flora_bamboo_large_render.002
13:27:22 | INFO: Primitives created: 1
13:27:22 | INFO: Extracting primitive: KIT_flora_bamboo_small_render.001
13:27:22 | INFO: Primitives created: 1
13:27:22 | INFO: Extracting primitive: KIT_flora_willow_render.001
13:27:22 | INFO: Primitives created: 1
13:27:22 | INFO: Extracting primitive: KIT_flora_willow_render.002
13:27:22 | INFO: Primitives created: 1
13:27:22 | INFO: Extracting primitive: HERO_qinfang-ting_title.002
13:27:22 | WARNING: More than one shader node tex image used for a texture. The resulting glTF sampler will behave like the first shader node tex image.
13:27:22 | INFO: Primitives created: 1
13:27:22 | INFO: Extracting primitive: HERO_qinfang_bridge.001
13:27:22 | INFO: Primitives created: 1
13:27:22 | INFO: Extracting primitive: HERO_table_hexagram.001
13:27:22 | INFO: Primitives created: 1
13:27:22 | INFO: Extracting primitive: line_piece.005
13:27:23 | WARNING: More than one shader node tex image used for a texture. The resulting glTF sampler will behave like the first shader node tex image.
13:27:23 | INFO: Primitives created: 1
13:27:23 | INFO: Extracting primitive: line_piece.002
13:27:23 | INFO: Primitives created: 1
13:27:23 | INFO: Extracting primitive: line_piece.011
13:27:23 | INFO: Primitives created: 1
13:27:23 | INFO: Extracting primitive: line_piece.008
13:27:23 | INFO: Primitives created: 1
13:27:23 | INFO: Extracting primitive: line_piece.017
13:27:23 | INFO: Primitives created: 1
13:27:23 | INFO: Extracting primitive: line_piece.014
13:27:23 | INFO: Primitives created: 1
13:27:23 | INFO: Extracting primitive: line_piece.019
13:27:23 | INFO: Primitives created: 1
13:27:23 | INFO: Extracting primitive: line_piece.018
13:27:23 | INFO: Primitives created: 1
13:27:23 | INFO: Extracting primitive: line_piece.021
13:27:23 | INFO: Primitives created: 1
13:27:23 | INFO: Extracting primitive: line_piece.020
13:27:23 | INFO: Primitives created: 1
13:27:23 | INFO: Extracting primitive: line_piece.023
13:27:23 | INFO: Primitives created: 1
13:27:23 | INFO: Extracting primitive: line_piece.022
13:27:23 | INFO: Primitives created: 1
13:27:23 | INFO: Extracting primitive: HERO_table_pedestal.001
13:27:23 | INFO: Primitives created: 1
13:27:23 | INFO: Extracting primitive: KIT_water_lotus.021
13:27:23 | INFO: Primitives created: 1
13:27:23 | INFO: Extracting primitive: KIT_corridor_rail.008
13:27:23 | INFO: Primitives created: 1
13:27:23 | INFO: Extracting primitive: KIT_pavilion_roof_shell.001
13:27:23 | INFO: Primitives created: 1
13:27:23 | INFO: Extracting primitive: KIT_pavilion_plinth.001
13:27:23 | INFO: Primitives created: 1
13:27:23 | INFO: Extracting primitive: KIT_props_lantern_hanging_render.001
13:27:23 | WARNING: More than one shader node tex image used for a texture. The resulting glTF sampler will behave like the first shader node tex image.
13:27:23 | INFO: Primitives created: 1
13:27:23 | INFO: Extracting primitive: KIT_water_stream.001
13:27:23 | INFO: Primitives created: 1
13:27:23 | INFO: Finished glTF 2.0 export in 0.2746763229370117 s

13:27:23 | INFO: Starting glTF 2.0 export
13:27:23 | INFO: Extracting primitive: COL_GATE_banana_planter.001
13:27:23 | INFO: Primitives created: 1
13:27:23 | INFO: Extracting primitive: KIT_rockery_passage.022
13:27:23 | INFO: Primitives created: 1
13:27:23 | INFO: Extracting primitive: KIT_rockery_passage.024
13:27:23 | INFO: Primitives created: 1
13:27:23 | INFO: Extracting primitive: KIT_rockery_cliff.006
13:27:23 | INFO: Primitives created: 1
13:27:23 | INFO: Extracting primitive: KIT_rockery_cliff.008
13:27:23 | INFO: Primitives created: 1
13:27:23 | INFO: Extracting primitive: KIT_rockery_passage.004
13:27:23 | INFO: Primitives created: 1
13:27:23 | INFO: Extracting primitive: KIT_rockery_passage.016
13:27:23 | INFO: Primitives created: 1
13:27:23 | INFO: Extracting primitive: KIT_rockery_passage.018
13:27:23 | INFO: Primitives created: 1
13:27:23 | INFO: Extracting primitive: KIT_rockery_passage.020
13:27:23 | INFO: Primitives created: 1
13:27:23 | INFO: Extracting primitive: GATE_paving.003
13:27:23 | INFO: Primitives created: 1
13:27:23 | INFO: Extracting primitive: HERO_gate_inscription.001
13:27:23 | WARNING: More than one shader node tex image used for a texture. The resulting glTF sampler will behave like the first shader node tex image.
13:27:23 | INFO: Primitives created: 1
13:27:23 | INFO: Extracting primitive: HERO_gate_water_drips.001
13:27:23 | WARNING: More than one shader node tex image used for a texture. The resulting glTF sampler will behave like the first shader node tex image.
13:27:23 | INFO: Primitives created: 1
13:27:23 | INFO: Extracting primitive: GATE_banana_pseudostem.001
13:27:23 | INFO: Primitives created: 1
13:27:23 | INFO: Extracting primitive: GATE_banana_soil.001
13:27:23 | INFO: Primitives created: 1
13:27:23 | INFO: Extracting primitive: KIT_rockery_passage.001
13:27:23 | WARNING: More than one shader node tex image used for a texture. The resulting glTF sampler will behave like the first shader node tex image.
13:27:23 | INFO: Primitives created: 1
13:27:23 | INFO: Extracting primitive: GATE_paving.002
13:27:23 | INFO: Primitives created: 1
13:27:23 | INFO: Extracting primitive: KIT_props_lantern_hanging_render.008
13:27:23 | WARNING: More than one shader node tex image used for a texture. The resulting glTF sampler will behave like the first shader node tex image.
13:27:23 | INFO: Primitives created: 1
13:27:23 | INFO: Extracting primitive: KIT_stage_fog_plane_render.017
13:27:23 | INFO: Primitives created: 1
13:27:23 | INFO: Finished glTF 2.0 export in 0.08263874053955078 s

13:27:24 | INFO: Starting glTF 2.0 export
13:27:24 | INFO: Extracting primitive: COL_cell_floor.006
13:27:24 | INFO: Primitives created: 1
13:27:24 | INFO: Extracting primitive: COL_cell_floor.007
13:27:24 | INFO: Primitives created: 1
13:27:24 | INFO: Extracting primitive: COL_cell_floor.008
13:27:24 | INFO: Primitives created: 1
13:27:24 | INFO: Extracting primitive: COL_cell_floor.009
13:27:24 | INFO: Primitives created: 1
13:27:24 | INFO: Extracting primitive: COL_cell_floor.010
13:27:24 | INFO: Primitives created: 1
13:27:24 | INFO: Extracting primitive: COL_cell_floor.011
13:27:24 | INFO: Primitives created: 1
13:27:24 | INFO: Extracting primitive: COL_cell_wall.012
13:27:24 | INFO: Primitives created: 1
13:27:24 | INFO: Extracting primitive: COL_cell_wall.013
13:27:24 | INFO: Primitives created: 1
13:27:24 | INFO: Extracting primitive: COL_cell_wall.014
13:27:24 | INFO: Primitives created: 1
13:27:24 | INFO: Extracting primitive: COL_cell_wall.015
13:27:24 | INFO: Primitives created: 1
13:27:24 | INFO: Extracting primitive: COL_cell_wall.016
13:27:24 | INFO: Primitives created: 1
13:27:24 | INFO: Extracting primitive: COL_cell_wall.017
13:27:24 | INFO: Primitives created: 1
13:27:24 | INFO: Extracting primitive: COL_cell_wall.018
13:27:24 | INFO: Primitives created: 1
13:27:24 | INFO: Extracting primitive: COL_cell_wall.019
13:27:24 | INFO: Primitives created: 1
13:27:24 | INFO: Extracting primitive: COL_cell_wall.020
13:27:24 | INFO: Primitives created: 1
13:27:24 | INFO: Extracting primitive: COL_cell_wall.021
13:27:24 | INFO: Primitives created: 1
13:27:24 | INFO: Extracting primitive: COL_cell_wall.022
13:27:24 | INFO: Primitives created: 1
13:27:24 | INFO: Extracting primitive: COL_cell_wall.023
13:27:24 | INFO: Primitives created: 1
13:27:24 | INFO: Extracting primitive: COL_entry_corridor.001
13:27:24 | INFO: Primitives created: 1
13:27:24 | INFO: Extracting primitive: COL_entry_walk.002
13:27:24 | INFO: Primitives created: 1
13:27:24 | INFO: Extracting primitive: COL_entry_walk.003
13:27:24 | INFO: Primitives created: 1
13:27:24 | INFO: Extracting primitive: COL_floor_joint_cell_threshold_0.001
13:27:24 | INFO: Primitives created: 1
13:27:24 | INFO: Extracting primitive: COL_floor_joint_cell_threshold_1.001
13:27:24 | INFO: Primitives created: 1
13:27:24 | INFO: Extracting primitive: COL_floor_joint_cell_threshold_2.001
13:27:24 | INFO: Primitives created: 1
13:27:24 | INFO: Extracting primitive: COL_floor_joint_cell_threshold_3.001
13:27:24 | INFO: Primitives created: 1
13:27:24 | INFO: Extracting primitive: COL_floor_joint_cell_threshold_4.001
13:27:24 | INFO: Primitives created: 1
13:27:24 | INFO: Extracting primitive: COL_floor_joint_cell_threshold_5.001
13:27:24 | INFO: Primitives created: 1
13:27:24 | INFO: Extracting primitive: Cube.193
13:27:24 | INFO: Primitives created: 1
13:27:24 | INFO: Extracting primitive: Cube.194
13:27:24 | INFO: Primitives created: 1
13:27:24 | INFO: Extracting primitive: Cube.195
13:27:24 | INFO: Primitives created: 1
13:27:24 | INFO: Extracting primitive: Cube.196
13:27:24 | INFO: Primitives created: 1
13:27:24 | INFO: Extracting primitive: Cube.197
13:27:24 | INFO: Primitives created: 1
13:27:24 | INFO: Extracting primitive: Cube.198
13:27:24 | INFO: Primitives created: 1
13:27:24 | INFO: Extracting primitive: Cube.199
13:27:24 | INFO: Primitives created: 1
13:27:24 | INFO: Extracting primitive: Cube.200
13:27:24 | INFO: Primitives created: 1
13:27:24 | INFO: Extracting primitive: Cube.151
13:27:24 | INFO: Primitives created: 1
13:27:24 | INFO: Extracting primitive: Cube.152
13:27:24 | INFO: Primitives created: 1
13:27:24 | INFO: Extracting primitive: Cube.153
13:27:24 | INFO: Primitives created: 1
13:27:24 | INFO: Extracting primitive: Cube.154
13:27:24 | INFO: Primitives created: 1
13:27:24 | INFO: Extracting primitive: Cube.155
13:27:24 | INFO: Primitives created: 1
13:27:24 | INFO: Extracting primitive: Cube.156
13:27:24 | INFO: Primitives created: 1
13:27:24 | INFO: Extracting primitive: Cube.157
13:27:24 | INFO: Primitives created: 1
13:27:24 | INFO: Extracting primitive: Cube.158
13:27:24 | INFO: Primitives created: 1
13:27:24 | INFO: Extracting primitive: Cube.159
13:27:24 | INFO: Primitives created: 1
13:27:24 | INFO: Extracting primitive: Cube.160
13:27:24 | INFO: Primitives created: 1
13:27:24 | INFO: Extracting primitive: Cube.161
13:27:24 | INFO: Primitives created: 1
13:27:24 | INFO: Extracting primitive: Cube.162
13:27:24 | INFO: Primitives created: 1
13:27:24 | INFO: Extracting primitive: Cube.163
13:27:24 | INFO: Primitives created: 1
13:27:24 | INFO: Extracting primitive: Cube.164
13:27:24 | INFO: Primitives created: 1
13:27:24 | INFO: Extracting primitive: Cube.165
13:27:24 | INFO: Primitives created: 1
13:27:24 | INFO: Extracting primitive: Cube.166
13:27:24 | INFO: Primitives created: 1
13:27:24 | INFO: Extracting primitive: Cube.167
13:27:24 | INFO: Primitives created: 1
13:27:24 | INFO: Extracting primitive: Cube.168
13:27:24 | INFO: Primitives created: 1
13:27:24 | INFO: Extracting primitive: Cube.169
13:27:24 | INFO: Primitives created: 1
13:27:24 | INFO: Extracting primitive: Cube.170
13:27:24 | INFO: Primitives created: 1
13:27:24 | INFO: Extracting primitive: Cube.171
13:27:24 | INFO: Primitives created: 1
13:27:24 | INFO: Extracting primitive: Cube.172
13:27:24 | INFO: Primitives created: 1
13:27:24 | INFO: Extracting primitive: Cube.173
13:27:24 | INFO: Primitives created: 1
13:27:24 | INFO: Extracting primitive: Cube.174
13:27:24 | INFO: Primitives created: 1
13:27:24 | INFO: Extracting primitive: Cube.175
13:27:24 | INFO: Primitives created: 1
13:27:24 | INFO: Extracting primitive: Cube.176
13:27:24 | INFO: Primitives created: 1
13:27:24 | INFO: Extracting primitive: Cube.177
13:27:24 | INFO: Primitives created: 1
13:27:24 | INFO: Extracting primitive: Cube.178
13:27:24 | INFO: Primitives created: 1
13:27:24 | INFO: Extracting primitive: Cube.179
13:27:24 | INFO: Primitives created: 1
13:27:24 | INFO: Extracting primitive: Cube.180
13:27:24 | INFO: Primitives created: 1
13:27:24 | INFO: Extracting primitive: Cube.181
13:27:24 | INFO: Primitives created: 1
13:27:24 | INFO: Extracting primitive: Cube.182
13:27:24 | INFO: Primitives created: 1
13:27:24 | INFO: Extracting primitive: Cube.183
13:27:24 | INFO: Primitives created: 1
13:27:24 | INFO: Extracting primitive: Cube.184
13:27:24 | INFO: Primitives created: 1
13:27:24 | INFO: Extracting primitive: Cube.185
13:27:24 | INFO: Primitives created: 1
13:27:24 | INFO: Extracting primitive: Cube.186
13:27:24 | INFO: Primitives created: 1
13:27:24 | INFO: Extracting primitive: Cube.187
13:27:24 | INFO: Primitives created: 1
13:27:24 | INFO: Extracting primitive: Cube.188
13:27:24 | INFO: Primitives created: 1
13:27:24 | INFO: Extracting primitive: Cube.189
13:27:24 | INFO: Primitives created: 1
13:27:24 | INFO: Extracting primitive: Cube.190
13:27:24 | INFO: Primitives created: 1
13:27:24 | INFO: Extracting primitive: Cube.191
13:27:24 | INFO: Primitives created: 1
13:27:24 | INFO: Extracting primitive: Cube.192
13:27:24 | INFO: Primitives created: 1
13:27:24 | INFO: Extracting primitive: KIT_tech_cell_side.012
13:27:24 | INFO: Primitives created: 1
13:27:24 | INFO: Extracting primitive: KIT_wall_window_bar.030
13:27:24 | INFO: Primitives created: 1
13:27:24 | INFO: Extracting primitive: KIT_stage_entry_walk.002
13:27:24 | INFO: Primitives created: 1
13:27:24 | INFO: Extracting primitive: KIT_props_folding_chair_render.001
13:27:24 | WARNING: More than one shader node tex image used for a texture. The resulting glTF sampler will behave like the first shader node tex image.
13:27:24 | INFO: Primitives created: 1
13:27:24 | INFO: Extracting primitive: KIT_stage_floor_boards_render.002
13:27:24 | WARNING: More than one shader node tex image used for a texture. The resulting glTF sampler will behave like the first shader node tex image.
13:27:24 | INFO: Primitives created: 1
13:27:24 | INFO: Extracting primitive: KIT_stage_gel_frame_render.002
13:27:24 | INFO: Primitives created: 2
13:27:24 | INFO: Extracting primitive: KIT_stage_studio_wall_render.002
13:27:24 | INFO: Primitives created: 1
13:27:24 | INFO: Extracting primitive: KIT_stage_fog_plane_render.020
13:27:24 | INFO: Primitives created: 1
13:27:24 | INFO: Extracting primitive: KIT_tech_terminal_desk_render.001
13:27:24 | WARNING: More than one shader node tex image used for a texture. The resulting glTF sampler will behave like the first shader node tex image.
13:27:24 | INFO: Primitives created: 1
13:27:24 | INFO: Extracting primitive: KIT_props_scroll_render.001
13:27:24 | WARNING: More than one shader node tex image used for a texture. The resulting glTF sampler will behave like the first shader node tex image.
13:27:24 | INFO: Primitives created: 1
13:27:24 | INFO: Finished glTF 2.0 export in 0.18823814392089844 s

13:27:26 | INFO: Starting glTF 2.0 export
13:27:26 | INFO: Extracting primitive: COL_qiushuang-zhai_floor.001
13:27:26 | INFO: Primitives created: 1
13:27:26 | INFO: Extracting primitive: COL_study_desk_centre.002
13:27:26 | INFO: Primitives created: 1
13:27:26 | INFO: Extracting primitive: COL_study_desk_left.002
13:27:26 | INFO: Primitives created: 1
13:27:26 | INFO: Extracting primitive: COL_study_desk_right.002
13:27:26 | INFO: Primitives created: 1
13:27:26 | INFO: Extracting primitive: COL_study_front_walk.002
13:27:26 | INFO: Primitives created: 1
13:27:26 | INFO: Extracting primitive: COL_study_front_wall.002
13:27:26 | INFO: Primitives created: 1
13:27:26 | INFO: Extracting primitive: COL_study_post.001
13:27:26 | INFO: Primitives created: 1
13:27:26 | INFO: Extracting primitive: COL_study_post.002
13:27:26 | INFO: Primitives created: 1
13:27:26 | INFO: Extracting primitive: COL_study_post.003
13:27:26 | INFO: Primitives created: 1
13:27:26 | INFO: Extracting primitive: COL_study_post.008
13:27:26 | INFO: Primitives created: 1
13:27:26 | INFO: Extracting primitive: Cube.201
13:27:26 | INFO: Primitives created: 1
13:27:26 | INFO: Extracting primitive: Cube.202
13:27:26 | INFO: Primitives created: 1
13:27:26 | INFO: Extracting primitive: Cube.203
13:27:26 | INFO: Primitives created: 1
13:27:26 | INFO: Extracting primitive: HERO_study_scroll_bamboo.002
13:27:26 | INFO: Primitives created: 1
13:27:26 | INFO: Extracting primitive: HERO_study_scroll_plum.002
13:27:26 | INFO: Primitives created: 1
13:27:26 | INFO: Extracting primitive: HERO_study_title.002
13:27:26 | WARNING: More than one shader node tex image used for a texture. The resulting glTF sampler will behave like the first shader node tex image.
13:27:26 | INFO: Primitives created: 1
13:27:26 | INFO: Extracting primitive: SITE_qiushuang-zhai_backstage.001
13:27:26 | INFO: Primitives created: 1
13:27:26 | INFO: Extracting primitive: KIT_pavilion_finial.005
13:27:26 | INFO: Primitives created: 1
13:27:26 | INFO: Extracting primitive: KIT_wall_lattice_vertical.042
13:27:26 | INFO: Primitives created: 1
13:27:26 | INFO: Extracting primitive: SITE_qiushuang-zhai_platform.001
13:27:26 | INFO: Primitives created: 1
13:27:26 | INFO: Extracting primitive: KIT_props_lantern_hanging_render.010
13:27:26 | WARNING: More than one shader node tex image used for a texture. The resulting glTF sampler will behave like the first shader node tex image.
13:27:26 | INFO: Primitives created: 1
13:27:26 | INFO: Extracting primitive: KIT_pavilion_roof.005
13:27:26 | INFO: Primitives created: 1
13:27:26 | INFO: Extracting primitive: KIT_tech_terminal_desk_render.007
13:27:26 | WARNING: More than one shader node tex image used for a texture. The resulting glTF sampler will behave like the first shader node tex image.
13:27:26 | INFO: Primitives created: 1
13:27:26 | INFO: Extracting primitive: SITE_qiushuang-zhai_front.001
13:27:26 | INFO: Primitives created: 1
13:27:26 | INFO: Finished glTF 2.0 export in 0.056069135665893555 s

13:27:27 | INFO: Starting glTF 2.0 export
13:27:27 | INFO: Extracting primitive: COL_tubi-tang_floor.001
13:27:27 | INFO: Primitives created: 1
13:27:27 | INFO: Extracting primitive: COL_tubi_closed_hall.002
13:27:27 | INFO: Primitives created: 1
13:27:27 | INFO: Extracting primitive: COL_tubi_hall_post.001
13:27:27 | INFO: Primitives created: 1
13:27:27 | INFO: Extracting primitive: COL_tubi_hall_post.002
13:27:27 | INFO: Primitives created: 1
13:27:27 | INFO: Extracting primitive: COL_tubi_hall_post.006
13:27:27 | INFO: Primitives created: 1
13:27:27 | INFO: Extracting primitive: COL_tubi_parapet.001
13:27:27 | INFO: Primitives created: 1
13:27:27 | INFO: Extracting primitive: COL_tubi_parapet.002
13:27:27 | INFO: Primitives created: 1
13:27:27 | INFO: Extracting primitive: COL_tubi_parapet.003
13:27:27 | INFO: Primitives created: 1
13:27:27 | INFO: Extracting primitive: COL_tubi_parapet.008
13:27:27 | INFO: Primitives created: 1
13:27:27 | INFO: Extracting primitive: COL_tubi_stair_guard.001
13:27:27 | INFO: Primitives created: 1
13:27:27 | INFO: Extracting primitive: COL_tubi_stair_guard.004
13:27:27 | INFO: Primitives created: 1
13:27:27 | INFO: Extracting primitive: COL_tubi_stair_ramp.002
13:27:27 | INFO: Primitives created: 1
13:27:27 | INFO: Extracting primitive: COL_tubi_terrace.002
13:27:27 | INFO: Primitives created: 1
13:27:27 | INFO: Extracting primitive: COL_tubi_topic_table.002
13:27:27 | INFO: Primitives created: 1
13:27:27 | INFO: Extracting primitive: COL_tubi_view_bench_left.001
13:27:27 | INFO: Primitives created: 1
13:27:27 | INFO: Extracting primitive: COL_tubi_view_bench_right.001
13:27:27 | INFO: Primitives created: 1
13:27:27 | INFO: Extracting primitive: HERO_tubi_title.002
13:27:27 | WARNING: More than one shader node tex image used for a texture. The resulting glTF sampler will behave like the first shader node tex image.
13:27:27 | INFO: Primitives created: 1
13:27:27 | INFO: Extracting primitive: SITE_tubi-tang_backstage.001
13:27:27 | INFO: Primitives created: 1
13:27:27 | INFO: Extracting primitive: KIT_pavilion_finial.007
13:27:27 | INFO: Primitives created: 1
13:27:27 | INFO: Extracting primitive: KIT_wall_amber_window.003
13:27:27 | INFO: Primitives created: 1
13:27:27 | INFO: Extracting primitive: TUBI_topic_line.001
13:27:27 | INFO: Primitives created: 1
13:27:27 | INFO: Extracting primitive: KIT_wall_lattice_vertical.063
13:27:27 | INFO: Primitives created: 1
13:27:27 | INFO: Extracting primitive: SITE_tubi-tang_platform.001
13:27:27 | INFO: Primitives created: 1
13:27:27 | INFO: Extracting primitive: KIT_props_lantern_hanging_render.012
13:27:27 | WARNING: More than one shader node tex image used for a texture. The resulting glTF sampler will behave like the first shader node tex image.
13:27:27 | INFO: Primitives created: 1
13:27:27 | INFO: Extracting primitive: KIT_pavilion_roof.007
13:27:27 | INFO: Primitives created: 1
13:27:27 | INFO: Extracting primitive: TUBI_terrace.002
13:27:27 | INFO: Primitives created: 1
13:27:27 | INFO: Extracting primitive: SITE_tubi-tang_front.001
13:27:27 | INFO: Primitives created: 1
13:27:27 | INFO: Finished glTF 2.0 export in 0.051534175872802734 s

IMPERIAL_JOINED_TOPOLOGY {(16, 26): 2, (16, 28): 576}
13:27:34 | INFO: Starting glTF 2.0 export
13:27:34 | INFO: Extracting primitive: COL_daguan_central_step.003
13:27:34 | INFO: Primitives created: 1
13:27:34 | INFO: Extracting primitive: COL_daguan_central_step.004
13:27:34 | INFO: Primitives created: 1
13:27:34 | INFO: Extracting primitive: COL_daguan_central_step.005
13:27:34 | INFO: Primitives created: 1
13:27:34 | INFO: Extracting primitive: COL_daguan_closed_front.001
13:27:34 | INFO: Primitives created: 1
13:27:34 | INFO: Extracting primitive: COL_daguan_column.006
13:27:34 | INFO: Primitives created: 1
13:27:34 | INFO: Extracting primitive: COL_daguan_column.007
13:27:34 | INFO: Primitives created: 1
13:27:34 | INFO: Extracting primitive: COL_daguan_column.008
13:27:34 | INFO: Primitives created: 1
13:27:34 | INFO: Extracting primitive: COL_daguan_column.009
13:27:34 | INFO: Primitives created: 1
13:27:34 | INFO: Extracting primitive: COL_daguan_column.010
13:27:34 | INFO: Primitives created: 1
13:27:34 | INFO: Extracting primitive: COL_daguan_column.011
13:27:34 | INFO: Primitives created: 1
13:27:34 | INFO: Extracting primitive: COL_daguan_floor.001
13:27:34 | INFO: Primitives created: 1
13:27:34 | INFO: Extracting primitive: COL_daguan_return_wall.002
13:27:34 | INFO: Primitives created: 1
13:27:34 | INFO: Extracting primitive: COL_daguan_return_wall.003
13:27:34 | INFO: Primitives created: 1
13:27:34 | INFO: Extracting primitive: HERO_daguan_title.001
13:27:34 | WARNING: More than one shader node tex image used for a texture. The resulting glTF sampler will behave like the first shader node tex image.
13:27:34 | INFO: Primitives created: 1
13:27:34 | INFO: Extracting primitive: DAGUAN_backstage.001
13:27:34 | INFO: Primitives created: 1
13:27:34 | INFO: Extracting primitive: DAGUAN_door_stud.180
13:27:34 | INFO: Primitives created: 1
13:27:34 | INFO: Extracting primitive: DAGUAN_amber_transom.002
13:27:34 | INFO: Primitives created: 1
13:27:34 | INFO: Extracting primitive: DAGUAN_closed_door.010
13:27:34 | INFO: Primitives created: 1
13:27:34 | INFO: Extracting primitive: DAGUAN_recessed_panel.020
13:27:34 | INFO: Primitives created: 1
13:27:34 | INFO: Extracting primitive: DAGUAN_column.006
13:27:34 | INFO: Primitives created: 1
13:27:34 | INFO: Extracting primitive: DAGUAN_platform.001
13:27:34 | INFO: Primitives created: 1
13:27:34 | INFO: Extracting primitive: DAGUAN_lower_roof.001
13:27:34 | INFO: Primitives created: 1
13:27:34 | INFO: Extracting primitive: DAGUAN_front.001
13:27:34 | INFO: Primitives created: 1
13:27:34 | INFO: Finished glTF 2.0 export in 0.05891990661621094 s

13:27:35 | INFO: Starting glTF 2.0 export
13:27:35 | INFO: Extracting primitive: COL_ouxiang_approach.001
13:27:35 | INFO: Primitives created: 1
13:27:35 | INFO: Extracting primitive: COL_ouxiang_deck.001
13:27:35 | INFO: Primitives created: 1
13:27:35 | INFO: Extracting primitive: COL_ouxiang_post.004
13:27:35 | INFO: Primitives created: 1
13:27:35 | INFO: Extracting primitive: COL_ouxiang_post.005
13:27:35 | INFO: Primitives created: 1
13:27:35 | INFO: Extracting primitive: COL_ouxiang_post.006
13:27:35 | INFO: Primitives created: 1
13:27:35 | INFO: Extracting primitive: COL_ouxiang_post.007
13:27:35 | INFO: Primitives created: 1
13:27:35 | INFO: Extracting primitive: COL_ouxiang_rail.002
13:27:35 | INFO: Primitives created: 1
13:27:35 | INFO: Extracting primitive: COL_ouxiang_rail.003
13:27:35 | INFO: Primitives created: 1
13:27:35 | INFO: Extracting primitive: COL_ouxiang_side_rail.004
13:27:35 | INFO: Primitives created: 1
13:27:35 | INFO: Extracting primitive: COL_ouxiang_side_rail.005
13:27:35 | INFO: Primitives created: 1
13:27:35 | INFO: Extracting primitive: COL_ouxiang_side_rail.006
13:27:35 | INFO: Primitives created: 1
13:27:35 | INFO: Extracting primitive: COL_ouxiang_side_rail.007
13:27:35 | INFO: Primitives created: 1
13:27:35 | INFO: Extracting primitive: COL_ouxiang_table.001
13:27:35 | INFO: Primitives created: 1
13:27:35 | INFO: Extracting primitive: KIT_props_tea_cup.006
13:27:35 | INFO: Primitives created: 1
13:27:35 | INFO: Extracting primitive: KIT_water_lotus_leaf.007
13:27:35 | INFO: Primitives created: 1
13:27:35 | INFO: Extracting primitive: SITE_ouxiang_deck.001
13:27:35 | INFO: Primitives created: 1
13:27:35 | INFO: Extracting primitive: KIT_pavilion_water_pier.004
13:27:35 | INFO: Primitives created: 1
13:27:35 | INFO: Extracting primitive: KIT_props_lantern_hanging_render.013
13:27:35 | WARNING: More than one shader node tex image used for a texture. The resulting glTF sampler will behave like the first shader node tex image.
13:27:35 | INFO: Primitives created: 1
13:27:35 | INFO: Extracting primitive: KIT_pavilion_water_hipped_roof.001
13:27:35 | INFO: Primitives created: 1
13:27:35 | INFO: Finished glTF 2.0 export in 0.036334991455078125 s

13:27:38 | INFO: Starting glTF 2.0 export
13:27:38 | INFO: Extracting primitive: COL_hengwu-yuan_floor.001
13:27:38 | INFO: Primitives created: 1
13:27:38 | INFO: Extracting primitive: COL_hengwu_closed_hall.002
13:27:38 | INFO: Primitives created: 1
13:27:38 | INFO: Extracting primitive: COL_hengwu_court.002
13:27:38 | INFO: Primitives created: 1
13:27:38 | INFO: Extracting primitive: COL_hengwu_hall_post.001
13:27:38 | INFO: Primitives created: 1
13:27:38 | INFO: Extracting primitive: COL_hengwu_hall_post.002
13:27:38 | INFO: Primitives created: 1
13:27:38 | INFO: Extracting primitive: COL_hengwu_hall_post.006
13:27:38 | INFO: Primitives created: 1
13:27:38 | INFO: Extracting primitive: COL_wall_bay.001
13:27:38 | INFO: Primitives created: 1
13:27:38 | INFO: Extracting primitive: COL_wall_bay.002
13:27:38 | INFO: Primitives created: 1
13:27:38 | INFO: Extracting primitive: COL_wall_bay.003
13:27:38 | INFO: Primitives created: 1
13:27:38 | INFO: Extracting primitive: COL_wall_bay.004
13:27:38 | INFO: Primitives created: 1
13:27:38 | INFO: Extracting primitive: COL_wall_bay.005
13:27:38 | INFO: Primitives created: 1
13:27:38 | INFO: Extracting primitive: COL_wall_bay.006
13:27:38 | INFO: Primitives created: 1
13:27:38 | INFO: Extracting primitive: KIT_wall_plaster.002
13:27:38 | INFO: Primitives created: 1
13:27:38 | INFO: Extracting primitive: COL_wall_window.001
13:27:38 | INFO: Primitives created: 1
13:27:38 | INFO: Extracting primitive: COL_wall_window.002
13:27:38 | INFO: Primitives created: 1
13:27:38 | INFO: Extracting primitive: COL_hengwu_rock.001
13:27:38 | INFO: Primitives created: 1
13:27:38 | INFO: Extracting primitive: COL_hengwu_rock.002
13:27:38 | INFO: Primitives created: 1
13:27:38 | INFO: Extracting primitive: COL_hengwu_rock.006
13:27:38 | INFO: Primitives created: 1
13:27:38 | INFO: Extracting primitive: COL_hengwu_stool.001
13:27:38 | INFO: Primitives created: 1
13:27:38 | INFO: Extracting primitive: COL_hengwu_stool.002
13:27:38 | INFO: Primitives created: 1
13:27:38 | INFO: Extracting primitive: COL_hengwu_stool.003
13:27:38 | INFO: Primitives created: 1
13:27:38 | INFO: Extracting primitive: COL_hengwu_stool.008
13:27:38 | INFO: Primitives created: 1
13:27:38 | INFO: Extracting primitive: COL_hengwu_table.002
13:27:38 | INFO: Primitives created: 1
13:27:38 | INFO: Extracting primitive: HERO_hengwu-yuan_title.002
13:27:38 | WARNING: More than one shader node tex image used for a texture. The resulting glTF sampler will behave like the first shader node tex image.
13:27:38 | INFO: Primitives created: 1
13:27:38 | INFO: Extracting primitive: SITE_hengwu-yuan_backstage.001
13:27:38 | INFO: Primitives created: 1
13:27:38 | INFO: Extracting primitive: KIT_pavilion_finial.011
13:27:38 | INFO: Primitives created: 1
13:27:38 | INFO: Extracting primitive: KIT_wall_amber_window.006
13:27:38 | INFO: Primitives created: 1
13:27:38 | INFO: Extracting primitive: HENGWU_herb_leaf.001
13:27:38 | INFO: Primitives created: 1
13:27:38 | INFO: Extracting primitive: KIT_wall_lattice_vertical.105
13:27:38 | INFO: Primitives created: 1
13:27:38 | INFO: Extracting primitive: SITE_hengwu-yuan_platform.001
13:27:38 | INFO: Primitives created: 1
13:27:38 | INFO: Extracting primitive: KIT_props_lantern_hanging_render.015
13:27:38 | WARNING: More than one shader node tex image used for a texture. The resulting glTF sampler will behave like the first shader node tex image.
13:27:38 | INFO: Primitives created: 1
13:27:38 | INFO: Extracting primitive: KIT_pavilion_roof.011
13:27:38 | INFO: Primitives created: 1
13:27:38 | INFO: Extracting primitive: KIT_wall_bay.001
13:27:38 | WARNING: More than one shader node tex image used for a texture. The resulting glTF sampler will behave like the first shader node tex image.
13:27:38 | INFO: Primitives created: 1
13:27:38 | INFO: Extracting primitive: SITE_hengwu-yuan_front.001
13:27:38 | INFO: Primitives created: 1
13:27:38 | INFO: Finished glTF 2.0 export in 0.1408240795135498 s

13:27:38 | INFO: Starting glTF 2.0 export
13:27:38 | INFO: Extracting primitive: COL_yihong_closed_front.002
13:27:38 | INFO: Primitives created: 1
13:27:38 | INFO: Extracting primitive: COL_yihong_court_side.001
13:27:38 | INFO: Primitives created: 1
13:27:38 | INFO: Extracting primitive: COL_yihong_court_side.004
13:27:38 | INFO: Primitives created: 1
13:27:38 | INFO: Extracting primitive: COL_yihong_floor.002
13:27:38 | INFO: Primitives created: 1
13:27:38 | INFO: Extracting primitive: COL_yihong_planter.001
13:27:38 | INFO: Primitives created: 1
13:27:38 | INFO: Extracting primitive: COL_yihong_planter.004
13:27:38 | INFO: Primitives created: 1
13:27:38 | INFO: Extracting primitive: COL_yihong_side_return.001
13:27:38 | INFO: Primitives created: 1
13:27:38 | INFO: Extracting primitive: COL_yihong_side_return.004
13:27:38 | INFO: Primitives created: 1
13:27:38 | INFO: Extracting primitive: COL_yihong_threshold.002
13:27:38 | INFO: Primitives created: 1
13:27:38 | INFO: Extracting primitive: KIT_flora_banana_render.001
13:27:38 | WARNING: More than one shader node tex image used for a texture. The resulting glTF sampler will behave like the first shader node tex image.
13:27:38 | INFO: Primitives created: 1
13:27:38 | INFO: Extracting primitive: KIT_flora_banana_render.002
13:27:38 | INFO: Primitives created: 1
13:27:38 | INFO: Extracting primitive: HERO_yihong-yuan_title.002
13:27:38 | WARNING: More than one shader node tex image used for a texture. The resulting glTF sampler will behave like the first shader node tex image.
13:27:38 | INFO: Primitives created: 1
13:27:38 | INFO: Extracting primitive: YIHONG_backstage.002
13:27:38 | INFO: Primitives created: 1
13:27:38 | INFO: Extracting primitive: YIHONG_door_rail.001
13:27:38 | INFO: Primitives created: 1
13:27:38 | INFO: Extracting primitive: YIHONG_amber_window.002
13:27:38 | INFO: Primitives created: 1
13:27:38 | INFO: Extracting primitive: YIHONG_door_panel.001
13:27:38 | INFO: Primitives created: 1
13:27:38 | INFO: Extracting primitive: YIHONG_paving.002
13:27:38 | INFO: Primitives created: 1
13:27:38 | INFO: Extracting primitive: YIHONG_court_cap.001
13:27:38 | INFO: Primitives created: 1
13:27:38 | INFO: Extracting primitive: YIHONG_closed_front.002
13:27:38 | INFO: Primitives created: 1
13:27:38 | INFO: Finished glTF 2.0 export in 0.03420281410217285 s

13:27:39 | INFO: Starting glTF 2.0 export
13:27:39 | INFO: Extracting primitive: COL_xiaoxiang_bamboo_bed.004
13:27:39 | INFO: Primitives created: 1
13:27:39 | INFO: Extracting primitive: COL_xiaoxiang_bamboo_bed.005
13:27:39 | INFO: Primitives created: 1
13:27:39 | INFO: Extracting primitive: COL_xiaoxiang_bamboo_bed.006
13:27:39 | INFO: Primitives created: 1
13:27:39 | INFO: Extracting primitive: COL_xiaoxiang_bamboo_bed.007
13:27:39 | INFO: Primitives created: 1
13:27:39 | INFO: Extracting primitive: COL_xiaoxiang_closed_front.001
13:27:39 | INFO: Primitives created: 1
13:27:39 | INFO: Extracting primitive: COL_xiaoxiang_floor.001
13:27:39 | INFO: Primitives created: 1
13:27:39 | INFO: Extracting primitive: COL_xiaoxiang_return.002
13:27:39 | INFO: Primitives created: 1
13:27:39 | INFO: Extracting primitive: COL_xiaoxiang_return.003
13:27:39 | INFO: Primitives created: 1
13:27:39 | INFO: Extracting primitive: COL_xiaoxiang_threshold.001
13:27:39 | INFO: Primitives created: 1
13:27:39 | INFO: Extracting primitive: KIT_flora_bamboo_large_render.003
13:27:39 | WARNING: More than one shader node tex image used for a texture. The resulting glTF sampler will behave like the first shader node tex image.
13:27:39 | INFO: Primitives created: 1
13:27:39 | INFO: Extracting primitive: KIT_flora_bamboo_medium_render.001
13:27:39 | INFO: Primitives created: 1
13:27:39 | INFO: Extracting primitive: KIT_flora_bamboo_small_render.002
13:27:39 | INFO: Primitives created: 1
13:27:39 | INFO: Extracting primitive: KIT_flora_bamboo_large_render.004
13:27:39 | INFO: Primitives created: 1
13:27:39 | INFO: Extracting primitive: HERO_xiaoxiang-guan_title.002
13:27:39 | WARNING: More than one shader node tex image used for a texture. The resulting glTF sampler will behave like the first shader node tex image.
13:27:39 | INFO: Primitives created: 1
13:27:39 | INFO: Extracting primitive: XIAOXIANG_black_back.001
13:27:39 | INFO: Primitives created: 1
13:27:39 | INFO: Extracting primitive: XIAOXIANG_gate_pull.002
13:27:39 | INFO: Primitives created: 1
13:27:39 | INFO: Extracting primitive: XIAOXIANG_amber_window.001
13:27:39 | INFO: Primitives created: 1
13:27:39 | INFO: Extracting primitive: XIAOXIANG_gate_leaf.002
13:27:39 | INFO: Primitives created: 1
13:27:39 | INFO: Extracting primitive: XIAOXIANG_paving.001
13:27:39 | INFO: Primitives created: 1
13:27:39 | INFO: Extracting primitive: XIAOXIANG_wall_cap.001
13:27:39 | INFO: Primitives created: 1
13:27:39 | INFO: Extracting primitive: XIAOXIANG_closed_front.001
13:27:39 | INFO: Primitives created: 1
13:27:39 | INFO: Finished glTF 2.0 export in 0.0395660400390625 s

13:27:40 | INFO: Starting glTF 2.0 export
13:27:40 | INFO: Extracting primitive: COL_longcui_burner.001
13:27:40 | INFO: Primitives created: 1
13:27:40 | INFO: Extracting primitive: COL_longcui_closed_front.001
13:27:40 | INFO: Primitives created: 1
13:27:40 | INFO: Extracting primitive: COL_longcui_floor.001
13:27:40 | INFO: Primitives created: 1
13:27:40 | INFO: Extracting primitive: COL_longcui_plum_trunk.002
13:27:40 | INFO: Primitives created: 1
13:27:40 | INFO: Extracting primitive: COL_longcui_plum_trunk.003
13:27:40 | INFO: Primitives created: 1
13:27:40 | INFO: Extracting primitive: COL_longcui_return.002
13:27:40 | INFO: Primitives created: 1
13:27:40 | INFO: Extracting primitive: COL_longcui_return.003
13:27:40 | INFO: Primitives created: 1
13:27:40 | INFO: Extracting primitive: COL_longcui_threshold.001
13:27:40 | INFO: Primitives created: 1
13:27:40 | INFO: Extracting primitive: KIT_flora_plum_render.001
13:27:40 | WARNING: More than one shader node tex image used for a texture. The resulting glTF sampler will behave like the first shader node tex image.
13:27:40 | INFO: Primitives created: 1
13:27:40 | INFO: Extracting primitive: KIT_flora_plum_render.002
13:27:40 | INFO: Primitives created: 1
13:27:40 | INFO: Extracting primitive: HERO_longcui-an_title.002
13:27:40 | WARNING: More than one shader node tex image used for a texture. The resulting glTF sampler will behave like the first shader node tex image.
13:27:40 | INFO: Primitives created: 1
13:27:40 | INFO: Extracting primitive: LONGCUI_backstage.001
13:27:40 | INFO: Primitives created: 1
13:27:40 | INFO: Extracting primitive: LONGCUI_gate_pull.002
13:27:40 | INFO: Primitives created: 1
13:27:40 | INFO: Extracting primitive: LONGCUI_closed_gate.002
13:27:40 | INFO: Primitives created: 1
13:27:40 | INFO: Extracting primitive: LONGCUI_paving.001
13:27:40 | INFO: Primitives created: 1
13:27:40 | INFO: Extracting primitive: KIT_props_lantern_hanging_render.016
13:27:40 | WARNING: More than one shader node tex image used for a texture. The resulting glTF sampler will behave like the first shader node tex image.
13:27:40 | INFO: Primitives created: 1
13:27:40 | INFO: Extracting primitive: LONGCUI_wall_cap.001
13:27:40 | INFO: Primitives created: 1
13:27:40 | INFO: Extracting primitive: LONGCUI_closed_front.001
13:27:40 | INFO: Primitives created: 1
13:27:40 | INFO: Finished glTF 2.0 export in 0.03807830810546875 s

13:27:40 | INFO: Starting glTF 2.0 export
13:27:40 | INFO: Extracting primitive: COL_aojing_closed_front.002
13:27:40 | INFO: Primitives created: 1
13:27:40 | INFO: Extracting primitive: COL_aojing_dry_ledge.002
13:27:40 | INFO: Primitives created: 1
13:27:40 | INFO: Extracting primitive: COL_aojing_hall_floor.002
13:27:40 | INFO: Primitives created: 1
13:27:40 | INFO: Extracting primitive: COL_aojing_ledge_end.002
13:27:40 | INFO: Primitives created: 1
13:27:40 | INFO: Extracting primitive: COL_aojing_ledge_parapet.002
13:27:40 | INFO: Primitives created: 1
13:27:40 | INFO: Extracting primitive: COL_aojing_return.001
13:27:40 | INFO: Primitives created: 1
13:27:40 | INFO: Extracting primitive: COL_aojing_return.004
13:27:40 | INFO: Primitives created: 1
13:27:40 | INFO: Extracting primitive: HERO_aojing-guan_title.002
13:27:40 | WARNING: More than one shader node tex image used for a texture. The resulting glTF sampler will behave like the first shader node tex image.
13:27:40 | INFO: Primitives created: 1
13:27:40 | INFO: Extracting primitive: AOJING_pond.002
13:27:40 | INFO: Primitives created: 1
13:27:40 | INFO: Extracting primitive: AOJING_backstage.002
13:27:40 | INFO: Primitives created: 1
13:27:40 | INFO: Extracting primitive: AOJING_amber_window.002
13:27:40 | INFO: Primitives created: 1
13:27:40 | INFO: Extracting primitive: AOJING_window_lattice.001
13:27:40 | INFO: Primitives created: 1
13:27:40 | INFO: Extracting primitive: AOJING_dry_ledge.002
13:27:40 | INFO: Primitives created: 1
13:27:40 | INFO: Extracting primitive: AOJING_roof.002
13:27:40 | INFO: Primitives created: 1
13:27:40 | INFO: Extracting primitive: AOJING_closed_front.002
13:27:40 | INFO: Primitives created: 1
13:27:40 | INFO: Finished glTF 2.0 export in 0.03178095817565918 s

13:27:42 | INFO: Starting glTF 2.0 export
13:27:42 | INFO: Extracting primitive: COL_daoxiang_closed_front.001
13:27:42 | INFO: Primitives created: 1
13:27:42 | INFO: Extracting primitive: COL_daoxiang_court.001
13:27:42 | INFO: Primitives created: 1
13:27:42 | INFO: Extracting primitive: COL_daoxiang_fence.004
13:27:42 | INFO: Primitives created: 1
13:27:42 | INFO: Extracting primitive: COL_daoxiang_fence.005
13:27:42 | INFO: Primitives created: 1
13:27:42 | INFO: Extracting primitive: COL_daoxiang_fence.006
13:27:42 | INFO: Primitives created: 1
13:27:42 | INFO: Extracting primitive: COL_daoxiang_fence.007
13:27:42 | INFO: Primitives created: 1
13:27:42 | INFO: Extracting primitive: COL_daoxiang_side.002
13:27:42 | INFO: Primitives created: 1
13:27:42 | INFO: Extracting primitive: COL_daoxiang_side.003
13:27:42 | INFO: Primitives created: 1
13:27:42 | INFO: Extracting primitive: HERO_daoxiang-cun_title.002
13:27:42 | WARNING: More than one shader node tex image used for a texture. The resulting glTF sampler will behave like the first shader node tex image.
13:27:42 | INFO: Primitives created: 1
13:27:42 | INFO: Extracting primitive: DAOXIANG_backstage.001
13:27:42 | INFO: Primitives created: 1
13:27:42 | INFO: Extracting primitive: DAOXIANG_door_latch.001
13:27:42 | INFO: Primitives created: 1
13:27:42 | INFO: Extracting primitive: DAOXIANG_warm_sliver.001
13:27:42 | INFO: Primitives created: 1
13:27:42 | INFO: Extracting primitive: DAOXIANG_closed_door.001
13:27:42 | INFO: Primitives created: 1
13:27:42 | INFO: Extracting primitive: DAOXIANG_paddy_painting.001
13:27:42 | INFO: Primitives created: 1
13:27:42 | INFO: Extracting primitive: DAOXIANG_court.001
13:27:42 | INFO: Primitives created: 1
13:27:42 | INFO: Extracting primitive: DAOXIANG_thatch_mass.001
13:27:42 | INFO: Primitives created: 1
13:27:42 | INFO: Extracting primitive: DAOXIANG_front.001
13:27:42 | INFO: Primitives created: 1
13:27:42 | INFO: Finished glTF 2.0 export in 0.05931973457336426 s

13:27:43 | INFO: Starting glTF 2.0 export
13:27:43 | INFO: Extracting primitive: COL_water_bridge_side.001
13:27:43 | INFO: Primitives created: 1
13:27:43 | INFO: Extracting primitive: COL_water_bridge_side.004
13:27:43 | INFO: Primitives created: 1
13:27:43 | INFO: Extracting primitive: COL_water_bridge_deck.002
13:27:43 | INFO: Primitives created: 1
13:27:43 | INFO: Extracting primitive: COL_ziling_landing.001
13:27:43 | INFO: Primitives created: 1
13:27:43 | INFO: Extracting primitive: TEMP_reed_geometry.001
13:27:43 | WARNING: More than one shader node tex image used for a texture. The resulting glTF sampler will behave like the first shader node tex image.
13:27:43 | INFO: Primitives created: 1
13:27:43 | INFO: Extracting primitive: TEMP_reed_geometry.002
13:27:43 | INFO: Primitives created: 1
13:27:43 | INFO: Extracting primitive: TEMP_reed_geometry.003
13:27:43 | INFO: Primitives created: 1
13:27:43 | INFO: Extracting primitive: TEMP_reed_geometry.004
13:27:43 | INFO: Primitives created: 1
13:27:43 | INFO: Extracting primitive: TEMP_reed_geometry.005
13:27:43 | INFO: Primitives created: 1
13:27:43 | INFO: Extracting primitive: TEMP_reed_geometry.006
13:27:43 | INFO: Primitives created: 1
13:27:43 | INFO: Extracting primitive: TEMP_reed_geometry.007
13:27:43 | INFO: Primitives created: 1
13:27:43 | INFO: Extracting primitive: TEMP_reed_geometry.008
13:27:43 | INFO: Primitives created: 1
13:27:43 | INFO: Extracting primitive: TEMP_reed_geometry.009
13:27:43 | INFO: Primitives created: 1
13:27:43 | INFO: Extracting primitive: TEMP_reed_geometry.010
13:27:43 | INFO: Primitives created: 1
13:27:43 | INFO: Extracting primitive: KIT_water_lotus_leaf.011
13:27:43 | INFO: Primitives created: 1
13:27:43 | INFO: Extracting primitive: KIT_water_plank.002
13:27:43 | WARNING: More than one shader node tex image used for a texture. The resulting glTF sampler will behave like the first shader node tex image.
13:27:43 | INFO: Primitives created: 1
13:27:43 | INFO: Extracting primitive: SITE_ziling_island.001
13:27:43 | INFO: Primitives created: 1
13:27:43 | INFO: Finished glTF 2.0 export in 0.05393671989440918 s

13:27:43 | INFO: Starting glTF 2.0 export
13:27:43 | INFO: Extracting primitive: COL_aojing_approach.001
13:27:43 | INFO: Primitives created: 1
13:27:43 | INFO: Extracting primitive: COL_aojing_approach.004
13:27:43 | INFO: Primitives created: 1
13:27:43 | INFO: Extracting primitive: COL_aojing_approach_guard.001
13:27:43 | INFO: Primitives created: 1
13:27:43 | INFO: Extracting primitive: COL_aojing_approach_guard.004
13:27:43 | INFO: Primitives created: 1
13:27:43 | INFO: Extracting primitive: COL_aojing_approach_ramp.002
13:27:43 | INFO: Primitives created: 1
13:27:43 | INFO: Extracting primitive: COL_aojing_closed_front.002
13:27:43 | INFO: Primitives created: 1
13:27:43 | INFO: Extracting primitive: COL_aojing_dry_ledge.002
13:27:43 | INFO: Primitives created: 1
13:27:43 | INFO: Extracting primitive: COL_aojing_hall_floor.002
13:27:43 | INFO: Primitives created: 1
13:27:43 | INFO: Extracting primitive: COL_aojing_ledge_end.002
13:27:43 | INFO: Primitives created: 1
13:27:43 | INFO: Extracting primitive: COL_aojing_ledge_parapet.002
13:27:43 | INFO: Primitives created: 1
13:27:43 | INFO: Extracting primitive: COL_aojing_return.001
13:27:43 | INFO: Primitives created: 1
13:27:43 | INFO: Extracting primitive: COL_aojing_return.004
13:27:43 | INFO: Primitives created: 1
13:27:43 | INFO: Extracting primitive: Cube.147
13:27:43 | INFO: Primitives created: 1
13:27:43 | INFO: Extracting primitive: Cube.148
13:27:43 | INFO: Primitives created: 1
13:27:43 | INFO: Extracting primitive: Cube.149
13:27:43 | INFO: Primitives created: 1
13:27:43 | INFO: Extracting primitive: Cube.150
13:27:43 | INFO: Primitives created: 1
13:27:43 | INFO: Extracting primitive: COL_bridge_crosswalk.002
13:27:43 | INFO: Primitives created: 1
13:27:43 | INFO: Extracting primitive: COL_bridge_crosswalk.003
13:27:43 | INFO: Primitives created: 1
13:27:43 | INFO: Extracting primitive: COL_cell_floor.006
13:27:43 | INFO: Primitives created: 1
13:27:43 | INFO: Extracting primitive: COL_cell_floor.007
13:27:43 | INFO: Primitives created: 1
13:27:43 | INFO: Extracting primitive: COL_cell_floor.008
13:27:43 | INFO: Primitives created: 1
13:27:43 | INFO: Extracting primitive: COL_cell_floor.009
13:27:43 | INFO: Primitives created: 1
13:27:43 | INFO: Extracting primitive: COL_cell_floor.010
13:27:43 | INFO: Primitives created: 1
13:27:43 | INFO: Extracting primitive: COL_cell_floor.011
13:27:43 | INFO: Primitives created: 1
13:27:43 | INFO: Extracting primitive: COL_cell_wall.012
13:27:43 | INFO: Primitives created: 1
13:27:43 | INFO: Extracting primitive: COL_cell_wall.013
13:27:43 | INFO: Primitives created: 1
13:27:43 | INFO: Extracting primitive: COL_cell_wall.014
13:27:43 | INFO: Primitives created: 1
13:27:43 | INFO: Extracting primitive: COL_cell_wall.015
13:27:43 | INFO: Primitives created: 1
13:27:43 | INFO: Extracting primitive: COL_cell_wall.016
13:27:43 | INFO: Primitives created: 1
13:27:43 | INFO: Extracting primitive: COL_cell_wall.017
13:27:43 | INFO: Primitives created: 1
13:27:43 | INFO: Extracting primitive: COL_cell_wall.018
13:27:43 | INFO: Primitives created: 1
13:27:43 | INFO: Extracting primitive: COL_cell_wall.019
13:27:43 | INFO: Primitives created: 1
13:27:43 | INFO: Extracting primitive: COL_cell_wall.020
13:27:43 | INFO: Primitives created: 1
13:27:43 | INFO: Extracting primitive: COL_cell_wall.021
13:27:43 | INFO: Primitives created: 1
13:27:43 | INFO: Extracting primitive: COL_cell_wall.022
13:27:43 | INFO: Primitives created: 1
13:27:43 | INFO: Extracting primitive: COL_cell_wall.023
13:27:43 | INFO: Primitives created: 1
13:27:43 | INFO: Extracting primitive: COL_daguan_central_step.003
13:27:43 | INFO: Primitives created: 1
13:27:43 | INFO: Extracting primitive: COL_daguan_central_step.004
13:27:43 | INFO: Primitives created: 1
13:27:43 | INFO: Extracting primitive: COL_daguan_central_step.005
13:27:43 | INFO: Primitives created: 1
13:27:43 | INFO: Extracting primitive: COL_daguan_closed_front.001
13:27:43 | INFO: Primitives created: 1
13:27:43 | INFO: Extracting primitive: COL_daguan_column.006
13:27:43 | INFO: Primitives created: 1
13:27:43 | INFO: Extracting primitive: COL_daguan_column.007
13:27:43 | INFO: Primitives created: 1
13:27:43 | INFO: Extracting primitive: COL_daguan_column.008
13:27:43 | INFO: Primitives created: 1
13:27:43 | INFO: Extracting primitive: COL_daguan_column.009
13:27:43 | INFO: Primitives created: 1
13:27:43 | INFO: Extracting primitive: COL_daguan_column.010
13:27:43 | INFO: Primitives created: 1
13:27:43 | INFO: Extracting primitive: COL_daguan_column.011
13:27:43 | INFO: Primitives created: 1
13:27:43 | INFO: Extracting primitive: COL_daguan_floor.001
13:27:43 | INFO: Primitives created: 1
13:27:43 | INFO: Extracting primitive: COL_daguan_return_wall.002
13:27:43 | INFO: Primitives created: 1
13:27:43 | INFO: Extracting primitive: COL_daguan_return_wall.003
13:27:43 | INFO: Primitives created: 1
13:27:43 | INFO: Extracting primitive: COL_daoxiang_approach.002
13:27:43 | INFO: Primitives created: 1
13:27:43 | INFO: Extracting primitive: COL_daoxiang_approach.003
13:27:43 | INFO: Primitives created: 1
13:27:43 | INFO: Extracting primitive: COL_daoxiang_closed_front.001
13:27:43 | INFO: Primitives created: 1
13:27:43 | INFO: Extracting primitive: COL_daoxiang_court.001
13:27:43 | INFO: Primitives created: 1
13:27:43 | INFO: Extracting primitive: COL_daoxiang_fence.004
13:27:43 | INFO: Primitives created: 1
13:27:43 | INFO: Extracting primitive: COL_daoxiang_fence.005
13:27:43 | INFO: Primitives created: 1
13:27:43 | INFO: Extracting primitive: COL_daoxiang_fence.006
13:27:43 | INFO: Primitives created: 1
13:27:43 | INFO: Extracting primitive: COL_daoxiang_fence.007
13:27:43 | INFO: Primitives created: 1
13:27:43 | INFO: Extracting primitive: COL_daoxiang_side.002
13:27:43 | INFO: Primitives created: 1
13:27:43 | INFO: Extracting primitive: COL_daoxiang_side.003
13:27:43 | INFO: Primitives created: 1
13:27:43 | INFO: Extracting primitive: COL_entry_corridor.001
13:27:43 | INFO: Primitives created: 1
13:27:43 | INFO: Extracting primitive: COL_entry_walk.002
13:27:43 | INFO: Primitives created: 1
13:27:43 | INFO: Extracting primitive: COL_entry_walk.003
13:27:43 | INFO: Primitives created: 1
13:27:43 | INFO: Extracting primitive: COL_floor_joint_cell_threshold_0.001
13:27:43 | INFO: Primitives created: 1
13:27:43 | INFO: Extracting primitive: COL_floor_joint_cell_threshold_1.001
13:27:43 | INFO: Primitives created: 1
13:27:43 | INFO: Extracting primitive: COL_floor_joint_cell_threshold_2.001
13:27:43 | INFO: Primitives created: 1
13:27:43 | INFO: Extracting primitive: COL_floor_joint_cell_threshold_3.001
13:27:43 | INFO: Primitives created: 1
13:27:43 | INFO: Extracting primitive: COL_floor_joint_cell_threshold_4.001
13:27:43 | INFO: Primitives created: 1
13:27:43 | INFO: Extracting primitive: COL_floor_joint_cell_threshold_5.001
13:27:43 | INFO: Primitives created: 1
13:27:43 | INFO: Extracting primitive: COL_floor_joint_pavilion_east_joint.001
13:27:43 | INFO: Primitives created: 1
13:27:43 | INFO: Extracting primitive: COL_floor_joint_pavilion_west_joint.001
13:27:43 | INFO: Primitives created: 1
13:27:43 | INFO: Extracting primitive: Cube.146
13:27:43 | INFO: Primitives created: 1
13:27:43 | INFO: Extracting primitive: Cube.145
13:27:43 | INFO: Primitives created: 1
13:27:43 | INFO: Extracting primitive: COL_GATE_banana_planter.001
13:27:43 | INFO: Primitives created: 1
13:27:43 | INFO: Extracting primitive: KIT_rockery_passage.022
13:27:43 | INFO: Primitives created: 1
13:27:43 | INFO: Extracting primitive: KIT_rockery_passage.024
13:27:43 | INFO: Primitives created: 1
13:27:43 | INFO: Extracting primitive: KIT_rockery_cliff.006
13:27:43 | INFO: Primitives created: 1
13:27:43 | INFO: Extracting primitive: KIT_rockery_cliff.008
13:27:43 | INFO: Primitives created: 1
13:27:43 | INFO: Extracting primitive: KIT_rockery_passage.004
13:27:43 | INFO: Primitives created: 1
13:27:43 | INFO: Extracting primitive: KIT_rockery_passage.016
13:27:43 | INFO: Primitives created: 1
13:27:43 | INFO: Extracting primitive: KIT_rockery_passage.018
13:27:43 | INFO: Primitives created: 1
13:27:43 | INFO: Extracting primitive: KIT_rockery_passage.020
13:27:43 | INFO: Primitives created: 1
13:27:43 | INFO: Extracting primitive: GATE_paving.003
13:27:43 | INFO: Primitives created: 1
13:27:43 | INFO: Extracting primitive: COL_hengwu-yuan_floor.001
13:27:43 | INFO: Primitives created: 1
13:27:43 | INFO: Extracting primitive: COL_hengwu_approach.002
13:27:43 | INFO: Primitives created: 1
13:27:43 | INFO: Extracting primitive: COL_hengwu_approach.003
13:27:43 | INFO: Primitives created: 1
13:27:43 | INFO: Extracting primitive: COL_hengwu_closed_hall.002
13:27:43 | INFO: Primitives created: 1
13:27:43 | INFO: Extracting primitive: COL_hengwu_court.002
13:27:43 | INFO: Primitives created: 1
13:27:43 | INFO: Extracting primitive: COL_hengwu_hall_post.001
13:27:43 | INFO: Primitives created: 1
13:27:43 | INFO: Extracting primitive: COL_hengwu_hall_post.002
13:27:43 | INFO: Primitives created: 1
13:27:43 | INFO: Extracting primitive: COL_hengwu_hall_post.006
13:27:43 | INFO: Primitives created: 1
13:27:43 | INFO: Extracting primitive: COL_wall_bay.001
13:27:43 | INFO: Primitives created: 1
13:27:43 | INFO: Extracting primitive: COL_wall_bay.002
13:27:43 | INFO: Primitives created: 1
13:27:43 | INFO: Extracting primitive: COL_wall_bay.003
13:27:43 | INFO: Primitives created: 1
13:27:43 | INFO: Extracting primitive: COL_wall_bay.004
13:27:43 | INFO: Primitives created: 1
13:27:43 | INFO: Extracting primitive: COL_wall_bay.005
13:27:43 | INFO: Primitives created: 1
13:27:43 | INFO: Extracting primitive: COL_wall_bay.006
13:27:43 | INFO: Primitives created: 1
13:27:43 | INFO: Extracting primitive: KIT_wall_plaster.002
13:27:43 | INFO: Primitives created: 1
13:27:43 | INFO: Extracting primitive: COL_wall_window.001
13:27:43 | INFO: Primitives created: 1
13:27:43 | INFO: Extracting primitive: COL_wall_window.002
13:27:43 | INFO: Primitives created: 1
13:27:43 | INFO: Extracting primitive: COL_hengwu_rock.001
13:27:43 | INFO: Primitives created: 1
13:27:43 | INFO: Extracting primitive: COL_hengwu_rock.002
13:27:43 | INFO: Primitives created: 1
13:27:43 | INFO: Extracting primitive: COL_hengwu_rock.006
13:27:43 | INFO: Primitives created: 1
13:27:43 | INFO: Extracting primitive: COL_hengwu_stool.001
13:27:43 | INFO: Primitives created: 1
13:27:43 | INFO: Extracting primitive: COL_hengwu_stool.002
13:27:43 | INFO: Primitives created: 1
13:27:43 | INFO: Extracting primitive: COL_hengwu_stool.003
13:27:43 | INFO: Primitives created: 1
13:27:43 | INFO: Extracting primitive: COL_hengwu_stool.008
13:27:43 | INFO: Primitives created: 1
13:27:43 | INFO: Extracting primitive: COL_hengwu_table.002
13:27:43 | INFO: Primitives created: 1
13:27:43 | INFO: Extracting primitive: COL_longcui_approach.003
13:27:43 | INFO: Primitives created: 1
13:27:43 | INFO: Extracting primitive: COL_longcui_approach.004
13:27:43 | INFO: Primitives created: 1
13:27:43 | INFO: Extracting primitive: COL_longcui_approach.005
13:27:43 | INFO: Primitives created: 1
13:27:43 | INFO: Extracting primitive: COL_longcui_burner.001
13:27:43 | INFO: Primitives created: 1
13:27:43 | INFO: Extracting primitive: COL_longcui_closed_front.001
13:27:43 | INFO: Primitives created: 1
13:27:43 | INFO: Extracting primitive: COL_longcui_floor.001
13:27:43 | INFO: Primitives created: 1
13:27:43 | INFO: Extracting primitive: COL_longcui_plum_trunk.002
13:27:43 | INFO: Primitives created: 1
13:27:43 | INFO: Extracting primitive: COL_longcui_plum_trunk.003
13:27:43 | INFO: Primitives created: 1
13:27:43 | INFO: Extracting primitive: COL_longcui_return.002
13:27:43 | INFO: Primitives created: 1
13:27:43 | INFO: Extracting primitive: COL_longcui_return.003
13:27:43 | INFO: Primitives created: 1
13:27:43 | INFO: Extracting primitive: COL_longcui_threshold.001
13:27:43 | INFO: Primitives created: 1
13:27:43 | INFO: Extracting primitive: COL_ouxiang_approach.001
13:27:43 | INFO: Primitives created: 1
13:27:43 | INFO: Extracting primitive: COL_ouxiang_deck.001
13:27:43 | INFO: Primitives created: 1
13:27:43 | INFO: Extracting primitive: COL_ouxiang_post.004
13:27:43 | INFO: Primitives created: 1
13:27:43 | INFO: Extracting primitive: COL_ouxiang_post.005
13:27:43 | INFO: Primitives created: 1
13:27:43 | INFO: Extracting primitive: COL_ouxiang_post.006
13:27:43 | INFO: Primitives created: 1
13:27:43 | INFO: Extracting primitive: COL_ouxiang_post.007
13:27:43 | INFO: Primitives created: 1
13:27:43 | INFO: Extracting primitive: COL_ouxiang_rail.002
13:27:43 | INFO: Primitives created: 1
13:27:43 | INFO: Extracting primitive: COL_ouxiang_rail.003
13:27:43 | INFO: Primitives created: 1
13:27:43 | INFO: Extracting primitive: COL_ouxiang_side_rail.004
13:27:43 | INFO: Primitives created: 1
13:27:43 | INFO: Extracting primitive: COL_ouxiang_side_rail.005
13:27:43 | INFO: Primitives created: 1
13:27:43 | INFO: Extracting primitive: COL_ouxiang_side_rail.006
13:27:43 | INFO: Primitives created: 1
13:27:43 | INFO: Extracting primitive: COL_ouxiang_side_rail.007
13:27:43 | INFO: Primitives created: 1
13:27:43 | INFO: Extracting primitive: COL_ouxiang_table.001
13:27:43 | INFO: Primitives created: 1
13:27:43 | INFO: Extracting primitive: COL_corridor_floor.009
13:27:43 | INFO: Primitives created: 1
13:27:43 | INFO: Extracting primitive: COL_corridor_side.015
13:27:43 | INFO: Primitives created: 1
13:27:43 | INFO: Extracting primitive: COL_corridor_side.016
13:27:43 | INFO: Primitives created: 1
13:27:43 | INFO: Extracting primitive: COL_corridor_post.016
13:27:43 | INFO: Primitives created: 1
13:27:43 | INFO: Extracting primitive: COL_corridor_post.017
13:27:43 | INFO: Primitives created: 1
13:27:43 | INFO: Extracting primitive: COL_corridor_floor.010
13:27:43 | INFO: Primitives created: 1
13:27:43 | INFO: Extracting primitive: COL_corridor_side.017
13:27:43 | INFO: Primitives created: 1
13:27:43 | INFO: Extracting primitive: COL_corridor_side.018
13:27:43 | INFO: Primitives created: 1
13:27:43 | INFO: Extracting primitive: COL_corridor_post.018
13:27:43 | INFO: Primitives created: 1
13:27:43 | INFO: Extracting primitive: COL_corridor_post.019
13:27:43 | INFO: Primitives created: 1
13:27:43 | INFO: Extracting primitive: COL_corridor_floor.011
13:27:43 | INFO: Primitives created: 1
13:27:43 | INFO: Extracting primitive: COL_corridor_side.019
13:27:43 | INFO: Primitives created: 1
13:27:43 | INFO: Extracting primitive: COL_corridor_side.020
13:27:43 | INFO: Primitives created: 1
13:27:43 | INFO: Extracting primitive: COL_corridor_post.020
13:27:43 | INFO: Primitives created: 1
13:27:43 | INFO: Extracting primitive: COL_corridor_post.021
13:27:43 | INFO: Primitives created: 1
13:27:43 | INFO: Extracting primitive: COL_corridor_floor.012
13:27:43 | INFO: Primitives created: 1
13:27:43 | INFO: Extracting primitive: COL_corridor_side.021
13:27:43 | INFO: Primitives created: 1
13:27:43 | INFO: Extracting primitive: COL_corridor_side.022
13:27:43 | INFO: Primitives created: 1
13:27:43 | INFO: Extracting primitive: COL_corridor_post.022
13:27:43 | INFO: Primitives created: 1
13:27:43 | INFO: Extracting primitive: COL_corridor_post.023
13:27:43 | INFO: Primitives created: 1
13:27:43 | INFO: Extracting primitive: COL_corridor_floor.001
13:27:43 | INFO: Primitives created: 1
13:27:43 | INFO: Extracting primitive: COL_corridor_side.001
13:27:43 | INFO: Primitives created: 1
13:27:43 | INFO: Extracting primitive: COL_corridor_side.002
13:27:43 | INFO: Primitives created: 1
13:27:43 | INFO: Extracting primitive: COL_corridor_post.001
13:27:43 | INFO: Primitives created: 1
13:27:43 | INFO: Extracting primitive: COL_corridor_post.002
13:27:43 | INFO: Primitives created: 1
13:27:43 | INFO: Extracting primitive: COL_corridor_floor.002
13:27:43 | INFO: Primitives created: 1
13:27:43 | INFO: Extracting primitive: COL_corridor_side.003
13:27:43 | INFO: Primitives created: 1
13:27:43 | INFO: Extracting primitive: COL_corridor_side.004
13:27:43 | INFO: Primitives created: 1
13:27:43 | INFO: Extracting primitive: COL_corridor_post.003
13:27:43 | INFO: Primitives created: 1
13:27:43 | INFO: Extracting primitive: COL_corridor_post.004
13:27:43 | INFO: Primitives created: 1
13:27:43 | INFO: Extracting primitive: COL_corridor_floor.003
13:27:43 | INFO: Primitives created: 1
13:27:43 | INFO: Extracting primitive: COL_corridor_side.005
13:27:43 | INFO: Primitives created: 1
13:27:43 | INFO: Extracting primitive: COL_corridor_side.006
13:27:43 | INFO: Primitives created: 1
13:27:43 | INFO: Extracting primitive: COL_corridor_post.005
13:27:43 | INFO: Primitives created: 1
13:27:43 | INFO: Extracting primitive: COL_corridor_post.006
13:27:43 | INFO: Primitives created: 1
13:27:43 | INFO: Extracting primitive: COL_corridor_floor.004
13:27:43 | INFO: Primitives created: 1
13:27:43 | INFO: Extracting primitive: COL_corridor_side.007
13:27:43 | INFO: Primitives created: 1
13:27:43 | INFO: Extracting primitive: COL_corridor_side.008
13:27:43 | INFO: Primitives created: 1
13:27:43 | INFO: Extracting primitive: COL_corridor_post.007
13:27:43 | INFO: Primitives created: 1
13:27:43 | INFO: Extracting primitive: COL_corridor_post.008
13:27:43 | INFO: Primitives created: 1
13:27:43 | INFO: Extracting primitive: COL_corridor_floor.005
13:27:43 | INFO: Primitives created: 1
13:27:43 | INFO: Extracting primitive: COL_corridor_side.009
13:27:43 | INFO: Primitives created: 1
13:27:43 | INFO: Extracting primitive: COL_corridor_side.010
13:27:43 | INFO: Primitives created: 1
13:27:43 | INFO: Extracting primitive: COL_corridor_post.009
13:27:43 | INFO: Primitives created: 1
13:27:43 | INFO: Extracting primitive: COL_corridor_post.010
13:27:43 | INFO: Primitives created: 1
13:27:43 | INFO: Extracting primitive: COL_corridor_floor.006
13:27:43 | INFO: Primitives created: 1
13:27:43 | INFO: Extracting primitive: COL_corridor_side.011
13:27:43 | INFO: Primitives created: 1
13:27:43 | INFO: Extracting primitive: COL_corridor_post.011
13:27:43 | INFO: Primitives created: 1
13:27:43 | INFO: Extracting primitive: COL_corridor_post.012
13:27:43 | INFO: Primitives created: 1
13:27:43 | INFO: Extracting primitive: COL_corridor_floor.007
13:27:43 | INFO: Primitives created: 1
13:27:43 | INFO: Extracting primitive: COL_corridor_side.012
13:27:43 | INFO: Primitives created: 1
13:27:43 | INFO: Extracting primitive: COL_corridor_post.013
13:27:43 | INFO: Primitives created: 1
13:27:43 | INFO: Extracting primitive: COL_corridor_floor.008
13:27:43 | INFO: Primitives created: 1
13:27:43 | INFO: Extracting primitive: COL_corridor_side.013
13:27:43 | INFO: Primitives created: 1
13:27:43 | INFO: Extracting primitive: COL_corridor_side.014
13:27:43 | INFO: Primitives created: 1
13:27:43 | INFO: Extracting primitive: COL_corridor_post.014
13:27:43 | INFO: Primitives created: 1
13:27:43 | INFO: Extracting primitive: COL_corridor_post.015
13:27:43 | INFO: Primitives created: 1
13:27:43 | INFO: Extracting primitive: COL_corridor_floor.013
13:27:43 | INFO: Primitives created: 1
13:27:43 | INFO: Extracting primitive: COL_corridor_side.023
13:27:43 | INFO: Primitives created: 1
13:27:43 | INFO: Extracting primitive: COL_corridor_side.024
13:27:43 | INFO: Primitives created: 1
13:27:43 | INFO: Extracting primitive: COL_corridor_post.024
13:27:43 | INFO: Primitives created: 1
13:27:43 | INFO: Extracting primitive: COL_corridor_post.025
13:27:43 | INFO: Primitives created: 1
13:27:43 | INFO: Extracting primitive: COL_corridor_floor.014
13:27:43 | INFO: Primitives created: 1
13:27:43 | INFO: Extracting primitive: COL_corridor_side.025
13:27:43 | INFO: Primitives created: 1
13:27:43 | INFO: Extracting primitive: COL_corridor_side.026
13:27:43 | INFO: Primitives created: 1
13:27:43 | INFO: Extracting primitive: COL_corridor_post.026
13:27:43 | INFO: Primitives created: 1
13:27:43 | INFO: Extracting primitive: COL_corridor_post.027
13:27:43 | INFO: Primitives created: 1
13:27:43 | INFO: Extracting primitive: COL_corridor_floor.015
13:27:43 | INFO: Primitives created: 1
13:27:43 | INFO: Extracting primitive: COL_corridor_side.027
13:27:43 | INFO: Primitives created: 1
13:27:43 | INFO: Extracting primitive: COL_corridor_side.028
13:27:43 | INFO: Primitives created: 1
13:27:43 | INFO: Extracting primitive: COL_corridor_post.028
13:27:43 | INFO: Primitives created: 1
13:27:43 | INFO: Extracting primitive: COL_corridor_post.029
13:27:43 | INFO: Primitives created: 1
13:27:43 | INFO: Extracting primitive: COL_corridor_floor.016
13:27:43 | INFO: Primitives created: 1
13:27:43 | INFO: Extracting primitive: COL_corridor_side.029
13:27:43 | INFO: Primitives created: 1
13:27:43 | INFO: Extracting primitive: COL_corridor_side.030
13:27:43 | INFO: Primitives created: 1
13:27:43 | INFO: Extracting primitive: COL_corridor_post.030
13:27:43 | INFO: Primitives created: 1
13:27:43 | INFO: Extracting primitive: COL_corridor_post.031
13:27:43 | INFO: Primitives created: 1
13:27:43 | INFO: Extracting primitive: COL_qinfang_deck.001
13:27:43 | INFO: Primitives created: 1
13:27:43 | INFO: Extracting primitive: COL_pavilion_bench.001
13:27:43 | INFO: Primitives created: 1
13:27:43 | INFO: Extracting primitive: COL_pavilion_bench.002
13:27:43 | INFO: Primitives created: 1
13:27:43 | INFO: Extracting primitive: COL_pavilion_bracket.001
13:27:43 | INFO: Primitives created: 1
13:27:43 | INFO: Extracting primitive: COL_pavilion_bracket.002
13:27:43 | INFO: Primitives created: 1
13:27:43 | INFO: Extracting primitive: COL_pavilion_bracket.003
13:27:43 | INFO: Primitives created: 1
13:27:43 | INFO: Extracting primitive: COL_pavilion_bracket.004
13:27:43 | INFO: Primitives created: 1
13:27:43 | INFO: Extracting primitive: COL_pavilion_bracket.005
13:27:43 | INFO: Primitives created: 1
13:27:43 | INFO: Extracting primitive: COL_pavilion_bracket.006
13:27:43 | INFO: Primitives created: 1
13:27:43 | INFO: Extracting primitive: COL_pavilion_post.001
13:27:43 | INFO: Primitives created: 1
13:27:43 | INFO: Extracting primitive: COL_pavilion_post.002
13:27:43 | INFO: Primitives created: 1
13:27:43 | INFO: Extracting primitive: COL_pavilion_post.003
13:27:43 | INFO: Primitives created: 1
13:27:43 | INFO: Extracting primitive: COL_pavilion_post.004
13:27:43 | INFO: Primitives created: 1
13:27:43 | INFO: Extracting primitive: COL_pavilion_post.005
13:27:43 | INFO: Primitives created: 1
13:27:43 | INFO: Extracting primitive: COL_pavilion_post.006
13:27:43 | INFO: Primitives created: 1
13:27:43 | INFO: Extracting primitive: COL_pavilion_roof.001
13:27:43 | INFO: Primitives created: 1
13:27:43 | INFO: Extracting primitive: COL_qiushuang-zhai_floor.001
13:27:43 | INFO: Primitives created: 1
13:27:43 | INFO: Extracting primitive: Cube.009
13:27:43 | INFO: Primitives created: 1
13:27:43 | INFO: Extracting primitive: Cube.011
13:27:43 | INFO: Primitives created: 1
13:27:43 | INFO: Extracting primitive: Cube.012
13:27:43 | INFO: Primitives created: 1
13:27:43 | INFO: Extracting primitive: Cube.013
13:27:43 | INFO: Primitives created: 1
13:27:43 | INFO: Extracting primitive: Cube.019
13:27:43 | INFO: Primitives created: 1
13:27:43 | INFO: Extracting primitive: Cube.020
13:27:43 | INFO: Primitives created: 1
13:27:43 | INFO: Extracting primitive: Cube.023
13:27:43 | INFO: Primitives created: 1
13:27:43 | INFO: Extracting primitive: Cube.024
13:27:43 | INFO: Primitives created: 1
13:27:43 | INFO: Extracting primitive: Cube.048
13:27:43 | INFO: Primitives created: 1
13:27:43 | INFO: Extracting primitive: Cube.050
13:27:43 | INFO: Primitives created: 1
13:27:43 | INFO: Extracting primitive: Cube.052
13:27:43 | INFO: Primitives created: 1
13:27:43 | INFO: Extracting primitive: Cube.092
13:27:43 | INFO: Primitives created: 1
13:27:43 | INFO: Extracting primitive: Cube.093
13:27:43 | INFO: Primitives created: 1
13:27:43 | INFO: Extracting primitive: Cube.094
13:27:43 | INFO: Primitives created: 1
13:27:43 | INFO: Extracting primitive: Cube.095
13:27:43 | INFO: Primitives created: 1
13:27:43 | INFO: Extracting primitive: Cube.096
13:27:43 | INFO: Primitives created: 1
13:27:43 | INFO: Extracting primitive: Cube.097
13:27:43 | INFO: Primitives created: 1
13:27:43 | INFO: Extracting primitive: Cube.098
13:27:43 | INFO: Primitives created: 1
13:27:43 | INFO: Extracting primitive: Cube.099
13:27:43 | INFO: Primitives created: 1
13:27:43 | INFO: Extracting primitive: Cube.100
13:27:43 | INFO: Primitives created: 1
13:27:43 | INFO: Extracting primitive: Cube.101
13:27:43 | INFO: Primitives created: 1
13:27:43 | INFO: Extracting primitive: Cube.102
13:27:43 | INFO: Primitives created: 1
13:27:43 | INFO: Extracting primitive: Cube.103
13:27:43 | INFO: Primitives created: 1
13:27:43 | INFO: Extracting primitive: Cube.104
13:27:43 | INFO: Primitives created: 1
13:27:43 | INFO: Extracting primitive: Cube.105
13:27:43 | INFO: Primitives created: 1
13:27:43 | INFO: Extracting primitive: Cube.106
13:27:43 | INFO: Primitives created: 1
13:27:43 | INFO: Extracting primitive: Cube.107
13:27:43 | INFO: Primitives created: 1
13:27:43 | INFO: Extracting primitive: Cube.108
13:27:43 | INFO: Primitives created: 1
13:27:43 | INFO: Extracting primitive: Cube.109
13:27:43 | INFO: Primitives created: 1
13:27:43 | INFO: Extracting primitive: Cube.110
13:27:43 | INFO: Primitives created: 1
13:27:43 | INFO: Extracting primitive: Cube.111
13:27:43 | INFO: Primitives created: 1
13:27:43 | INFO: Extracting primitive: Cube.112
13:27:43 | INFO: Primitives created: 1
13:27:43 | INFO: Extracting primitive: Cube.113
13:27:43 | INFO: Primitives created: 1
13:27:43 | INFO: Extracting primitive: Cube.114
13:27:43 | INFO: Primitives created: 1
13:27:43 | INFO: Extracting primitive: Cube.115
13:27:43 | INFO: Primitives created: 1
13:27:43 | INFO: Extracting primitive: Cube.116
13:27:43 | INFO: Primitives created: 1
13:27:43 | INFO: Extracting primitive: Cube.117
13:27:43 | INFO: Primitives created: 1
13:27:43 | INFO: Extracting primitive: Cube.118
13:27:43 | INFO: Primitives created: 1
13:27:43 | INFO: Extracting primitive: Cube.119
13:27:43 | INFO: Primitives created: 1
13:27:43 | INFO: Extracting primitive: Cube.120
13:27:43 | INFO: Primitives created: 1
13:27:43 | INFO: Extracting primitive: Cube.121
13:27:43 | INFO: Primitives created: 1
13:27:43 | INFO: Extracting primitive: Cube.122
13:27:43 | INFO: Primitives created: 1
13:27:43 | INFO: Extracting primitive: Cube.123
13:27:43 | INFO: Primitives created: 1
13:27:43 | INFO: Extracting primitive: Cube.124
13:27:43 | INFO: Primitives created: 1
13:27:43 | INFO: Extracting primitive: Cube.125
13:27:43 | INFO: Primitives created: 1
13:27:43 | INFO: Extracting primitive: Cube.126
13:27:43 | INFO: Primitives created: 1
13:27:43 | INFO: Extracting primitive: Cube.127
13:27:43 | INFO: Primitives created: 1
13:27:43 | INFO: Extracting primitive: Cube.128
13:27:43 | INFO: Primitives created: 1
13:27:43 | INFO: Extracting primitive: Cube.129
13:27:43 | INFO: Primitives created: 1
13:27:43 | INFO: Extracting primitive: Cube.130
13:27:43 | INFO: Primitives created: 1
13:27:43 | INFO: Extracting primitive: Cube.131
13:27:43 | INFO: Primitives created: 1
13:27:43 | INFO: Extracting primitive: Cube.132
13:27:43 | INFO: Primitives created: 1
13:27:43 | INFO: Extracting primitive: Cube.133
13:27:43 | INFO: Primitives created: 1
13:27:43 | INFO: Extracting primitive: Cube.134
13:27:43 | INFO: Primitives created: 1
13:27:43 | INFO: Extracting primitive: Cube.135
13:27:43 | INFO: Primitives created: 1
13:27:43 | INFO: Extracting primitive: Cube.136
13:27:43 | INFO: Primitives created: 1
13:27:43 | INFO: Extracting primitive: Cube.137
13:27:43 | INFO: Primitives created: 1
13:27:43 | INFO: Extracting primitive: Cube.138
13:27:43 | INFO: Primitives created: 1
13:27:43 | INFO: Extracting primitive: Cube.139
13:27:43 | INFO: Primitives created: 1
13:27:43 | INFO: Extracting primitive: Cube.140
13:27:43 | INFO: Primitives created: 1
13:27:43 | INFO: Extracting primitive: Cube.141
13:27:43 | INFO: Primitives created: 1
13:27:43 | INFO: Extracting primitive: Cube.142
13:27:43 | INFO: Primitives created: 1
13:27:43 | INFO: Extracting primitive: Cube.143
13:27:43 | INFO: Primitives created: 1
13:27:43 | INFO: Extracting primitive: Cube.144
13:27:43 | INFO: Primitives created: 1
13:27:43 | INFO: Extracting primitive: Cube.193
13:27:43 | INFO: Primitives created: 1
13:27:43 | INFO: Extracting primitive: Cube.194
13:27:43 | INFO: Primitives created: 1
13:27:43 | INFO: Extracting primitive: Cube.195
13:27:43 | INFO: Primitives created: 1
13:27:43 | INFO: Extracting primitive: Cube.196
13:27:43 | INFO: Primitives created: 1
13:27:43 | INFO: Extracting primitive: Cube.197
13:27:43 | INFO: Primitives created: 1
13:27:43 | INFO: Extracting primitive: Cube.198
13:27:43 | INFO: Primitives created: 1
13:27:43 | INFO: Extracting primitive: Cube.199
13:27:43 | INFO: Primitives created: 1
13:27:43 | INFO: Extracting primitive: Cube.200
13:27:43 | INFO: Primitives created: 1
13:27:43 | INFO: Extracting primitive: COL_stone_walk.005
13:27:43 | INFO: Primitives created: 1
13:27:43 | INFO: Extracting primitive: COL_stone_walk.008
13:27:43 | INFO: Primitives created: 1
13:27:43 | INFO: Extracting primitive: COL_stone_walk.009
13:27:43 | INFO: Primitives created: 1
13:27:43 | INFO: Extracting primitive: COL_stone_walk.010
13:27:43 | INFO: Primitives created: 1
13:27:43 | INFO: Extracting primitive: COL_stone_walk.011
13:27:43 | INFO: Primitives created: 1
13:27:43 | INFO: Extracting primitive: COL_stone_walk.012
13:27:43 | INFO: Primitives created: 1
13:27:43 | INFO: Extracting primitive: COL_study_approach.002
13:27:43 | INFO: Primitives created: 1
13:27:43 | INFO: Extracting primitive: COL_study_desk_centre.002
13:27:43 | INFO: Primitives created: 1
13:27:43 | INFO: Extracting primitive: COL_study_desk_left.002
13:27:43 | INFO: Primitives created: 1
13:27:43 | INFO: Extracting primitive: COL_study_desk_right.002
13:27:43 | INFO: Primitives created: 1
13:27:43 | INFO: Extracting primitive: COL_study_front_walk.002
13:27:43 | INFO: Primitives created: 1
13:27:43 | INFO: Extracting primitive: COL_study_front_wall.002
13:27:43 | INFO: Primitives created: 1
13:27:43 | INFO: Extracting primitive: COL_study_post.001
13:27:43 | INFO: Primitives created: 1
13:27:43 | INFO: Extracting primitive: COL_study_post.002
13:27:43 | INFO: Primitives created: 1
13:27:43 | INFO: Extracting primitive: COL_study_post.003
13:27:43 | INFO: Primitives created: 1
13:27:43 | INFO: Extracting primitive: COL_study_post.008
13:27:43 | INFO: Primitives created: 1
13:27:43 | INFO: Extracting primitive: Cube.151
13:27:43 | INFO: Primitives created: 1
13:27:43 | INFO: Extracting primitive: Cube.152
13:27:43 | INFO: Primitives created: 1
13:27:43 | INFO: Extracting primitive: Cube.153
13:27:43 | INFO: Primitives created: 1
13:27:43 | INFO: Extracting primitive: Cube.154
13:27:43 | INFO: Primitives created: 1
13:27:43 | INFO: Extracting primitive: Cube.155
13:27:43 | INFO: Primitives created: 1
13:27:43 | INFO: Extracting primitive: Cube.156
13:27:43 | INFO: Primitives created: 1
13:27:43 | INFO: Extracting primitive: Cube.157
13:27:43 | INFO: Primitives created: 1
13:27:43 | INFO: Extracting primitive: Cube.158
13:27:43 | INFO: Primitives created: 1
13:27:43 | INFO: Extracting primitive: Cube.159
13:27:43 | INFO: Primitives created: 1
13:27:43 | INFO: Extracting primitive: Cube.160
13:27:43 | INFO: Primitives created: 1
13:27:43 | INFO: Extracting primitive: Cube.161
13:27:43 | INFO: Primitives created: 1
13:27:43 | INFO: Extracting primitive: Cube.162
13:27:43 | INFO: Primitives created: 1
13:27:43 | INFO: Extracting primitive: Cube.163
13:27:43 | INFO: Primitives created: 1
13:27:43 | INFO: Extracting primitive: Cube.164
13:27:43 | INFO: Primitives created: 1
13:27:43 | INFO: Extracting primitive: Cube.165
13:27:43 | INFO: Primitives created: 1
13:27:43 | INFO: Extracting primitive: Cube.166
13:27:43 | INFO: Primitives created: 1
13:27:43 | INFO: Extracting primitive: Cube.167
13:27:43 | INFO: Primitives created: 1
13:27:43 | INFO: Extracting primitive: Cube.168
13:27:43 | INFO: Primitives created: 1
13:27:43 | INFO: Extracting primitive: Cube.169
13:27:43 | INFO: Primitives created: 1
13:27:43 | INFO: Extracting primitive: Cube.170
13:27:43 | INFO: Primitives created: 1
13:27:43 | INFO: Extracting primitive: Cube.171
13:27:43 | INFO: Primitives created: 1
13:27:43 | INFO: Extracting primitive: Cube.172
13:27:43 | INFO: Primitives created: 1
13:27:43 | INFO: Extracting primitive: Cube.173
13:27:43 | INFO: Primitives created: 1
13:27:43 | INFO: Extracting primitive: Cube.174
13:27:43 | INFO: Primitives created: 1
13:27:43 | INFO: Extracting primitive: Cube.175
13:27:43 | INFO: Primitives created: 1
13:27:43 | INFO: Extracting primitive: Cube.176
13:27:43 | INFO: Primitives created: 1
13:27:43 | INFO: Extracting primitive: Cube.177
13:27:43 | INFO: Primitives created: 1
13:27:43 | INFO: Extracting primitive: Cube.178
13:27:43 | INFO: Primitives created: 1
13:27:43 | INFO: Extracting primitive: Cube.179
13:27:43 | INFO: Primitives created: 1
13:27:43 | INFO: Extracting primitive: Cube.180
13:27:43 | INFO: Primitives created: 1
13:27:43 | INFO: Extracting primitive: Cube.201
13:27:43 | INFO: Primitives created: 1
13:27:43 | INFO: Extracting primitive: Cube.202
13:27:43 | INFO: Primitives created: 1
13:27:43 | INFO: Extracting primitive: Cube.203
13:27:43 | INFO: Primitives created: 1
13:27:43 | INFO: Extracting primitive: Cube.181
13:27:43 | INFO: Primitives created: 1
13:27:43 | INFO: Extracting primitive: Cube.182
13:27:43 | INFO: Primitives created: 1
13:27:43 | INFO: Extracting primitive: Cube.183
13:27:43 | INFO: Primitives created: 1
13:27:43 | INFO: Extracting primitive: Cube.184
13:27:43 | INFO: Primitives created: 1
13:27:43 | INFO: Extracting primitive: Cube.185
13:27:43 | INFO: Primitives created: 1
13:27:43 | INFO: Extracting primitive: Cube.186
13:27:43 | INFO: Primitives created: 1
13:27:43 | INFO: Extracting primitive: Cube.187
13:27:43 | INFO: Primitives created: 1
13:27:43 | INFO: Extracting primitive: Cube.188
13:27:43 | INFO: Primitives created: 1
13:27:43 | INFO: Extracting primitive: Cube.189
13:27:43 | INFO: Primitives created: 1
13:27:43 | INFO: Extracting primitive: Cube.190
13:27:43 | INFO: Primitives created: 1
13:27:43 | INFO: Extracting primitive: Cube.191
13:27:43 | INFO: Primitives created: 1
13:27:43 | INFO: Extracting primitive: Cube.192
13:27:43 | INFO: Primitives created: 1
13:27:43 | INFO: Extracting primitive: COL_tubi-tang_floor.001
13:27:43 | INFO: Primitives created: 1
13:27:43 | INFO: Extracting primitive: COL_tubi_approach.001
13:27:43 | INFO: Primitives created: 1
13:27:43 | INFO: Extracting primitive: COL_tubi_approach.002
13:27:43 | INFO: Primitives created: 1
13:27:43 | INFO: Extracting primitive: COL_tubi_approach.007
13:27:43 | INFO: Primitives created: 1
13:27:43 | INFO: Extracting primitive: COL_tubi_approach.008
13:27:43 | INFO: Primitives created: 1
13:27:43 | INFO: Extracting primitive: COL_tubi_closed_hall.002
13:27:43 | INFO: Primitives created: 1
13:27:43 | INFO: Extracting primitive: COL_tubi_hall_post.001
13:27:43 | INFO: Primitives created: 1
13:27:43 | INFO: Extracting primitive: COL_tubi_hall_post.002
13:27:43 | INFO: Primitives created: 1
13:27:43 | INFO: Extracting primitive: COL_tubi_hall_post.006
13:27:43 | INFO: Primitives created: 1
13:27:43 | INFO: Extracting primitive: COL_tubi_parapet.001
13:27:43 | INFO: Primitives created: 1
13:27:43 | INFO: Extracting primitive: COL_tubi_parapet.002
13:27:43 | INFO: Primitives created: 1
13:27:43 | INFO: Extracting primitive: COL_tubi_parapet.003
13:27:43 | INFO: Primitives created: 1
13:27:43 | INFO: Extracting primitive: COL_tubi_parapet.008
13:27:43 | INFO: Primitives created: 1
13:27:43 | INFO: Extracting primitive: COL_tubi_stair_guard.001
13:27:43 | INFO: Primitives created: 1
13:27:43 | INFO: Extracting primitive: COL_tubi_stair_guard.004
13:27:43 | INFO: Primitives created: 1
13:27:43 | INFO: Extracting primitive: COL_tubi_stair_ramp.002
13:27:43 | INFO: Primitives created: 1
13:27:43 | INFO: Extracting primitive: COL_tubi_terrace.002
13:27:43 | INFO: Primitives created: 1
13:27:43 | INFO: Extracting primitive: COL_tubi_topic_table.002
13:27:43 | INFO: Primitives created: 1
13:27:43 | INFO: Extracting primitive: COL_tubi_view_bench_left.001
13:27:43 | INFO: Primitives created: 1
13:27:43 | INFO: Extracting primitive: COL_tubi_view_bench_right.001
13:27:43 | INFO: Primitives created: 1
13:27:43 | INFO: Extracting primitive: COL_water_bridge_side.001
13:27:43 | INFO: Primitives created: 1
13:27:43 | INFO: Extracting primitive: COL_water_bridge_side.004
13:27:43 | INFO: Primitives created: 1
13:27:43 | INFO: Extracting primitive: COL_water_bridge_deck.002
13:27:43 | INFO: Primitives created: 1
13:27:43 | INFO: Extracting primitive: COL_xiaoxiang_bamboo_bed.004
13:27:43 | INFO: Primitives created: 1
13:27:43 | INFO: Extracting primitive: COL_xiaoxiang_bamboo_bed.005
13:27:43 | INFO: Primitives created: 1
13:27:43 | INFO: Extracting primitive: COL_xiaoxiang_bamboo_bed.006
13:27:43 | INFO: Primitives created: 1
13:27:43 | INFO: Extracting primitive: COL_xiaoxiang_bamboo_bed.007
13:27:43 | INFO: Primitives created: 1
13:27:43 | INFO: Extracting primitive: COL_xiaoxiang_closed_front.001
13:27:43 | INFO: Primitives created: 1
13:27:43 | INFO: Extracting primitive: COL_xiaoxiang_floor.001
13:27:43 | INFO: Primitives created: 1
13:27:43 | INFO: Extracting primitive: COL_xiaoxiang_return.002
13:27:43 | INFO: Primitives created: 1
13:27:43 | INFO: Extracting primitive: COL_xiaoxiang_return.003
13:27:43 | INFO: Primitives created: 1
13:27:43 | INFO: Extracting primitive: COL_xiaoxiang_threshold.001
13:27:43 | INFO: Primitives created: 1
13:27:43 | INFO: Extracting primitive: COL_yihong_closed_front.002
13:27:43 | INFO: Primitives created: 1
13:27:43 | INFO: Extracting primitive: COL_yihong_court_side.001
13:27:43 | INFO: Primitives created: 1
13:27:43 | INFO: Extracting primitive: COL_yihong_court_side.004
13:27:43 | INFO: Primitives created: 1
13:27:43 | INFO: Extracting primitive: COL_yihong_floor.002
13:27:43 | INFO: Primitives created: 1
13:27:43 | INFO: Extracting primitive: COL_yihong_planter.001
13:27:43 | INFO: Primitives created: 1
13:27:43 | INFO: Extracting primitive: COL_yihong_planter.004
13:27:43 | INFO: Primitives created: 1
13:27:43 | INFO: Extracting primitive: COL_yihong_side_return.001
13:27:43 | INFO: Primitives created: 1
13:27:43 | INFO: Extracting primitive: COL_yihong_side_return.004
13:27:43 | INFO: Primitives created: 1
13:27:43 | INFO: Extracting primitive: COL_yihong_threshold.002
13:27:43 | INFO: Primitives created: 1
13:27:43 | INFO: Extracting primitive: COL_ziling_landing.001
13:27:43 | INFO: Primitives created: 1
13:27:43 | INFO: Extracting primitive: HERO_aojing-guan_title.002
13:27:43 | WARNING: More than one shader node tex image used for a texture. The resulting glTF sampler will behave like the first shader node tex image.
13:27:43 | INFO: Primitives created: 1
13:27:43 | INFO: Extracting primitive: HERO_daguan_title.001
13:27:43 | WARNING: More than one shader node tex image used for a texture. The resulting glTF sampler will behave like the first shader node tex image.
13:27:43 | INFO: Primitives created: 1
13:27:43 | INFO: Extracting primitive: HERO_daoxiang-cun_title.002
13:27:43 | WARNING: More than one shader node tex image used for a texture. The resulting glTF sampler will behave like the first shader node tex image.
13:27:43 | INFO: Primitives created: 1
13:27:43 | INFO: Extracting primitive: KIT_flora_plum_render.001
13:27:43 | WARNING: More than one shader node tex image used for a texture. The resulting glTF sampler will behave like the first shader node tex image.
13:27:43 | INFO: Primitives created: 1
13:27:43 | INFO: Extracting primitive: KIT_flora_plum_render.002
13:27:43 | INFO: Primitives created: 1
13:27:43 | INFO: Extracting primitive: KIT_flora_bamboo_large_render.001
13:27:43 | INFO: Primitives created: 1
13:27:43 | INFO: Extracting primitive: KIT_flora_bamboo_large_render.002
13:27:43 | INFO: Primitives created: 1
13:27:43 | INFO: Extracting primitive: KIT_flora_bamboo_small_render.001
13:27:43 | INFO: Primitives created: 1
13:27:43 | INFO: Extracting primitive: KIT_flora_willow_render.001
13:27:43 | INFO: Primitives created: 1
13:27:43 | INFO: Extracting primitive: KIT_flora_willow_render.002
13:27:43 | INFO: Primitives created: 1
13:27:43 | INFO: Extracting primitive: KIT_flora_bamboo_large_render.003
13:27:43 | INFO: Primitives created: 1
13:27:43 | INFO: Extracting primitive: KIT_flora_bamboo_medium_render.001
13:27:43 | INFO: Primitives created: 1
13:27:43 | INFO: Extracting primitive: KIT_flora_bamboo_small_render.002
13:27:43 | INFO: Primitives created: 1
13:27:43 | INFO: Extracting primitive: KIT_flora_bamboo_large_render.004
13:27:43 | INFO: Primitives created: 1
13:27:43 | INFO: Extracting primitive: KIT_flora_banana_render.001
13:27:43 | INFO: Primitives created: 1
13:27:43 | INFO: Extracting primitive: KIT_flora_banana_render.002
13:27:43 | INFO: Primitives created: 1
13:27:43 | INFO: Extracting primitive: TEMP_reed_geometry.001
13:27:43 | INFO: Primitives created: 1
13:27:43 | INFO: Extracting primitive: TEMP_reed_geometry.002
13:27:43 | INFO: Primitives created: 1
13:27:43 | INFO: Extracting primitive: TEMP_reed_geometry.003
13:27:43 | INFO: Primitives created: 1
13:27:43 | INFO: Extracting primitive: TEMP_reed_geometry.004
13:27:43 | INFO: Primitives created: 1
13:27:43 | INFO: Extracting primitive: TEMP_reed_geometry.005
13:27:43 | INFO: Primitives created: 1
13:27:43 | INFO: Extracting primitive: TEMP_reed_geometry.006
13:27:43 | INFO: Primitives created: 1
13:27:43 | INFO: Extracting primitive: TEMP_reed_geometry.007
13:27:43 | INFO: Primitives created: 1
13:27:43 | INFO: Extracting primitive: TEMP_reed_geometry.008
13:27:43 | INFO: Primitives created: 1
13:27:43 | INFO: Extracting primitive: TEMP_reed_geometry.009
13:27:43 | INFO: Primitives created: 1
13:27:43 | INFO: Extracting primitive: TEMP_reed_geometry.010
13:27:43 | INFO: Primitives created: 1
13:27:43 | INFO: Extracting primitive: HERO_gate_inscription.001
13:27:43 | WARNING: More than one shader node tex image used for a texture. The resulting glTF sampler will behave like the first shader node tex image.
13:27:43 | INFO: Primitives created: 1
13:27:43 | INFO: Extracting primitive: HERO_gate_water_drips.001
13:27:43 | WARNING: More than one shader node tex image used for a texture. The resulting glTF sampler will behave like the first shader node tex image.
13:27:43 | INFO: Primitives created: 1
13:27:43 | INFO: Extracting primitive: HERO_hengwu-yuan_title.002
13:27:43 | WARNING: More than one shader node tex image used for a texture. The resulting glTF sampler will behave like the first shader node tex image.
13:27:43 | INFO: Primitives created: 1
13:27:43 | INFO: Extracting primitive: HERO_longcui-an_title.002
13:27:43 | WARNING: More than one shader node tex image used for a texture. The resulting glTF sampler will behave like the first shader node tex image.
13:27:43 | INFO: Primitives created: 1
13:27:43 | INFO: Extracting primitive: HERO_qinfang-ting_title.002
13:27:43 | WARNING: More than one shader node tex image used for a texture. The resulting glTF sampler will behave like the first shader node tex image.
13:27:43 | INFO: Primitives created: 1
13:27:43 | INFO: Extracting primitive: HERO_qinfang_bridge.001
13:27:43 | INFO: Primitives created: 1
13:27:43 | INFO: Extracting primitive: HERO_study_scroll_bamboo.002
13:27:43 | INFO: Primitives created: 1
13:27:43 | INFO: Extracting primitive: HERO_study_scroll_plum.002
13:27:43 | INFO: Primitives created: 1
13:27:43 | INFO: Extracting primitive: HERO_study_title.002
13:27:43 | WARNING: More than one shader node tex image used for a texture. The resulting glTF sampler will behave like the first shader node tex image.
13:27:43 | INFO: Primitives created: 1
13:27:43 | INFO: Extracting primitive: HERO_table_hexagram.001
13:27:43 | INFO: Primitives created: 1
13:27:43 | INFO: Extracting primitive: line_piece.005
13:27:43 | WARNING: More than one shader node tex image used for a texture. The resulting glTF sampler will behave like the first shader node tex image.
13:27:43 | INFO: Primitives created: 1
13:27:43 | INFO: Extracting primitive: line_piece.002
13:27:43 | INFO: Primitives created: 1
13:27:43 | INFO: Extracting primitive: line_piece.011
13:27:43 | INFO: Primitives created: 1
13:27:43 | INFO: Extracting primitive: line_piece.008
13:27:43 | INFO: Primitives created: 1
13:27:43 | INFO: Extracting primitive: line_piece.017
13:27:43 | INFO: Primitives created: 1
13:27:43 | INFO: Extracting primitive: line_piece.014
13:27:43 | INFO: Primitives created: 1
13:27:43 | INFO: Extracting primitive: line_piece.019
13:27:43 | INFO: Primitives created: 1
13:27:43 | INFO: Extracting primitive: line_piece.018
13:27:43 | INFO: Primitives created: 1
13:27:43 | INFO: Extracting primitive: line_piece.021
13:27:43 | INFO: Primitives created: 1
13:27:43 | INFO: Extracting primitive: line_piece.020
13:27:43 | INFO: Primitives created: 1
13:27:43 | INFO: Extracting primitive: line_piece.023
13:27:43 | INFO: Primitives created: 1
13:27:43 | INFO: Extracting primitive: line_piece.022
13:27:43 | INFO: Primitives created: 1
13:27:43 | INFO: Extracting primitive: HERO_table_pedestal.001
13:27:43 | INFO: Primitives created: 1
13:27:43 | INFO: Extracting primitive: HERO_tubi_title.002
13:27:43 | WARNING: More than one shader node tex image used for a texture. The resulting glTF sampler will behave like the first shader node tex image.
13:27:43 | INFO: Primitives created: 1
13:27:43 | INFO: Extracting primitive: HERO_xiaoxiang-guan_title.002
13:27:43 | WARNING: More than one shader node tex image used for a texture. The resulting glTF sampler will behave like the first shader node tex image.
13:27:43 | INFO: Primitives created: 1
13:27:43 | INFO: Extracting primitive: HERO_yihong-yuan_title.002
13:27:43 | WARNING: More than one shader node tex image used for a texture. The resulting glTF sampler will behave like the first shader node tex image.
13:27:43 | INFO: Primitives created: 1
13:27:43 | INFO: Extracting primitive: AOJING_pond.002
13:27:43 | INFO: Primitives created: 1
13:27:43 | INFO: Extracting primitive: AOJING_backstage.002
13:27:43 | INFO: Primitives created: 1
13:27:43 | INFO: Extracting primitive: AOJING_amber_window.002
13:27:43 | INFO: Primitives created: 1
13:27:43 | INFO: Extracting primitive: AOJING_window_lattice.001
13:27:43 | INFO: Primitives created: 1
13:27:43 | INFO: Extracting primitive: AOJING_dry_ledge.002
13:27:43 | INFO: Primitives created: 1
13:27:43 | INFO: Extracting primitive: AOJING_roof.002
13:27:43 | INFO: Primitives created: 1
13:27:43 | INFO: Extracting primitive: AOJING_closed_front.002
13:27:43 | INFO: Primitives created: 1
13:27:43 | INFO: Extracting primitive: DAGUAN_backstage.001
13:27:43 | INFO: Primitives created: 1
13:27:43 | INFO: Extracting primitive: DAGUAN_door_stud.180
13:27:43 | INFO: Primitives created: 1
13:27:43 | INFO: Extracting primitive: DAGUAN_amber_transom.002
13:27:43 | INFO: Primitives created: 1
13:27:43 | INFO: Extracting primitive: DAGUAN_closed_door.010
13:27:43 | INFO: Primitives created: 1
13:27:43 | INFO: Extracting primitive: DAGUAN_recessed_panel.020
13:27:43 | INFO: Primitives created: 1
13:27:43 | INFO: Extracting primitive: DAGUAN_column.006
13:27:43 | INFO: Primitives created: 1
13:27:43 | INFO: Extracting primitive: DAGUAN_platform.001
13:27:43 | INFO: Primitives created: 1
13:27:43 | INFO: Extracting primitive: DAGUAN_lower_roof.001
13:27:43 | INFO: Primitives created: 1
13:27:43 | INFO: Extracting primitive: DAGUAN_front.001
13:27:43 | INFO: Primitives created: 1
13:27:43 | INFO: Extracting primitive: DAOXIANG_backstage.001
13:27:43 | INFO: Primitives created: 1
13:27:43 | INFO: Extracting primitive: DAOXIANG_door_latch.001
13:27:43 | INFO: Primitives created: 1
13:27:43 | INFO: Extracting primitive: DAOXIANG_warm_sliver.001
13:27:43 | INFO: Primitives created: 1
13:27:43 | INFO: Extracting primitive: DAOXIANG_closed_door.001
13:27:43 | INFO: Primitives created: 1
13:27:43 | INFO: Extracting primitive: DAOXIANG_paddy_painting.001
13:27:43 | INFO: Primitives created: 1
13:27:43 | INFO: Extracting primitive: DAOXIANG_court.001
13:27:43 | INFO: Primitives created: 1
13:27:43 | INFO: Extracting primitive: DAOXIANG_thatch_mass.001
13:27:43 | INFO: Primitives created: 1
13:27:43 | INFO: Extracting primitive: DAOXIANG_front.001
13:27:43 | INFO: Primitives created: 1
13:27:43 | INFO: Extracting primitive: SITE_hengwu-yuan_backstage.001
13:27:43 | INFO: Primitives created: 1
13:27:43 | INFO: Extracting primitive: KIT_pavilion_finial.011
13:27:43 | INFO: Primitives created: 1
13:27:43 | INFO: Extracting primitive: KIT_wall_amber_window.006
13:27:43 | INFO: Primitives created: 1
13:27:43 | INFO: Extracting primitive: HENGWU_herb_leaf.001
13:27:43 | INFO: Primitives created: 1
13:27:43 | INFO: Extracting primitive: KIT_wall_lattice_vertical.105
13:27:43 | INFO: Primitives created: 1
13:27:43 | INFO: Extracting primitive: SITE_hengwu-yuan_platform.001
13:27:43 | INFO: Primitives created: 1
13:27:43 | INFO: Extracting primitive: KIT_props_lantern_hanging_render.015
13:27:43 | WARNING: More than one shader node tex image used for a texture. The resulting glTF sampler will behave like the first shader node tex image.
13:27:43 | INFO: Primitives created: 1
13:27:43 | INFO: Extracting primitive: KIT_pavilion_roof.011
13:27:43 | INFO: Primitives created: 1
13:27:43 | INFO: Extracting primitive: KIT_wall_bay.001
13:27:43 | WARNING: More than one shader node tex image used for a texture. The resulting glTF sampler will behave like the first shader node tex image.
13:27:43 | INFO: Primitives created: 1
13:27:43 | INFO: Extracting primitive: SITE_hengwu-yuan_front.001
13:27:43 | INFO: Primitives created: 1
13:27:43 | INFO: Extracting primitive: LONGCUI_backstage.001
13:27:43 | INFO: Primitives created: 1
13:27:43 | INFO: Extracting primitive: LONGCUI_gate_pull.002
13:27:43 | INFO: Primitives created: 1
13:27:43 | INFO: Extracting primitive: LONGCUI_closed_gate.002
13:27:43 | INFO: Primitives created: 1
13:27:43 | INFO: Extracting primitive: LONGCUI_paving.001
13:27:43 | INFO: Primitives created: 1
13:27:43 | INFO: Extracting primitive: KIT_props_lantern_hanging_render.016
13:27:43 | INFO: Primitives created: 1
13:27:43 | INFO: Extracting primitive: LONGCUI_wall_cap.001
13:27:43 | INFO: Primitives created: 1
13:27:43 | INFO: Extracting primitive: LONGCUI_closed_front.001
13:27:43 | INFO: Primitives created: 1
13:27:43 | INFO: Extracting primitive: KIT_props_tea_cup.006
13:27:43 | INFO: Primitives created: 1
13:27:43 | INFO: Extracting primitive: KIT_water_lotus_leaf.007
13:27:43 | INFO: Primitives created: 1
13:27:43 | INFO: Extracting primitive: SITE_ouxiang_deck.001
13:27:43 | INFO: Primitives created: 1
13:27:43 | INFO: Extracting primitive: KIT_pavilion_water_pier.004
13:27:43 | INFO: Primitives created: 1
13:27:43 | INFO: Extracting primitive: KIT_props_lantern_hanging_render.013
13:27:43 | INFO: Primitives created: 1
13:27:43 | INFO: Extracting primitive: KIT_pavilion_water_hipped_roof.001
13:27:43 | INFO: Primitives created: 1
13:27:43 | INFO: Extracting primitive: KIT_water_lotus.021
13:27:43 | INFO: Primitives created: 1
13:27:43 | INFO: Extracting primitive: KIT_corridor_rail.008
13:27:43 | INFO: Primitives created: 1
13:27:43 | INFO: Extracting primitive: KIT_pavilion_roof_shell.001
13:27:43 | INFO: Primitives created: 1
13:27:43 | INFO: Extracting primitive: KIT_pavilion_plinth.001
13:27:43 | INFO: Primitives created: 1
13:27:43 | INFO: Extracting primitive: KIT_props_lantern_hanging_render.001
13:27:43 | INFO: Primitives created: 1
13:27:43 | INFO: Extracting primitive: KIT_water_stream.001
13:27:43 | INFO: Primitives created: 1
13:27:43 | INFO: Extracting primitive: SITE_qiushuang-zhai_backstage.001
13:27:43 | INFO: Primitives created: 1
13:27:43 | INFO: Extracting primitive: KIT_pavilion_finial.005
13:27:43 | INFO: Primitives created: 1
13:27:43 | INFO: Extracting primitive: KIT_wall_lattice_vertical.042
13:27:43 | INFO: Primitives created: 1
13:27:43 | INFO: Extracting primitive: SITE_qiushuang-zhai_platform.001
13:27:43 | INFO: Primitives created: 1
13:27:43 | INFO: Extracting primitive: KIT_props_lantern_hanging_render.010
13:27:43 | INFO: Primitives created: 1
13:27:43 | INFO: Extracting primitive: KIT_pavilion_roof.005
13:27:43 | INFO: Primitives created: 1
13:27:43 | INFO: Extracting primitive: KIT_tech_terminal_desk_render.007
13:27:43 | WARNING: More than one shader node tex image used for a texture. The resulting glTF sampler will behave like the first shader node tex image.
13:27:43 | INFO: Primitives created: 1
13:27:43 | INFO: Extracting primitive: SITE_qiushuang-zhai_front.001
13:27:43 | INFO: Primitives created: 1
13:27:43 | INFO: Extracting primitive: GATE_banana_pseudostem.001
13:27:43 | INFO: Primitives created: 1
13:27:43 | INFO: Extracting primitive: GATE_banana_soil.001
13:27:43 | INFO: Primitives created: 1
13:27:43 | INFO: Extracting primitive: KIT_rockery_passage.001
13:27:43 | INFO: Primitives created: 1
13:27:43 | INFO: Extracting primitive: GATE_paving.002
13:27:43 | INFO: Primitives created: 1
13:27:43 | INFO: Extracting primitive: KIT_props_lantern_hanging_render.008
13:27:43 | INFO: Primitives created: 1
13:27:43 | INFO: Extracting primitive: KIT_stage_fog_plane_render.017
13:27:43 | INFO: Primitives created: 1
13:27:43 | INFO: Extracting primitive: KIT_stage_floor.001
13:27:43 | INFO: Primitives created: 1
13:27:43 | INFO: Extracting primitive: AOJING_approach_guard.001
13:27:43 | INFO: Primitives created: 1
13:27:43 | INFO: Extracting primitive: KIT_stage_painted_moon.001
13:27:43 | INFO: Primitives created: 1
13:27:43 | INFO: Extracting primitive: KIT_stage_painted_mountain_layer.003
13:27:43 | INFO: Primitives created: 1
13:27:43 | INFO: Extracting primitive: KIT_stage_painted_mountain_layer.004
13:27:43 | INFO: Primitives created: 1
13:27:43 | INFO: Extracting primitive: KIT_stage_painted_mountain_layer.005
13:27:43 | INFO: Primitives created: 1
13:27:43 | INFO: Extracting primitive: KIT_water_stone_walk.005
13:27:43 | INFO: Primitives created: 1
13:27:43 | INFO: Extracting primitive: Painted coved ceiling candidate.001
13:27:43 | INFO: Primitives created: 1
13:27:43 | INFO: Extracting primitive: KIT_stage_painted_canvas.002
13:27:43 | INFO: Primitives created: 1
13:27:43 | INFO: Extracting primitive: Eight painted cyclorama arcs.001
13:27:43 | WARNING: More than one shader node tex image used for a texture. The resulting glTF sampler will behave like the first shader node tex image.
13:27:43 | INFO: Primitives created: 2
13:27:43 | INFO: Extracting primitive: KIT_stage_fog_plane_render.002
13:27:43 | INFO: Primitives created: 1
13:27:43 | INFO: Extracting primitive: KIT_tech_cell_side.012
13:27:43 | INFO: Primitives created: 1
13:27:43 | INFO: Extracting primitive: KIT_wall_window_bar.030
13:27:43 | INFO: Primitives created: 1
13:27:43 | INFO: Extracting primitive: KIT_stage_entry_walk.002
13:27:43 | INFO: Primitives created: 1
13:27:43 | INFO: Extracting primitive: KIT_props_folding_chair_render.001
13:27:43 | INFO: Primitives created: 1
13:27:43 | INFO: Extracting primitive: KIT_stage_floor_boards_render.002
13:27:43 | INFO: Primitives created: 1
13:27:43 | INFO: Extracting primitive: KIT_stage_gel_frame_render.002
13:27:43 | INFO: Primitives created: 2
13:27:43 | INFO: Extracting primitive: KIT_stage_studio_wall_render.002
13:27:43 | INFO: Primitives created: 1
13:27:43 | INFO: Extracting primitive: KIT_stage_fog_plane_render.020
13:27:43 | INFO: Primitives created: 1
13:27:43 | INFO: Extracting primitive: KIT_tech_terminal_desk_render.001
13:27:43 | INFO: Primitives created: 1
13:27:43 | INFO: Extracting primitive: KIT_props_scroll_render.001
13:27:43 | WARNING: More than one shader node tex image used for a texture. The resulting glTF sampler will behave like the first shader node tex image.
13:27:43 | INFO: Primitives created: 1
13:27:43 | INFO: Extracting primitive: SITE_tubi-tang_backstage.001
13:27:43 | INFO: Primitives created: 1
13:27:43 | INFO: Extracting primitive: KIT_pavilion_finial.007
13:27:43 | INFO: Primitives created: 1
13:27:43 | INFO: Extracting primitive: KIT_wall_amber_window.003
13:27:43 | INFO: Primitives created: 1
13:27:43 | INFO: Extracting primitive: TUBI_topic_line.001
13:27:43 | INFO: Primitives created: 1
13:27:43 | INFO: Extracting primitive: KIT_wall_lattice_vertical.063
13:27:43 | INFO: Primitives created: 1
13:27:43 | INFO: Extracting primitive: SITE_tubi-tang_platform.001
13:27:43 | INFO: Primitives created: 1
13:27:43 | INFO: Extracting primitive: KIT_props_lantern_hanging_render.012
13:27:43 | INFO: Primitives created: 1
13:27:43 | INFO: Extracting primitive: KIT_pavilion_roof.007
13:27:43 | INFO: Primitives created: 1
13:27:43 | INFO: Extracting primitive: TUBI_terrace.002
13:27:43 | INFO: Primitives created: 1
13:27:43 | INFO: Extracting primitive: SITE_tubi-tang_front.001
13:27:43 | INFO: Primitives created: 1
13:27:43 | INFO: Extracting primitive: XIAOXIANG_black_back.001
13:27:43 | INFO: Primitives created: 1
13:27:43 | INFO: Extracting primitive: XIAOXIANG_gate_pull.002
13:27:43 | INFO: Primitives created: 1
13:27:43 | INFO: Extracting primitive: XIAOXIANG_amber_window.001
13:27:43 | INFO: Primitives created: 1
13:27:43 | INFO: Extracting primitive: XIAOXIANG_gate_leaf.002
13:27:43 | INFO: Primitives created: 1
13:27:43 | INFO: Extracting primitive: XIAOXIANG_paving.001
13:27:43 | INFO: Primitives created: 1
13:27:43 | INFO: Extracting primitive: XIAOXIANG_wall_cap.001
13:27:43 | INFO: Primitives created: 1
13:27:43 | INFO: Extracting primitive: XIAOXIANG_closed_front.001
13:27:43 | INFO: Primitives created: 1
13:27:43 | INFO: Extracting primitive: YIHONG_backstage.002
13:27:43 | INFO: Primitives created: 1
13:27:43 | INFO: Extracting primitive: YIHONG_door_rail.001
13:27:43 | INFO: Primitives created: 1
13:27:43 | INFO: Extracting primitive: YIHONG_amber_window.002
13:27:43 | INFO: Primitives created: 1
13:27:43 | INFO: Extracting primitive: YIHONG_door_panel.001
13:27:43 | INFO: Primitives created: 1
13:27:43 | INFO: Extracting primitive: YIHONG_paving.002
13:27:43 | INFO: Primitives created: 1
13:27:43 | INFO: Extracting primitive: YIHONG_court_cap.001
13:27:43 | INFO: Primitives created: 1
13:27:43 | INFO: Extracting primitive: YIHONG_closed_front.002
13:27:43 | INFO: Primitives created: 1
13:27:43 | INFO: Extracting primitive: KIT_water_lotus_leaf.011
13:27:43 | INFO: Primitives created: 1
13:27:43 | INFO: Extracting primitive: KIT_water_plank.002
13:27:43 | INFO: Primitives created: 1
13:27:43 | INFO: Extracting primitive: SITE_ziling_island.001
13:27:43 | INFO: Primitives created: 1
13:27:43 | INFO: Finished glTF 2.0 export in 0.731309175491333 s

{"engine": "Godot", "sites": {"stage": {"objects": 100, "triangles": 11188, "render_meshes": 11, "colliders": 87, "triggers": 0}, "qinfang-ting": {"objects": 145, "triangles": 41324, "render_meshes": 27, "colliders": 103, "triggers": 7}, "rockery-gate": {"objects": 27, "triangles": 15324, "render_meshes": 8, "colliders": 10, "triggers": 3}, "terminal-cells": {"objects": 113, "triangles": 37996, "render_meshes": 10, "colliders": 77, "triggers": 18}, "qiushuang-zhai": {"objects": 36, "triangles": 21754, "render_meshes": 11, "colliders": 13, "triggers": 5}, "tubi-tang": {"objects": 37, "triangles": 11340, "render_meshes": 11, "colliders": 16, "triggers": 5}, "daguan-lou": {"objects": 29, "triangles": 23666, "render_meshes": 10, "colliders": 13, "triggers": 3}, "ouxiang-xie": {"objects": 28, "triangles": 15450, "render_meshes": 6, "colliders": 13, "triggers": 4}, "hengwu-yuan": {"objects": 43, "triangles": 22102, "render_meshes": 11, "colliders": 23, "triggers": 4}, "yihong-yuan": {"objects": 28, "triangles": 2294, "render_meshes": 10, "colliders": 9, "triggers": 4}, "xiaoxiang-guan": {"objects": 30, "triangles": 7478, "render_meshes": 12, "colliders": 9, "triggers": 4}, "longcui-an": {"objects": 27, "triangles": 4638, "render_meshes": 10, "colliders": 8, "triggers": 4}, "aojing-guan": {"objects": 24, "triangles": 2788, "render_meshes": 8, "colliders": 7, "triggers": 3}, "daoxiang-cun": {"objects": 27, "triangles": 10862, "render_meshes": 9, "colliders": 8, "triggers": 4}, "ziling-zhou": {"objects": 23, "triangles": 19904, "render_meshes": 13, "colliders": 4, "triggers": 3}}, "warnings": ["Reference assets, not yet profiled on mobile.", "Lightmap bake remains unfinished; engine import evidence is recorded separately in godot/import-validation.json."], "total_triangles": 248108, "total_render_meshes": 167}
REED_CANDIDATE_SAVED_EXPORTED {'': 1648, '_LOD1': 592} /var/folders/gf/s_g2zvzj3jxbylz3ylbc7k4c0000gn/T/garden-ziling-source-art-tgpe0mou/reeds-volume
BlenderMCP addon unregistered
Blender 5.2.2 LTS (hash d13f752e3b9c built 2026-09-15 01:49:19)

Blender quit
