00:00.442  blend            | Read blend: "/Users/auchan/projects/garden-of-dreams/blender/authoring.blend"
BlenderMCP addon registered
INFO Draco is available, use library at /Applications/Blender.app/Contents/Resources/5.2/scripts/addons_core/io_scene_gltf2/libbf_intern_draco_bridge.dylib
INFO MeshOptimizer is available, use library at /Applications/Blender.app/Contents/Resources/5.2/scripts/addons_core/io_scene_gltf2/libbf_intern_meshopt_bridge.dylib
19:52:31 | INFO: Starting glTF 2.0 export
19:52:31 | INFO: Extracting primitive: COL_aojing_approach.001
19:52:31 | INFO: Primitives created: 1
19:52:31 | INFO: Extracting primitive: COL_aojing_approach.004
19:52:31 | INFO: Primitives created: 1
19:52:31 | INFO: Extracting primitive: COL_aojing_approach_guard.001
19:52:31 | INFO: Primitives created: 1
19:52:31 | INFO: Extracting primitive: COL_aojing_approach_guard.004
19:52:31 | INFO: Primitives created: 1
19:52:31 | INFO: Extracting primitive: COL_aojing_approach_ramp.002
19:52:31 | INFO: Primitives created: 1
19:52:31 | INFO: Extracting primitive: COL_daoxiang_approach.002
19:52:31 | INFO: Primitives created: 1
19:52:31 | INFO: Extracting primitive: COL_daoxiang_approach.003
19:52:31 | INFO: Primitives created: 1
19:52:31 | INFO: Extracting primitive: COL_hengwu_approach.002
19:52:31 | INFO: Primitives created: 1
19:52:31 | INFO: Extracting primitive: COL_hengwu_approach.003
19:52:31 | INFO: Primitives created: 1
19:52:31 | INFO: Extracting primitive: COL_longcui_approach.003
19:52:31 | INFO: Primitives created: 1
19:52:31 | INFO: Extracting primitive: COL_longcui_approach.004
19:52:31 | INFO: Primitives created: 1
19:52:31 | INFO: Extracting primitive: COL_longcui_approach.005
19:52:31 | INFO: Primitives created: 1
19:52:31 | INFO: Extracting primitive: Cube.009
19:52:31 | INFO: Primitives created: 1
19:52:31 | INFO: Extracting primitive: Cube.011
19:52:31 | INFO: Primitives created: 1
19:52:31 | INFO: Extracting primitive: Cube.012
19:52:31 | INFO: Primitives created: 1
19:52:31 | INFO: Extracting primitive: Cube.013
19:52:31 | INFO: Primitives created: 1
19:52:31 | INFO: Extracting primitive: Cube.019
19:52:31 | INFO: Primitives created: 1
19:52:31 | INFO: Extracting primitive: Cube.020
19:52:31 | INFO: Primitives created: 1
19:52:31 | INFO: Extracting primitive: Cube.023
19:52:31 | INFO: Primitives created: 1
19:52:31 | INFO: Extracting primitive: Cube.024
19:52:31 | INFO: Primitives created: 1
19:52:31 | INFO: Extracting primitive: Cube.048
19:52:31 | INFO: Primitives created: 1
19:52:31 | INFO: Extracting primitive: Cube.050
19:52:31 | INFO: Primitives created: 1
19:52:31 | INFO: Extracting primitive: Cube.052
19:52:31 | INFO: Primitives created: 1
19:52:31 | INFO: Extracting primitive: Cube.092
19:52:31 | INFO: Primitives created: 1
19:52:31 | INFO: Extracting primitive: Cube.093
19:52:31 | INFO: Primitives created: 1
19:52:31 | INFO: Extracting primitive: Cube.094
19:52:31 | INFO: Primitives created: 1
19:52:31 | INFO: Extracting primitive: Cube.095
19:52:31 | INFO: Primitives created: 1
19:52:31 | INFO: Extracting primitive: Cube.096
19:52:31 | INFO: Primitives created: 1
19:52:31 | INFO: Extracting primitive: Cube.097
19:52:31 | INFO: Primitives created: 1
19:52:31 | INFO: Extracting primitive: Cube.098
19:52:31 | INFO: Primitives created: 1
19:52:31 | INFO: Extracting primitive: Cube.099
19:52:31 | INFO: Primitives created: 1
19:52:31 | INFO: Extracting primitive: Cube.100
19:52:31 | INFO: Primitives created: 1
19:52:31 | INFO: Extracting primitive: Cube.101
19:52:31 | INFO: Primitives created: 1
19:52:31 | INFO: Extracting primitive: Cube.102
19:52:31 | INFO: Primitives created: 1
19:52:31 | INFO: Extracting primitive: Cube.103
19:52:31 | INFO: Primitives created: 1
19:52:31 | INFO: Extracting primitive: Cube.104
19:52:31 | INFO: Primitives created: 1
19:52:31 | INFO: Extracting primitive: Cube.105
19:52:31 | INFO: Primitives created: 1
19:52:31 | INFO: Extracting primitive: Cube.106
19:52:31 | INFO: Primitives created: 1
19:52:31 | INFO: Extracting primitive: Cube.107
19:52:31 | INFO: Primitives created: 1
19:52:31 | INFO: Extracting primitive: Cube.108
19:52:31 | INFO: Primitives created: 1
19:52:31 | INFO: Extracting primitive: Cube.109
19:52:31 | INFO: Primitives created: 1
19:52:31 | INFO: Extracting primitive: Cube.110
19:52:31 | INFO: Primitives created: 1
19:52:31 | INFO: Extracting primitive: Cube.111
19:52:31 | INFO: Primitives created: 1
19:52:31 | INFO: Extracting primitive: Cube.112
19:52:31 | INFO: Primitives created: 1
19:52:31 | INFO: Extracting primitive: Cube.113
19:52:31 | INFO: Primitives created: 1
19:52:31 | INFO: Extracting primitive: Cube.114
19:52:31 | INFO: Primitives created: 1
19:52:31 | INFO: Extracting primitive: Cube.115
19:52:31 | INFO: Primitives created: 1
19:52:31 | INFO: Extracting primitive: Cube.116
19:52:31 | INFO: Primitives created: 1
19:52:31 | INFO: Extracting primitive: Cube.117
19:52:31 | INFO: Primitives created: 1
19:52:31 | INFO: Extracting primitive: Cube.118
19:52:31 | INFO: Primitives created: 1
19:52:31 | INFO: Extracting primitive: Cube.119
19:52:31 | INFO: Primitives created: 1
19:52:31 | INFO: Extracting primitive: Cube.120
19:52:31 | INFO: Primitives created: 1
19:52:31 | INFO: Extracting primitive: Cube.121
19:52:31 | INFO: Primitives created: 1
19:52:31 | INFO: Extracting primitive: Cube.122
19:52:31 | INFO: Primitives created: 1
19:52:31 | INFO: Extracting primitive: Cube.123
19:52:31 | INFO: Primitives created: 1
19:52:31 | INFO: Extracting primitive: Cube.124
19:52:31 | INFO: Primitives created: 1
19:52:31 | INFO: Extracting primitive: Cube.125
19:52:31 | INFO: Primitives created: 1
19:52:31 | INFO: Extracting primitive: Cube.126
19:52:31 | INFO: Primitives created: 1
19:52:31 | INFO: Extracting primitive: Cube.127
19:52:31 | INFO: Primitives created: 1
19:52:31 | INFO: Extracting primitive: Cube.128
19:52:31 | INFO: Primitives created: 1
19:52:31 | INFO: Extracting primitive: Cube.129
19:52:31 | INFO: Primitives created: 1
19:52:31 | INFO: Extracting primitive: Cube.130
19:52:31 | INFO: Primitives created: 1
19:52:31 | INFO: Extracting primitive: Cube.131
19:52:31 | INFO: Primitives created: 1
19:52:31 | INFO: Extracting primitive: Cube.132
19:52:31 | INFO: Primitives created: 1
19:52:31 | INFO: Extracting primitive: Cube.133
19:52:31 | INFO: Primitives created: 1
19:52:31 | INFO: Extracting primitive: Cube.134
19:52:31 | INFO: Primitives created: 1
19:52:31 | INFO: Extracting primitive: Cube.135
19:52:31 | INFO: Primitives created: 1
19:52:31 | INFO: Extracting primitive: Cube.136
19:52:31 | INFO: Primitives created: 1
19:52:31 | INFO: Extracting primitive: Cube.137
19:52:31 | INFO: Primitives created: 1
19:52:31 | INFO: Extracting primitive: Cube.138
19:52:31 | INFO: Primitives created: 1
19:52:31 | INFO: Extracting primitive: Cube.139
19:52:31 | INFO: Primitives created: 1
19:52:31 | INFO: Extracting primitive: Cube.140
19:52:31 | INFO: Primitives created: 1
19:52:31 | INFO: Extracting primitive: Cube.141
19:52:31 | INFO: Primitives created: 1
19:52:31 | INFO: Extracting primitive: Cube.142
19:52:31 | INFO: Primitives created: 1
19:52:31 | INFO: Extracting primitive: Cube.143
19:52:31 | INFO: Primitives created: 1
19:52:31 | INFO: Extracting primitive: Cube.144
19:52:31 | INFO: Primitives created: 1
19:52:31 | INFO: Extracting primitive: COL_stone_walk.005
19:52:31 | INFO: Primitives created: 1
19:52:31 | INFO: Extracting primitive: COL_stone_walk.008
19:52:31 | INFO: Primitives created: 1
19:52:31 | INFO: Extracting primitive: COL_stone_walk.009
19:52:31 | INFO: Primitives created: 1
19:52:31 | INFO: Extracting primitive: COL_stone_walk.010
19:52:31 | INFO: Primitives created: 1
19:52:31 | INFO: Extracting primitive: COL_stone_walk.011
19:52:31 | INFO: Primitives created: 1
19:52:31 | INFO: Extracting primitive: COL_stone_walk.012
19:52:31 | INFO: Primitives created: 1
19:52:31 | INFO: Extracting primitive: COL_study_approach.002
19:52:31 | INFO: Primitives created: 1
19:52:31 | INFO: Extracting primitive: COL_tubi_approach.001
19:52:31 | INFO: Primitives created: 1
19:52:31 | INFO: Extracting primitive: COL_tubi_approach.002
19:52:31 | INFO: Primitives created: 1
19:52:31 | INFO: Extracting primitive: COL_tubi_approach.007
19:52:31 | INFO: Primitives created: 1
19:52:31 | INFO: Extracting primitive: COL_tubi_approach.008
19:52:31 | INFO: Primitives created: 1
19:52:31 | INFO: Extracting primitive: KIT_stage_floor.001
19:52:31 | INFO: Primitives created: 1
19:52:31 | INFO: Extracting primitive: AOJING_approach_guard.001
19:52:31 | INFO: Primitives created: 1
19:52:31 | INFO: Extracting primitive: KIT_stage_painted_moon.001
19:52:31 | INFO: Primitives created: 1
19:52:31 | INFO: Extracting primitive: KIT_stage_painted_mountain_layer.003
19:52:31 | INFO: Primitives created: 1
19:52:31 | INFO: Extracting primitive: KIT_stage_painted_mountain_layer.004
19:52:31 | INFO: Primitives created: 1
19:52:31 | INFO: Extracting primitive: KIT_stage_painted_mountain_layer.005
19:52:31 | INFO: Primitives created: 1
19:52:31 | INFO: Extracting primitive: KIT_water_stone_walk.005
19:52:31 | INFO: Primitives created: 1
19:52:31 | INFO: Extracting primitive: Painted coved ceiling candidate.001
19:52:31 | INFO: Primitives created: 1
19:52:31 | INFO: Extracting primitive: KIT_stage_painted_canvas.002
19:52:31 | INFO: Primitives created: 1
19:52:31 | INFO: Extracting primitive: Eight painted cyclorama arcs.001
19:52:31 | WARNING: More than one shader node tex image used for a texture. The resulting glTF sampler will behave like the first shader node tex image.
19:52:31 | INFO: Primitives created: 2
19:52:31 | INFO: Extracting primitive: KIT_stage_fog_plane_render.002
19:52:31 | INFO: Primitives created: 1
19:52:31 | INFO: Finished glTF 2.0 export in 0.17817115783691406 s

19:52:35 | INFO: Starting glTF 2.0 export
19:52:35 | INFO: Extracting primitive: Cube.147
19:52:35 | INFO: Primitives created: 1
19:52:35 | INFO: Extracting primitive: Cube.148
19:52:35 | INFO: Primitives created: 1
19:52:35 | INFO: Extracting primitive: Cube.149
19:52:35 | INFO: Primitives created: 1
19:52:35 | INFO: Extracting primitive: Cube.150
19:52:35 | INFO: Primitives created: 1
19:52:35 | INFO: Extracting primitive: COL_bridge_crosswalk.002
19:52:35 | INFO: Primitives created: 1
19:52:35 | INFO: Extracting primitive: COL_bridge_crosswalk.003
19:52:35 | INFO: Primitives created: 1
19:52:35 | INFO: Extracting primitive: COL_floor_joint_pavilion_east_joint.001
19:52:35 | INFO: Primitives created: 1
19:52:35 | INFO: Extracting primitive: COL_floor_joint_pavilion_west_joint.001
19:52:35 | INFO: Primitives created: 1
19:52:35 | INFO: Extracting primitive: Cube.146
19:52:35 | INFO: Primitives created: 1
19:52:35 | INFO: Extracting primitive: Cube.145
19:52:35 | INFO: Primitives created: 1
19:52:35 | INFO: Extracting primitive: COL_corridor_floor.009
19:52:35 | INFO: Primitives created: 1
19:52:35 | INFO: Extracting primitive: COL_corridor_side.015
19:52:35 | INFO: Primitives created: 1
19:52:35 | INFO: Extracting primitive: COL_corridor_side.016
19:52:35 | INFO: Primitives created: 1
19:52:35 | INFO: Extracting primitive: COL_corridor_post.016
19:52:35 | INFO: Primitives created: 1
19:52:35 | INFO: Extracting primitive: COL_corridor_post.017
19:52:35 | INFO: Primitives created: 1
19:52:35 | INFO: Extracting primitive: COL_corridor_floor.010
19:52:35 | INFO: Primitives created: 1
19:52:35 | INFO: Extracting primitive: COL_corridor_side.017
19:52:35 | INFO: Primitives created: 1
19:52:35 | INFO: Extracting primitive: COL_corridor_side.018
19:52:35 | INFO: Primitives created: 1
19:52:35 | INFO: Extracting primitive: COL_corridor_post.018
19:52:35 | INFO: Primitives created: 1
19:52:35 | INFO: Extracting primitive: COL_corridor_post.019
19:52:35 | INFO: Primitives created: 1
19:52:35 | INFO: Extracting primitive: COL_corridor_floor.011
19:52:35 | INFO: Primitives created: 1
19:52:35 | INFO: Extracting primitive: COL_corridor_side.019
19:52:35 | INFO: Primitives created: 1
19:52:35 | INFO: Extracting primitive: COL_corridor_side.020
19:52:35 | INFO: Primitives created: 1
19:52:35 | INFO: Extracting primitive: COL_corridor_post.020
19:52:35 | INFO: Primitives created: 1
19:52:35 | INFO: Extracting primitive: COL_corridor_post.021
19:52:35 | INFO: Primitives created: 1
19:52:35 | INFO: Extracting primitive: COL_corridor_floor.012
19:52:35 | INFO: Primitives created: 1
19:52:35 | INFO: Extracting primitive: COL_corridor_side.021
19:52:35 | INFO: Primitives created: 1
19:52:35 | INFO: Extracting primitive: COL_corridor_side.022
19:52:35 | INFO: Primitives created: 1
19:52:35 | INFO: Extracting primitive: COL_corridor_post.022
19:52:35 | INFO: Primitives created: 1
19:52:35 | INFO: Extracting primitive: COL_corridor_post.023
19:52:35 | INFO: Primitives created: 1
19:52:35 | INFO: Extracting primitive: COL_corridor_floor.001
19:52:35 | INFO: Primitives created: 1
19:52:35 | INFO: Extracting primitive: COL_corridor_side.001
19:52:35 | INFO: Primitives created: 1
19:52:35 | INFO: Extracting primitive: COL_corridor_side.002
19:52:35 | INFO: Primitives created: 1
19:52:35 | INFO: Extracting primitive: COL_corridor_post.001
19:52:35 | INFO: Primitives created: 1
19:52:35 | INFO: Extracting primitive: COL_corridor_post.002
19:52:35 | INFO: Primitives created: 1
19:52:35 | INFO: Extracting primitive: COL_corridor_floor.002
19:52:35 | INFO: Primitives created: 1
19:52:35 | INFO: Extracting primitive: COL_corridor_side.003
19:52:35 | INFO: Primitives created: 1
19:52:35 | INFO: Extracting primitive: COL_corridor_side.004
19:52:35 | INFO: Primitives created: 1
19:52:35 | INFO: Extracting primitive: COL_corridor_post.003
19:52:35 | INFO: Primitives created: 1
19:52:35 | INFO: Extracting primitive: COL_corridor_post.004
19:52:35 | INFO: Primitives created: 1
19:52:35 | INFO: Extracting primitive: COL_corridor_floor.003
19:52:35 | INFO: Primitives created: 1
19:52:35 | INFO: Extracting primitive: COL_corridor_side.005
19:52:35 | INFO: Primitives created: 1
19:52:35 | INFO: Extracting primitive: COL_corridor_side.006
19:52:35 | INFO: Primitives created: 1
19:52:35 | INFO: Extracting primitive: COL_corridor_post.005
19:52:35 | INFO: Primitives created: 1
19:52:35 | INFO: Extracting primitive: COL_corridor_post.006
19:52:35 | INFO: Primitives created: 1
19:52:35 | INFO: Extracting primitive: COL_corridor_floor.004
19:52:35 | INFO: Primitives created: 1
19:52:35 | INFO: Extracting primitive: COL_corridor_side.007
19:52:35 | INFO: Primitives created: 1
19:52:35 | INFO: Extracting primitive: COL_corridor_side.008
19:52:35 | INFO: Primitives created: 1
19:52:35 | INFO: Extracting primitive: COL_corridor_post.007
19:52:35 | INFO: Primitives created: 1
19:52:35 | INFO: Extracting primitive: COL_corridor_post.008
19:52:35 | INFO: Primitives created: 1
19:52:35 | INFO: Extracting primitive: COL_corridor_floor.005
19:52:35 | INFO: Primitives created: 1
19:52:35 | INFO: Extracting primitive: COL_corridor_side.009
19:52:35 | INFO: Primitives created: 1
19:52:35 | INFO: Extracting primitive: COL_corridor_side.010
19:52:35 | INFO: Primitives created: 1
19:52:35 | INFO: Extracting primitive: COL_corridor_post.009
19:52:35 | INFO: Primitives created: 1
19:52:35 | INFO: Extracting primitive: COL_corridor_post.010
19:52:35 | INFO: Primitives created: 1
19:52:35 | INFO: Extracting primitive: COL_corridor_floor.006
19:52:35 | INFO: Primitives created: 1
19:52:35 | INFO: Extracting primitive: COL_corridor_side.011
19:52:35 | INFO: Primitives created: 1
19:52:35 | INFO: Extracting primitive: COL_corridor_post.011
19:52:35 | INFO: Primitives created: 1
19:52:35 | INFO: Extracting primitive: COL_corridor_post.012
19:52:35 | INFO: Primitives created: 1
19:52:35 | INFO: Extracting primitive: COL_corridor_floor.007
19:52:35 | INFO: Primitives created: 1
19:52:35 | INFO: Extracting primitive: COL_corridor_side.012
19:52:35 | INFO: Primitives created: 1
19:52:35 | INFO: Extracting primitive: COL_corridor_post.013
19:52:35 | INFO: Primitives created: 1
19:52:35 | INFO: Extracting primitive: COL_corridor_floor.008
19:52:35 | INFO: Primitives created: 1
19:52:35 | INFO: Extracting primitive: COL_corridor_side.013
19:52:35 | INFO: Primitives created: 1
19:52:35 | INFO: Extracting primitive: COL_corridor_side.014
19:52:35 | INFO: Primitives created: 1
19:52:35 | INFO: Extracting primitive: COL_corridor_post.014
19:52:35 | INFO: Primitives created: 1
19:52:35 | INFO: Extracting primitive: COL_corridor_post.015
19:52:35 | INFO: Primitives created: 1
19:52:35 | INFO: Extracting primitive: COL_corridor_floor.013
19:52:35 | INFO: Primitives created: 1
19:52:35 | INFO: Extracting primitive: COL_corridor_side.023
19:52:35 | INFO: Primitives created: 1
19:52:35 | INFO: Extracting primitive: COL_corridor_side.024
19:52:35 | INFO: Primitives created: 1
19:52:35 | INFO: Extracting primitive: COL_corridor_post.024
19:52:35 | INFO: Primitives created: 1
19:52:35 | INFO: Extracting primitive: COL_corridor_post.025
19:52:35 | INFO: Primitives created: 1
19:52:35 | INFO: Extracting primitive: COL_corridor_floor.014
19:52:35 | INFO: Primitives created: 1
19:52:35 | INFO: Extracting primitive: COL_corridor_side.025
19:52:35 | INFO: Primitives created: 1
19:52:35 | INFO: Extracting primitive: COL_corridor_side.026
19:52:35 | INFO: Primitives created: 1
19:52:35 | INFO: Extracting primitive: COL_corridor_post.026
19:52:35 | INFO: Primitives created: 1
19:52:35 | INFO: Extracting primitive: COL_corridor_post.027
19:52:35 | INFO: Primitives created: 1
19:52:35 | INFO: Extracting primitive: COL_corridor_floor.015
19:52:35 | INFO: Primitives created: 1
19:52:35 | INFO: Extracting primitive: COL_corridor_side.027
19:52:35 | INFO: Primitives created: 1
19:52:35 | INFO: Extracting primitive: COL_corridor_side.028
19:52:35 | INFO: Primitives created: 1
19:52:35 | INFO: Extracting primitive: COL_corridor_post.028
19:52:35 | INFO: Primitives created: 1
19:52:35 | INFO: Extracting primitive: COL_corridor_post.029
19:52:35 | INFO: Primitives created: 1
19:52:35 | INFO: Extracting primitive: COL_corridor_floor.016
19:52:35 | INFO: Primitives created: 1
19:52:35 | INFO: Extracting primitive: COL_corridor_side.029
19:52:35 | INFO: Primitives created: 1
19:52:35 | INFO: Extracting primitive: COL_corridor_side.030
19:52:35 | INFO: Primitives created: 1
19:52:35 | INFO: Extracting primitive: COL_corridor_post.030
19:52:35 | INFO: Primitives created: 1
19:52:35 | INFO: Extracting primitive: COL_corridor_post.031
19:52:35 | INFO: Primitives created: 1
19:52:35 | INFO: Extracting primitive: COL_qinfang_deck.001
19:52:35 | INFO: Primitives created: 1
19:52:35 | INFO: Extracting primitive: COL_pavilion_bench.001
19:52:35 | INFO: Primitives created: 1
19:52:35 | INFO: Extracting primitive: COL_pavilion_bench.002
19:52:35 | INFO: Primitives created: 1
19:52:35 | INFO: Extracting primitive: COL_pavilion_bracket.001
19:52:35 | INFO: Primitives created: 1
19:52:35 | INFO: Extracting primitive: COL_pavilion_bracket.002
19:52:35 | INFO: Primitives created: 1
19:52:35 | INFO: Extracting primitive: COL_pavilion_bracket.003
19:52:35 | INFO: Primitives created: 1
19:52:35 | INFO: Extracting primitive: COL_pavilion_bracket.004
19:52:35 | INFO: Primitives created: 1
19:52:35 | INFO: Extracting primitive: COL_pavilion_bracket.005
19:52:35 | INFO: Primitives created: 1
19:52:35 | INFO: Extracting primitive: COL_pavilion_bracket.006
19:52:35 | INFO: Primitives created: 1
19:52:35 | INFO: Extracting primitive: COL_pavilion_post.001
19:52:35 | INFO: Primitives created: 1
19:52:35 | INFO: Extracting primitive: COL_pavilion_post.002
19:52:35 | INFO: Primitives created: 1
19:52:35 | INFO: Extracting primitive: COL_pavilion_post.003
19:52:35 | INFO: Primitives created: 1
19:52:35 | INFO: Extracting primitive: COL_pavilion_post.004
19:52:35 | INFO: Primitives created: 1
19:52:35 | INFO: Extracting primitive: COL_pavilion_post.005
19:52:35 | INFO: Primitives created: 1
19:52:35 | INFO: Extracting primitive: COL_pavilion_post.006
19:52:35 | INFO: Primitives created: 1
19:52:35 | INFO: Extracting primitive: COL_pavilion_roof.001
19:52:35 | INFO: Primitives created: 1
19:52:35 | INFO: Extracting primitive: KIT_flora_bamboo_large_render.001
19:52:35 | WARNING: More than one shader node tex image used for a texture. The resulting glTF sampler will behave like the first shader node tex image.
19:52:35 | INFO: Primitives created: 1
19:52:35 | INFO: Extracting primitive: KIT_flora_bamboo_large_render.002
19:52:35 | INFO: Primitives created: 1
19:52:35 | INFO: Extracting primitive: KIT_flora_bamboo_small_render.001
19:52:35 | INFO: Primitives created: 1
19:52:35 | INFO: Extracting primitive: KIT_flora_willow_render.001
19:52:35 | INFO: Primitives created: 1
19:52:35 | INFO: Extracting primitive: KIT_flora_willow_render.002
19:52:35 | INFO: Primitives created: 1
19:52:35 | INFO: Extracting primitive: HERO_qinfang-ting_title.002
19:52:35 | WARNING: More than one shader node tex image used for a texture. The resulting glTF sampler will behave like the first shader node tex image.
19:52:35 | INFO: Primitives created: 1
19:52:35 | INFO: Extracting primitive: HERO_qinfang_bridge.001
19:52:35 | INFO: Primitives created: 1
19:52:35 | INFO: Extracting primitive: HERO_table_hexagram.001
19:52:35 | INFO: Primitives created: 1
19:52:35 | INFO: Extracting primitive: line_piece.005
19:52:35 | WARNING: More than one shader node tex image used for a texture. The resulting glTF sampler will behave like the first shader node tex image.
19:52:35 | INFO: Primitives created: 1
19:52:35 | INFO: Extracting primitive: line_piece.002
19:52:36 | INFO: Primitives created: 1
19:52:36 | INFO: Extracting primitive: line_piece.011
19:52:36 | INFO: Primitives created: 1
19:52:36 | INFO: Extracting primitive: line_piece.008
19:52:36 | INFO: Primitives created: 1
19:52:36 | INFO: Extracting primitive: line_piece.017
19:52:36 | INFO: Primitives created: 1
19:52:36 | INFO: Extracting primitive: line_piece.014
19:52:36 | INFO: Primitives created: 1
19:52:36 | INFO: Extracting primitive: line_piece.019
19:52:36 | INFO: Primitives created: 1
19:52:36 | INFO: Extracting primitive: line_piece.018
19:52:36 | INFO: Primitives created: 1
19:52:36 | INFO: Extracting primitive: line_piece.021
19:52:36 | INFO: Primitives created: 1
19:52:36 | INFO: Extracting primitive: line_piece.020
19:52:36 | INFO: Primitives created: 1
19:52:36 | INFO: Extracting primitive: line_piece.023
19:52:36 | INFO: Primitives created: 1
19:52:36 | INFO: Extracting primitive: line_piece.022
19:52:36 | INFO: Primitives created: 1
19:52:36 | INFO: Extracting primitive: HERO_table_pedestal.001
19:52:36 | INFO: Primitives created: 1
19:52:36 | INFO: Extracting primitive: KIT_water_lotus.021
19:52:36 | INFO: Primitives created: 1
19:52:36 | INFO: Extracting primitive: KIT_corridor_rail.008
19:52:36 | INFO: Primitives created: 1
19:52:36 | INFO: Extracting primitive: KIT_pavilion_roof_shell.001
19:52:36 | INFO: Primitives created: 1
19:52:36 | INFO: Extracting primitive: KIT_pavilion_plinth.001
19:52:36 | INFO: Primitives created: 1
19:52:36 | INFO: Extracting primitive: KIT_props_lantern_hanging_render.001
19:52:36 | WARNING: More than one shader node tex image used for a texture. The resulting glTF sampler will behave like the first shader node tex image.
19:52:36 | INFO: Primitives created: 1
19:52:36 | INFO: Extracting primitive: KIT_water_stream.001
19:52:36 | INFO: Primitives created: 1
19:52:36 | INFO: Finished glTF 2.0 export in 0.2332139015197754 s

19:52:36 | INFO: Starting glTF 2.0 export
19:52:36 | INFO: Extracting primitive: COL_GATE_banana_planter.001
19:52:36 | INFO: Primitives created: 1
19:52:36 | INFO: Extracting primitive: KIT_rockery_passage.022
19:52:36 | INFO: Primitives created: 1
19:52:36 | INFO: Extracting primitive: KIT_rockery_passage.024
19:52:36 | INFO: Primitives created: 1
19:52:36 | INFO: Extracting primitive: KIT_rockery_cliff.006
19:52:36 | INFO: Primitives created: 1
19:52:36 | INFO: Extracting primitive: KIT_rockery_cliff.008
19:52:36 | INFO: Primitives created: 1
19:52:36 | INFO: Extracting primitive: KIT_rockery_passage.004
19:52:36 | INFO: Primitives created: 1
19:52:36 | INFO: Extracting primitive: KIT_rockery_passage.016
19:52:36 | INFO: Primitives created: 1
19:52:36 | INFO: Extracting primitive: KIT_rockery_passage.018
19:52:36 | INFO: Primitives created: 1
19:52:36 | INFO: Extracting primitive: KIT_rockery_passage.020
19:52:36 | INFO: Primitives created: 1
19:52:36 | INFO: Extracting primitive: GATE_paving.003
19:52:36 | INFO: Primitives created: 1
19:52:36 | INFO: Extracting primitive: HERO_gate_inscription.001
19:52:36 | WARNING: More than one shader node tex image used for a texture. The resulting glTF sampler will behave like the first shader node tex image.
19:52:36 | INFO: Primitives created: 1
19:52:36 | INFO: Extracting primitive: HERO_gate_water_drips.001
19:52:36 | WARNING: More than one shader node tex image used for a texture. The resulting glTF sampler will behave like the first shader node tex image.
19:52:36 | INFO: Primitives created: 1
19:52:36 | INFO: Extracting primitive: GATE_banana_pseudostem.001
19:52:36 | INFO: Primitives created: 1
19:52:36 | INFO: Extracting primitive: GATE_banana_soil.001
19:52:36 | INFO: Primitives created: 1
19:52:36 | INFO: Extracting primitive: KIT_rockery_passage.001
19:52:36 | WARNING: More than one shader node tex image used for a texture. The resulting glTF sampler will behave like the first shader node tex image.
19:52:36 | INFO: Primitives created: 1
19:52:36 | INFO: Extracting primitive: GATE_paving.002
19:52:36 | INFO: Primitives created: 1
19:52:36 | INFO: Extracting primitive: KIT_props_lantern_hanging_render.008
19:52:36 | WARNING: More than one shader node tex image used for a texture. The resulting glTF sampler will behave like the first shader node tex image.
19:52:36 | INFO: Primitives created: 1
19:52:36 | INFO: Extracting primitive: KIT_stage_fog_plane_render.017
19:52:36 | INFO: Primitives created: 1
19:52:36 | INFO: Finished glTF 2.0 export in 0.07149100303649902 s

19:52:37 | INFO: Starting glTF 2.0 export
19:52:37 | INFO: Extracting primitive: COL_cell_floor.006
19:52:37 | INFO: Primitives created: 1
19:52:37 | INFO: Extracting primitive: COL_cell_floor.007
19:52:37 | INFO: Primitives created: 1
19:52:37 | INFO: Extracting primitive: COL_cell_floor.008
19:52:37 | INFO: Primitives created: 1
19:52:37 | INFO: Extracting primitive: COL_cell_floor.009
19:52:37 | INFO: Primitives created: 1
19:52:37 | INFO: Extracting primitive: COL_cell_floor.010
19:52:37 | INFO: Primitives created: 1
19:52:37 | INFO: Extracting primitive: COL_cell_floor.011
19:52:37 | INFO: Primitives created: 1
19:52:37 | INFO: Extracting primitive: COL_cell_wall.012
19:52:37 | INFO: Primitives created: 1
19:52:37 | INFO: Extracting primitive: COL_cell_wall.013
19:52:37 | INFO: Primitives created: 1
19:52:37 | INFO: Extracting primitive: COL_cell_wall.014
19:52:37 | INFO: Primitives created: 1
19:52:37 | INFO: Extracting primitive: COL_cell_wall.015
19:52:37 | INFO: Primitives created: 1
19:52:37 | INFO: Extracting primitive: COL_cell_wall.016
19:52:37 | INFO: Primitives created: 1
19:52:37 | INFO: Extracting primitive: COL_cell_wall.017
19:52:37 | INFO: Primitives created: 1
19:52:37 | INFO: Extracting primitive: COL_cell_wall.018
19:52:37 | INFO: Primitives created: 1
19:52:37 | INFO: Extracting primitive: COL_cell_wall.019
19:52:37 | INFO: Primitives created: 1
19:52:37 | INFO: Extracting primitive: COL_cell_wall.020
19:52:37 | INFO: Primitives created: 1
19:52:37 | INFO: Extracting primitive: COL_cell_wall.021
19:52:37 | INFO: Primitives created: 1
19:52:37 | INFO: Extracting primitive: COL_cell_wall.022
19:52:37 | INFO: Primitives created: 1
19:52:37 | INFO: Extracting primitive: COL_cell_wall.023
19:52:37 | INFO: Primitives created: 1
19:52:37 | INFO: Extracting primitive: COL_entry_corridor.001
19:52:37 | INFO: Primitives created: 1
19:52:37 | INFO: Extracting primitive: COL_entry_walk.002
19:52:37 | INFO: Primitives created: 1
19:52:37 | INFO: Extracting primitive: COL_entry_walk.003
19:52:37 | INFO: Primitives created: 1
19:52:37 | INFO: Extracting primitive: COL_floor_joint_cell_threshold_0.001
19:52:37 | INFO: Primitives created: 1
19:52:37 | INFO: Extracting primitive: COL_floor_joint_cell_threshold_1.001
19:52:37 | INFO: Primitives created: 1
19:52:37 | INFO: Extracting primitive: COL_floor_joint_cell_threshold_2.001
19:52:37 | INFO: Primitives created: 1
19:52:37 | INFO: Extracting primitive: COL_floor_joint_cell_threshold_3.001
19:52:37 | INFO: Primitives created: 1
19:52:37 | INFO: Extracting primitive: COL_floor_joint_cell_threshold_4.001
19:52:37 | INFO: Primitives created: 1
19:52:37 | INFO: Extracting primitive: COL_floor_joint_cell_threshold_5.001
19:52:37 | INFO: Primitives created: 1
19:52:37 | INFO: Extracting primitive: Cube.193
19:52:37 | INFO: Primitives created: 1
19:52:37 | INFO: Extracting primitive: Cube.194
19:52:37 | INFO: Primitives created: 1
19:52:37 | INFO: Extracting primitive: Cube.195
19:52:37 | INFO: Primitives created: 1
19:52:37 | INFO: Extracting primitive: Cube.196
19:52:37 | INFO: Primitives created: 1
19:52:37 | INFO: Extracting primitive: Cube.197
19:52:37 | INFO: Primitives created: 1
19:52:37 | INFO: Extracting primitive: Cube.198
19:52:37 | INFO: Primitives created: 1
19:52:37 | INFO: Extracting primitive: Cube.199
19:52:37 | INFO: Primitives created: 1
19:52:37 | INFO: Extracting primitive: Cube.200
19:52:37 | INFO: Primitives created: 1
19:52:37 | INFO: Extracting primitive: Cube.151
19:52:37 | INFO: Primitives created: 1
19:52:37 | INFO: Extracting primitive: Cube.152
19:52:37 | INFO: Primitives created: 1
19:52:37 | INFO: Extracting primitive: Cube.153
19:52:37 | INFO: Primitives created: 1
19:52:37 | INFO: Extracting primitive: Cube.154
19:52:37 | INFO: Primitives created: 1
19:52:37 | INFO: Extracting primitive: Cube.155
19:52:37 | INFO: Primitives created: 1
19:52:37 | INFO: Extracting primitive: Cube.156
19:52:37 | INFO: Primitives created: 1
19:52:37 | INFO: Extracting primitive: Cube.157
19:52:37 | INFO: Primitives created: 1
19:52:37 | INFO: Extracting primitive: Cube.158
19:52:37 | INFO: Primitives created: 1
19:52:37 | INFO: Extracting primitive: Cube.159
19:52:37 | INFO: Primitives created: 1
19:52:37 | INFO: Extracting primitive: Cube.160
19:52:37 | INFO: Primitives created: 1
19:52:37 | INFO: Extracting primitive: Cube.161
19:52:37 | INFO: Primitives created: 1
19:52:37 | INFO: Extracting primitive: Cube.162
19:52:37 | INFO: Primitives created: 1
19:52:37 | INFO: Extracting primitive: Cube.163
19:52:37 | INFO: Primitives created: 1
19:52:37 | INFO: Extracting primitive: Cube.164
19:52:37 | INFO: Primitives created: 1
19:52:37 | INFO: Extracting primitive: Cube.165
19:52:37 | INFO: Primitives created: 1
19:52:37 | INFO: Extracting primitive: Cube.166
19:52:37 | INFO: Primitives created: 1
19:52:37 | INFO: Extracting primitive: Cube.167
19:52:37 | INFO: Primitives created: 1
19:52:37 | INFO: Extracting primitive: Cube.168
19:52:37 | INFO: Primitives created: 1
19:52:37 | INFO: Extracting primitive: Cube.169
19:52:37 | INFO: Primitives created: 1
19:52:37 | INFO: Extracting primitive: Cube.170
19:52:37 | INFO: Primitives created: 1
19:52:37 | INFO: Extracting primitive: Cube.171
19:52:37 | INFO: Primitives created: 1
19:52:37 | INFO: Extracting primitive: Cube.172
19:52:37 | INFO: Primitives created: 1
19:52:37 | INFO: Extracting primitive: Cube.173
19:52:37 | INFO: Primitives created: 1
19:52:37 | INFO: Extracting primitive: Cube.174
19:52:37 | INFO: Primitives created: 1
19:52:37 | INFO: Extracting primitive: Cube.175
19:52:37 | INFO: Primitives created: 1
19:52:37 | INFO: Extracting primitive: Cube.176
19:52:37 | INFO: Primitives created: 1
19:52:37 | INFO: Extracting primitive: Cube.177
19:52:37 | INFO: Primitives created: 1
19:52:37 | INFO: Extracting primitive: Cube.178
19:52:37 | INFO: Primitives created: 1
19:52:37 | INFO: Extracting primitive: Cube.179
19:52:37 | INFO: Primitives created: 1
19:52:37 | INFO: Extracting primitive: Cube.180
19:52:37 | INFO: Primitives created: 1
19:52:37 | INFO: Extracting primitive: Cube.181
19:52:37 | INFO: Primitives created: 1
19:52:37 | INFO: Extracting primitive: Cube.182
19:52:37 | INFO: Primitives created: 1
19:52:37 | INFO: Extracting primitive: Cube.183
19:52:37 | INFO: Primitives created: 1
19:52:37 | INFO: Extracting primitive: Cube.184
19:52:37 | INFO: Primitives created: 1
19:52:37 | INFO: Extracting primitive: Cube.185
19:52:37 | INFO: Primitives created: 1
19:52:37 | INFO: Extracting primitive: Cube.186
19:52:37 | INFO: Primitives created: 1
19:52:37 | INFO: Extracting primitive: Cube.187
19:52:37 | INFO: Primitives created: 1
19:52:37 | INFO: Extracting primitive: Cube.188
19:52:37 | INFO: Primitives created: 1
19:52:37 | INFO: Extracting primitive: Cube.189
19:52:37 | INFO: Primitives created: 1
19:52:37 | INFO: Extracting primitive: Cube.190
19:52:37 | INFO: Primitives created: 1
19:52:37 | INFO: Extracting primitive: Cube.191
19:52:37 | INFO: Primitives created: 1
19:52:37 | INFO: Extracting primitive: Cube.192
19:52:37 | INFO: Primitives created: 1
19:52:37 | INFO: Extracting primitive: KIT_tech_cell_side.012
19:52:37 | INFO: Primitives created: 1
19:52:37 | INFO: Extracting primitive: KIT_wall_window_bar.030
19:52:37 | INFO: Primitives created: 1
19:52:37 | INFO: Extracting primitive: KIT_stage_entry_walk.002
19:52:37 | INFO: Primitives created: 1
19:52:37 | INFO: Extracting primitive: KIT_props_folding_chair_render.001
19:52:37 | WARNING: More than one shader node tex image used for a texture. The resulting glTF sampler will behave like the first shader node tex image.
19:52:37 | INFO: Primitives created: 1
19:52:37 | INFO: Extracting primitive: KIT_stage_floor_boards_render.002
19:52:37 | WARNING: More than one shader node tex image used for a texture. The resulting glTF sampler will behave like the first shader node tex image.
19:52:37 | INFO: Primitives created: 1
19:52:37 | INFO: Extracting primitive: KIT_stage_gel_frame_render.002
19:52:37 | INFO: Primitives created: 2
19:52:37 | INFO: Extracting primitive: KIT_stage_studio_wall_render.002
19:52:37 | INFO: Primitives created: 1
19:52:37 | INFO: Extracting primitive: KIT_stage_fog_plane_render.020
19:52:37 | INFO: Primitives created: 1
19:52:37 | INFO: Extracting primitive: KIT_tech_terminal_desk_render.001
19:52:37 | WARNING: More than one shader node tex image used for a texture. The resulting glTF sampler will behave like the first shader node tex image.
19:52:37 | INFO: Primitives created: 1
19:52:37 | INFO: Extracting primitive: KIT_props_scroll_render.001
19:52:37 | WARNING: More than one shader node tex image used for a texture. The resulting glTF sampler will behave like the first shader node tex image.
19:52:37 | INFO: Primitives created: 1
19:52:37 | INFO: Finished glTF 2.0 export in 0.1599118709564209 s

19:52:38 | INFO: Starting glTF 2.0 export
19:52:38 | INFO: Extracting primitive: COL_qiushuang-zhai_floor.001
19:52:38 | INFO: Primitives created: 1
19:52:38 | INFO: Extracting primitive: COL_study_desk_centre.002
19:52:38 | INFO: Primitives created: 1
19:52:38 | INFO: Extracting primitive: COL_study_desk_left.002
19:52:38 | INFO: Primitives created: 1
19:52:38 | INFO: Extracting primitive: COL_study_desk_right.002
19:52:38 | INFO: Primitives created: 1
19:52:38 | INFO: Extracting primitive: COL_study_front_walk.002
19:52:38 | INFO: Primitives created: 1
19:52:38 | INFO: Extracting primitive: COL_study_front_wall.002
19:52:38 | INFO: Primitives created: 1
19:52:38 | INFO: Extracting primitive: COL_study_post.001
19:52:38 | INFO: Primitives created: 1
19:52:38 | INFO: Extracting primitive: COL_study_post.002
19:52:38 | INFO: Primitives created: 1
19:52:38 | INFO: Extracting primitive: COL_study_post.003
19:52:38 | INFO: Primitives created: 1
19:52:38 | INFO: Extracting primitive: COL_study_post.008
19:52:38 | INFO: Primitives created: 1
19:52:38 | INFO: Extracting primitive: Cube.201
19:52:38 | INFO: Primitives created: 1
19:52:38 | INFO: Extracting primitive: Cube.202
19:52:38 | INFO: Primitives created: 1
19:52:38 | INFO: Extracting primitive: Cube.203
19:52:38 | INFO: Primitives created: 1
19:52:38 | INFO: Extracting primitive: HERO_study_scroll_bamboo.002
19:52:38 | INFO: Primitives created: 1
19:52:38 | INFO: Extracting primitive: HERO_study_scroll_plum.002
19:52:38 | INFO: Primitives created: 1
19:52:38 | INFO: Extracting primitive: HERO_study_title.002
19:52:38 | WARNING: More than one shader node tex image used for a texture. The resulting glTF sampler will behave like the first shader node tex image.
19:52:38 | INFO: Primitives created: 1
19:52:38 | INFO: Extracting primitive: SITE_qiushuang-zhai_backstage.001
19:52:38 | INFO: Primitives created: 1
19:52:38 | INFO: Extracting primitive: KIT_pavilion_finial.005
19:52:38 | INFO: Primitives created: 1
19:52:38 | INFO: Extracting primitive: KIT_wall_lattice_vertical.042
19:52:38 | INFO: Primitives created: 1
19:52:38 | INFO: Extracting primitive: SITE_qiushuang-zhai_platform.001
19:52:38 | INFO: Primitives created: 1
19:52:38 | INFO: Extracting primitive: KIT_props_lantern_hanging_render.010
19:52:38 | WARNING: More than one shader node tex image used for a texture. The resulting glTF sampler will behave like the first shader node tex image.
19:52:38 | INFO: Primitives created: 1
19:52:38 | INFO: Extracting primitive: KIT_pavilion_roof.005
19:52:38 | INFO: Primitives created: 1
19:52:38 | INFO: Extracting primitive: KIT_tech_terminal_desk_render.007
19:52:38 | WARNING: More than one shader node tex image used for a texture. The resulting glTF sampler will behave like the first shader node tex image.
19:52:38 | INFO: Primitives created: 1
19:52:38 | INFO: Extracting primitive: SITE_qiushuang-zhai_front.001
19:52:38 | INFO: Primitives created: 1
19:52:38 | INFO: Finished glTF 2.0 export in 0.050833940505981445 s

19:52:39 | INFO: Starting glTF 2.0 export
19:52:39 | INFO: Extracting primitive: COL_tubi-tang_floor.001
19:52:39 | INFO: Primitives created: 1
19:52:39 | INFO: Extracting primitive: COL_tubi_closed_hall.002
19:52:39 | INFO: Primitives created: 1
19:52:39 | INFO: Extracting primitive: COL_tubi_hall_post.001
19:52:39 | INFO: Primitives created: 1
19:52:39 | INFO: Extracting primitive: COL_tubi_hall_post.002
19:52:39 | INFO: Primitives created: 1
19:52:39 | INFO: Extracting primitive: COL_tubi_hall_post.006
19:52:39 | INFO: Primitives created: 1
19:52:39 | INFO: Extracting primitive: COL_tubi_parapet.001
19:52:39 | INFO: Primitives created: 1
19:52:39 | INFO: Extracting primitive: COL_tubi_parapet.002
19:52:39 | INFO: Primitives created: 1
19:52:39 | INFO: Extracting primitive: COL_tubi_parapet.003
19:52:39 | INFO: Primitives created: 1
19:52:39 | INFO: Extracting primitive: COL_tubi_parapet.008
19:52:39 | INFO: Primitives created: 1
19:52:39 | INFO: Extracting primitive: COL_tubi_stair_guard.001
19:52:39 | INFO: Primitives created: 1
19:52:39 | INFO: Extracting primitive: COL_tubi_stair_guard.004
19:52:39 | INFO: Primitives created: 1
19:52:39 | INFO: Extracting primitive: COL_tubi_stair_ramp.002
19:52:39 | INFO: Primitives created: 1
19:52:39 | INFO: Extracting primitive: COL_tubi_terrace.002
19:52:39 | INFO: Primitives created: 1
19:52:39 | INFO: Extracting primitive: COL_tubi_topic_table.002
19:52:39 | INFO: Primitives created: 1
19:52:39 | INFO: Extracting primitive: COL_tubi_view_bench_left.001
19:52:39 | INFO: Primitives created: 1
19:52:39 | INFO: Extracting primitive: COL_tubi_view_bench_right.001
19:52:39 | INFO: Primitives created: 1
19:52:39 | INFO: Extracting primitive: HERO_tubi_title.002
19:52:39 | WARNING: More than one shader node tex image used for a texture. The resulting glTF sampler will behave like the first shader node tex image.
19:52:39 | INFO: Primitives created: 1
19:52:39 | INFO: Extracting primitive: SITE_tubi-tang_backstage.001
19:52:39 | INFO: Primitives created: 1
19:52:39 | INFO: Extracting primitive: KIT_pavilion_finial.007
19:52:39 | INFO: Primitives created: 1
19:52:39 | INFO: Extracting primitive: KIT_wall_amber_window.003
19:52:39 | INFO: Primitives created: 1
19:52:39 | INFO: Extracting primitive: TUBI_topic_line.001
19:52:39 | INFO: Primitives created: 1
19:52:39 | INFO: Extracting primitive: KIT_wall_lattice_vertical.063
19:52:39 | INFO: Primitives created: 1
19:52:39 | INFO: Extracting primitive: SITE_tubi-tang_platform.001
19:52:39 | INFO: Primitives created: 1
19:52:39 | INFO: Extracting primitive: KIT_props_lantern_hanging_render.012
19:52:39 | WARNING: More than one shader node tex image used for a texture. The resulting glTF sampler will behave like the first shader node tex image.
19:52:39 | INFO: Primitives created: 1
19:52:39 | INFO: Extracting primitive: KIT_pavilion_roof.007
19:52:39 | INFO: Primitives created: 1
19:52:39 | INFO: Extracting primitive: TUBI_terrace.002
19:52:39 | INFO: Primitives created: 1
19:52:39 | INFO: Extracting primitive: SITE_tubi-tang_front.001
19:52:39 | INFO: Primitives created: 1
19:52:39 | INFO: Finished glTF 2.0 export in 0.03933310508728027 s

IMPERIAL_JOINED_TOPOLOGY {(16, 26): 2, (16, 28): 576}
19:52:44 | INFO: Starting glTF 2.0 export
19:52:44 | INFO: Extracting primitive: COL_daguan_central_step.003
19:52:44 | INFO: Primitives created: 1
19:52:44 | INFO: Extracting primitive: COL_daguan_central_step.004
19:52:44 | INFO: Primitives created: 1
19:52:44 | INFO: Extracting primitive: COL_daguan_central_step.005
19:52:44 | INFO: Primitives created: 1
19:52:44 | INFO: Extracting primitive: COL_daguan_closed_front.001
19:52:44 | INFO: Primitives created: 1
19:52:44 | INFO: Extracting primitive: COL_daguan_column.006
19:52:44 | INFO: Primitives created: 1
19:52:44 | INFO: Extracting primitive: COL_daguan_column.007
19:52:44 | INFO: Primitives created: 1
19:52:44 | INFO: Extracting primitive: COL_daguan_column.008
19:52:44 | INFO: Primitives created: 1
19:52:44 | INFO: Extracting primitive: COL_daguan_column.009
19:52:44 | INFO: Primitives created: 1
19:52:44 | INFO: Extracting primitive: COL_daguan_column.010
19:52:44 | INFO: Primitives created: 1
19:52:44 | INFO: Extracting primitive: COL_daguan_column.011
19:52:44 | INFO: Primitives created: 1
19:52:44 | INFO: Extracting primitive: COL_daguan_floor.001
19:52:44 | INFO: Primitives created: 1
19:52:44 | INFO: Extracting primitive: COL_daguan_return_wall.002
19:52:44 | INFO: Primitives created: 1
19:52:44 | INFO: Extracting primitive: COL_daguan_return_wall.003
19:52:44 | INFO: Primitives created: 1
19:52:44 | INFO: Extracting primitive: HERO_daguan_title.001
19:52:44 | WARNING: More than one shader node tex image used for a texture. The resulting glTF sampler will behave like the first shader node tex image.
19:52:44 | INFO: Primitives created: 1
19:52:44 | INFO: Extracting primitive: DAGUAN_backstage.001
19:52:44 | INFO: Primitives created: 1
19:52:44 | INFO: Extracting primitive: DAGUAN_door_stud.180
19:52:44 | INFO: Primitives created: 1
19:52:44 | INFO: Extracting primitive: DAGUAN_amber_transom.002
19:52:44 | INFO: Primitives created: 1
19:52:44 | INFO: Extracting primitive: DAGUAN_closed_door.010
19:52:44 | INFO: Primitives created: 1
19:52:44 | INFO: Extracting primitive: DAGUAN_recessed_panel.020
19:52:44 | INFO: Primitives created: 1
19:52:44 | INFO: Extracting primitive: DAGUAN_column.006
19:52:44 | INFO: Primitives created: 1
19:52:44 | INFO: Extracting primitive: DAGUAN_platform.001
19:52:44 | INFO: Primitives created: 1
19:52:44 | INFO: Extracting primitive: DAGUAN_lower_roof.001
19:52:44 | INFO: Primitives created: 1
19:52:44 | INFO: Extracting primitive: DAGUAN_front.001
19:52:44 | INFO: Primitives created: 1
19:52:44 | INFO: Finished glTF 2.0 export in 0.05977988243103027 s

19:52:45 | INFO: Starting glTF 2.0 export
19:52:45 | INFO: Extracting primitive: COL_ouxiang_approach.001
19:52:45 | INFO: Primitives created: 1
19:52:45 | INFO: Extracting primitive: COL_ouxiang_deck.001
19:52:45 | INFO: Primitives created: 1
19:52:45 | INFO: Extracting primitive: COL_ouxiang_post.004
19:52:45 | INFO: Primitives created: 1
19:52:45 | INFO: Extracting primitive: COL_ouxiang_post.005
19:52:45 | INFO: Primitives created: 1
19:52:45 | INFO: Extracting primitive: COL_ouxiang_post.006
19:52:45 | INFO: Primitives created: 1
19:52:45 | INFO: Extracting primitive: COL_ouxiang_post.007
19:52:45 | INFO: Primitives created: 1
19:52:45 | INFO: Extracting primitive: COL_ouxiang_rail.002
19:52:45 | INFO: Primitives created: 1
19:52:45 | INFO: Extracting primitive: COL_ouxiang_rail.003
19:52:45 | INFO: Primitives created: 1
19:52:45 | INFO: Extracting primitive: COL_ouxiang_side_rail.004
19:52:45 | INFO: Primitives created: 1
19:52:45 | INFO: Extracting primitive: COL_ouxiang_side_rail.005
19:52:45 | INFO: Primitives created: 1
19:52:45 | INFO: Extracting primitive: COL_ouxiang_side_rail.006
19:52:45 | INFO: Primitives created: 1
19:52:45 | INFO: Extracting primitive: COL_ouxiang_side_rail.007
19:52:45 | INFO: Primitives created: 1
19:52:45 | INFO: Extracting primitive: COL_ouxiang_table.001
19:52:45 | INFO: Primitives created: 1
19:52:45 | INFO: Extracting primitive: KIT_props_tea_cup.006
19:52:45 | INFO: Primitives created: 1
19:52:45 | INFO: Extracting primitive: KIT_water_lotus_leaf.007
19:52:45 | INFO: Primitives created: 1
19:52:45 | INFO: Extracting primitive: SITE_ouxiang_deck.001
19:52:45 | INFO: Primitives created: 1
19:52:45 | INFO: Extracting primitive: KIT_pavilion_water_pier.004
19:52:45 | INFO: Primitives created: 1
19:52:45 | INFO: Extracting primitive: KIT_props_lantern_hanging_render.013
19:52:45 | WARNING: More than one shader node tex image used for a texture. The resulting glTF sampler will behave like the first shader node tex image.
19:52:45 | INFO: Primitives created: 1
19:52:45 | INFO: Extracting primitive: KIT_pavilion_water_hipped_roof.001
19:52:45 | INFO: Primitives created: 1
19:52:45 | INFO: Finished glTF 2.0 export in 0.03360581398010254 s

19:52:47 | INFO: Starting glTF 2.0 export
19:52:47 | INFO: Extracting primitive: COL_hengwu-yuan_floor.001
19:52:47 | INFO: Primitives created: 1
19:52:47 | INFO: Extracting primitive: COL_hengwu_closed_hall.002
19:52:47 | INFO: Primitives created: 1
19:52:47 | INFO: Extracting primitive: COL_hengwu_court.002
19:52:47 | INFO: Primitives created: 1
19:52:47 | INFO: Extracting primitive: COL_hengwu_hall_post.001
19:52:47 | INFO: Primitives created: 1
19:52:47 | INFO: Extracting primitive: COL_hengwu_hall_post.002
19:52:47 | INFO: Primitives created: 1
19:52:47 | INFO: Extracting primitive: COL_hengwu_hall_post.006
19:52:47 | INFO: Primitives created: 1
19:52:47 | INFO: Extracting primitive: COL_wall_bay.001
19:52:47 | INFO: Primitives created: 1
19:52:47 | INFO: Extracting primitive: COL_wall_bay.002
19:52:47 | INFO: Primitives created: 1
19:52:47 | INFO: Extracting primitive: COL_wall_bay.003
19:52:47 | INFO: Primitives created: 1
19:52:47 | INFO: Extracting primitive: COL_wall_bay.004
19:52:47 | INFO: Primitives created: 1
19:52:47 | INFO: Extracting primitive: COL_wall_bay.005
19:52:47 | INFO: Primitives created: 1
19:52:47 | INFO: Extracting primitive: COL_wall_bay.006
19:52:47 | INFO: Primitives created: 1
19:52:47 | INFO: Extracting primitive: KIT_wall_plaster.002
19:52:47 | INFO: Primitives created: 1
19:52:47 | INFO: Extracting primitive: COL_wall_window.001
19:52:47 | INFO: Primitives created: 1
19:52:47 | INFO: Extracting primitive: COL_wall_window.002
19:52:47 | INFO: Primitives created: 1
19:52:47 | INFO: Extracting primitive: COL_hengwu_rock.001
19:52:47 | INFO: Primitives created: 1
19:52:47 | INFO: Extracting primitive: COL_hengwu_rock.002
19:52:47 | INFO: Primitives created: 1
19:52:47 | INFO: Extracting primitive: COL_hengwu_rock.006
19:52:47 | INFO: Primitives created: 1
19:52:47 | INFO: Extracting primitive: COL_hengwu_stool.001
19:52:47 | INFO: Primitives created: 1
19:52:47 | INFO: Extracting primitive: COL_hengwu_stool.002
19:52:47 | INFO: Primitives created: 1
19:52:47 | INFO: Extracting primitive: COL_hengwu_stool.003
19:52:47 | INFO: Primitives created: 1
19:52:47 | INFO: Extracting primitive: COL_hengwu_stool.008
19:52:47 | INFO: Primitives created: 1
19:52:47 | INFO: Extracting primitive: COL_hengwu_table.002
19:52:47 | INFO: Primitives created: 1
19:52:47 | INFO: Extracting primitive: HERO_hengwu-yuan_title.002
19:52:47 | WARNING: More than one shader node tex image used for a texture. The resulting glTF sampler will behave like the first shader node tex image.
19:52:47 | INFO: Primitives created: 1
19:52:47 | INFO: Extracting primitive: SITE_hengwu-yuan_backstage.001
19:52:47 | INFO: Primitives created: 1
19:52:47 | INFO: Extracting primitive: KIT_pavilion_finial.011
19:52:47 | INFO: Primitives created: 1
19:52:47 | INFO: Extracting primitive: KIT_wall_amber_window.006
19:52:47 | INFO: Primitives created: 1
19:52:47 | INFO: Extracting primitive: HENGWU_herb_leaf.001
19:52:47 | INFO: Primitives created: 1
19:52:47 | INFO: Extracting primitive: KIT_wall_lattice_vertical.105
19:52:47 | INFO: Primitives created: 1
19:52:47 | INFO: Extracting primitive: SITE_hengwu-yuan_platform.001
19:52:47 | INFO: Primitives created: 1
19:52:47 | INFO: Extracting primitive: KIT_props_lantern_hanging_render.015
19:52:47 | WARNING: More than one shader node tex image used for a texture. The resulting glTF sampler will behave like the first shader node tex image.
19:52:47 | INFO: Primitives created: 1
19:52:47 | INFO: Extracting primitive: KIT_pavilion_roof.011
19:52:47 | INFO: Primitives created: 1
19:52:47 | INFO: Extracting primitive: KIT_wall_bay.001
19:52:47 | WARNING: More than one shader node tex image used for a texture. The resulting glTF sampler will behave like the first shader node tex image.
19:52:47 | INFO: Primitives created: 1
19:52:47 | INFO: Extracting primitive: SITE_hengwu-yuan_front.001
19:52:47 | INFO: Primitives created: 1
19:52:47 | INFO: Finished glTF 2.0 export in 0.12497377395629883 s

19:52:47 | INFO: Starting glTF 2.0 export
19:52:47 | INFO: Extracting primitive: COL_yihong_closed_front.002
19:52:47 | INFO: Primitives created: 1
19:52:47 | INFO: Extracting primitive: COL_yihong_court_side.001
19:52:47 | INFO: Primitives created: 1
19:52:47 | INFO: Extracting primitive: COL_yihong_court_side.004
19:52:47 | INFO: Primitives created: 1
19:52:47 | INFO: Extracting primitive: COL_yihong_floor.002
19:52:47 | INFO: Primitives created: 1
19:52:47 | INFO: Extracting primitive: COL_yihong_planter.001
19:52:47 | INFO: Primitives created: 1
19:52:47 | INFO: Extracting primitive: COL_yihong_planter.004
19:52:47 | INFO: Primitives created: 1
19:52:47 | INFO: Extracting primitive: COL_yihong_side_return.001
19:52:47 | INFO: Primitives created: 1
19:52:47 | INFO: Extracting primitive: COL_yihong_side_return.004
19:52:47 | INFO: Primitives created: 1
19:52:47 | INFO: Extracting primitive: COL_yihong_threshold.002
19:52:47 | INFO: Primitives created: 1
19:52:47 | INFO: Extracting primitive: KIT_flora_banana_render.001
19:52:47 | WARNING: More than one shader node tex image used for a texture. The resulting glTF sampler will behave like the first shader node tex image.
19:52:47 | INFO: Primitives created: 1
19:52:47 | INFO: Extracting primitive: KIT_flora_banana_render.002
19:52:47 | INFO: Primitives created: 1
19:52:47 | INFO: Extracting primitive: HERO_yihong-yuan_title.002
19:52:47 | WARNING: More than one shader node tex image used for a texture. The resulting glTF sampler will behave like the first shader node tex image.
19:52:47 | INFO: Primitives created: 1
19:52:47 | INFO: Extracting primitive: YIHONG_backstage.002
19:52:47 | INFO: Primitives created: 1
19:52:47 | INFO: Extracting primitive: YIHONG_door_rail.001
19:52:47 | INFO: Primitives created: 1
19:52:47 | INFO: Extracting primitive: YIHONG_amber_window.002
19:52:47 | INFO: Primitives created: 1
19:52:47 | INFO: Extracting primitive: YIHONG_door_panel.001
19:52:47 | INFO: Primitives created: 1
19:52:47 | INFO: Extracting primitive: YIHONG_paving.002
19:52:47 | INFO: Primitives created: 1
19:52:47 | INFO: Extracting primitive: YIHONG_court_cap.001
19:52:47 | INFO: Primitives created: 1
19:52:47 | INFO: Extracting primitive: YIHONG_closed_front.002
19:52:47 | INFO: Primitives created: 1
19:52:47 | INFO: Finished glTF 2.0 export in 0.029855012893676758 s

19:52:48 | INFO: Starting glTF 2.0 export
19:52:48 | INFO: Extracting primitive: COL_xiaoxiang_bamboo_bed.004
19:52:48 | INFO: Primitives created: 1
19:52:48 | INFO: Extracting primitive: COL_xiaoxiang_bamboo_bed.005
19:52:48 | INFO: Primitives created: 1
19:52:48 | INFO: Extracting primitive: COL_xiaoxiang_bamboo_bed.006
19:52:48 | INFO: Primitives created: 1
19:52:48 | INFO: Extracting primitive: COL_xiaoxiang_bamboo_bed.007
19:52:48 | INFO: Primitives created: 1
19:52:48 | INFO: Extracting primitive: COL_xiaoxiang_closed_front.001
19:52:48 | INFO: Primitives created: 1
19:52:48 | INFO: Extracting primitive: COL_xiaoxiang_floor.001
19:52:48 | INFO: Primitives created: 1
19:52:48 | INFO: Extracting primitive: COL_xiaoxiang_return.002
19:52:48 | INFO: Primitives created: 1
19:52:48 | INFO: Extracting primitive: COL_xiaoxiang_return.003
19:52:48 | INFO: Primitives created: 1
19:52:48 | INFO: Extracting primitive: COL_xiaoxiang_threshold.001
19:52:48 | INFO: Primitives created: 1
19:52:48 | INFO: Extracting primitive: KIT_flora_bamboo_large_render.003
19:52:48 | WARNING: More than one shader node tex image used for a texture. The resulting glTF sampler will behave like the first shader node tex image.
19:52:48 | INFO: Primitives created: 1
19:52:48 | INFO: Extracting primitive: KIT_flora_bamboo_medium_render.001
19:52:48 | INFO: Primitives created: 1
19:52:48 | INFO: Extracting primitive: KIT_flora_bamboo_small_render.002
19:52:48 | INFO: Primitives created: 1
19:52:48 | INFO: Extracting primitive: KIT_flora_bamboo_large_render.004
19:52:48 | INFO: Primitives created: 1
19:52:48 | INFO: Extracting primitive: HERO_xiaoxiang-guan_title.002
19:52:48 | WARNING: More than one shader node tex image used for a texture. The resulting glTF sampler will behave like the first shader node tex image.
19:52:48 | INFO: Primitives created: 1
19:52:48 | INFO: Extracting primitive: XIAOXIANG_black_back.001
19:52:48 | INFO: Primitives created: 1
19:52:48 | INFO: Extracting primitive: XIAOXIANG_gate_pull.002
19:52:48 | INFO: Primitives created: 1
19:52:48 | INFO: Extracting primitive: XIAOXIANG_amber_window.001
19:52:48 | INFO: Primitives created: 1
19:52:48 | INFO: Extracting primitive: XIAOXIANG_gate_leaf.002
19:52:48 | INFO: Primitives created: 1
19:52:48 | INFO: Extracting primitive: XIAOXIANG_paving.001
19:52:48 | INFO: Primitives created: 1
19:52:48 | INFO: Extracting primitive: XIAOXIANG_wall_cap.001
19:52:48 | INFO: Primitives created: 1
19:52:48 | INFO: Extracting primitive: XIAOXIANG_closed_front.001
19:52:48 | INFO: Primitives created: 1
19:52:48 | INFO: Finished glTF 2.0 export in 0.037915706634521484 s

19:52:48 | INFO: Starting glTF 2.0 export
19:52:48 | INFO: Extracting primitive: COL_longcui_burner.001
19:52:48 | INFO: Primitives created: 1
19:52:48 | INFO: Extracting primitive: COL_longcui_closed_front.001
19:52:48 | INFO: Primitives created: 1
19:52:48 | INFO: Extracting primitive: COL_longcui_floor.001
19:52:48 | INFO: Primitives created: 1
19:52:48 | INFO: Extracting primitive: COL_longcui_plum_trunk.002
19:52:48 | INFO: Primitives created: 1
19:52:48 | INFO: Extracting primitive: COL_longcui_plum_trunk.003
19:52:48 | INFO: Primitives created: 1
19:52:48 | INFO: Extracting primitive: COL_longcui_return.002
19:52:48 | INFO: Primitives created: 1
19:52:48 | INFO: Extracting primitive: COL_longcui_return.003
19:52:48 | INFO: Primitives created: 1
19:52:48 | INFO: Extracting primitive: COL_longcui_threshold.001
19:52:48 | INFO: Primitives created: 1
19:52:48 | INFO: Extracting primitive: KIT_flora_plum_render.001
19:52:48 | WARNING: More than one shader node tex image used for a texture. The resulting glTF sampler will behave like the first shader node tex image.
19:52:48 | INFO: Primitives created: 1
19:52:48 | INFO: Extracting primitive: KIT_flora_plum_render.002
19:52:48 | INFO: Primitives created: 1
19:52:48 | INFO: Extracting primitive: HERO_longcui-an_title.002
19:52:48 | WARNING: More than one shader node tex image used for a texture. The resulting glTF sampler will behave like the first shader node tex image.
19:52:48 | INFO: Primitives created: 1
19:52:48 | INFO: Extracting primitive: LONGCUI_backstage.001
19:52:48 | INFO: Primitives created: 1
19:52:48 | INFO: Extracting primitive: LONGCUI_gate_pull.002
19:52:48 | INFO: Primitives created: 1
19:52:48 | INFO: Extracting primitive: LONGCUI_closed_gate.002
19:52:48 | INFO: Primitives created: 1
19:52:48 | INFO: Extracting primitive: LONGCUI_paving.001
19:52:48 | INFO: Primitives created: 1
19:52:48 | INFO: Extracting primitive: KIT_props_lantern_hanging_render.016
19:52:48 | WARNING: More than one shader node tex image used for a texture. The resulting glTF sampler will behave like the first shader node tex image.
19:52:48 | INFO: Primitives created: 1
19:52:48 | INFO: Extracting primitive: LONGCUI_wall_cap.001
19:52:48 | INFO: Primitives created: 1
19:52:48 | INFO: Extracting primitive: LONGCUI_closed_front.001
19:52:48 | INFO: Primitives created: 1
19:52:48 | INFO: Finished glTF 2.0 export in 0.03402590751647949 s

19:52:49 | INFO: Starting glTF 2.0 export
19:52:49 | INFO: Extracting primitive: COL_aojing_closed_front.002
19:52:49 | INFO: Primitives created: 1
19:52:49 | INFO: Extracting primitive: COL_aojing_dry_ledge.002
19:52:49 | INFO: Primitives created: 1
19:52:49 | INFO: Extracting primitive: COL_aojing_hall_floor.002
19:52:49 | INFO: Primitives created: 1
19:52:49 | INFO: Extracting primitive: COL_aojing_ledge_end.002
19:52:49 | INFO: Primitives created: 1
19:52:49 | INFO: Extracting primitive: COL_aojing_ledge_parapet.002
19:52:49 | INFO: Primitives created: 1
19:52:49 | INFO: Extracting primitive: COL_aojing_return.001
19:52:49 | INFO: Primitives created: 1
19:52:49 | INFO: Extracting primitive: COL_aojing_return.004
19:52:49 | INFO: Primitives created: 1
19:52:49 | INFO: Extracting primitive: HERO_aojing-guan_title.002
19:52:49 | WARNING: More than one shader node tex image used for a texture. The resulting glTF sampler will behave like the first shader node tex image.
19:52:49 | INFO: Primitives created: 1
19:52:49 | INFO: Extracting primitive: AOJING_pond.002
19:52:49 | INFO: Primitives created: 1
19:52:49 | INFO: Extracting primitive: AOJING_backstage.002
19:52:49 | INFO: Primitives created: 1
19:52:49 | INFO: Extracting primitive: AOJING_amber_window.002
19:52:49 | INFO: Primitives created: 1
19:52:49 | INFO: Extracting primitive: AOJING_window_lattice.001
19:52:49 | INFO: Primitives created: 1
19:52:49 | INFO: Extracting primitive: AOJING_dry_ledge.002
19:52:49 | INFO: Primitives created: 1
19:52:49 | INFO: Extracting primitive: AOJING_roof.002
19:52:49 | INFO: Primitives created: 1
19:52:49 | INFO: Extracting primitive: AOJING_closed_front.002
19:52:49 | INFO: Primitives created: 1
19:52:49 | INFO: Finished glTF 2.0 export in 0.027332067489624023 s

19:52:50 | INFO: Starting glTF 2.0 export
19:52:50 | INFO: Extracting primitive: COL_daoxiang_closed_front.001
19:52:50 | INFO: Primitives created: 1
19:52:50 | INFO: Extracting primitive: COL_daoxiang_court.001
19:52:50 | INFO: Primitives created: 1
19:52:50 | INFO: Extracting primitive: COL_daoxiang_fence.004
19:52:50 | INFO: Primitives created: 1
19:52:50 | INFO: Extracting primitive: COL_daoxiang_fence.005
19:52:50 | INFO: Primitives created: 1
19:52:50 | INFO: Extracting primitive: COL_daoxiang_fence.006
19:52:50 | INFO: Primitives created: 1
19:52:50 | INFO: Extracting primitive: COL_daoxiang_fence.007
19:52:50 | INFO: Primitives created: 1
19:52:50 | INFO: Extracting primitive: COL_daoxiang_side.002
19:52:50 | INFO: Primitives created: 1
19:52:50 | INFO: Extracting primitive: COL_daoxiang_side.003
19:52:50 | INFO: Primitives created: 1
19:52:50 | INFO: Extracting primitive: HERO_daoxiang-cun_title.002
19:52:50 | WARNING: More than one shader node tex image used for a texture. The resulting glTF sampler will behave like the first shader node tex image.
19:52:50 | INFO: Primitives created: 1
19:52:50 | INFO: Extracting primitive: DAOXIANG_backstage.001
19:52:50 | INFO: Primitives created: 1
19:52:50 | INFO: Extracting primitive: DAOXIANG_door_latch.001
19:52:50 | INFO: Primitives created: 1
19:52:50 | INFO: Extracting primitive: DAOXIANG_warm_sliver.001
19:52:50 | INFO: Primitives created: 1
19:52:50 | INFO: Extracting primitive: DAOXIANG_closed_door.001
19:52:50 | INFO: Primitives created: 1
19:52:50 | INFO: Extracting primitive: DAOXIANG_paddy_painting.001
19:52:50 | INFO: Primitives created: 1
19:52:50 | INFO: Extracting primitive: DAOXIANG_court.001
19:52:50 | INFO: Primitives created: 1
19:52:50 | INFO: Extracting primitive: DAOXIANG_thatch_mass.001
19:52:50 | INFO: Primitives created: 1
19:52:50 | INFO: Extracting primitive: DAOXIANG_front.001
19:52:50 | INFO: Primitives created: 1
19:52:50 | INFO: Finished glTF 2.0 export in 0.03870677947998047 s

19:52:50 | INFO: Starting glTF 2.0 export
19:52:50 | INFO: Extracting primitive: COL_water_bridge_side.001
19:52:50 | INFO: Primitives created: 1
19:52:50 | INFO: Extracting primitive: COL_water_bridge_side.004
19:52:50 | INFO: Primitives created: 1
19:52:50 | INFO: Extracting primitive: COL_water_bridge_deck.002
19:52:50 | INFO: Primitives created: 1
19:52:50 | INFO: Extracting primitive: COL_ziling_landing.001
19:52:50 | INFO: Primitives created: 1
19:52:50 | INFO: Extracting primitive: KIT_flora_reed_render.001
19:52:50 | WARNING: More than one shader node tex image used for a texture. The resulting glTF sampler will behave like the first shader node tex image.
19:52:50 | INFO: Primitives created: 1
19:52:50 | INFO: Extracting primitive: KIT_flora_reed_render.002
19:52:50 | INFO: Primitives created: 1
19:52:50 | INFO: Extracting primitive: KIT_flora_reed_render.003
19:52:50 | INFO: Primitives created: 1
19:52:50 | INFO: Extracting primitive: KIT_flora_reed_render.004
19:52:50 | INFO: Primitives created: 1
19:52:50 | INFO: Extracting primitive: KIT_flora_reed_render.005
19:52:50 | INFO: Primitives created: 1
19:52:50 | INFO: Extracting primitive: KIT_flora_reed_render.006
19:52:50 | INFO: Primitives created: 1
19:52:50 | INFO: Extracting primitive: KIT_flora_reed_render.007
19:52:50 | INFO: Primitives created: 1
19:52:50 | INFO: Extracting primitive: KIT_flora_reed_render.008
19:52:50 | INFO: Primitives created: 1
19:52:50 | INFO: Extracting primitive: KIT_flora_reed_render.009
19:52:50 | INFO: Primitives created: 1
19:52:50 | INFO: Extracting primitive: KIT_flora_reed_render.010
19:52:50 | INFO: Primitives created: 1
19:52:50 | INFO: Extracting primitive: KIT_water_lotus_leaf.011
19:52:50 | INFO: Primitives created: 1
19:52:50 | INFO: Extracting primitive: KIT_water_plank.002
19:52:50 | WARNING: More than one shader node tex image used for a texture. The resulting glTF sampler will behave like the first shader node tex image.
19:52:50 | INFO: Primitives created: 1
19:52:50 | INFO: Extracting primitive: SITE_ziling_island.001
19:52:50 | INFO: Primitives created: 1
19:52:50 | INFO: Finished glTF 2.0 export in 0.03685307502746582 s

19:52:50 | INFO: Starting glTF 2.0 export
19:52:50 | INFO: Extracting primitive: COL_aojing_approach.001
19:52:50 | INFO: Primitives created: 1
19:52:50 | INFO: Extracting primitive: COL_aojing_approach.004
19:52:50 | INFO: Primitives created: 1
19:52:50 | INFO: Extracting primitive: COL_aojing_approach_guard.001
19:52:50 | INFO: Primitives created: 1
19:52:50 | INFO: Extracting primitive: COL_aojing_approach_guard.004
19:52:50 | INFO: Primitives created: 1
19:52:50 | INFO: Extracting primitive: COL_aojing_approach_ramp.002
19:52:50 | INFO: Primitives created: 1
19:52:50 | INFO: Extracting primitive: COL_aojing_closed_front.002
19:52:50 | INFO: Primitives created: 1
19:52:50 | INFO: Extracting primitive: COL_aojing_dry_ledge.002
19:52:50 | INFO: Primitives created: 1
19:52:50 | INFO: Extracting primitive: COL_aojing_hall_floor.002
19:52:50 | INFO: Primitives created: 1
19:52:50 | INFO: Extracting primitive: COL_aojing_ledge_end.002
19:52:50 | INFO: Primitives created: 1
19:52:50 | INFO: Extracting primitive: COL_aojing_ledge_parapet.002
19:52:50 | INFO: Primitives created: 1
19:52:50 | INFO: Extracting primitive: COL_aojing_return.001
19:52:50 | INFO: Primitives created: 1
19:52:50 | INFO: Extracting primitive: COL_aojing_return.004
19:52:50 | INFO: Primitives created: 1
19:52:50 | INFO: Extracting primitive: Cube.147
19:52:50 | INFO: Primitives created: 1
19:52:50 | INFO: Extracting primitive: Cube.148
19:52:50 | INFO: Primitives created: 1
19:52:50 | INFO: Extracting primitive: Cube.149
19:52:50 | INFO: Primitives created: 1
19:52:50 | INFO: Extracting primitive: Cube.150
19:52:50 | INFO: Primitives created: 1
19:52:50 | INFO: Extracting primitive: COL_bridge_crosswalk.002
19:52:50 | INFO: Primitives created: 1
19:52:50 | INFO: Extracting primitive: COL_bridge_crosswalk.003
19:52:50 | INFO: Primitives created: 1
19:52:50 | INFO: Extracting primitive: COL_cell_floor.006
19:52:50 | INFO: Primitives created: 1
19:52:50 | INFO: Extracting primitive: COL_cell_floor.007
19:52:50 | INFO: Primitives created: 1
19:52:50 | INFO: Extracting primitive: COL_cell_floor.008
19:52:50 | INFO: Primitives created: 1
19:52:50 | INFO: Extracting primitive: COL_cell_floor.009
19:52:50 | INFO: Primitives created: 1
19:52:50 | INFO: Extracting primitive: COL_cell_floor.010
19:52:50 | INFO: Primitives created: 1
19:52:50 | INFO: Extracting primitive: COL_cell_floor.011
19:52:50 | INFO: Primitives created: 1
19:52:50 | INFO: Extracting primitive: COL_cell_wall.012
19:52:50 | INFO: Primitives created: 1
19:52:50 | INFO: Extracting primitive: COL_cell_wall.013
19:52:50 | INFO: Primitives created: 1
19:52:50 | INFO: Extracting primitive: COL_cell_wall.014
19:52:50 | INFO: Primitives created: 1
19:52:50 | INFO: Extracting primitive: COL_cell_wall.015
19:52:50 | INFO: Primitives created: 1
19:52:50 | INFO: Extracting primitive: COL_cell_wall.016
19:52:50 | INFO: Primitives created: 1
19:52:50 | INFO: Extracting primitive: COL_cell_wall.017
19:52:50 | INFO: Primitives created: 1
19:52:50 | INFO: Extracting primitive: COL_cell_wall.018
19:52:50 | INFO: Primitives created: 1
19:52:50 | INFO: Extracting primitive: COL_cell_wall.019
19:52:50 | INFO: Primitives created: 1
19:52:50 | INFO: Extracting primitive: COL_cell_wall.020
19:52:50 | INFO: Primitives created: 1
19:52:50 | INFO: Extracting primitive: COL_cell_wall.021
19:52:50 | INFO: Primitives created: 1
19:52:50 | INFO: Extracting primitive: COL_cell_wall.022
19:52:50 | INFO: Primitives created: 1
19:52:50 | INFO: Extracting primitive: COL_cell_wall.023
19:52:50 | INFO: Primitives created: 1
19:52:50 | INFO: Extracting primitive: COL_daguan_central_step.003
19:52:50 | INFO: Primitives created: 1
19:52:50 | INFO: Extracting primitive: COL_daguan_central_step.004
19:52:50 | INFO: Primitives created: 1
19:52:50 | INFO: Extracting primitive: COL_daguan_central_step.005
19:52:50 | INFO: Primitives created: 1
19:52:50 | INFO: Extracting primitive: COL_daguan_closed_front.001
19:52:50 | INFO: Primitives created: 1
19:52:50 | INFO: Extracting primitive: COL_daguan_column.006
19:52:50 | INFO: Primitives created: 1
19:52:50 | INFO: Extracting primitive: COL_daguan_column.007
19:52:50 | INFO: Primitives created: 1
19:52:50 | INFO: Extracting primitive: COL_daguan_column.008
19:52:50 | INFO: Primitives created: 1
19:52:50 | INFO: Extracting primitive: COL_daguan_column.009
19:52:50 | INFO: Primitives created: 1
19:52:50 | INFO: Extracting primitive: COL_daguan_column.010
19:52:50 | INFO: Primitives created: 1
19:52:50 | INFO: Extracting primitive: COL_daguan_column.011
19:52:50 | INFO: Primitives created: 1
19:52:50 | INFO: Extracting primitive: COL_daguan_floor.001
19:52:50 | INFO: Primitives created: 1
19:52:50 | INFO: Extracting primitive: COL_daguan_return_wall.002
19:52:50 | INFO: Primitives created: 1
19:52:50 | INFO: Extracting primitive: COL_daguan_return_wall.003
19:52:50 | INFO: Primitives created: 1
19:52:50 | INFO: Extracting primitive: COL_daoxiang_approach.002
19:52:50 | INFO: Primitives created: 1
19:52:50 | INFO: Extracting primitive: COL_daoxiang_approach.003
19:52:50 | INFO: Primitives created: 1
19:52:50 | INFO: Extracting primitive: COL_daoxiang_closed_front.001
19:52:50 | INFO: Primitives created: 1
19:52:50 | INFO: Extracting primitive: COL_daoxiang_court.001
19:52:50 | INFO: Primitives created: 1
19:52:50 | INFO: Extracting primitive: COL_daoxiang_fence.004
19:52:50 | INFO: Primitives created: 1
19:52:50 | INFO: Extracting primitive: COL_daoxiang_fence.005
19:52:50 | INFO: Primitives created: 1
19:52:50 | INFO: Extracting primitive: COL_daoxiang_fence.006
19:52:50 | INFO: Primitives created: 1
19:52:50 | INFO: Extracting primitive: COL_daoxiang_fence.007
19:52:50 | INFO: Primitives created: 1
19:52:50 | INFO: Extracting primitive: COL_daoxiang_side.002
19:52:50 | INFO: Primitives created: 1
19:52:50 | INFO: Extracting primitive: COL_daoxiang_side.003
19:52:50 | INFO: Primitives created: 1
19:52:50 | INFO: Extracting primitive: COL_entry_corridor.001
19:52:50 | INFO: Primitives created: 1
19:52:50 | INFO: Extracting primitive: COL_entry_walk.002
19:52:50 | INFO: Primitives created: 1
19:52:50 | INFO: Extracting primitive: COL_entry_walk.003
19:52:50 | INFO: Primitives created: 1
19:52:50 | INFO: Extracting primitive: COL_floor_joint_cell_threshold_0.001
19:52:50 | INFO: Primitives created: 1
19:52:50 | INFO: Extracting primitive: COL_floor_joint_cell_threshold_1.001
19:52:50 | INFO: Primitives created: 1
19:52:50 | INFO: Extracting primitive: COL_floor_joint_cell_threshold_2.001
19:52:50 | INFO: Primitives created: 1
19:52:50 | INFO: Extracting primitive: COL_floor_joint_cell_threshold_3.001
19:52:50 | INFO: Primitives created: 1
19:52:50 | INFO: Extracting primitive: COL_floor_joint_cell_threshold_4.001
19:52:50 | INFO: Primitives created: 1
19:52:50 | INFO: Extracting primitive: COL_floor_joint_cell_threshold_5.001
19:52:50 | INFO: Primitives created: 1
19:52:50 | INFO: Extracting primitive: COL_floor_joint_pavilion_east_joint.001
19:52:50 | INFO: Primitives created: 1
19:52:50 | INFO: Extracting primitive: COL_floor_joint_pavilion_west_joint.001
19:52:50 | INFO: Primitives created: 1
19:52:50 | INFO: Extracting primitive: Cube.146
19:52:50 | INFO: Primitives created: 1
19:52:50 | INFO: Extracting primitive: Cube.145
19:52:50 | INFO: Primitives created: 1
19:52:50 | INFO: Extracting primitive: COL_GATE_banana_planter.001
19:52:50 | INFO: Primitives created: 1
19:52:50 | INFO: Extracting primitive: KIT_rockery_passage.022
19:52:50 | INFO: Primitives created: 1
19:52:50 | INFO: Extracting primitive: KIT_rockery_passage.024
19:52:50 | INFO: Primitives created: 1
19:52:50 | INFO: Extracting primitive: KIT_rockery_cliff.006
19:52:50 | INFO: Primitives created: 1
19:52:50 | INFO: Extracting primitive: KIT_rockery_cliff.008
19:52:50 | INFO: Primitives created: 1
19:52:50 | INFO: Extracting primitive: KIT_rockery_passage.004
19:52:50 | INFO: Primitives created: 1
19:52:50 | INFO: Extracting primitive: KIT_rockery_passage.016
19:52:50 | INFO: Primitives created: 1
19:52:50 | INFO: Extracting primitive: KIT_rockery_passage.018
19:52:50 | INFO: Primitives created: 1
19:52:50 | INFO: Extracting primitive: KIT_rockery_passage.020
19:52:50 | INFO: Primitives created: 1
19:52:50 | INFO: Extracting primitive: GATE_paving.003
19:52:50 | INFO: Primitives created: 1
19:52:50 | INFO: Extracting primitive: COL_hengwu-yuan_floor.001
19:52:50 | INFO: Primitives created: 1
19:52:50 | INFO: Extracting primitive: COL_hengwu_approach.002
19:52:50 | INFO: Primitives created: 1
19:52:50 | INFO: Extracting primitive: COL_hengwu_approach.003
19:52:50 | INFO: Primitives created: 1
19:52:50 | INFO: Extracting primitive: COL_hengwu_closed_hall.002
19:52:50 | INFO: Primitives created: 1
19:52:50 | INFO: Extracting primitive: COL_hengwu_court.002
19:52:50 | INFO: Primitives created: 1
19:52:50 | INFO: Extracting primitive: COL_hengwu_hall_post.001
19:52:50 | INFO: Primitives created: 1
19:52:50 | INFO: Extracting primitive: COL_hengwu_hall_post.002
19:52:50 | INFO: Primitives created: 1
19:52:50 | INFO: Extracting primitive: COL_hengwu_hall_post.006
19:52:50 | INFO: Primitives created: 1
19:52:50 | INFO: Extracting primitive: COL_wall_bay.001
19:52:50 | INFO: Primitives created: 1
19:52:50 | INFO: Extracting primitive: COL_wall_bay.002
19:52:50 | INFO: Primitives created: 1
19:52:50 | INFO: Extracting primitive: COL_wall_bay.003
19:52:50 | INFO: Primitives created: 1
19:52:50 | INFO: Extracting primitive: COL_wall_bay.004
19:52:50 | INFO: Primitives created: 1
19:52:50 | INFO: Extracting primitive: COL_wall_bay.005
19:52:50 | INFO: Primitives created: 1
19:52:50 | INFO: Extracting primitive: COL_wall_bay.006
19:52:50 | INFO: Primitives created: 1
19:52:50 | INFO: Extracting primitive: KIT_wall_plaster.002
19:52:50 | INFO: Primitives created: 1
19:52:50 | INFO: Extracting primitive: COL_wall_window.001
19:52:50 | INFO: Primitives created: 1
19:52:50 | INFO: Extracting primitive: COL_wall_window.002
19:52:50 | INFO: Primitives created: 1
19:52:50 | INFO: Extracting primitive: COL_hengwu_rock.001
19:52:50 | INFO: Primitives created: 1
19:52:50 | INFO: Extracting primitive: COL_hengwu_rock.002
19:52:50 | INFO: Primitives created: 1
19:52:50 | INFO: Extracting primitive: COL_hengwu_rock.006
19:52:50 | INFO: Primitives created: 1
19:52:50 | INFO: Extracting primitive: COL_hengwu_stool.001
19:52:50 | INFO: Primitives created: 1
19:52:50 | INFO: Extracting primitive: COL_hengwu_stool.002
19:52:50 | INFO: Primitives created: 1
19:52:50 | INFO: Extracting primitive: COL_hengwu_stool.003
19:52:50 | INFO: Primitives created: 1
19:52:50 | INFO: Extracting primitive: COL_hengwu_stool.008
19:52:50 | INFO: Primitives created: 1
19:52:50 | INFO: Extracting primitive: COL_hengwu_table.002
19:52:50 | INFO: Primitives created: 1
19:52:50 | INFO: Extracting primitive: COL_longcui_approach.003
19:52:50 | INFO: Primitives created: 1
19:52:50 | INFO: Extracting primitive: COL_longcui_approach.004
19:52:50 | INFO: Primitives created: 1
19:52:50 | INFO: Extracting primitive: COL_longcui_approach.005
19:52:50 | INFO: Primitives created: 1
19:52:50 | INFO: Extracting primitive: COL_longcui_burner.001
19:52:50 | INFO: Primitives created: 1
19:52:50 | INFO: Extracting primitive: COL_longcui_closed_front.001
19:52:50 | INFO: Primitives created: 1
19:52:50 | INFO: Extracting primitive: COL_longcui_floor.001
19:52:50 | INFO: Primitives created: 1
19:52:50 | INFO: Extracting primitive: COL_longcui_plum_trunk.002
19:52:50 | INFO: Primitives created: 1
19:52:50 | INFO: Extracting primitive: COL_longcui_plum_trunk.003
19:52:50 | INFO: Primitives created: 1
19:52:50 | INFO: Extracting primitive: COL_longcui_return.002
19:52:50 | INFO: Primitives created: 1
19:52:50 | INFO: Extracting primitive: COL_longcui_return.003
19:52:50 | INFO: Primitives created: 1
19:52:50 | INFO: Extracting primitive: COL_longcui_threshold.001
19:52:50 | INFO: Primitives created: 1
19:52:50 | INFO: Extracting primitive: COL_ouxiang_approach.001
19:52:50 | INFO: Primitives created: 1
19:52:50 | INFO: Extracting primitive: COL_ouxiang_deck.001
19:52:50 | INFO: Primitives created: 1
19:52:50 | INFO: Extracting primitive: COL_ouxiang_post.004
19:52:50 | INFO: Primitives created: 1
19:52:50 | INFO: Extracting primitive: COL_ouxiang_post.005
19:52:50 | INFO: Primitives created: 1
19:52:50 | INFO: Extracting primitive: COL_ouxiang_post.006
19:52:50 | INFO: Primitives created: 1
19:52:50 | INFO: Extracting primitive: COL_ouxiang_post.007
19:52:50 | INFO: Primitives created: 1
19:52:50 | INFO: Extracting primitive: COL_ouxiang_rail.002
19:52:50 | INFO: Primitives created: 1
19:52:50 | INFO: Extracting primitive: COL_ouxiang_rail.003
19:52:50 | INFO: Primitives created: 1
19:52:50 | INFO: Extracting primitive: COL_ouxiang_side_rail.004
19:52:50 | INFO: Primitives created: 1
19:52:50 | INFO: Extracting primitive: COL_ouxiang_side_rail.005
19:52:50 | INFO: Primitives created: 1
19:52:50 | INFO: Extracting primitive: COL_ouxiang_side_rail.006
19:52:50 | INFO: Primitives created: 1
19:52:50 | INFO: Extracting primitive: COL_ouxiang_side_rail.007
19:52:50 | INFO: Primitives created: 1
19:52:50 | INFO: Extracting primitive: COL_ouxiang_table.001
19:52:50 | INFO: Primitives created: 1
19:52:50 | INFO: Extracting primitive: COL_corridor_floor.009
19:52:50 | INFO: Primitives created: 1
19:52:50 | INFO: Extracting primitive: COL_corridor_side.015
19:52:50 | INFO: Primitives created: 1
19:52:50 | INFO: Extracting primitive: COL_corridor_side.016
19:52:50 | INFO: Primitives created: 1
19:52:50 | INFO: Extracting primitive: COL_corridor_post.016
19:52:50 | INFO: Primitives created: 1
19:52:50 | INFO: Extracting primitive: COL_corridor_post.017
19:52:50 | INFO: Primitives created: 1
19:52:50 | INFO: Extracting primitive: COL_corridor_floor.010
19:52:50 | INFO: Primitives created: 1
19:52:50 | INFO: Extracting primitive: COL_corridor_side.017
19:52:50 | INFO: Primitives created: 1
19:52:50 | INFO: Extracting primitive: COL_corridor_side.018
19:52:50 | INFO: Primitives created: 1
19:52:50 | INFO: Extracting primitive: COL_corridor_post.018
19:52:50 | INFO: Primitives created: 1
19:52:50 | INFO: Extracting primitive: COL_corridor_post.019
19:52:50 | INFO: Primitives created: 1
19:52:50 | INFO: Extracting primitive: COL_corridor_floor.011
19:52:50 | INFO: Primitives created: 1
19:52:50 | INFO: Extracting primitive: COL_corridor_side.019
19:52:50 | INFO: Primitives created: 1
19:52:50 | INFO: Extracting primitive: COL_corridor_side.020
19:52:50 | INFO: Primitives created: 1
19:52:50 | INFO: Extracting primitive: COL_corridor_post.020
19:52:50 | INFO: Primitives created: 1
19:52:50 | INFO: Extracting primitive: COL_corridor_post.021
19:52:50 | INFO: Primitives created: 1
19:52:50 | INFO: Extracting primitive: COL_corridor_floor.012
19:52:50 | INFO: Primitives created: 1
19:52:50 | INFO: Extracting primitive: COL_corridor_side.021
19:52:50 | INFO: Primitives created: 1
19:52:50 | INFO: Extracting primitive: COL_corridor_side.022
19:52:50 | INFO: Primitives created: 1
19:52:50 | INFO: Extracting primitive: COL_corridor_post.022
19:52:50 | INFO: Primitives created: 1
19:52:50 | INFO: Extracting primitive: COL_corridor_post.023
19:52:50 | INFO: Primitives created: 1
19:52:50 | INFO: Extracting primitive: COL_corridor_floor.001
19:52:50 | INFO: Primitives created: 1
19:52:50 | INFO: Extracting primitive: COL_corridor_side.001
19:52:50 | INFO: Primitives created: 1
19:52:50 | INFO: Extracting primitive: COL_corridor_side.002
19:52:50 | INFO: Primitives created: 1
19:52:50 | INFO: Extracting primitive: COL_corridor_post.001
19:52:50 | INFO: Primitives created: 1
19:52:50 | INFO: Extracting primitive: COL_corridor_post.002
19:52:50 | INFO: Primitives created: 1
19:52:50 | INFO: Extracting primitive: COL_corridor_floor.002
19:52:50 | INFO: Primitives created: 1
19:52:50 | INFO: Extracting primitive: COL_corridor_side.003
19:52:50 | INFO: Primitives created: 1
19:52:50 | INFO: Extracting primitive: COL_corridor_side.004
19:52:50 | INFO: Primitives created: 1
19:52:50 | INFO: Extracting primitive: COL_corridor_post.003
19:52:50 | INFO: Primitives created: 1
19:52:50 | INFO: Extracting primitive: COL_corridor_post.004
19:52:50 | INFO: Primitives created: 1
19:52:50 | INFO: Extracting primitive: COL_corridor_floor.003
19:52:50 | INFO: Primitives created: 1
19:52:50 | INFO: Extracting primitive: COL_corridor_side.005
19:52:50 | INFO: Primitives created: 1
19:52:50 | INFO: Extracting primitive: COL_corridor_side.006
19:52:50 | INFO: Primitives created: 1
19:52:50 | INFO: Extracting primitive: COL_corridor_post.005
19:52:50 | INFO: Primitives created: 1
19:52:50 | INFO: Extracting primitive: COL_corridor_post.006
19:52:50 | INFO: Primitives created: 1
19:52:50 | INFO: Extracting primitive: COL_corridor_floor.004
19:52:50 | INFO: Primitives created: 1
19:52:50 | INFO: Extracting primitive: COL_corridor_side.007
19:52:50 | INFO: Primitives created: 1
19:52:50 | INFO: Extracting primitive: COL_corridor_side.008
19:52:50 | INFO: Primitives created: 1
19:52:50 | INFO: Extracting primitive: COL_corridor_post.007
19:52:50 | INFO: Primitives created: 1
19:52:50 | INFO: Extracting primitive: COL_corridor_post.008
19:52:50 | INFO: Primitives created: 1
19:52:50 | INFO: Extracting primitive: COL_corridor_floor.005
19:52:50 | INFO: Primitives created: 1
19:52:50 | INFO: Extracting primitive: COL_corridor_side.009
19:52:50 | INFO: Primitives created: 1
19:52:50 | INFO: Extracting primitive: COL_corridor_side.010
19:52:50 | INFO: Primitives created: 1
19:52:50 | INFO: Extracting primitive: COL_corridor_post.009
19:52:50 | INFO: Primitives created: 1
19:52:50 | INFO: Extracting primitive: COL_corridor_post.010
19:52:50 | INFO: Primitives created: 1
19:52:50 | INFO: Extracting primitive: COL_corridor_floor.006
19:52:50 | INFO: Primitives created: 1
19:52:50 | INFO: Extracting primitive: COL_corridor_side.011
19:52:50 | INFO: Primitives created: 1
19:52:50 | INFO: Extracting primitive: COL_corridor_post.011
19:52:50 | INFO: Primitives created: 1
19:52:50 | INFO: Extracting primitive: COL_corridor_post.012
19:52:50 | INFO: Primitives created: 1
19:52:50 | INFO: Extracting primitive: COL_corridor_floor.007
19:52:50 | INFO: Primitives created: 1
19:52:50 | INFO: Extracting primitive: COL_corridor_side.012
19:52:50 | INFO: Primitives created: 1
19:52:50 | INFO: Extracting primitive: COL_corridor_post.013
19:52:50 | INFO: Primitives created: 1
19:52:50 | INFO: Extracting primitive: COL_corridor_floor.008
19:52:50 | INFO: Primitives created: 1
19:52:50 | INFO: Extracting primitive: COL_corridor_side.013
19:52:50 | INFO: Primitives created: 1
19:52:50 | INFO: Extracting primitive: COL_corridor_side.014
19:52:50 | INFO: Primitives created: 1
19:52:50 | INFO: Extracting primitive: COL_corridor_post.014
19:52:50 | INFO: Primitives created: 1
19:52:50 | INFO: Extracting primitive: COL_corridor_post.015
19:52:50 | INFO: Primitives created: 1
19:52:50 | INFO: Extracting primitive: COL_corridor_floor.013
19:52:50 | INFO: Primitives created: 1
19:52:50 | INFO: Extracting primitive: COL_corridor_side.023
19:52:50 | INFO: Primitives created: 1
19:52:50 | INFO: Extracting primitive: COL_corridor_side.024
19:52:50 | INFO: Primitives created: 1
19:52:50 | INFO: Extracting primitive: COL_corridor_post.024
19:52:50 | INFO: Primitives created: 1
19:52:50 | INFO: Extracting primitive: COL_corridor_post.025
19:52:50 | INFO: Primitives created: 1
19:52:50 | INFO: Extracting primitive: COL_corridor_floor.014
19:52:50 | INFO: Primitives created: 1
19:52:50 | INFO: Extracting primitive: COL_corridor_side.025
19:52:50 | INFO: Primitives created: 1
19:52:50 | INFO: Extracting primitive: COL_corridor_side.026
19:52:50 | INFO: Primitives created: 1
19:52:50 | INFO: Extracting primitive: COL_corridor_post.026
19:52:50 | INFO: Primitives created: 1
19:52:50 | INFO: Extracting primitive: COL_corridor_post.027
19:52:50 | INFO: Primitives created: 1
19:52:50 | INFO: Extracting primitive: COL_corridor_floor.015
19:52:50 | INFO: Primitives created: 1
19:52:50 | INFO: Extracting primitive: COL_corridor_side.027
19:52:50 | INFO: Primitives created: 1
19:52:50 | INFO: Extracting primitive: COL_corridor_side.028
19:52:50 | INFO: Primitives created: 1
19:52:50 | INFO: Extracting primitive: COL_corridor_post.028
19:52:50 | INFO: Primitives created: 1
19:52:50 | INFO: Extracting primitive: COL_corridor_post.029
19:52:50 | INFO: Primitives created: 1
19:52:50 | INFO: Extracting primitive: COL_corridor_floor.016
19:52:50 | INFO: Primitives created: 1
19:52:50 | INFO: Extracting primitive: COL_corridor_side.029
19:52:50 | INFO: Primitives created: 1
19:52:50 | INFO: Extracting primitive: COL_corridor_side.030
19:52:50 | INFO: Primitives created: 1
19:52:50 | INFO: Extracting primitive: COL_corridor_post.030
19:52:50 | INFO: Primitives created: 1
19:52:50 | INFO: Extracting primitive: COL_corridor_post.031
19:52:50 | INFO: Primitives created: 1
19:52:50 | INFO: Extracting primitive: COL_qinfang_deck.001
19:52:50 | INFO: Primitives created: 1
19:52:50 | INFO: Extracting primitive: COL_pavilion_bench.001
19:52:50 | INFO: Primitives created: 1
19:52:50 | INFO: Extracting primitive: COL_pavilion_bench.002
19:52:50 | INFO: Primitives created: 1
19:52:50 | INFO: Extracting primitive: COL_pavilion_bracket.001
19:52:50 | INFO: Primitives created: 1
19:52:50 | INFO: Extracting primitive: COL_pavilion_bracket.002
19:52:50 | INFO: Primitives created: 1
19:52:50 | INFO: Extracting primitive: COL_pavilion_bracket.003
19:52:50 | INFO: Primitives created: 1
19:52:50 | INFO: Extracting primitive: COL_pavilion_bracket.004
19:52:50 | INFO: Primitives created: 1
19:52:50 | INFO: Extracting primitive: COL_pavilion_bracket.005
19:52:50 | INFO: Primitives created: 1
19:52:50 | INFO: Extracting primitive: COL_pavilion_bracket.006
19:52:50 | INFO: Primitives created: 1
19:52:50 | INFO: Extracting primitive: COL_pavilion_post.001
19:52:50 | INFO: Primitives created: 1
19:52:50 | INFO: Extracting primitive: COL_pavilion_post.002
19:52:50 | INFO: Primitives created: 1
19:52:50 | INFO: Extracting primitive: COL_pavilion_post.003
19:52:50 | INFO: Primitives created: 1
19:52:50 | INFO: Extracting primitive: COL_pavilion_post.004
19:52:50 | INFO: Primitives created: 1
19:52:50 | INFO: Extracting primitive: COL_pavilion_post.005
19:52:50 | INFO: Primitives created: 1
19:52:50 | INFO: Extracting primitive: COL_pavilion_post.006
19:52:50 | INFO: Primitives created: 1
19:52:50 | INFO: Extracting primitive: COL_pavilion_roof.001
19:52:50 | INFO: Primitives created: 1
19:52:50 | INFO: Extracting primitive: COL_qiushuang-zhai_floor.001
19:52:50 | INFO: Primitives created: 1
19:52:50 | INFO: Extracting primitive: Cube.009
19:52:50 | INFO: Primitives created: 1
19:52:50 | INFO: Extracting primitive: Cube.011
19:52:50 | INFO: Primitives created: 1
19:52:50 | INFO: Extracting primitive: Cube.012
19:52:50 | INFO: Primitives created: 1
19:52:50 | INFO: Extracting primitive: Cube.013
19:52:50 | INFO: Primitives created: 1
19:52:50 | INFO: Extracting primitive: Cube.019
19:52:50 | INFO: Primitives created: 1
19:52:50 | INFO: Extracting primitive: Cube.020
19:52:50 | INFO: Primitives created: 1
19:52:50 | INFO: Extracting primitive: Cube.023
19:52:50 | INFO: Primitives created: 1
19:52:50 | INFO: Extracting primitive: Cube.024
19:52:50 | INFO: Primitives created: 1
19:52:50 | INFO: Extracting primitive: Cube.048
19:52:50 | INFO: Primitives created: 1
19:52:50 | INFO: Extracting primitive: Cube.050
19:52:50 | INFO: Primitives created: 1
19:52:50 | INFO: Extracting primitive: Cube.052
19:52:50 | INFO: Primitives created: 1
19:52:50 | INFO: Extracting primitive: Cube.092
19:52:50 | INFO: Primitives created: 1
19:52:50 | INFO: Extracting primitive: Cube.093
19:52:50 | INFO: Primitives created: 1
19:52:50 | INFO: Extracting primitive: Cube.094
19:52:50 | INFO: Primitives created: 1
19:52:50 | INFO: Extracting primitive: Cube.095
19:52:50 | INFO: Primitives created: 1
19:52:50 | INFO: Extracting primitive: Cube.096
19:52:50 | INFO: Primitives created: 1
19:52:50 | INFO: Extracting primitive: Cube.097
19:52:50 | INFO: Primitives created: 1
19:52:50 | INFO: Extracting primitive: Cube.098
19:52:50 | INFO: Primitives created: 1
19:52:50 | INFO: Extracting primitive: Cube.099
19:52:50 | INFO: Primitives created: 1
19:52:50 | INFO: Extracting primitive: Cube.100
19:52:50 | INFO: Primitives created: 1
19:52:50 | INFO: Extracting primitive: Cube.101
19:52:50 | INFO: Primitives created: 1
19:52:50 | INFO: Extracting primitive: Cube.102
19:52:50 | INFO: Primitives created: 1
19:52:50 | INFO: Extracting primitive: Cube.103
19:52:50 | INFO: Primitives created: 1
19:52:50 | INFO: Extracting primitive: Cube.104
19:52:50 | INFO: Primitives created: 1
19:52:50 | INFO: Extracting primitive: Cube.105
19:52:50 | INFO: Primitives created: 1
19:52:50 | INFO: Extracting primitive: Cube.106
19:52:50 | INFO: Primitives created: 1
19:52:50 | INFO: Extracting primitive: Cube.107
19:52:50 | INFO: Primitives created: 1
19:52:50 | INFO: Extracting primitive: Cube.108
19:52:50 | INFO: Primitives created: 1
19:52:50 | INFO: Extracting primitive: Cube.109
19:52:50 | INFO: Primitives created: 1
19:52:50 | INFO: Extracting primitive: Cube.110
19:52:50 | INFO: Primitives created: 1
19:52:50 | INFO: Extracting primitive: Cube.111
19:52:50 | INFO: Primitives created: 1
19:52:50 | INFO: Extracting primitive: Cube.112
19:52:50 | INFO: Primitives created: 1
19:52:50 | INFO: Extracting primitive: Cube.113
19:52:50 | INFO: Primitives created: 1
19:52:50 | INFO: Extracting primitive: Cube.114
19:52:50 | INFO: Primitives created: 1
19:52:50 | INFO: Extracting primitive: Cube.115
19:52:50 | INFO: Primitives created: 1
19:52:50 | INFO: Extracting primitive: Cube.116
19:52:50 | INFO: Primitives created: 1
19:52:50 | INFO: Extracting primitive: Cube.117
19:52:50 | INFO: Primitives created: 1
19:52:50 | INFO: Extracting primitive: Cube.118
19:52:50 | INFO: Primitives created: 1
19:52:50 | INFO: Extracting primitive: Cube.119
19:52:50 | INFO: Primitives created: 1
19:52:50 | INFO: Extracting primitive: Cube.120
19:52:50 | INFO: Primitives created: 1
19:52:50 | INFO: Extracting primitive: Cube.121
19:52:50 | INFO: Primitives created: 1
19:52:50 | INFO: Extracting primitive: Cube.122
19:52:50 | INFO: Primitives created: 1
19:52:50 | INFO: Extracting primitive: Cube.123
19:52:50 | INFO: Primitives created: 1
19:52:50 | INFO: Extracting primitive: Cube.124
19:52:50 | INFO: Primitives created: 1
19:52:50 | INFO: Extracting primitive: Cube.125
19:52:50 | INFO: Primitives created: 1
19:52:50 | INFO: Extracting primitive: Cube.126
19:52:50 | INFO: Primitives created: 1
19:52:50 | INFO: Extracting primitive: Cube.127
19:52:50 | INFO: Primitives created: 1
19:52:50 | INFO: Extracting primitive: Cube.128
19:52:50 | INFO: Primitives created: 1
19:52:50 | INFO: Extracting primitive: Cube.129
19:52:50 | INFO: Primitives created: 1
19:52:50 | INFO: Extracting primitive: Cube.130
19:52:50 | INFO: Primitives created: 1
19:52:50 | INFO: Extracting primitive: Cube.131
19:52:50 | INFO: Primitives created: 1
19:52:50 | INFO: Extracting primitive: Cube.132
19:52:50 | INFO: Primitives created: 1
19:52:50 | INFO: Extracting primitive: Cube.133
19:52:50 | INFO: Primitives created: 1
19:52:50 | INFO: Extracting primitive: Cube.134
19:52:50 | INFO: Primitives created: 1
19:52:50 | INFO: Extracting primitive: Cube.135
19:52:50 | INFO: Primitives created: 1
19:52:50 | INFO: Extracting primitive: Cube.136
19:52:50 | INFO: Primitives created: 1
19:52:50 | INFO: Extracting primitive: Cube.137
19:52:50 | INFO: Primitives created: 1
19:52:50 | INFO: Extracting primitive: Cube.138
19:52:50 | INFO: Primitives created: 1
19:52:50 | INFO: Extracting primitive: Cube.139
19:52:50 | INFO: Primitives created: 1
19:52:50 | INFO: Extracting primitive: Cube.140
19:52:50 | INFO: Primitives created: 1
19:52:50 | INFO: Extracting primitive: Cube.141
19:52:50 | INFO: Primitives created: 1
19:52:50 | INFO: Extracting primitive: Cube.142
19:52:50 | INFO: Primitives created: 1
19:52:50 | INFO: Extracting primitive: Cube.143
19:52:50 | INFO: Primitives created: 1
19:52:50 | INFO: Extracting primitive: Cube.144
19:52:50 | INFO: Primitives created: 1
19:52:50 | INFO: Extracting primitive: Cube.193
19:52:50 | INFO: Primitives created: 1
19:52:50 | INFO: Extracting primitive: Cube.194
19:52:50 | INFO: Primitives created: 1
19:52:50 | INFO: Extracting primitive: Cube.195
19:52:50 | INFO: Primitives created: 1
19:52:50 | INFO: Extracting primitive: Cube.196
19:52:50 | INFO: Primitives created: 1
19:52:50 | INFO: Extracting primitive: Cube.197
19:52:50 | INFO: Primitives created: 1
19:52:50 | INFO: Extracting primitive: Cube.198
19:52:50 | INFO: Primitives created: 1
19:52:50 | INFO: Extracting primitive: Cube.199
19:52:50 | INFO: Primitives created: 1
19:52:50 | INFO: Extracting primitive: Cube.200
19:52:50 | INFO: Primitives created: 1
19:52:50 | INFO: Extracting primitive: COL_stone_walk.005
19:52:50 | INFO: Primitives created: 1
19:52:50 | INFO: Extracting primitive: COL_stone_walk.008
19:52:50 | INFO: Primitives created: 1
19:52:50 | INFO: Extracting primitive: COL_stone_walk.009
19:52:50 | INFO: Primitives created: 1
19:52:50 | INFO: Extracting primitive: COL_stone_walk.010
19:52:50 | INFO: Primitives created: 1
19:52:50 | INFO: Extracting primitive: COL_stone_walk.011
19:52:50 | INFO: Primitives created: 1
19:52:50 | INFO: Extracting primitive: COL_stone_walk.012
19:52:50 | INFO: Primitives created: 1
19:52:50 | INFO: Extracting primitive: COL_study_approach.002
19:52:50 | INFO: Primitives created: 1
19:52:50 | INFO: Extracting primitive: COL_study_desk_centre.002
19:52:50 | INFO: Primitives created: 1
19:52:50 | INFO: Extracting primitive: COL_study_desk_left.002
19:52:50 | INFO: Primitives created: 1
19:52:50 | INFO: Extracting primitive: COL_study_desk_right.002
19:52:50 | INFO: Primitives created: 1
19:52:50 | INFO: Extracting primitive: COL_study_front_walk.002
19:52:50 | INFO: Primitives created: 1
19:52:50 | INFO: Extracting primitive: COL_study_front_wall.002
19:52:50 | INFO: Primitives created: 1
19:52:50 | INFO: Extracting primitive: COL_study_post.001
19:52:50 | INFO: Primitives created: 1
19:52:50 | INFO: Extracting primitive: COL_study_post.002
19:52:50 | INFO: Primitives created: 1
19:52:50 | INFO: Extracting primitive: COL_study_post.003
19:52:50 | INFO: Primitives created: 1
19:52:50 | INFO: Extracting primitive: COL_study_post.008
19:52:50 | INFO: Primitives created: 1
19:52:50 | INFO: Extracting primitive: Cube.151
19:52:50 | INFO: Primitives created: 1
19:52:50 | INFO: Extracting primitive: Cube.152
19:52:50 | INFO: Primitives created: 1
19:52:50 | INFO: Extracting primitive: Cube.153
19:52:50 | INFO: Primitives created: 1
19:52:50 | INFO: Extracting primitive: Cube.154
19:52:50 | INFO: Primitives created: 1
19:52:50 | INFO: Extracting primitive: Cube.155
19:52:50 | INFO: Primitives created: 1
19:52:50 | INFO: Extracting primitive: Cube.156
19:52:50 | INFO: Primitives created: 1
19:52:50 | INFO: Extracting primitive: Cube.157
19:52:50 | INFO: Primitives created: 1
19:52:50 | INFO: Extracting primitive: Cube.158
19:52:50 | INFO: Primitives created: 1
19:52:50 | INFO: Extracting primitive: Cube.159
19:52:50 | INFO: Primitives created: 1
19:52:50 | INFO: Extracting primitive: Cube.160
19:52:50 | INFO: Primitives created: 1
19:52:50 | INFO: Extracting primitive: Cube.161
19:52:50 | INFO: Primitives created: 1
19:52:50 | INFO: Extracting primitive: Cube.162
19:52:50 | INFO: Primitives created: 1
19:52:50 | INFO: Extracting primitive: Cube.163
19:52:50 | INFO: Primitives created: 1
19:52:50 | INFO: Extracting primitive: Cube.164
19:52:50 | INFO: Primitives created: 1
19:52:50 | INFO: Extracting primitive: Cube.165
19:52:50 | INFO: Primitives created: 1
19:52:50 | INFO: Extracting primitive: Cube.166
19:52:50 | INFO: Primitives created: 1
19:52:50 | INFO: Extracting primitive: Cube.167
19:52:50 | INFO: Primitives created: 1
19:52:50 | INFO: Extracting primitive: Cube.168
19:52:50 | INFO: Primitives created: 1
19:52:50 | INFO: Extracting primitive: Cube.169
19:52:50 | INFO: Primitives created: 1
19:52:50 | INFO: Extracting primitive: Cube.170
19:52:50 | INFO: Primitives created: 1
19:52:50 | INFO: Extracting primitive: Cube.171
19:52:50 | INFO: Primitives created: 1
19:52:50 | INFO: Extracting primitive: Cube.172
19:52:50 | INFO: Primitives created: 1
19:52:50 | INFO: Extracting primitive: Cube.173
19:52:50 | INFO: Primitives created: 1
19:52:50 | INFO: Extracting primitive: Cube.174
19:52:50 | INFO: Primitives created: 1
19:52:50 | INFO: Extracting primitive: Cube.175
19:52:50 | INFO: Primitives created: 1
19:52:50 | INFO: Extracting primitive: Cube.176
19:52:50 | INFO: Primitives created: 1
19:52:50 | INFO: Extracting primitive: Cube.177
19:52:50 | INFO: Primitives created: 1
19:52:50 | INFO: Extracting primitive: Cube.178
19:52:50 | INFO: Primitives created: 1
19:52:50 | INFO: Extracting primitive: Cube.179
19:52:50 | INFO: Primitives created: 1
19:52:50 | INFO: Extracting primitive: Cube.180
19:52:50 | INFO: Primitives created: 1
19:52:50 | INFO: Extracting primitive: Cube.201
19:52:50 | INFO: Primitives created: 1
19:52:50 | INFO: Extracting primitive: Cube.202
19:52:50 | INFO: Primitives created: 1
19:52:50 | INFO: Extracting primitive: Cube.203
19:52:50 | INFO: Primitives created: 1
19:52:50 | INFO: Extracting primitive: Cube.181
19:52:50 | INFO: Primitives created: 1
19:52:50 | INFO: Extracting primitive: Cube.182
19:52:50 | INFO: Primitives created: 1
19:52:50 | INFO: Extracting primitive: Cube.183
19:52:50 | INFO: Primitives created: 1
19:52:50 | INFO: Extracting primitive: Cube.184
19:52:50 | INFO: Primitives created: 1
19:52:50 | INFO: Extracting primitive: Cube.185
19:52:50 | INFO: Primitives created: 1
19:52:50 | INFO: Extracting primitive: Cube.186
19:52:50 | INFO: Primitives created: 1
19:52:50 | INFO: Extracting primitive: Cube.187
19:52:50 | INFO: Primitives created: 1
19:52:50 | INFO: Extracting primitive: Cube.188
19:52:50 | INFO: Primitives created: 1
19:52:50 | INFO: Extracting primitive: Cube.189
19:52:50 | INFO: Primitives created: 1
19:52:50 | INFO: Extracting primitive: Cube.190
19:52:50 | INFO: Primitives created: 1
19:52:50 | INFO: Extracting primitive: Cube.191
19:52:50 | INFO: Primitives created: 1
19:52:50 | INFO: Extracting primitive: Cube.192
19:52:50 | INFO: Primitives created: 1
19:52:50 | INFO: Extracting primitive: COL_tubi-tang_floor.001
19:52:50 | INFO: Primitives created: 1
19:52:50 | INFO: Extracting primitive: COL_tubi_approach.001
19:52:50 | INFO: Primitives created: 1
19:52:50 | INFO: Extracting primitive: COL_tubi_approach.002
19:52:50 | INFO: Primitives created: 1
19:52:50 | INFO: Extracting primitive: COL_tubi_approach.007
19:52:50 | INFO: Primitives created: 1
19:52:50 | INFO: Extracting primitive: COL_tubi_approach.008
19:52:50 | INFO: Primitives created: 1
19:52:50 | INFO: Extracting primitive: COL_tubi_closed_hall.002
19:52:50 | INFO: Primitives created: 1
19:52:50 | INFO: Extracting primitive: COL_tubi_hall_post.001
19:52:50 | INFO: Primitives created: 1
19:52:50 | INFO: Extracting primitive: COL_tubi_hall_post.002
19:52:50 | INFO: Primitives created: 1
19:52:50 | INFO: Extracting primitive: COL_tubi_hall_post.006
19:52:50 | INFO: Primitives created: 1
19:52:50 | INFO: Extracting primitive: COL_tubi_parapet.001
19:52:50 | INFO: Primitives created: 1
19:52:50 | INFO: Extracting primitive: COL_tubi_parapet.002
19:52:50 | INFO: Primitives created: 1
19:52:50 | INFO: Extracting primitive: COL_tubi_parapet.003
19:52:50 | INFO: Primitives created: 1
19:52:50 | INFO: Extracting primitive: COL_tubi_parapet.008
19:52:50 | INFO: Primitives created: 1
19:52:50 | INFO: Extracting primitive: COL_tubi_stair_guard.001
19:52:50 | INFO: Primitives created: 1
19:52:50 | INFO: Extracting primitive: COL_tubi_stair_guard.004
19:52:50 | INFO: Primitives created: 1
19:52:50 | INFO: Extracting primitive: COL_tubi_stair_ramp.002
19:52:50 | INFO: Primitives created: 1
19:52:50 | INFO: Extracting primitive: COL_tubi_terrace.002
19:52:50 | INFO: Primitives created: 1
19:52:50 | INFO: Extracting primitive: COL_tubi_topic_table.002
19:52:50 | INFO: Primitives created: 1
19:52:50 | INFO: Extracting primitive: COL_tubi_view_bench_left.001
19:52:50 | INFO: Primitives created: 1
19:52:50 | INFO: Extracting primitive: COL_tubi_view_bench_right.001
19:52:50 | INFO: Primitives created: 1
19:52:50 | INFO: Extracting primitive: COL_water_bridge_side.001
19:52:50 | INFO: Primitives created: 1
19:52:50 | INFO: Extracting primitive: COL_water_bridge_side.004
19:52:50 | INFO: Primitives created: 1
19:52:50 | INFO: Extracting primitive: COL_water_bridge_deck.002
19:52:50 | INFO: Primitives created: 1
19:52:50 | INFO: Extracting primitive: COL_xiaoxiang_bamboo_bed.004
19:52:50 | INFO: Primitives created: 1
19:52:50 | INFO: Extracting primitive: COL_xiaoxiang_bamboo_bed.005
19:52:50 | INFO: Primitives created: 1
19:52:50 | INFO: Extracting primitive: COL_xiaoxiang_bamboo_bed.006
19:52:50 | INFO: Primitives created: 1
19:52:50 | INFO: Extracting primitive: COL_xiaoxiang_bamboo_bed.007
19:52:50 | INFO: Primitives created: 1
19:52:50 | INFO: Extracting primitive: COL_xiaoxiang_closed_front.001
19:52:50 | INFO: Primitives created: 1
19:52:50 | INFO: Extracting primitive: COL_xiaoxiang_floor.001
19:52:50 | INFO: Primitives created: 1
19:52:50 | INFO: Extracting primitive: COL_xiaoxiang_return.002
19:52:50 | INFO: Primitives created: 1
19:52:50 | INFO: Extracting primitive: COL_xiaoxiang_return.003
19:52:50 | INFO: Primitives created: 1
19:52:50 | INFO: Extracting primitive: COL_xiaoxiang_threshold.001
19:52:50 | INFO: Primitives created: 1
19:52:50 | INFO: Extracting primitive: COL_yihong_closed_front.002
19:52:50 | INFO: Primitives created: 1
19:52:50 | INFO: Extracting primitive: COL_yihong_court_side.001
19:52:50 | INFO: Primitives created: 1
19:52:50 | INFO: Extracting primitive: COL_yihong_court_side.004
19:52:50 | INFO: Primitives created: 1
19:52:50 | INFO: Extracting primitive: COL_yihong_floor.002
19:52:50 | INFO: Primitives created: 1
19:52:50 | INFO: Extracting primitive: COL_yihong_planter.001
19:52:50 | INFO: Primitives created: 1
19:52:50 | INFO: Extracting primitive: COL_yihong_planter.004
19:52:50 | INFO: Primitives created: 1
19:52:50 | INFO: Extracting primitive: COL_yihong_side_return.001
19:52:50 | INFO: Primitives created: 1
19:52:50 | INFO: Extracting primitive: COL_yihong_side_return.004
19:52:50 | INFO: Primitives created: 1
19:52:50 | INFO: Extracting primitive: COL_yihong_threshold.002
19:52:50 | INFO: Primitives created: 1
19:52:50 | INFO: Extracting primitive: COL_ziling_landing.001
19:52:50 | INFO: Primitives created: 1
19:52:50 | INFO: Extracting primitive: HERO_aojing-guan_title.002
19:52:51 | WARNING: More than one shader node tex image used for a texture. The resulting glTF sampler will behave like the first shader node tex image.
19:52:51 | INFO: Primitives created: 1
19:52:51 | INFO: Extracting primitive: HERO_daguan_title.001
19:52:51 | WARNING: More than one shader node tex image used for a texture. The resulting glTF sampler will behave like the first shader node tex image.
19:52:51 | INFO: Primitives created: 1
19:52:51 | INFO: Extracting primitive: HERO_daoxiang-cun_title.002
19:52:51 | WARNING: More than one shader node tex image used for a texture. The resulting glTF sampler will behave like the first shader node tex image.
19:52:51 | INFO: Primitives created: 1
19:52:51 | INFO: Extracting primitive: KIT_flora_plum_render.001
19:52:51 | WARNING: More than one shader node tex image used for a texture. The resulting glTF sampler will behave like the first shader node tex image.
19:52:51 | INFO: Primitives created: 1
19:52:51 | INFO: Extracting primitive: KIT_flora_plum_render.002
19:52:51 | INFO: Primitives created: 1
19:52:51 | INFO: Extracting primitive: KIT_flora_bamboo_large_render.001
19:52:51 | INFO: Primitives created: 1
19:52:51 | INFO: Extracting primitive: KIT_flora_bamboo_large_render.002
19:52:51 | INFO: Primitives created: 1
19:52:51 | INFO: Extracting primitive: KIT_flora_bamboo_small_render.001
19:52:51 | INFO: Primitives created: 1
19:52:51 | INFO: Extracting primitive: KIT_flora_willow_render.001
19:52:51 | INFO: Primitives created: 1
19:52:51 | INFO: Extracting primitive: KIT_flora_willow_render.002
19:52:51 | INFO: Primitives created: 1
19:52:51 | INFO: Extracting primitive: KIT_flora_bamboo_large_render.003
19:52:51 | INFO: Primitives created: 1
19:52:51 | INFO: Extracting primitive: KIT_flora_bamboo_medium_render.001
19:52:51 | INFO: Primitives created: 1
19:52:51 | INFO: Extracting primitive: KIT_flora_bamboo_small_render.002
19:52:51 | INFO: Primitives created: 1
19:52:51 | INFO: Extracting primitive: KIT_flora_bamboo_large_render.004
19:52:51 | INFO: Primitives created: 1
19:52:51 | INFO: Extracting primitive: KIT_flora_banana_render.001
19:52:51 | INFO: Primitives created: 1
19:52:51 | INFO: Extracting primitive: KIT_flora_banana_render.002
19:52:51 | INFO: Primitives created: 1
19:52:51 | INFO: Extracting primitive: KIT_flora_reed_render.001
19:52:51 | INFO: Primitives created: 1
19:52:51 | INFO: Extracting primitive: KIT_flora_reed_render.002
19:52:51 | INFO: Primitives created: 1
19:52:51 | INFO: Extracting primitive: KIT_flora_reed_render.003
19:52:51 | INFO: Primitives created: 1
19:52:51 | INFO: Extracting primitive: KIT_flora_reed_render.004
19:52:51 | INFO: Primitives created: 1
19:52:51 | INFO: Extracting primitive: KIT_flora_reed_render.005
19:52:51 | INFO: Primitives created: 1
19:52:51 | INFO: Extracting primitive: KIT_flora_reed_render.006
19:52:51 | INFO: Primitives created: 1
19:52:51 | INFO: Extracting primitive: KIT_flora_reed_render.007
19:52:51 | INFO: Primitives created: 1
19:52:51 | INFO: Extracting primitive: KIT_flora_reed_render.008
19:52:51 | INFO: Primitives created: 1
19:52:51 | INFO: Extracting primitive: KIT_flora_reed_render.009
19:52:51 | INFO: Primitives created: 1
19:52:51 | INFO: Extracting primitive: KIT_flora_reed_render.010
19:52:51 | INFO: Primitives created: 1
19:52:51 | INFO: Extracting primitive: HERO_gate_inscription.001
19:52:51 | WARNING: More than one shader node tex image used for a texture. The resulting glTF sampler will behave like the first shader node tex image.
19:52:51 | INFO: Primitives created: 1
19:52:51 | INFO: Extracting primitive: HERO_gate_water_drips.001
19:52:51 | WARNING: More than one shader node tex image used for a texture. The resulting glTF sampler will behave like the first shader node tex image.
19:52:51 | INFO: Primitives created: 1
19:52:51 | INFO: Extracting primitive: HERO_hengwu-yuan_title.002
19:52:51 | WARNING: More than one shader node tex image used for a texture. The resulting glTF sampler will behave like the first shader node tex image.
19:52:51 | INFO: Primitives created: 1
19:52:51 | INFO: Extracting primitive: HERO_longcui-an_title.002
19:52:51 | WARNING: More than one shader node tex image used for a texture. The resulting glTF sampler will behave like the first shader node tex image.
19:52:51 | INFO: Primitives created: 1
19:52:51 | INFO: Extracting primitive: HERO_qinfang-ting_title.002
19:52:51 | WARNING: More than one shader node tex image used for a texture. The resulting glTF sampler will behave like the first shader node tex image.
19:52:51 | INFO: Primitives created: 1
19:52:51 | INFO: Extracting primitive: HERO_qinfang_bridge.001
19:52:51 | INFO: Primitives created: 1
19:52:51 | INFO: Extracting primitive: HERO_study_scroll_bamboo.002
19:52:51 | INFO: Primitives created: 1
19:52:51 | INFO: Extracting primitive: HERO_study_scroll_plum.002
19:52:51 | INFO: Primitives created: 1
19:52:51 | INFO: Extracting primitive: HERO_study_title.002
19:52:51 | WARNING: More than one shader node tex image used for a texture. The resulting glTF sampler will behave like the first shader node tex image.
19:52:51 | INFO: Primitives created: 1
19:52:51 | INFO: Extracting primitive: HERO_table_hexagram.001
19:52:51 | INFO: Primitives created: 1
19:52:51 | INFO: Extracting primitive: line_piece.005
19:52:51 | WARNING: More than one shader node tex image used for a texture. The resulting glTF sampler will behave like the first shader node tex image.
19:52:51 | INFO: Primitives created: 1
19:52:51 | INFO: Extracting primitive: line_piece.002
19:52:51 | INFO: Primitives created: 1
19:52:51 | INFO: Extracting primitive: line_piece.011
19:52:51 | INFO: Primitives created: 1
19:52:51 | INFO: Extracting primitive: line_piece.008
19:52:51 | INFO: Primitives created: 1
19:52:51 | INFO: Extracting primitive: line_piece.017
19:52:51 | INFO: Primitives created: 1
19:52:51 | INFO: Extracting primitive: line_piece.014
19:52:51 | INFO: Primitives created: 1
19:52:51 | INFO: Extracting primitive: line_piece.019
19:52:51 | INFO: Primitives created: 1
19:52:51 | INFO: Extracting primitive: line_piece.018
19:52:51 | INFO: Primitives created: 1
19:52:51 | INFO: Extracting primitive: line_piece.021
19:52:51 | INFO: Primitives created: 1
19:52:51 | INFO: Extracting primitive: line_piece.020
19:52:51 | INFO: Primitives created: 1
19:52:51 | INFO: Extracting primitive: line_piece.023
19:52:51 | INFO: Primitives created: 1
19:52:51 | INFO: Extracting primitive: line_piece.022
19:52:51 | INFO: Primitives created: 1
19:52:51 | INFO: Extracting primitive: HERO_table_pedestal.001
19:52:51 | INFO: Primitives created: 1
19:52:51 | INFO: Extracting primitive: HERO_tubi_title.002
19:52:51 | WARNING: More than one shader node tex image used for a texture. The resulting glTF sampler will behave like the first shader node tex image.
19:52:51 | INFO: Primitives created: 1
19:52:51 | INFO: Extracting primitive: HERO_xiaoxiang-guan_title.002
19:52:51 | WARNING: More than one shader node tex image used for a texture. The resulting glTF sampler will behave like the first shader node tex image.
19:52:51 | INFO: Primitives created: 1
19:52:51 | INFO: Extracting primitive: HERO_yihong-yuan_title.002
19:52:51 | WARNING: More than one shader node tex image used for a texture. The resulting glTF sampler will behave like the first shader node tex image.
19:52:51 | INFO: Primitives created: 1
19:52:51 | INFO: Extracting primitive: AOJING_pond.002
19:52:51 | INFO: Primitives created: 1
19:52:51 | INFO: Extracting primitive: AOJING_backstage.002
19:52:51 | INFO: Primitives created: 1
19:52:51 | INFO: Extracting primitive: AOJING_amber_window.002
19:52:51 | INFO: Primitives created: 1
19:52:51 | INFO: Extracting primitive: AOJING_window_lattice.001
19:52:51 | INFO: Primitives created: 1
19:52:51 | INFO: Extracting primitive: AOJING_dry_ledge.002
19:52:51 | INFO: Primitives created: 1
19:52:51 | INFO: Extracting primitive: AOJING_roof.002
19:52:51 | INFO: Primitives created: 1
19:52:51 | INFO: Extracting primitive: AOJING_closed_front.002
19:52:51 | INFO: Primitives created: 1
19:52:51 | INFO: Extracting primitive: DAGUAN_backstage.001
19:52:51 | INFO: Primitives created: 1
19:52:51 | INFO: Extracting primitive: DAGUAN_door_stud.180
19:52:51 | INFO: Primitives created: 1
19:52:51 | INFO: Extracting primitive: DAGUAN_amber_transom.002
19:52:51 | INFO: Primitives created: 1
19:52:51 | INFO: Extracting primitive: DAGUAN_closed_door.010
19:52:51 | INFO: Primitives created: 1
19:52:51 | INFO: Extracting primitive: DAGUAN_recessed_panel.020
19:52:51 | INFO: Primitives created: 1
19:52:51 | INFO: Extracting primitive: DAGUAN_column.006
19:52:51 | INFO: Primitives created: 1
19:52:51 | INFO: Extracting primitive: DAGUAN_platform.001
19:52:51 | INFO: Primitives created: 1
19:52:51 | INFO: Extracting primitive: DAGUAN_lower_roof.001
19:52:51 | INFO: Primitives created: 1
19:52:51 | INFO: Extracting primitive: DAGUAN_front.001
19:52:51 | INFO: Primitives created: 1
19:52:51 | INFO: Extracting primitive: DAOXIANG_backstage.001
19:52:51 | INFO: Primitives created: 1
19:52:51 | INFO: Extracting primitive: DAOXIANG_door_latch.001
19:52:51 | INFO: Primitives created: 1
19:52:51 | INFO: Extracting primitive: DAOXIANG_warm_sliver.001
19:52:51 | INFO: Primitives created: 1
19:52:51 | INFO: Extracting primitive: DAOXIANG_closed_door.001
19:52:51 | INFO: Primitives created: 1
19:52:51 | INFO: Extracting primitive: DAOXIANG_paddy_painting.001
19:52:51 | INFO: Primitives created: 1
19:52:51 | INFO: Extracting primitive: DAOXIANG_court.001
19:52:51 | INFO: Primitives created: 1
19:52:51 | INFO: Extracting primitive: DAOXIANG_thatch_mass.001
19:52:51 | INFO: Primitives created: 1
19:52:51 | INFO: Extracting primitive: DAOXIANG_front.001
19:52:51 | INFO: Primitives created: 1
19:52:51 | INFO: Extracting primitive: SITE_hengwu-yuan_backstage.001
19:52:51 | INFO: Primitives created: 1
19:52:51 | INFO: Extracting primitive: KIT_pavilion_finial.011
19:52:51 | INFO: Primitives created: 1
19:52:51 | INFO: Extracting primitive: KIT_wall_amber_window.006
19:52:51 | INFO: Primitives created: 1
19:52:51 | INFO: Extracting primitive: HENGWU_herb_leaf.001
19:52:51 | INFO: Primitives created: 1
19:52:51 | INFO: Extracting primitive: KIT_wall_lattice_vertical.105
19:52:51 | INFO: Primitives created: 1
19:52:51 | INFO: Extracting primitive: SITE_hengwu-yuan_platform.001
19:52:51 | INFO: Primitives created: 1
19:52:51 | INFO: Extracting primitive: KIT_props_lantern_hanging_render.015
19:52:51 | WARNING: More than one shader node tex image used for a texture. The resulting glTF sampler will behave like the first shader node tex image.
19:52:51 | INFO: Primitives created: 1
19:52:51 | INFO: Extracting primitive: KIT_pavilion_roof.011
19:52:51 | INFO: Primitives created: 1
19:52:51 | INFO: Extracting primitive: KIT_wall_bay.001
19:52:51 | WARNING: More than one shader node tex image used for a texture. The resulting glTF sampler will behave like the first shader node tex image.
19:52:51 | INFO: Primitives created: 1
19:52:51 | INFO: Extracting primitive: SITE_hengwu-yuan_front.001
19:52:51 | INFO: Primitives created: 1
19:52:51 | INFO: Extracting primitive: LONGCUI_backstage.001
19:52:51 | INFO: Primitives created: 1
19:52:51 | INFO: Extracting primitive: LONGCUI_gate_pull.002
19:52:51 | INFO: Primitives created: 1
19:52:51 | INFO: Extracting primitive: LONGCUI_closed_gate.002
19:52:51 | INFO: Primitives created: 1
19:52:51 | INFO: Extracting primitive: LONGCUI_paving.001
19:52:51 | INFO: Primitives created: 1
19:52:51 | INFO: Extracting primitive: KIT_props_lantern_hanging_render.016
19:52:51 | INFO: Primitives created: 1
19:52:51 | INFO: Extracting primitive: LONGCUI_wall_cap.001
19:52:51 | INFO: Primitives created: 1
19:52:51 | INFO: Extracting primitive: LONGCUI_closed_front.001
19:52:51 | INFO: Primitives created: 1
19:52:51 | INFO: Extracting primitive: KIT_props_tea_cup.006
19:52:51 | INFO: Primitives created: 1
19:52:51 | INFO: Extracting primitive: KIT_water_lotus_leaf.007
19:52:51 | INFO: Primitives created: 1
19:52:51 | INFO: Extracting primitive: SITE_ouxiang_deck.001
19:52:51 | INFO: Primitives created: 1
19:52:51 | INFO: Extracting primitive: KIT_pavilion_water_pier.004
19:52:51 | INFO: Primitives created: 1
19:52:51 | INFO: Extracting primitive: KIT_props_lantern_hanging_render.013
19:52:51 | INFO: Primitives created: 1
19:52:51 | INFO: Extracting primitive: KIT_pavilion_water_hipped_roof.001
19:52:51 | INFO: Primitives created: 1
19:52:51 | INFO: Extracting primitive: KIT_water_lotus.021
19:52:51 | INFO: Primitives created: 1
19:52:51 | INFO: Extracting primitive: KIT_corridor_rail.008
19:52:51 | INFO: Primitives created: 1
19:52:51 | INFO: Extracting primitive: KIT_pavilion_roof_shell.001
19:52:51 | INFO: Primitives created: 1
19:52:51 | INFO: Extracting primitive: KIT_pavilion_plinth.001
19:52:51 | INFO: Primitives created: 1
19:52:51 | INFO: Extracting primitive: KIT_props_lantern_hanging_render.001
19:52:51 | INFO: Primitives created: 1
19:52:51 | INFO: Extracting primitive: KIT_water_stream.001
19:52:51 | INFO: Primitives created: 1
19:52:51 | INFO: Extracting primitive: SITE_qiushuang-zhai_backstage.001
19:52:51 | INFO: Primitives created: 1
19:52:51 | INFO: Extracting primitive: KIT_pavilion_finial.005
19:52:51 | INFO: Primitives created: 1
19:52:51 | INFO: Extracting primitive: KIT_wall_lattice_vertical.042
19:52:51 | INFO: Primitives created: 1
19:52:51 | INFO: Extracting primitive: SITE_qiushuang-zhai_platform.001
19:52:51 | INFO: Primitives created: 1
19:52:51 | INFO: Extracting primitive: KIT_props_lantern_hanging_render.010
19:52:51 | INFO: Primitives created: 1
19:52:51 | INFO: Extracting primitive: KIT_pavilion_roof.005
19:52:51 | INFO: Primitives created: 1
19:52:51 | INFO: Extracting primitive: KIT_tech_terminal_desk_render.007
19:52:51 | WARNING: More than one shader node tex image used for a texture. The resulting glTF sampler will behave like the first shader node tex image.
19:52:51 | INFO: Primitives created: 1
19:52:51 | INFO: Extracting primitive: SITE_qiushuang-zhai_front.001
19:52:51 | INFO: Primitives created: 1
19:52:51 | INFO: Extracting primitive: GATE_banana_pseudostem.001
19:52:51 | INFO: Primitives created: 1
19:52:51 | INFO: Extracting primitive: GATE_banana_soil.001
19:52:51 | INFO: Primitives created: 1
19:52:51 | INFO: Extracting primitive: KIT_rockery_passage.001
19:52:51 | INFO: Primitives created: 1
19:52:51 | INFO: Extracting primitive: GATE_paving.002
19:52:51 | INFO: Primitives created: 1
19:52:51 | INFO: Extracting primitive: KIT_props_lantern_hanging_render.008
19:52:51 | INFO: Primitives created: 1
19:52:51 | INFO: Extracting primitive: KIT_stage_fog_plane_render.017
19:52:51 | INFO: Primitives created: 1
19:52:51 | INFO: Extracting primitive: KIT_stage_floor.001
19:52:51 | INFO: Primitives created: 1
19:52:51 | INFO: Extracting primitive: AOJING_approach_guard.001
19:52:51 | INFO: Primitives created: 1
19:52:51 | INFO: Extracting primitive: KIT_stage_painted_moon.001
19:52:51 | INFO: Primitives created: 1
19:52:51 | INFO: Extracting primitive: KIT_stage_painted_mountain_layer.003
19:52:51 | INFO: Primitives created: 1
19:52:51 | INFO: Extracting primitive: KIT_stage_painted_mountain_layer.004
19:52:51 | INFO: Primitives created: 1
19:52:51 | INFO: Extracting primitive: KIT_stage_painted_mountain_layer.005
19:52:51 | INFO: Primitives created: 1
19:52:51 | INFO: Extracting primitive: KIT_water_stone_walk.005
19:52:51 | INFO: Primitives created: 1
19:52:51 | INFO: Extracting primitive: Painted coved ceiling candidate.001
19:52:51 | INFO: Primitives created: 1
19:52:51 | INFO: Extracting primitive: KIT_stage_painted_canvas.002
19:52:51 | INFO: Primitives created: 1
19:52:51 | INFO: Extracting primitive: Eight painted cyclorama arcs.001
19:52:51 | WARNING: More than one shader node tex image used for a texture. The resulting glTF sampler will behave like the first shader node tex image.
19:52:51 | INFO: Primitives created: 2
19:52:51 | INFO: Extracting primitive: KIT_stage_fog_plane_render.002
19:52:51 | INFO: Primitives created: 1
19:52:51 | INFO: Extracting primitive: KIT_tech_cell_side.012
19:52:51 | INFO: Primitives created: 1
19:52:51 | INFO: Extracting primitive: KIT_wall_window_bar.030
19:52:51 | INFO: Primitives created: 1
19:52:51 | INFO: Extracting primitive: KIT_stage_entry_walk.002
19:52:51 | INFO: Primitives created: 1
19:52:51 | INFO: Extracting primitive: KIT_props_folding_chair_render.001
19:52:51 | INFO: Primitives created: 1
19:52:51 | INFO: Extracting primitive: KIT_stage_floor_boards_render.002
19:52:51 | INFO: Primitives created: 1
19:52:51 | INFO: Extracting primitive: KIT_stage_gel_frame_render.002
19:52:51 | INFO: Primitives created: 2
19:52:51 | INFO: Extracting primitive: KIT_stage_studio_wall_render.002
19:52:51 | INFO: Primitives created: 1
19:52:51 | INFO: Extracting primitive: KIT_stage_fog_plane_render.020
19:52:51 | INFO: Primitives created: 1
19:52:51 | INFO: Extracting primitive: KIT_tech_terminal_desk_render.001
19:52:51 | INFO: Primitives created: 1
19:52:51 | INFO: Extracting primitive: KIT_props_scroll_render.001
19:52:51 | WARNING: More than one shader node tex image used for a texture. The resulting glTF sampler will behave like the first shader node tex image.
19:52:51 | INFO: Primitives created: 1
19:52:51 | INFO: Extracting primitive: SITE_tubi-tang_backstage.001
19:52:51 | INFO: Primitives created: 1
19:52:51 | INFO: Extracting primitive: KIT_pavilion_finial.007
19:52:51 | INFO: Primitives created: 1
19:52:51 | INFO: Extracting primitive: KIT_wall_amber_window.003
19:52:51 | INFO: Primitives created: 1
19:52:51 | INFO: Extracting primitive: TUBI_topic_line.001
19:52:51 | INFO: Primitives created: 1
19:52:51 | INFO: Extracting primitive: KIT_wall_lattice_vertical.063
19:52:51 | INFO: Primitives created: 1
19:52:51 | INFO: Extracting primitive: SITE_tubi-tang_platform.001
19:52:51 | INFO: Primitives created: 1
19:52:51 | INFO: Extracting primitive: KIT_props_lantern_hanging_render.012
19:52:51 | INFO: Primitives created: 1
19:52:51 | INFO: Extracting primitive: KIT_pavilion_roof.007
19:52:51 | INFO: Primitives created: 1
19:52:51 | INFO: Extracting primitive: TUBI_terrace.002
19:52:51 | INFO: Primitives created: 1
19:52:51 | INFO: Extracting primitive: SITE_tubi-tang_front.001
19:52:51 | INFO: Primitives created: 1
19:52:51 | INFO: Extracting primitive: XIAOXIANG_black_back.001
19:52:51 | INFO: Primitives created: 1
19:52:51 | INFO: Extracting primitive: XIAOXIANG_gate_pull.002
19:52:51 | INFO: Primitives created: 1
19:52:51 | INFO: Extracting primitive: XIAOXIANG_amber_window.001
19:52:51 | INFO: Primitives created: 1
19:52:51 | INFO: Extracting primitive: XIAOXIANG_gate_leaf.002
19:52:51 | INFO: Primitives created: 1
19:52:51 | INFO: Extracting primitive: XIAOXIANG_paving.001
19:52:51 | INFO: Primitives created: 1
19:52:51 | INFO: Extracting primitive: XIAOXIANG_wall_cap.001
19:52:51 | INFO: Primitives created: 1
19:52:51 | INFO: Extracting primitive: XIAOXIANG_closed_front.001
19:52:51 | INFO: Primitives created: 1
19:52:51 | INFO: Extracting primitive: YIHONG_backstage.002
19:52:51 | INFO: Primitives created: 1
19:52:51 | INFO: Extracting primitive: YIHONG_door_rail.001
19:52:51 | INFO: Primitives created: 1
19:52:51 | INFO: Extracting primitive: YIHONG_amber_window.002
19:52:51 | INFO: Primitives created: 1
19:52:51 | INFO: Extracting primitive: YIHONG_door_panel.001
19:52:51 | INFO: Primitives created: 1
19:52:51 | INFO: Extracting primitive: YIHONG_paving.002
19:52:51 | INFO: Primitives created: 1
19:52:51 | INFO: Extracting primitive: YIHONG_court_cap.001
19:52:51 | INFO: Primitives created: 1
19:52:51 | INFO: Extracting primitive: YIHONG_closed_front.002
19:52:51 | INFO: Primitives created: 1
19:52:51 | INFO: Extracting primitive: KIT_water_lotus_leaf.011
19:52:51 | INFO: Primitives created: 1
19:52:51 | INFO: Extracting primitive: KIT_water_plank.002
19:52:51 | INFO: Primitives created: 1
19:52:51 | INFO: Extracting primitive: SITE_ziling_island.001
19:52:51 | INFO: Primitives created: 1
19:52:51 | INFO: Finished glTF 2.0 export in 0.6739199161529541 s

{"engine": "Godot", "sites": {"stage": {"objects": 100, "triangles": 11188, "render_meshes": 11, "colliders": 87, "triggers": 0}, "qinfang-ting": {"objects": 145, "triangles": 41324, "render_meshes": 27, "colliders": 103, "triggers": 7}, "rockery-gate": {"objects": 27, "triangles": 15324, "render_meshes": 8, "colliders": 10, "triggers": 3}, "terminal-cells": {"objects": 113, "triangles": 37996, "render_meshes": 10, "colliders": 77, "triggers": 18}, "qiushuang-zhai": {"objects": 36, "triangles": 21754, "render_meshes": 11, "colliders": 13, "triggers": 5}, "tubi-tang": {"objects": 37, "triangles": 11340, "render_meshes": 11, "colliders": 16, "triggers": 5}, "daguan-lou": {"objects": 29, "triangles": 23666, "render_meshes": 10, "colliders": 13, "triggers": 3}, "ouxiang-xie": {"objects": 28, "triangles": 15450, "render_meshes": 6, "colliders": 13, "triggers": 4}, "hengwu-yuan": {"objects": 43, "triangles": 20386, "render_meshes": 11, "colliders": 23, "triggers": 4}, "yihong-yuan": {"objects": 28, "triangles": 2294, "render_meshes": 10, "colliders": 9, "triggers": 4}, "xiaoxiang-guan": {"objects": 30, "triangles": 7478, "render_meshes": 12, "colliders": 9, "triggers": 4}, "longcui-an": {"objects": 27, "triangles": 4638, "render_meshes": 10, "colliders": 8, "triggers": 4}, "aojing-guan": {"objects": 24, "triangles": 2788, "render_meshes": 8, "colliders": 7, "triggers": 3}, "daoxiang-cun": {"objects": 27, "triangles": 10862, "render_meshes": 9, "colliders": 8, "triggers": 4}, "ziling-zhou": {"objects": 23, "triangles": 7064, "render_meshes": 13, "colliders": 4, "triggers": 3}}, "warnings": ["Reference assets, not yet profiled on mobile.", "Lightmap bake remains unfinished; engine import evidence is recorded separately in godot/import-validation.json."], "total_triangles": 233552, "total_render_meshes": 167}
BlenderMCP addon unregistered
Blender 5.2.2 LTS (hash d13f752e3b9c built 2026-09-15 01:49:19)

Blender quit
