00:00.344  blend            | Read blend: "/Users/auchan/projects/garden-of-dreams/.superpowers/sdd/2026-09-23-garden-completion/stage-floor-palette/lit-native-review/blender/authoring.blend"
BlenderMCP addon registered
INFO Draco is available, use library at /Applications/Blender.app/Contents/Resources/5.2/scripts/addons_core/io_scene_gltf2/libbf_intern_draco_bridge.dylib
INFO MeshOptimizer is available, use library at /Applications/Blender.app/Contents/Resources/5.2/scripts/addons_core/io_scene_gltf2/libbf_intern_meshopt_bridge.dylib
22:13:50 | INFO: Starting glTF 2.0 export
22:13:50 | INFO: Extracting primitive: COL_aojing_approach.001
22:13:50 | INFO: Primitives created: 1
22:13:50 | INFO: Extracting primitive: COL_aojing_approach.004
22:13:50 | INFO: Primitives created: 1
22:13:50 | INFO: Extracting primitive: COL_aojing_approach_guard.001
22:13:50 | INFO: Primitives created: 1
22:13:50 | INFO: Extracting primitive: COL_aojing_approach_guard.004
22:13:50 | INFO: Primitives created: 1
22:13:50 | INFO: Extracting primitive: COL_aojing_approach_ramp.002
22:13:50 | INFO: Primitives created: 1
22:13:50 | INFO: Extracting primitive: COL_daoxiang_approach.002
22:13:50 | INFO: Primitives created: 1
22:13:50 | INFO: Extracting primitive: COL_daoxiang_approach.003
22:13:50 | INFO: Primitives created: 1
22:13:50 | INFO: Extracting primitive: COL_hengwu_approach.002
22:13:50 | INFO: Primitives created: 1
22:13:50 | INFO: Extracting primitive: COL_hengwu_approach.003
22:13:50 | INFO: Primitives created: 1
22:13:50 | INFO: Extracting primitive: COL_longcui_approach.003
22:13:50 | INFO: Primitives created: 1
22:13:50 | INFO: Extracting primitive: COL_longcui_approach.004
22:13:50 | INFO: Primitives created: 1
22:13:50 | INFO: Extracting primitive: COL_longcui_approach.005
22:13:50 | INFO: Primitives created: 1
22:13:50 | INFO: Extracting primitive: Cube.009
22:13:50 | INFO: Primitives created: 1
22:13:50 | INFO: Extracting primitive: Cube.011
22:13:50 | INFO: Primitives created: 1
22:13:50 | INFO: Extracting primitive: Cube.012
22:13:50 | INFO: Primitives created: 1
22:13:50 | INFO: Extracting primitive: Cube.013
22:13:50 | INFO: Primitives created: 1
22:13:50 | INFO: Extracting primitive: Cube.019
22:13:50 | INFO: Primitives created: 1
22:13:50 | INFO: Extracting primitive: Cube.020
22:13:50 | INFO: Primitives created: 1
22:13:50 | INFO: Extracting primitive: Cube.023
22:13:50 | INFO: Primitives created: 1
22:13:50 | INFO: Extracting primitive: Cube.024
22:13:50 | INFO: Primitives created: 1
22:13:50 | INFO: Extracting primitive: Cube.048
22:13:50 | INFO: Primitives created: 1
22:13:50 | INFO: Extracting primitive: Cube.050
22:13:50 | INFO: Primitives created: 1
22:13:50 | INFO: Extracting primitive: Cube.052
22:13:50 | INFO: Primitives created: 1
22:13:50 | INFO: Extracting primitive: Cube.092
22:13:50 | INFO: Primitives created: 1
22:13:50 | INFO: Extracting primitive: Cube.093
22:13:50 | INFO: Primitives created: 1
22:13:50 | INFO: Extracting primitive: Cube.094
22:13:50 | INFO: Primitives created: 1
22:13:50 | INFO: Extracting primitive: Cube.095
22:13:50 | INFO: Primitives created: 1
22:13:50 | INFO: Extracting primitive: Cube.096
22:13:50 | INFO: Primitives created: 1
22:13:50 | INFO: Extracting primitive: Cube.097
22:13:50 | INFO: Primitives created: 1
22:13:50 | INFO: Extracting primitive: Cube.098
22:13:50 | INFO: Primitives created: 1
22:13:50 | INFO: Extracting primitive: Cube.099
22:13:50 | INFO: Primitives created: 1
22:13:50 | INFO: Extracting primitive: Cube.100
22:13:50 | INFO: Primitives created: 1
22:13:50 | INFO: Extracting primitive: Cube.101
22:13:50 | INFO: Primitives created: 1
22:13:50 | INFO: Extracting primitive: Cube.102
22:13:50 | INFO: Primitives created: 1
22:13:50 | INFO: Extracting primitive: Cube.103
22:13:50 | INFO: Primitives created: 1
22:13:50 | INFO: Extracting primitive: Cube.104
22:13:50 | INFO: Primitives created: 1
22:13:50 | INFO: Extracting primitive: Cube.105
22:13:50 | INFO: Primitives created: 1
22:13:50 | INFO: Extracting primitive: Cube.106
22:13:50 | INFO: Primitives created: 1
22:13:50 | INFO: Extracting primitive: Cube.107
22:13:50 | INFO: Primitives created: 1
22:13:50 | INFO: Extracting primitive: Cube.108
22:13:50 | INFO: Primitives created: 1
22:13:50 | INFO: Extracting primitive: Cube.109
22:13:50 | INFO: Primitives created: 1
22:13:50 | INFO: Extracting primitive: Cube.110
22:13:50 | INFO: Primitives created: 1
22:13:50 | INFO: Extracting primitive: Cube.111
22:13:50 | INFO: Primitives created: 1
22:13:50 | INFO: Extracting primitive: Cube.112
22:13:50 | INFO: Primitives created: 1
22:13:50 | INFO: Extracting primitive: Cube.113
22:13:50 | INFO: Primitives created: 1
22:13:50 | INFO: Extracting primitive: Cube.114
22:13:50 | INFO: Primitives created: 1
22:13:50 | INFO: Extracting primitive: Cube.115
22:13:50 | INFO: Primitives created: 1
22:13:50 | INFO: Extracting primitive: Cube.116
22:13:50 | INFO: Primitives created: 1
22:13:50 | INFO: Extracting primitive: Cube.117
22:13:50 | INFO: Primitives created: 1
22:13:50 | INFO: Extracting primitive: Cube.118
22:13:50 | INFO: Primitives created: 1
22:13:50 | INFO: Extracting primitive: Cube.119
22:13:50 | INFO: Primitives created: 1
22:13:50 | INFO: Extracting primitive: Cube.120
22:13:50 | INFO: Primitives created: 1
22:13:50 | INFO: Extracting primitive: Cube.121
22:13:50 | INFO: Primitives created: 1
22:13:50 | INFO: Extracting primitive: Cube.122
22:13:50 | INFO: Primitives created: 1
22:13:50 | INFO: Extracting primitive: Cube.123
22:13:50 | INFO: Primitives created: 1
22:13:50 | INFO: Extracting primitive: Cube.124
22:13:50 | INFO: Primitives created: 1
22:13:50 | INFO: Extracting primitive: Cube.125
22:13:50 | INFO: Primitives created: 1
22:13:50 | INFO: Extracting primitive: Cube.126
22:13:50 | INFO: Primitives created: 1
22:13:50 | INFO: Extracting primitive: Cube.127
22:13:50 | INFO: Primitives created: 1
22:13:50 | INFO: Extracting primitive: Cube.128
22:13:50 | INFO: Primitives created: 1
22:13:50 | INFO: Extracting primitive: Cube.129
22:13:50 | INFO: Primitives created: 1
22:13:50 | INFO: Extracting primitive: Cube.130
22:13:50 | INFO: Primitives created: 1
22:13:50 | INFO: Extracting primitive: Cube.131
22:13:50 | INFO: Primitives created: 1
22:13:50 | INFO: Extracting primitive: Cube.132
22:13:50 | INFO: Primitives created: 1
22:13:50 | INFO: Extracting primitive: Cube.133
22:13:50 | INFO: Primitives created: 1
22:13:50 | INFO: Extracting primitive: Cube.134
22:13:50 | INFO: Primitives created: 1
22:13:50 | INFO: Extracting primitive: Cube.135
22:13:50 | INFO: Primitives created: 1
22:13:50 | INFO: Extracting primitive: Cube.136
22:13:50 | INFO: Primitives created: 1
22:13:50 | INFO: Extracting primitive: Cube.137
22:13:50 | INFO: Primitives created: 1
22:13:50 | INFO: Extracting primitive: Cube.138
22:13:50 | INFO: Primitives created: 1
22:13:50 | INFO: Extracting primitive: Cube.139
22:13:50 | INFO: Primitives created: 1
22:13:50 | INFO: Extracting primitive: Cube.140
22:13:50 | INFO: Primitives created: 1
22:13:50 | INFO: Extracting primitive: Cube.141
22:13:50 | INFO: Primitives created: 1
22:13:50 | INFO: Extracting primitive: Cube.142
22:13:50 | INFO: Primitives created: 1
22:13:50 | INFO: Extracting primitive: Cube.143
22:13:50 | INFO: Primitives created: 1
22:13:50 | INFO: Extracting primitive: Cube.144
22:13:50 | INFO: Primitives created: 1
22:13:50 | INFO: Extracting primitive: COL_stone_walk.005
22:13:50 | INFO: Primitives created: 1
22:13:50 | INFO: Extracting primitive: COL_stone_walk.008
22:13:50 | INFO: Primitives created: 1
22:13:50 | INFO: Extracting primitive: COL_stone_walk.009
22:13:50 | INFO: Primitives created: 1
22:13:50 | INFO: Extracting primitive: COL_stone_walk.010
22:13:50 | INFO: Primitives created: 1
22:13:50 | INFO: Extracting primitive: COL_stone_walk.011
22:13:50 | INFO: Primitives created: 1
22:13:50 | INFO: Extracting primitive: COL_stone_walk.012
22:13:50 | INFO: Primitives created: 1
22:13:50 | INFO: Extracting primitive: COL_study_approach.002
22:13:50 | INFO: Primitives created: 1
22:13:50 | INFO: Extracting primitive: COL_tubi_approach.001
22:13:50 | INFO: Primitives created: 1
22:13:50 | INFO: Extracting primitive: COL_tubi_approach.002
22:13:50 | INFO: Primitives created: 1
22:13:50 | INFO: Extracting primitive: COL_tubi_approach.007
22:13:50 | INFO: Primitives created: 1
22:13:50 | INFO: Extracting primitive: COL_tubi_approach.008
22:13:50 | INFO: Primitives created: 1
22:13:50 | INFO: Extracting primitive: KIT_stage_floor.001
22:13:50 | INFO: Primitives created: 1
22:13:50 | INFO: Extracting primitive: AOJING_approach_guard.001
22:13:50 | INFO: Primitives created: 1
22:13:50 | INFO: Extracting primitive: KIT_stage_painted_moon.001
22:13:50 | INFO: Primitives created: 1
22:13:50 | INFO: Extracting primitive: KIT_stage_painted_mountain_layer.003
22:13:50 | INFO: Primitives created: 1
22:13:50 | INFO: Extracting primitive: KIT_stage_painted_mountain_layer.004
22:13:50 | INFO: Primitives created: 1
22:13:50 | INFO: Extracting primitive: KIT_stage_painted_mountain_layer.005
22:13:50 | INFO: Primitives created: 1
22:13:50 | INFO: Extracting primitive: KIT_water_stone_walk.005
22:13:50 | INFO: Primitives created: 1
22:13:50 | INFO: Extracting primitive: Painted coved ceiling candidate.001
22:13:50 | INFO: Primitives created: 1
22:13:50 | INFO: Extracting primitive: KIT_stage_painted_canvas.002
22:13:50 | INFO: Primitives created: 1
22:13:50 | INFO: Extracting primitive: Eight painted cyclorama arcs.001
22:13:50 | WARNING: More than one shader node tex image used for a texture. The resulting glTF sampler will behave like the first shader node tex image.
22:13:50 | INFO: Primitives created: 2
22:13:50 | INFO: Extracting primitive: KIT_stage_fog_plane_render.002
22:13:50 | INFO: Primitives created: 1
22:13:50 | INFO: Finished glTF 2.0 export in 0.1696786880493164 s

22:14:04 | INFO: Starting glTF 2.0 export
22:14:04 | INFO: Extracting primitive: Cube.147
22:14:04 | INFO: Primitives created: 1
22:14:04 | INFO: Extracting primitive: Cube.148
22:14:04 | INFO: Primitives created: 1
22:14:04 | INFO: Extracting primitive: Cube.149
22:14:04 | INFO: Primitives created: 1
22:14:04 | INFO: Extracting primitive: Cube.150
22:14:04 | INFO: Primitives created: 1
22:14:04 | INFO: Extracting primitive: COL_bridge_crosswalk.002
22:14:04 | INFO: Primitives created: 1
22:14:04 | INFO: Extracting primitive: COL_bridge_crosswalk.003
22:14:04 | INFO: Primitives created: 1
22:14:04 | INFO: Extracting primitive: COL_floor_joint_pavilion_east_joint.001
22:14:04 | INFO: Primitives created: 1
22:14:04 | INFO: Extracting primitive: COL_floor_joint_pavilion_west_joint.001
22:14:04 | INFO: Primitives created: 1
22:14:04 | INFO: Extracting primitive: Cube.146
22:14:04 | INFO: Primitives created: 1
22:14:04 | INFO: Extracting primitive: Cube.145
22:14:04 | INFO: Primitives created: 1
22:14:04 | INFO: Extracting primitive: COL_corridor_floor.009
22:14:04 | INFO: Primitives created: 1
22:14:04 | INFO: Extracting primitive: COL_corridor_side.015
22:14:04 | INFO: Primitives created: 1
22:14:04 | INFO: Extracting primitive: COL_corridor_side.016
22:14:04 | INFO: Primitives created: 1
22:14:04 | INFO: Extracting primitive: COL_corridor_post.016
22:14:04 | INFO: Primitives created: 1
22:14:04 | INFO: Extracting primitive: COL_corridor_post.017
22:14:04 | INFO: Primitives created: 1
22:14:04 | INFO: Extracting primitive: COL_corridor_floor.010
22:14:04 | INFO: Primitives created: 1
22:14:04 | INFO: Extracting primitive: COL_corridor_side.017
22:14:04 | INFO: Primitives created: 1
22:14:04 | INFO: Extracting primitive: COL_corridor_side.018
22:14:04 | INFO: Primitives created: 1
22:14:04 | INFO: Extracting primitive: COL_corridor_post.018
22:14:04 | INFO: Primitives created: 1
22:14:04 | INFO: Extracting primitive: COL_corridor_post.019
22:14:04 | INFO: Primitives created: 1
22:14:04 | INFO: Extracting primitive: COL_corridor_floor.011
22:14:04 | INFO: Primitives created: 1
22:14:04 | INFO: Extracting primitive: COL_corridor_side.019
22:14:04 | INFO: Primitives created: 1
22:14:04 | INFO: Extracting primitive: COL_corridor_side.020
22:14:04 | INFO: Primitives created: 1
22:14:04 | INFO: Extracting primitive: COL_corridor_post.020
22:14:04 | INFO: Primitives created: 1
22:14:04 | INFO: Extracting primitive: COL_corridor_post.021
22:14:04 | INFO: Primitives created: 1
22:14:04 | INFO: Extracting primitive: COL_corridor_floor.012
22:14:04 | INFO: Primitives created: 1
22:14:04 | INFO: Extracting primitive: COL_corridor_side.021
22:14:04 | INFO: Primitives created: 1
22:14:04 | INFO: Extracting primitive: COL_corridor_side.022
22:14:04 | INFO: Primitives created: 1
22:14:04 | INFO: Extracting primitive: COL_corridor_post.022
22:14:04 | INFO: Primitives created: 1
22:14:04 | INFO: Extracting primitive: COL_corridor_post.023
22:14:04 | INFO: Primitives created: 1
22:14:04 | INFO: Extracting primitive: COL_corridor_floor.001
22:14:04 | INFO: Primitives created: 1
22:14:04 | INFO: Extracting primitive: COL_corridor_side.001
22:14:04 | INFO: Primitives created: 1
22:14:04 | INFO: Extracting primitive: COL_corridor_side.002
22:14:04 | INFO: Primitives created: 1
22:14:04 | INFO: Extracting primitive: COL_corridor_post.001
22:14:04 | INFO: Primitives created: 1
22:14:04 | INFO: Extracting primitive: COL_corridor_post.002
22:14:04 | INFO: Primitives created: 1
22:14:04 | INFO: Extracting primitive: COL_corridor_floor.002
22:14:04 | INFO: Primitives created: 1
22:14:04 | INFO: Extracting primitive: COL_corridor_side.003
22:14:04 | INFO: Primitives created: 1
22:14:04 | INFO: Extracting primitive: COL_corridor_side.004
22:14:04 | INFO: Primitives created: 1
22:14:04 | INFO: Extracting primitive: COL_corridor_post.003
22:14:04 | INFO: Primitives created: 1
22:14:04 | INFO: Extracting primitive: COL_corridor_post.004
22:14:04 | INFO: Primitives created: 1
22:14:04 | INFO: Extracting primitive: COL_corridor_floor.003
22:14:04 | INFO: Primitives created: 1
22:14:04 | INFO: Extracting primitive: COL_corridor_side.005
22:14:04 | INFO: Primitives created: 1
22:14:04 | INFO: Extracting primitive: COL_corridor_side.006
22:14:04 | INFO: Primitives created: 1
22:14:04 | INFO: Extracting primitive: COL_corridor_post.005
22:14:04 | INFO: Primitives created: 1
22:14:04 | INFO: Extracting primitive: COL_corridor_post.006
22:14:04 | INFO: Primitives created: 1
22:14:04 | INFO: Extracting primitive: COL_corridor_floor.004
22:14:04 | INFO: Primitives created: 1
22:14:04 | INFO: Extracting primitive: COL_corridor_side.007
22:14:04 | INFO: Primitives created: 1
22:14:04 | INFO: Extracting primitive: COL_corridor_side.008
22:14:04 | INFO: Primitives created: 1
22:14:04 | INFO: Extracting primitive: COL_corridor_post.007
22:14:04 | INFO: Primitives created: 1
22:14:04 | INFO: Extracting primitive: COL_corridor_post.008
22:14:04 | INFO: Primitives created: 1
22:14:04 | INFO: Extracting primitive: COL_corridor_floor.005
22:14:04 | INFO: Primitives created: 1
22:14:04 | INFO: Extracting primitive: COL_corridor_side.009
22:14:04 | INFO: Primitives created: 1
22:14:04 | INFO: Extracting primitive: COL_corridor_side.010
22:14:04 | INFO: Primitives created: 1
22:14:04 | INFO: Extracting primitive: COL_corridor_post.009
22:14:04 | INFO: Primitives created: 1
22:14:04 | INFO: Extracting primitive: COL_corridor_post.010
22:14:04 | INFO: Primitives created: 1
22:14:04 | INFO: Extracting primitive: COL_corridor_floor.006
22:14:04 | INFO: Primitives created: 1
22:14:04 | INFO: Extracting primitive: COL_corridor_side.011
22:14:04 | INFO: Primitives created: 1
22:14:04 | INFO: Extracting primitive: COL_corridor_post.011
22:14:04 | INFO: Primitives created: 1
22:14:04 | INFO: Extracting primitive: COL_corridor_post.012
22:14:04 | INFO: Primitives created: 1
22:14:04 | INFO: Extracting primitive: COL_corridor_floor.007
22:14:04 | INFO: Primitives created: 1
22:14:04 | INFO: Extracting primitive: COL_corridor_side.012
22:14:04 | INFO: Primitives created: 1
22:14:04 | INFO: Extracting primitive: COL_corridor_post.013
22:14:04 | INFO: Primitives created: 1
22:14:04 | INFO: Extracting primitive: COL_corridor_floor.008
22:14:04 | INFO: Primitives created: 1
22:14:04 | INFO: Extracting primitive: COL_corridor_side.013
22:14:04 | INFO: Primitives created: 1
22:14:04 | INFO: Extracting primitive: COL_corridor_side.014
22:14:04 | INFO: Primitives created: 1
22:14:04 | INFO: Extracting primitive: COL_corridor_post.014
22:14:04 | INFO: Primitives created: 1
22:14:04 | INFO: Extracting primitive: COL_corridor_post.015
22:14:04 | INFO: Primitives created: 1
22:14:04 | INFO: Extracting primitive: COL_corridor_floor.013
22:14:04 | INFO: Primitives created: 1
22:14:04 | INFO: Extracting primitive: COL_corridor_side.023
22:14:04 | INFO: Primitives created: 1
22:14:04 | INFO: Extracting primitive: COL_corridor_side.024
22:14:04 | INFO: Primitives created: 1
22:14:04 | INFO: Extracting primitive: COL_corridor_post.024
22:14:04 | INFO: Primitives created: 1
22:14:04 | INFO: Extracting primitive: COL_corridor_post.025
22:14:04 | INFO: Primitives created: 1
22:14:04 | INFO: Extracting primitive: COL_corridor_floor.014
22:14:04 | INFO: Primitives created: 1
22:14:04 | INFO: Extracting primitive: COL_corridor_side.025
22:14:04 | INFO: Primitives created: 1
22:14:04 | INFO: Extracting primitive: COL_corridor_side.026
22:14:04 | INFO: Primitives created: 1
22:14:04 | INFO: Extracting primitive: COL_corridor_post.026
22:14:04 | INFO: Primitives created: 1
22:14:04 | INFO: Extracting primitive: COL_corridor_post.027
22:14:04 | INFO: Primitives created: 1
22:14:04 | INFO: Extracting primitive: COL_corridor_floor.015
22:14:04 | INFO: Primitives created: 1
22:14:04 | INFO: Extracting primitive: COL_corridor_side.027
22:14:04 | INFO: Primitives created: 1
22:14:04 | INFO: Extracting primitive: COL_corridor_side.028
22:14:04 | INFO: Primitives created: 1
22:14:04 | INFO: Extracting primitive: COL_corridor_post.028
22:14:04 | INFO: Primitives created: 1
22:14:04 | INFO: Extracting primitive: COL_corridor_post.029
22:14:04 | INFO: Primitives created: 1
22:14:04 | INFO: Extracting primitive: COL_corridor_floor.016
22:14:04 | INFO: Primitives created: 1
22:14:04 | INFO: Extracting primitive: COL_corridor_side.029
22:14:04 | INFO: Primitives created: 1
22:14:04 | INFO: Extracting primitive: COL_corridor_side.030
22:14:04 | INFO: Primitives created: 1
22:14:04 | INFO: Extracting primitive: COL_corridor_post.030
22:14:04 | INFO: Primitives created: 1
22:14:04 | INFO: Extracting primitive: COL_corridor_post.031
22:14:04 | INFO: Primitives created: 1
22:14:04 | INFO: Extracting primitive: COL_qinfang_deck.001
22:14:04 | INFO: Primitives created: 1
22:14:04 | INFO: Extracting primitive: COL_pavilion_bench.001
22:14:04 | INFO: Primitives created: 1
22:14:04 | INFO: Extracting primitive: COL_pavilion_bench.002
22:14:04 | INFO: Primitives created: 1
22:14:04 | INFO: Extracting primitive: COL_pavilion_bracket.001
22:14:04 | INFO: Primitives created: 1
22:14:04 | INFO: Extracting primitive: COL_pavilion_bracket.002
22:14:04 | INFO: Primitives created: 1
22:14:04 | INFO: Extracting primitive: COL_pavilion_bracket.003
22:14:04 | INFO: Primitives created: 1
22:14:04 | INFO: Extracting primitive: COL_pavilion_bracket.004
22:14:04 | INFO: Primitives created: 1
22:14:04 | INFO: Extracting primitive: COL_pavilion_bracket.005
22:14:04 | INFO: Primitives created: 1
22:14:04 | INFO: Extracting primitive: COL_pavilion_bracket.006
22:14:04 | INFO: Primitives created: 1
22:14:04 | INFO: Extracting primitive: COL_pavilion_post.001
22:14:04 | INFO: Primitives created: 1
22:14:04 | INFO: Extracting primitive: COL_pavilion_post.002
22:14:04 | INFO: Primitives created: 1
22:14:04 | INFO: Extracting primitive: COL_pavilion_post.003
22:14:04 | INFO: Primitives created: 1
22:14:04 | INFO: Extracting primitive: COL_pavilion_post.004
22:14:04 | INFO: Primitives created: 1
22:14:04 | INFO: Extracting primitive: COL_pavilion_post.005
22:14:04 | INFO: Primitives created: 1
22:14:04 | INFO: Extracting primitive: COL_pavilion_post.006
22:14:04 | INFO: Primitives created: 1
22:14:04 | INFO: Extracting primitive: COL_pavilion_roof.001
22:14:04 | INFO: Primitives created: 1
22:14:04 | INFO: Extracting primitive: COL_water_embankment.082
22:14:04 | INFO: Primitives created: 1
22:14:04 | INFO: Extracting primitive: COL_water_embankment.083
22:14:04 | INFO: Primitives created: 1
22:14:04 | INFO: Extracting primitive: COL_water_embankment.084
22:14:04 | INFO: Primitives created: 1
22:14:04 | INFO: Extracting primitive: COL_water_embankment.085
22:14:04 | INFO: Primitives created: 1
22:14:04 | INFO: Extracting primitive: COL_water_embankment.086
22:14:04 | INFO: Primitives created: 1
22:14:04 | INFO: Extracting primitive: COL_water_embankment.087
22:14:04 | INFO: Primitives created: 1
22:14:04 | INFO: Extracting primitive: COL_water_embankment.088
22:14:04 | INFO: Primitives created: 1
22:14:04 | INFO: Extracting primitive: COL_water_embankment.089
22:14:04 | INFO: Primitives created: 1
22:14:04 | INFO: Extracting primitive: COL_water_embankment.090
22:14:04 | INFO: Primitives created: 1
22:14:04 | INFO: Extracting primitive: COL_water_embankment.091
22:14:04 | INFO: Primitives created: 1
22:14:04 | INFO: Extracting primitive: COL_water_embankment.092
22:14:04 | INFO: Primitives created: 1
22:14:04 | INFO: Extracting primitive: COL_water_embankment.093
22:14:04 | INFO: Primitives created: 1
22:14:04 | INFO: Extracting primitive: COL_water_embankment.094
22:14:04 | INFO: Primitives created: 1
22:14:04 | INFO: Extracting primitive: COL_water_embankment.095
22:14:04 | INFO: Primitives created: 1
22:14:04 | INFO: Extracting primitive: COL_water_embankment.096
22:14:04 | INFO: Primitives created: 1
22:14:04 | INFO: Extracting primitive: COL_water_embankment.097
22:14:04 | INFO: Primitives created: 1
22:14:04 | INFO: Extracting primitive: COL_water_embankment.098
22:14:04 | INFO: Primitives created: 1
22:14:04 | INFO: Extracting primitive: COL_water_embankment.099
22:14:04 | INFO: Primitives created: 1
22:14:04 | INFO: Extracting primitive: COL_water_embankment.100
22:14:04 | INFO: Primitives created: 1
22:14:04 | INFO: Extracting primitive: COL_water_embankment.101
22:14:04 | INFO: Primitives created: 1
22:14:04 | INFO: Extracting primitive: COL_water_embankment.102
22:14:04 | INFO: Primitives created: 1
22:14:04 | INFO: Extracting primitive: COL_water_embankment.103
22:14:04 | INFO: Primitives created: 1
22:14:04 | INFO: Extracting primitive: COL_water_embankment.104
22:14:04 | INFO: Primitives created: 1
22:14:04 | INFO: Extracting primitive: COL_water_embankment.105
22:14:04 | INFO: Primitives created: 1
22:14:04 | INFO: Extracting primitive: COL_water_embankment.106
22:14:04 | INFO: Primitives created: 1
22:14:04 | INFO: Extracting primitive: COL_water_embankment.107
22:14:04 | INFO: Primitives created: 1
22:14:04 | INFO: Extracting primitive: COL_water_embankment.108
22:14:04 | INFO: Primitives created: 1
22:14:04 | INFO: Extracting primitive: COL_water_embankment.055
22:14:04 | INFO: Primitives created: 1
22:14:04 | INFO: Extracting primitive: COL_water_embankment.056
22:14:04 | INFO: Primitives created: 1
22:14:04 | INFO: Extracting primitive: COL_water_embankment.057
22:14:04 | INFO: Primitives created: 1
22:14:04 | INFO: Extracting primitive: COL_water_embankment.058
22:14:04 | INFO: Primitives created: 1
22:14:04 | INFO: Extracting primitive: COL_water_embankment.059
22:14:04 | INFO: Primitives created: 1
22:14:04 | INFO: Extracting primitive: COL_water_embankment.060
22:14:04 | INFO: Primitives created: 1
22:14:04 | INFO: Extracting primitive: COL_water_embankment.061
22:14:04 | INFO: Primitives created: 1
22:14:04 | INFO: Extracting primitive: COL_water_embankment.062
22:14:04 | INFO: Primitives created: 1
22:14:04 | INFO: Extracting primitive: COL_water_embankment.063
22:14:04 | INFO: Primitives created: 1
22:14:04 | INFO: Extracting primitive: COL_water_embankment.064
22:14:04 | INFO: Primitives created: 1
22:14:04 | INFO: Extracting primitive: COL_water_embankment.065
22:14:04 | INFO: Primitives created: 1
22:14:04 | INFO: Extracting primitive: COL_water_embankment.066
22:14:04 | INFO: Primitives created: 1
22:14:04 | INFO: Extracting primitive: COL_water_embankment.067
22:14:04 | INFO: Primitives created: 1
22:14:04 | INFO: Extracting primitive: COL_water_embankment.068
22:14:04 | INFO: Primitives created: 1
22:14:04 | INFO: Extracting primitive: COL_water_embankment.069
22:14:04 | INFO: Primitives created: 1
22:14:04 | INFO: Extracting primitive: COL_water_embankment.070
22:14:04 | INFO: Primitives created: 1
22:14:04 | INFO: Extracting primitive: COL_water_embankment.071
22:14:04 | INFO: Primitives created: 1
22:14:04 | INFO: Extracting primitive: COL_water_embankment.072
22:14:04 | INFO: Primitives created: 1
22:14:04 | INFO: Extracting primitive: COL_water_embankment.073
22:14:04 | INFO: Primitives created: 1
22:14:04 | INFO: Extracting primitive: COL_water_embankment.074
22:14:04 | INFO: Primitives created: 1
22:14:04 | INFO: Extracting primitive: COL_water_embankment.075
22:14:04 | INFO: Primitives created: 1
22:14:04 | INFO: Extracting primitive: COL_water_embankment.076
22:14:04 | INFO: Primitives created: 1
22:14:04 | INFO: Extracting primitive: COL_water_embankment.077
22:14:04 | INFO: Primitives created: 1
22:14:04 | INFO: Extracting primitive: COL_water_embankment.078
22:14:04 | INFO: Primitives created: 1
22:14:04 | INFO: Extracting primitive: COL_water_embankment.079
22:14:04 | INFO: Primitives created: 1
22:14:04 | INFO: Extracting primitive: COL_water_embankment.080
22:14:04 | INFO: Primitives created: 1
22:14:04 | INFO: Extracting primitive: COL_water_embankment.081
22:14:04 | INFO: Primitives created: 1
22:14:04 | INFO: Extracting primitive: KIT_flora_bamboo_large_render.001
22:14:04 | WARNING: More than one shader node tex image used for a texture. The resulting glTF sampler will behave like the first shader node tex image.
22:14:04 | INFO: Primitives created: 1
22:14:04 | INFO: Extracting primitive: KIT_flora_bamboo_large_render.002
22:14:04 | INFO: Primitives created: 1
22:14:04 | INFO: Extracting primitive: KIT_flora_bamboo_small_render.001
22:14:04 | INFO: Primitives created: 1
22:14:04 | INFO: Extracting primitive: KIT_flora_willow_render.001
22:14:04 | INFO: Primitives created: 1
22:14:04 | INFO: Extracting primitive: KIT_flora_willow_render.002
22:14:04 | INFO: Primitives created: 1
22:14:04 | INFO: Extracting primitive: HERO_qinfang-ting_title.002
22:14:04 | WARNING: More than one shader node tex image used for a texture. The resulting glTF sampler will behave like the first shader node tex image.
22:14:04 | INFO: Primitives created: 1
22:14:04 | INFO: Extracting primitive: HERO_qinfang_bridge.001
22:14:04 | INFO: Primitives created: 1
22:14:04 | INFO: Extracting primitive: HERO_table_hexagram.001
22:14:04 | INFO: Primitives created: 1
22:14:04 | INFO: Extracting primitive: line_piece.005
22:14:04 | WARNING: More than one shader node tex image used for a texture. The resulting glTF sampler will behave like the first shader node tex image.
22:14:04 | INFO: Primitives created: 1
22:14:04 | INFO: Extracting primitive: line_piece.002
22:14:04 | INFO: Primitives created: 1
22:14:04 | INFO: Extracting primitive: line_piece.011
22:14:04 | INFO: Primitives created: 1
22:14:04 | INFO: Extracting primitive: line_piece.008
22:14:04 | INFO: Primitives created: 1
22:14:04 | INFO: Extracting primitive: line_piece.017
22:14:04 | INFO: Primitives created: 1
22:14:04 | INFO: Extracting primitive: line_piece.014
22:14:04 | INFO: Primitives created: 1
22:14:04 | INFO: Extracting primitive: line_piece.019
22:14:04 | INFO: Primitives created: 1
22:14:04 | INFO: Extracting primitive: line_piece.018
22:14:04 | INFO: Primitives created: 1
22:14:04 | INFO: Extracting primitive: line_piece.021
22:14:04 | INFO: Primitives created: 1
22:14:04 | INFO: Extracting primitive: line_piece.020
22:14:04 | INFO: Primitives created: 1
22:14:04 | INFO: Extracting primitive: line_piece.023
22:14:04 | INFO: Primitives created: 1
22:14:04 | INFO: Extracting primitive: line_piece.022
22:14:04 | INFO: Primitives created: 1
22:14:04 | INFO: Extracting primitive: HERO_table_pedestal.001
22:14:04 | INFO: Primitives created: 1
22:14:04 | INFO: Extracting primitive: KIT_corridor_rail.008
22:14:04 | INFO: Primitives created: 1
22:14:04 | INFO: Extracting primitive: KIT_water_lotus_lotus_pad.001
22:14:04 | INFO: Primitives created: 1
22:14:04 | INFO: Extracting primitive: KIT_pavilion_roof_shell.001
22:14:04 | INFO: Primitives created: 1
22:14:04 | INFO: Extracting primitive: KIT_pavilion_plinth.001
22:14:04 | INFO: Primitives created: 1
22:14:04 | INFO: Extracting primitive: KIT_props_lantern_hanging_render.001
22:14:04 | WARNING: More than one shader node tex image used for a texture. The resulting glTF sampler will behave like the first shader node tex image.
22:14:04 | INFO: Primitives created: 1
22:14:04 | INFO: Extracting primitive: KIT_water_stream.001
22:14:04 | INFO: Primitives created: 1
22:14:04 | INFO: Finished glTF 2.0 export in 0.26052188873291016 s

22:14:04 | INFO: Starting glTF 2.0 export
22:14:04 | INFO: Extracting primitive: COL_GATE_banana_planter.001
22:14:04 | INFO: Primitives created: 1
22:14:04 | INFO: Extracting primitive: KIT_rockery_passage.022
22:14:04 | INFO: Primitives created: 1
22:14:04 | INFO: Extracting primitive: KIT_rockery_passage.024
22:14:04 | INFO: Primitives created: 1
22:14:04 | INFO: Extracting primitive: KIT_rockery_cliff.006
22:14:04 | INFO: Primitives created: 1
22:14:04 | INFO: Extracting primitive: KIT_rockery_cliff.008
22:14:04 | INFO: Primitives created: 1
22:14:04 | INFO: Extracting primitive: KIT_rockery_passage.004
22:14:04 | INFO: Primitives created: 1
22:14:04 | INFO: Extracting primitive: KIT_rockery_passage.016
22:14:04 | INFO: Primitives created: 1
22:14:04 | INFO: Extracting primitive: KIT_rockery_passage.018
22:14:04 | INFO: Primitives created: 1
22:14:04 | INFO: Extracting primitive: KIT_rockery_passage.020
22:14:04 | INFO: Primitives created: 1
22:14:04 | INFO: Extracting primitive: GATE_paving.003
22:14:04 | INFO: Primitives created: 1
22:14:04 | INFO: Extracting primitive: HERO_gate_inscription.001
22:14:04 | WARNING: More than one shader node tex image used for a texture. The resulting glTF sampler will behave like the first shader node tex image.
22:14:04 | INFO: Primitives created: 1
22:14:04 | INFO: Extracting primitive: HERO_gate_water_drips.001
22:14:04 | WARNING: More than one shader node tex image used for a texture. The resulting glTF sampler will behave like the first shader node tex image.
22:14:04 | INFO: Primitives created: 1
22:14:04 | INFO: Extracting primitive: GATE_banana_pseudostem.001
22:14:04 | INFO: Primitives created: 1
22:14:04 | INFO: Extracting primitive: GATE_banana_soil.001
22:14:04 | INFO: Primitives created: 1
22:14:04 | INFO: Extracting primitive: KIT_rockery_passage.001
22:14:04 | WARNING: More than one shader node tex image used for a texture. The resulting glTF sampler will behave like the first shader node tex image.
22:14:04 | INFO: Primitives created: 1
22:14:04 | INFO: Extracting primitive: GATE_paving.002
22:14:04 | INFO: Primitives created: 1
22:14:04 | INFO: Extracting primitive: KIT_props_lantern_hanging_render.008
22:14:04 | WARNING: More than one shader node tex image used for a texture. The resulting glTF sampler will behave like the first shader node tex image.
22:14:04 | INFO: Primitives created: 1
22:14:04 | INFO: Extracting primitive: KIT_stage_fog_plane_render.017
22:14:04 | INFO: Primitives created: 1
22:14:04 | INFO: Finished glTF 2.0 export in 0.07223081588745117 s

22:14:05 | INFO: Starting glTF 2.0 export
22:14:05 | INFO: Extracting primitive: COL_cell_floor.006
22:14:05 | INFO: Primitives created: 1
22:14:05 | INFO: Extracting primitive: COL_cell_floor.007
22:14:05 | INFO: Primitives created: 1
22:14:05 | INFO: Extracting primitive: COL_cell_floor.008
22:14:05 | INFO: Primitives created: 1
22:14:05 | INFO: Extracting primitive: COL_cell_floor.009
22:14:05 | INFO: Primitives created: 1
22:14:05 | INFO: Extracting primitive: COL_cell_floor.010
22:14:05 | INFO: Primitives created: 1
22:14:05 | INFO: Extracting primitive: COL_cell_floor.011
22:14:05 | INFO: Primitives created: 1
22:14:05 | INFO: Extracting primitive: COL_cell_wall.012
22:14:05 | INFO: Primitives created: 1
22:14:05 | INFO: Extracting primitive: COL_cell_wall.013
22:14:05 | INFO: Primitives created: 1
22:14:05 | INFO: Extracting primitive: COL_cell_wall.014
22:14:05 | INFO: Primitives created: 1
22:14:05 | INFO: Extracting primitive: COL_cell_wall.015
22:14:05 | INFO: Primitives created: 1
22:14:05 | INFO: Extracting primitive: COL_cell_wall.016
22:14:05 | INFO: Primitives created: 1
22:14:05 | INFO: Extracting primitive: COL_cell_wall.017
22:14:05 | INFO: Primitives created: 1
22:14:05 | INFO: Extracting primitive: COL_cell_wall.018
22:14:05 | INFO: Primitives created: 1
22:14:05 | INFO: Extracting primitive: COL_cell_wall.019
22:14:05 | INFO: Primitives created: 1
22:14:05 | INFO: Extracting primitive: COL_cell_wall.020
22:14:05 | INFO: Primitives created: 1
22:14:05 | INFO: Extracting primitive: COL_cell_wall.021
22:14:05 | INFO: Primitives created: 1
22:14:05 | INFO: Extracting primitive: COL_cell_wall.022
22:14:05 | INFO: Primitives created: 1
22:14:05 | INFO: Extracting primitive: COL_cell_wall.023
22:14:05 | INFO: Primitives created: 1
22:14:05 | INFO: Extracting primitive: COL_entry_corridor.001
22:14:05 | INFO: Primitives created: 1
22:14:05 | INFO: Extracting primitive: COL_entry_walk.002
22:14:05 | INFO: Primitives created: 1
22:14:05 | INFO: Extracting primitive: COL_entry_walk.003
22:14:05 | INFO: Primitives created: 1
22:14:05 | INFO: Extracting primitive: COL_floor_joint_cell_threshold_0.001
22:14:05 | INFO: Primitives created: 1
22:14:05 | INFO: Extracting primitive: COL_floor_joint_cell_threshold_1.001
22:14:05 | INFO: Primitives created: 1
22:14:05 | INFO: Extracting primitive: COL_floor_joint_cell_threshold_2.001
22:14:05 | INFO: Primitives created: 1
22:14:05 | INFO: Extracting primitive: COL_floor_joint_cell_threshold_3.001
22:14:05 | INFO: Primitives created: 1
22:14:05 | INFO: Extracting primitive: COL_floor_joint_cell_threshold_4.001
22:14:05 | INFO: Primitives created: 1
22:14:05 | INFO: Extracting primitive: COL_floor_joint_cell_threshold_5.001
22:14:05 | INFO: Primitives created: 1
22:14:05 | INFO: Extracting primitive: Cube.193
22:14:05 | INFO: Primitives created: 1
22:14:05 | INFO: Extracting primitive: Cube.194
22:14:05 | INFO: Primitives created: 1
22:14:05 | INFO: Extracting primitive: Cube.195
22:14:05 | INFO: Primitives created: 1
22:14:05 | INFO: Extracting primitive: Cube.196
22:14:05 | INFO: Primitives created: 1
22:14:05 | INFO: Extracting primitive: Cube.197
22:14:05 | INFO: Primitives created: 1
22:14:05 | INFO: Extracting primitive: Cube.198
22:14:05 | INFO: Primitives created: 1
22:14:05 | INFO: Extracting primitive: Cube.199
22:14:05 | INFO: Primitives created: 1
22:14:05 | INFO: Extracting primitive: Cube.200
22:14:05 | INFO: Primitives created: 1
22:14:05 | INFO: Extracting primitive: Cube.151
22:14:05 | INFO: Primitives created: 1
22:14:05 | INFO: Extracting primitive: Cube.152
22:14:05 | INFO: Primitives created: 1
22:14:05 | INFO: Extracting primitive: Cube.153
22:14:05 | INFO: Primitives created: 1
22:14:05 | INFO: Extracting primitive: Cube.154
22:14:05 | INFO: Primitives created: 1
22:14:05 | INFO: Extracting primitive: Cube.155
22:14:05 | INFO: Primitives created: 1
22:14:05 | INFO: Extracting primitive: Cube.156
22:14:05 | INFO: Primitives created: 1
22:14:05 | INFO: Extracting primitive: Cube.157
22:14:05 | INFO: Primitives created: 1
22:14:05 | INFO: Extracting primitive: Cube.158
22:14:05 | INFO: Primitives created: 1
22:14:05 | INFO: Extracting primitive: Cube.159
22:14:05 | INFO: Primitives created: 1
22:14:05 | INFO: Extracting primitive: Cube.160
22:14:05 | INFO: Primitives created: 1
22:14:05 | INFO: Extracting primitive: Cube.161
22:14:05 | INFO: Primitives created: 1
22:14:05 | INFO: Extracting primitive: Cube.162
22:14:05 | INFO: Primitives created: 1
22:14:05 | INFO: Extracting primitive: Cube.163
22:14:05 | INFO: Primitives created: 1
22:14:05 | INFO: Extracting primitive: Cube.164
22:14:05 | INFO: Primitives created: 1
22:14:05 | INFO: Extracting primitive: Cube.165
22:14:05 | INFO: Primitives created: 1
22:14:05 | INFO: Extracting primitive: Cube.166
22:14:05 | INFO: Primitives created: 1
22:14:05 | INFO: Extracting primitive: Cube.167
22:14:05 | INFO: Primitives created: 1
22:14:05 | INFO: Extracting primitive: Cube.168
22:14:05 | INFO: Primitives created: 1
22:14:05 | INFO: Extracting primitive: Cube.169
22:14:05 | INFO: Primitives created: 1
22:14:05 | INFO: Extracting primitive: Cube.170
22:14:05 | INFO: Primitives created: 1
22:14:05 | INFO: Extracting primitive: Cube.171
22:14:05 | INFO: Primitives created: 1
22:14:05 | INFO: Extracting primitive: Cube.172
22:14:05 | INFO: Primitives created: 1
22:14:05 | INFO: Extracting primitive: Cube.173
22:14:05 | INFO: Primitives created: 1
22:14:05 | INFO: Extracting primitive: Cube.174
22:14:05 | INFO: Primitives created: 1
22:14:05 | INFO: Extracting primitive: Cube.175
22:14:05 | INFO: Primitives created: 1
22:14:05 | INFO: Extracting primitive: Cube.176
22:14:05 | INFO: Primitives created: 1
22:14:05 | INFO: Extracting primitive: Cube.177
22:14:05 | INFO: Primitives created: 1
22:14:05 | INFO: Extracting primitive: Cube.178
22:14:05 | INFO: Primitives created: 1
22:14:05 | INFO: Extracting primitive: Cube.179
22:14:05 | INFO: Primitives created: 1
22:14:05 | INFO: Extracting primitive: Cube.180
22:14:05 | INFO: Primitives created: 1
22:14:05 | INFO: Extracting primitive: Cube.181
22:14:05 | INFO: Primitives created: 1
22:14:05 | INFO: Extracting primitive: Cube.182
22:14:05 | INFO: Primitives created: 1
22:14:05 | INFO: Extracting primitive: Cube.183
22:14:05 | INFO: Primitives created: 1
22:14:05 | INFO: Extracting primitive: Cube.184
22:14:05 | INFO: Primitives created: 1
22:14:05 | INFO: Extracting primitive: Cube.185
22:14:05 | INFO: Primitives created: 1
22:14:05 | INFO: Extracting primitive: Cube.186
22:14:05 | INFO: Primitives created: 1
22:14:05 | INFO: Extracting primitive: Cube.187
22:14:05 | INFO: Primitives created: 1
22:14:05 | INFO: Extracting primitive: Cube.188
22:14:05 | INFO: Primitives created: 1
22:14:05 | INFO: Extracting primitive: Cube.189
22:14:05 | INFO: Primitives created: 1
22:14:05 | INFO: Extracting primitive: Cube.190
22:14:05 | INFO: Primitives created: 1
22:14:05 | INFO: Extracting primitive: Cube.191
22:14:05 | INFO: Primitives created: 1
22:14:05 | INFO: Extracting primitive: Cube.192
22:14:05 | INFO: Primitives created: 1
22:14:05 | INFO: Extracting primitive: KIT_tech_cell_side.012
22:14:05 | INFO: Primitives created: 1
22:14:05 | INFO: Extracting primitive: KIT_wall_window_bar.030
22:14:05 | INFO: Primitives created: 1
22:14:05 | INFO: Extracting primitive: KIT_stage_entry_walk.002
22:14:05 | INFO: Primitives created: 1
22:14:05 | INFO: Extracting primitive: KIT_props_folding_chair_render.001
22:14:05 | WARNING: More than one shader node tex image used for a texture. The resulting glTF sampler will behave like the first shader node tex image.
22:14:05 | INFO: Primitives created: 1
22:14:05 | INFO: Extracting primitive: KIT_stage_floor_boards_render.002
22:14:05 | WARNING: More than one shader node tex image used for a texture. The resulting glTF sampler will behave like the first shader node tex image.
22:14:05 | INFO: Primitives created: 1
22:14:05 | INFO: Extracting primitive: KIT_stage_gel_frame_render.002
22:14:05 | INFO: Primitives created: 2
22:14:05 | INFO: Extracting primitive: KIT_stage_studio_wall_render.002
22:14:05 | INFO: Primitives created: 1
22:14:05 | INFO: Extracting primitive: KIT_stage_fog_plane_render.020
22:14:05 | INFO: Primitives created: 1
22:14:05 | INFO: Extracting primitive: KIT_tech_terminal_desk_render.001
22:14:05 | WARNING: More than one shader node tex image used for a texture. The resulting glTF sampler will behave like the first shader node tex image.
22:14:05 | INFO: Primitives created: 1
22:14:05 | INFO: Extracting primitive: KIT_props_scroll_render.001
22:14:05 | WARNING: More than one shader node tex image used for a texture. The resulting glTF sampler will behave like the first shader node tex image.
22:14:05 | INFO: Primitives created: 1
22:14:05 | INFO: Finished glTF 2.0 export in 0.15689611434936523 s

22:14:06 | INFO: Starting glTF 2.0 export
22:14:06 | INFO: Extracting primitive: COL_qiushuang-zhai_floor.001
22:14:06 | INFO: Primitives created: 1
22:14:06 | INFO: Extracting primitive: COL_study_desk_centre.002
22:14:06 | INFO: Primitives created: 1
22:14:06 | INFO: Extracting primitive: COL_study_desk_left.002
22:14:06 | INFO: Primitives created: 1
22:14:06 | INFO: Extracting primitive: COL_study_desk_right.002
22:14:06 | INFO: Primitives created: 1
22:14:06 | INFO: Extracting primitive: COL_study_front_walk.002
22:14:06 | INFO: Primitives created: 1
22:14:06 | INFO: Extracting primitive: COL_study_front_wall.002
22:14:06 | INFO: Primitives created: 1
22:14:06 | INFO: Extracting primitive: COL_study_post.001
22:14:06 | INFO: Primitives created: 1
22:14:06 | INFO: Extracting primitive: COL_study_post.002
22:14:06 | INFO: Primitives created: 1
22:14:06 | INFO: Extracting primitive: COL_study_post.003
22:14:06 | INFO: Primitives created: 1
22:14:06 | INFO: Extracting primitive: COL_study_post.008
22:14:06 | INFO: Primitives created: 1
22:14:06 | INFO: Extracting primitive: Cube.201
22:14:06 | INFO: Primitives created: 1
22:14:06 | INFO: Extracting primitive: Cube.202
22:14:06 | INFO: Primitives created: 1
22:14:06 | INFO: Extracting primitive: Cube.203
22:14:06 | INFO: Primitives created: 1
22:14:06 | INFO: Extracting primitive: HERO_study_scroll_bamboo.002
22:14:06 | INFO: Primitives created: 1
22:14:06 | INFO: Extracting primitive: HERO_study_scroll_plum.002
22:14:06 | INFO: Primitives created: 1
22:14:06 | INFO: Extracting primitive: HERO_study_title.002
22:14:06 | WARNING: More than one shader node tex image used for a texture. The resulting glTF sampler will behave like the first shader node tex image.
22:14:06 | INFO: Primitives created: 1
22:14:06 | INFO: Extracting primitive: SITE_qiushuang-zhai_backstage.001
22:14:06 | INFO: Primitives created: 1
22:14:06 | INFO: Extracting primitive: KIT_pavilion_finial.005
22:14:06 | INFO: Primitives created: 1
22:14:06 | INFO: Extracting primitive: KIT_wall_lattice_vertical.042
22:14:06 | INFO: Primitives created: 1
22:14:06 | INFO: Extracting primitive: SITE_qiushuang-zhai_platform.001
22:14:06 | INFO: Primitives created: 1
22:14:06 | INFO: Extracting primitive: KIT_props_lantern_hanging_render.010
22:14:06 | WARNING: More than one shader node tex image used for a texture. The resulting glTF sampler will behave like the first shader node tex image.
22:14:06 | INFO: Primitives created: 1
22:14:06 | INFO: Extracting primitive: KIT_pavilion_roof.005
22:14:06 | INFO: Primitives created: 1
22:14:06 | INFO: Extracting primitive: KIT_tech_terminal_desk_render.007
22:14:06 | WARNING: More than one shader node tex image used for a texture. The resulting glTF sampler will behave like the first shader node tex image.
22:14:06 | INFO: Primitives created: 1
22:14:06 | INFO: Extracting primitive: SITE_qiushuang-zhai_front.001
22:14:06 | INFO: Primitives created: 1
22:14:06 | INFO: Finished glTF 2.0 export in 0.04893302917480469 s

22:14:07 | INFO: Starting glTF 2.0 export
22:14:07 | INFO: Extracting primitive: COL_tubi-tang_floor.001
22:14:07 | INFO: Primitives created: 1
22:14:07 | INFO: Extracting primitive: COL_tubi_closed_hall.002
22:14:07 | INFO: Primitives created: 1
22:14:07 | INFO: Extracting primitive: COL_tubi_hall_post.001
22:14:07 | INFO: Primitives created: 1
22:14:07 | INFO: Extracting primitive: COL_tubi_hall_post.002
22:14:07 | INFO: Primitives created: 1
22:14:07 | INFO: Extracting primitive: COL_tubi_hall_post.006
22:14:07 | INFO: Primitives created: 1
22:14:07 | INFO: Extracting primitive: COL_tubi_parapet.001
22:14:07 | INFO: Primitives created: 1
22:14:07 | INFO: Extracting primitive: COL_tubi_parapet.002
22:14:07 | INFO: Primitives created: 1
22:14:07 | INFO: Extracting primitive: COL_tubi_parapet.003
22:14:07 | INFO: Primitives created: 1
22:14:07 | INFO: Extracting primitive: COL_tubi_parapet.008
22:14:07 | INFO: Primitives created: 1
22:14:07 | INFO: Extracting primitive: COL_tubi_stair_guard.001
22:14:07 | INFO: Primitives created: 1
22:14:07 | INFO: Extracting primitive: COL_tubi_stair_guard.004
22:14:07 | INFO: Primitives created: 1
22:14:07 | INFO: Extracting primitive: COL_tubi_stair_ramp.002
22:14:07 | INFO: Primitives created: 1
22:14:07 | INFO: Extracting primitive: COL_tubi_terrace.002
22:14:07 | INFO: Primitives created: 1
22:14:07 | INFO: Extracting primitive: COL_tubi_topic_table.002
22:14:07 | INFO: Primitives created: 1
22:14:07 | INFO: Extracting primitive: COL_tubi_view_bench_left.001
22:14:07 | INFO: Primitives created: 1
22:14:07 | INFO: Extracting primitive: COL_tubi_view_bench_right.001
22:14:07 | INFO: Primitives created: 1
22:14:07 | INFO: Extracting primitive: HERO_tubi_title.002
22:14:07 | WARNING: More than one shader node tex image used for a texture. The resulting glTF sampler will behave like the first shader node tex image.
22:14:07 | INFO: Primitives created: 1
22:14:07 | INFO: Extracting primitive: SITE_tubi-tang_backstage.001
22:14:07 | INFO: Primitives created: 1
22:14:07 | INFO: Extracting primitive: KIT_pavilion_finial.007
22:14:07 | INFO: Primitives created: 1
22:14:07 | INFO: Extracting primitive: KIT_wall_amber_window.003
22:14:07 | INFO: Primitives created: 1
22:14:07 | INFO: Extracting primitive: TUBI_topic_line.001
22:14:07 | INFO: Primitives created: 1
22:14:07 | INFO: Extracting primitive: KIT_wall_lattice_vertical.063
22:14:07 | INFO: Primitives created: 1
22:14:07 | INFO: Extracting primitive: SITE_tubi-tang_platform.001
22:14:07 | INFO: Primitives created: 1
22:14:07 | INFO: Extracting primitive: KIT_props_lantern_hanging_render.012
22:14:07 | WARNING: More than one shader node tex image used for a texture. The resulting glTF sampler will behave like the first shader node tex image.
22:14:07 | INFO: Primitives created: 1
22:14:07 | INFO: Extracting primitive: KIT_pavilion_roof.007
22:14:07 | INFO: Primitives created: 1
22:14:07 | INFO: Extracting primitive: TUBI_terrace.002
22:14:07 | INFO: Primitives created: 1
22:14:07 | INFO: Extracting primitive: SITE_tubi-tang_front.001
22:14:07 | INFO: Primitives created: 1
22:14:07 | INFO: Finished glTF 2.0 export in 0.03921198844909668 s

IMPERIAL_JOINED_TOPOLOGY {(16, 26): 2, (16, 28): 576}
22:14:12 | INFO: Starting glTF 2.0 export
22:14:12 | INFO: Extracting primitive: COL_daguan_central_step.003
22:14:12 | INFO: Primitives created: 1
22:14:12 | INFO: Extracting primitive: COL_daguan_central_step.004
22:14:12 | INFO: Primitives created: 1
22:14:12 | INFO: Extracting primitive: COL_daguan_central_step.005
22:14:12 | INFO: Primitives created: 1
22:14:12 | INFO: Extracting primitive: COL_daguan_closed_front.001
22:14:12 | INFO: Primitives created: 1
22:14:12 | INFO: Extracting primitive: COL_daguan_column.006
22:14:12 | INFO: Primitives created: 1
22:14:12 | INFO: Extracting primitive: COL_daguan_column.007
22:14:12 | INFO: Primitives created: 1
22:14:12 | INFO: Extracting primitive: COL_daguan_column.008
22:14:12 | INFO: Primitives created: 1
22:14:12 | INFO: Extracting primitive: COL_daguan_column.009
22:14:12 | INFO: Primitives created: 1
22:14:12 | INFO: Extracting primitive: COL_daguan_column.010
22:14:12 | INFO: Primitives created: 1
22:14:12 | INFO: Extracting primitive: COL_daguan_column.011
22:14:12 | INFO: Primitives created: 1
22:14:12 | INFO: Extracting primitive: COL_daguan_floor.001
22:14:12 | INFO: Primitives created: 1
22:14:12 | INFO: Extracting primitive: COL_daguan_return_wall.002
22:14:12 | INFO: Primitives created: 1
22:14:12 | INFO: Extracting primitive: COL_daguan_return_wall.003
22:14:12 | INFO: Primitives created: 1
22:14:12 | INFO: Extracting primitive: HERO_daguan_title.001
22:14:12 | WARNING: More than one shader node tex image used for a texture. The resulting glTF sampler will behave like the first shader node tex image.
22:14:12 | INFO: Primitives created: 1
22:14:12 | INFO: Extracting primitive: DAGUAN_backstage.001
22:14:12 | INFO: Primitives created: 1
22:14:12 | INFO: Extracting primitive: DAGUAN_door_stud.180
22:14:12 | INFO: Primitives created: 1
22:14:12 | INFO: Extracting primitive: DAGUAN_amber_transom.002
22:14:12 | INFO: Primitives created: 1
22:14:12 | INFO: Extracting primitive: DAGUAN_closed_door.010
22:14:12 | INFO: Primitives created: 1
22:14:12 | INFO: Extracting primitive: DAGUAN_recessed_panel.020
22:14:12 | INFO: Primitives created: 1
22:14:12 | INFO: Extracting primitive: DAGUAN_column.006
22:14:12 | INFO: Primitives created: 1
22:14:12 | INFO: Extracting primitive: DAGUAN_platform.001
22:14:12 | INFO: Primitives created: 1
22:14:12 | INFO: Extracting primitive: DAGUAN_lower_roof.001
22:14:12 | INFO: Primitives created: 1
22:14:12 | INFO: Extracting primitive: DAGUAN_front.001
22:14:12 | INFO: Primitives created: 1
22:14:12 | INFO: Finished glTF 2.0 export in 0.04674816131591797 s

22:14:13 | INFO: Starting glTF 2.0 export
22:14:13 | INFO: Extracting primitive: COL_ouxiang_approach.001
22:14:13 | INFO: Primitives created: 1
22:14:13 | INFO: Extracting primitive: COL_ouxiang_deck.001
22:14:13 | INFO: Primitives created: 1
22:14:13 | INFO: Extracting primitive: COL_ouxiang_post.004
22:14:13 | INFO: Primitives created: 1
22:14:13 | INFO: Extracting primitive: COL_ouxiang_post.005
22:14:13 | INFO: Primitives created: 1
22:14:13 | INFO: Extracting primitive: COL_ouxiang_post.006
22:14:13 | INFO: Primitives created: 1
22:14:13 | INFO: Extracting primitive: COL_ouxiang_post.007
22:14:13 | INFO: Primitives created: 1
22:14:13 | INFO: Extracting primitive: COL_ouxiang_rail.002
22:14:13 | INFO: Primitives created: 1
22:14:13 | INFO: Extracting primitive: COL_ouxiang_rail.003
22:14:13 | INFO: Primitives created: 1
22:14:13 | INFO: Extracting primitive: COL_ouxiang_side_rail.004
22:14:13 | INFO: Primitives created: 1
22:14:13 | INFO: Extracting primitive: COL_ouxiang_side_rail.005
22:14:13 | INFO: Primitives created: 1
22:14:13 | INFO: Extracting primitive: COL_ouxiang_side_rail.006
22:14:13 | INFO: Primitives created: 1
22:14:13 | INFO: Extracting primitive: COL_ouxiang_side_rail.007
22:14:13 | INFO: Primitives created: 1
22:14:13 | INFO: Extracting primitive: COL_ouxiang_table.001
22:14:13 | INFO: Primitives created: 1
22:14:13 | INFO: Extracting primitive: KIT_props_tea_cup.006
22:14:13 | INFO: Primitives created: 1
22:14:13 | INFO: Extracting primitive: SITE_ouxiang_deck.001
22:14:13 | INFO: Primitives created: 1
22:14:13 | INFO: Extracting primitive: WESTERN_kit_lotus_lotus_pad.001
22:14:13 | INFO: Primitives created: 1
22:14:13 | INFO: Extracting primitive: KIT_pavilion_water_pier.004
22:14:13 | INFO: Primitives created: 1
22:14:13 | INFO: Extracting primitive: KIT_props_lantern_hanging_render.013
22:14:13 | WARNING: More than one shader node tex image used for a texture. The resulting glTF sampler will behave like the first shader node tex image.
22:14:13 | INFO: Primitives created: 1
22:14:13 | INFO: Extracting primitive: KIT_pavilion_water_hipped_roof.001
22:14:13 | INFO: Primitives created: 1
22:14:13 | INFO: Finished glTF 2.0 export in 0.03252100944519043 s

22:14:15 | INFO: Starting glTF 2.0 export
22:14:15 | INFO: Extracting primitive: COL_hengwu-yuan_floor.001
22:14:15 | INFO: Primitives created: 1
22:14:15 | INFO: Extracting primitive: COL_hengwu_closed_hall.002
22:14:15 | INFO: Primitives created: 1
22:14:15 | INFO: Extracting primitive: COL_hengwu_court.002
22:14:15 | INFO: Primitives created: 1
22:14:15 | INFO: Extracting primitive: COL_hengwu_hall_post.001
22:14:15 | INFO: Primitives created: 1
22:14:15 | INFO: Extracting primitive: COL_hengwu_hall_post.002
22:14:15 | INFO: Primitives created: 1
22:14:15 | INFO: Extracting primitive: COL_hengwu_hall_post.006
22:14:15 | INFO: Primitives created: 1
22:14:15 | INFO: Extracting primitive: COL_wall_bay.001
22:14:15 | INFO: Primitives created: 1
22:14:15 | INFO: Extracting primitive: COL_wall_bay.002
22:14:15 | INFO: Primitives created: 1
22:14:15 | INFO: Extracting primitive: COL_wall_bay.003
22:14:15 | INFO: Primitives created: 1
22:14:15 | INFO: Extracting primitive: COL_wall_bay.004
22:14:15 | INFO: Primitives created: 1
22:14:15 | INFO: Extracting primitive: COL_wall_bay.005
22:14:15 | INFO: Primitives created: 1
22:14:15 | INFO: Extracting primitive: COL_wall_bay.006
22:14:15 | INFO: Primitives created: 1
22:14:15 | INFO: Extracting primitive: KIT_wall_plaster.002
22:14:15 | INFO: Primitives created: 1
22:14:15 | INFO: Extracting primitive: COL_wall_window.001
22:14:15 | INFO: Primitives created: 1
22:14:15 | INFO: Extracting primitive: COL_wall_window.002
22:14:15 | INFO: Primitives created: 1
22:14:15 | INFO: Extracting primitive: COL_hengwu_rock.001
22:14:15 | INFO: Primitives created: 1
22:14:15 | INFO: Extracting primitive: COL_hengwu_rock.002
22:14:15 | INFO: Primitives created: 1
22:14:15 | INFO: Extracting primitive: COL_hengwu_rock.006
22:14:15 | INFO: Primitives created: 1
22:14:15 | INFO: Extracting primitive: COL_hengwu_stool.001
22:14:15 | INFO: Primitives created: 1
22:14:15 | INFO: Extracting primitive: COL_hengwu_stool.002
22:14:15 | INFO: Primitives created: 1
22:14:15 | INFO: Extracting primitive: COL_hengwu_stool.003
22:14:15 | INFO: Primitives created: 1
22:14:15 | INFO: Extracting primitive: COL_hengwu_stool.008
22:14:15 | INFO: Primitives created: 1
22:14:15 | INFO: Extracting primitive: COL_hengwu_table.002
22:14:15 | INFO: Primitives created: 1
22:14:15 | INFO: Extracting primitive: HERO_hengwu-yuan_title.002
22:14:15 | WARNING: More than one shader node tex image used for a texture. The resulting glTF sampler will behave like the first shader node tex image.
22:14:15 | INFO: Primitives created: 1
22:14:15 | INFO: Extracting primitive: SITE_hengwu-yuan_backstage.001
22:14:15 | INFO: Primitives created: 1
22:14:15 | INFO: Extracting primitive: KIT_pavilion_finial.011
22:14:15 | INFO: Primitives created: 1
22:14:15 | INFO: Extracting primitive: KIT_wall_amber_window.006
22:14:15 | INFO: Primitives created: 1
22:14:15 | INFO: Extracting primitive: HENGWU_herb_leaf.001
22:14:15 | INFO: Primitives created: 1
22:14:15 | INFO: Extracting primitive: KIT_wall_lattice_vertical.105
22:14:15 | INFO: Primitives created: 1
22:14:15 | INFO: Extracting primitive: SITE_hengwu-yuan_platform.001
22:14:15 | INFO: Primitives created: 1
22:14:15 | INFO: Extracting primitive: KIT_props_lantern_hanging_render.015
22:14:15 | WARNING: More than one shader node tex image used for a texture. The resulting glTF sampler will behave like the first shader node tex image.
22:14:15 | INFO: Primitives created: 1
22:14:15 | INFO: Extracting primitive: KIT_pavilion_roof.011
22:14:15 | INFO: Primitives created: 1
22:14:15 | INFO: Extracting primitive: KIT_wall_bay.001
22:14:15 | WARNING: More than one shader node tex image used for a texture. The resulting glTF sampler will behave like the first shader node tex image.
22:14:15 | INFO: Primitives created: 1
22:14:15 | INFO: Extracting primitive: SITE_hengwu-yuan_front.001
22:14:15 | INFO: Primitives created: 1
22:14:15 | INFO: Finished glTF 2.0 export in 0.11507201194763184 s

22:14:16 | INFO: Starting glTF 2.0 export
22:14:16 | INFO: Extracting primitive: COL_yihong_closed_front.002
22:14:16 | INFO: Primitives created: 1
22:14:16 | INFO: Extracting primitive: COL_yihong_court_side.001
22:14:16 | INFO: Primitives created: 1
22:14:16 | INFO: Extracting primitive: COL_yihong_court_side.004
22:14:16 | INFO: Primitives created: 1
22:14:16 | INFO: Extracting primitive: COL_yihong_floor.002
22:14:16 | INFO: Primitives created: 1
22:14:16 | INFO: Extracting primitive: COL_yihong_planter.001
22:14:16 | INFO: Primitives created: 1
22:14:16 | INFO: Extracting primitive: COL_yihong_planter.004
22:14:16 | INFO: Primitives created: 1
22:14:16 | INFO: Extracting primitive: COL_yihong_side_return.001
22:14:16 | INFO: Primitives created: 1
22:14:16 | INFO: Extracting primitive: COL_yihong_side_return.004
22:14:16 | INFO: Primitives created: 1
22:14:16 | INFO: Extracting primitive: COL_yihong_threshold.002
22:14:16 | INFO: Primitives created: 1
22:14:16 | INFO: Extracting primitive: KIT_flora_banana_render.001
22:14:16 | WARNING: More than one shader node tex image used for a texture. The resulting glTF sampler will behave like the first shader node tex image.
22:14:16 | INFO: Primitives created: 1
22:14:16 | INFO: Extracting primitive: KIT_flora_banana_render.002
22:14:16 | INFO: Primitives created: 1
22:14:16 | INFO: Extracting primitive: HERO_yihong-yuan_title.002
22:14:16 | WARNING: More than one shader node tex image used for a texture. The resulting glTF sampler will behave like the first shader node tex image.
22:14:16 | INFO: Primitives created: 1
22:14:16 | INFO: Extracting primitive: YIHONG_backstage.002
22:14:16 | INFO: Primitives created: 1
22:14:16 | INFO: Extracting primitive: YIHONG_door_rail.001
22:14:16 | INFO: Primitives created: 1
22:14:16 | INFO: Extracting primitive: YIHONG_amber_window.002
22:14:16 | INFO: Primitives created: 1
22:14:16 | INFO: Extracting primitive: YIHONG_door_panel.001
22:14:16 | INFO: Primitives created: 1
22:14:16 | INFO: Extracting primitive: YIHONG_paving.002
22:14:16 | INFO: Primitives created: 1
22:14:16 | INFO: Extracting primitive: YIHONG_court_cap.001
22:14:16 | INFO: Primitives created: 1
22:14:16 | INFO: Extracting primitive: YIHONG_closed_front.002
22:14:16 | INFO: Primitives created: 1
22:14:16 | INFO: Finished glTF 2.0 export in 0.030361175537109375 s

22:14:16 | INFO: Starting glTF 2.0 export
22:14:16 | INFO: Extracting primitive: COL_xiaoxiang_bamboo_bed.004
22:14:16 | INFO: Primitives created: 1
22:14:16 | INFO: Extracting primitive: COL_xiaoxiang_bamboo_bed.005
22:14:16 | INFO: Primitives created: 1
22:14:16 | INFO: Extracting primitive: COL_xiaoxiang_bamboo_bed.006
22:14:16 | INFO: Primitives created: 1
22:14:16 | INFO: Extracting primitive: COL_xiaoxiang_bamboo_bed.007
22:14:16 | INFO: Primitives created: 1
22:14:16 | INFO: Extracting primitive: COL_xiaoxiang_closed_front.001
22:14:16 | INFO: Primitives created: 1
22:14:16 | INFO: Extracting primitive: COL_xiaoxiang_floor.001
22:14:16 | INFO: Primitives created: 1
22:14:16 | INFO: Extracting primitive: COL_xiaoxiang_return.002
22:14:16 | INFO: Primitives created: 1
22:14:16 | INFO: Extracting primitive: COL_xiaoxiang_return.003
22:14:16 | INFO: Primitives created: 1
22:14:16 | INFO: Extracting primitive: COL_xiaoxiang_threshold.001
22:14:16 | INFO: Primitives created: 1
22:14:16 | INFO: Extracting primitive: KIT_flora_bamboo_large_render.003
22:14:16 | WARNING: More than one shader node tex image used for a texture. The resulting glTF sampler will behave like the first shader node tex image.
22:14:16 | INFO: Primitives created: 1
22:14:16 | INFO: Extracting primitive: KIT_flora_bamboo_medium_render.001
22:14:16 | INFO: Primitives created: 1
22:14:16 | INFO: Extracting primitive: KIT_flora_bamboo_small_render.002
22:14:16 | INFO: Primitives created: 1
22:14:16 | INFO: Extracting primitive: KIT_flora_bamboo_large_render.004
22:14:16 | INFO: Primitives created: 1
22:14:16 | INFO: Extracting primitive: HERO_xiaoxiang-guan_title.002
22:14:16 | WARNING: More than one shader node tex image used for a texture. The resulting glTF sampler will behave like the first shader node tex image.
22:14:16 | INFO: Primitives created: 1
22:14:16 | INFO: Extracting primitive: XIAOXIANG_black_back.001
22:14:16 | INFO: Primitives created: 1
22:14:16 | INFO: Extracting primitive: XIAOXIANG_gate_pull.002
22:14:16 | INFO: Primitives created: 1
22:14:16 | INFO: Extracting primitive: XIAOXIANG_amber_window.001
22:14:16 | INFO: Primitives created: 1
22:14:16 | INFO: Extracting primitive: XIAOXIANG_gate_leaf.002
22:14:16 | INFO: Primitives created: 1
22:14:16 | INFO: Extracting primitive: XIAOXIANG_paving.001
22:14:16 | INFO: Primitives created: 1
22:14:16 | INFO: Extracting primitive: XIAOXIANG_wall_cap.001
22:14:16 | INFO: Primitives created: 1
22:14:16 | INFO: Extracting primitive: XIAOXIANG_closed_front.001
22:14:16 | INFO: Primitives created: 1
22:14:16 | INFO: Finished glTF 2.0 export in 0.03676891326904297 s

22:14:17 | INFO: Starting glTF 2.0 export
22:14:17 | INFO: Extracting primitive: COL_longcui_burner.001
22:14:17 | INFO: Primitives created: 1
22:14:17 | INFO: Extracting primitive: COL_longcui_closed_front.001
22:14:17 | INFO: Primitives created: 1
22:14:17 | INFO: Extracting primitive: COL_longcui_floor.001
22:14:17 | INFO: Primitives created: 1
22:14:17 | INFO: Extracting primitive: COL_longcui_plum_trunk.002
22:14:17 | INFO: Primitives created: 1
22:14:17 | INFO: Extracting primitive: COL_longcui_plum_trunk.003
22:14:17 | INFO: Primitives created: 1
22:14:17 | INFO: Extracting primitive: COL_longcui_return.002
22:14:17 | INFO: Primitives created: 1
22:14:17 | INFO: Extracting primitive: COL_longcui_return.003
22:14:17 | INFO: Primitives created: 1
22:14:17 | INFO: Extracting primitive: COL_longcui_threshold.001
22:14:17 | INFO: Primitives created: 1
22:14:17 | INFO: Extracting primitive: KIT_flora_plum_render.001
22:14:17 | WARNING: More than one shader node tex image used for a texture. The resulting glTF sampler will behave like the first shader node tex image.
22:14:17 | INFO: Primitives created: 1
22:14:17 | INFO: Extracting primitive: KIT_flora_plum_render.002
22:14:17 | INFO: Primitives created: 1
22:14:17 | INFO: Extracting primitive: HERO_longcui-an_title.002
22:14:17 | WARNING: More than one shader node tex image used for a texture. The resulting glTF sampler will behave like the first shader node tex image.
22:14:17 | INFO: Primitives created: 1
22:14:17 | INFO: Extracting primitive: LONGCUI_backstage.001
22:14:17 | INFO: Primitives created: 1
22:14:17 | INFO: Extracting primitive: LONGCUI_gate_pull.002
22:14:17 | INFO: Primitives created: 1
22:14:17 | INFO: Extracting primitive: LONGCUI_closed_gate.002
22:14:17 | INFO: Primitives created: 1
22:14:17 | INFO: Extracting primitive: LONGCUI_paving.001
22:14:17 | INFO: Primitives created: 1
22:14:17 | INFO: Extracting primitive: KIT_props_lantern_hanging_render.016
22:14:17 | WARNING: More than one shader node tex image used for a texture. The resulting glTF sampler will behave like the first shader node tex image.
22:14:17 | INFO: Primitives created: 1
22:14:17 | INFO: Extracting primitive: LONGCUI_wall_cap.001
22:14:17 | INFO: Primitives created: 1
22:14:17 | INFO: Extracting primitive: LONGCUI_closed_front.001
22:14:17 | INFO: Primitives created: 1
22:14:17 | INFO: Finished glTF 2.0 export in 0.03207874298095703 s

22:14:17 | INFO: Starting glTF 2.0 export
22:14:17 | INFO: Extracting primitive: COL_aojing_closed_front.002
22:14:17 | INFO: Primitives created: 1
22:14:17 | INFO: Extracting primitive: COL_aojing_dry_ledge.002
22:14:17 | INFO: Primitives created: 1
22:14:17 | INFO: Extracting primitive: COL_aojing_hall_floor.002
22:14:17 | INFO: Primitives created: 1
22:14:17 | INFO: Extracting primitive: COL_aojing_ledge_end.002
22:14:17 | INFO: Primitives created: 1
22:14:17 | INFO: Extracting primitive: COL_aojing_ledge_parapet.002
22:14:17 | INFO: Primitives created: 1
22:14:17 | INFO: Extracting primitive: COL_aojing_return.001
22:14:17 | INFO: Primitives created: 1
22:14:17 | INFO: Extracting primitive: COL_aojing_return.004
22:14:17 | INFO: Primitives created: 1
22:14:17 | INFO: Extracting primitive: HERO_aojing-guan_title.002
22:14:17 | WARNING: More than one shader node tex image used for a texture. The resulting glTF sampler will behave like the first shader node tex image.
22:14:17 | INFO: Primitives created: 1
22:14:17 | INFO: Extracting primitive: AOJING_pond.002
22:14:17 | INFO: Primitives created: 1
22:14:17 | INFO: Extracting primitive: AOJING_backstage.002
22:14:17 | INFO: Primitives created: 1
22:14:17 | INFO: Extracting primitive: AOJING_amber_window.002
22:14:17 | INFO: Primitives created: 1
22:14:17 | INFO: Extracting primitive: AOJING_window_lattice.001
22:14:17 | INFO: Primitives created: 1
22:14:17 | INFO: Extracting primitive: AOJING_dry_ledge.002
22:14:17 | INFO: Primitives created: 1
22:14:17 | INFO: Extracting primitive: AOJING_roof.002
22:14:17 | INFO: Primitives created: 1
22:14:17 | INFO: Extracting primitive: AOJING_closed_front.002
22:14:17 | INFO: Primitives created: 1
22:14:17 | INFO: Finished glTF 2.0 export in 0.027074098587036133 s

22:14:18 | INFO: Starting glTF 2.0 export
22:14:18 | INFO: Extracting primitive: COL_daoxiang_closed_front.001
22:14:18 | INFO: Primitives created: 1
22:14:18 | INFO: Extracting primitive: COL_daoxiang_court.001
22:14:18 | INFO: Primitives created: 1
22:14:18 | INFO: Extracting primitive: COL_daoxiang_fence.004
22:14:18 | INFO: Primitives created: 1
22:14:18 | INFO: Extracting primitive: COL_daoxiang_fence.005
22:14:18 | INFO: Primitives created: 1
22:14:18 | INFO: Extracting primitive: COL_daoxiang_fence.006
22:14:18 | INFO: Primitives created: 1
22:14:18 | INFO: Extracting primitive: COL_daoxiang_fence.007
22:14:18 | INFO: Primitives created: 1
22:14:18 | INFO: Extracting primitive: COL_daoxiang_side.002
22:14:18 | INFO: Primitives created: 1
22:14:18 | INFO: Extracting primitive: COL_daoxiang_side.003
22:14:18 | INFO: Primitives created: 1
22:14:18 | INFO: Extracting primitive: HERO_daoxiang-cun_title.002
22:14:18 | WARNING: More than one shader node tex image used for a texture. The resulting glTF sampler will behave like the first shader node tex image.
22:14:18 | INFO: Primitives created: 1
22:14:18 | INFO: Extracting primitive: DAOXIANG_backstage.001
22:14:18 | INFO: Primitives created: 1
22:14:18 | INFO: Extracting primitive: DAOXIANG_door_latch.001
22:14:18 | INFO: Primitives created: 1
22:14:18 | INFO: Extracting primitive: DAOXIANG_warm_sliver.001
22:14:18 | INFO: Primitives created: 1
22:14:18 | INFO: Extracting primitive: DAOXIANG_closed_door.001
22:14:18 | INFO: Primitives created: 1
22:14:18 | INFO: Extracting primitive: DAOXIANG_paddy_painting.001
22:14:18 | INFO: Primitives created: 1
22:14:18 | INFO: Extracting primitive: DAOXIANG_court.001
22:14:18 | INFO: Primitives created: 1
22:14:18 | INFO: Extracting primitive: DAOXIANG_thatch_mass.001
22:14:18 | INFO: Primitives created: 1
22:14:18 | INFO: Extracting primitive: DAOXIANG_front.001
22:14:18 | INFO: Primitives created: 1
22:14:18 | INFO: Finished glTF 2.0 export in 0.03763914108276367 s

22:14:19 | INFO: Starting glTF 2.0 export
22:14:19 | INFO: Extracting primitive: COL_water_bridge_side.001
22:14:19 | INFO: Primitives created: 1
22:14:19 | INFO: Extracting primitive: COL_water_bridge_side.004
22:14:19 | INFO: Primitives created: 1
22:14:19 | INFO: Extracting primitive: COL_water_bridge_deck.002
22:14:19 | INFO: Primitives created: 1
22:14:19 | INFO: Extracting primitive: COL_ziling_landing.001
22:14:19 | INFO: Primitives created: 1
22:14:19 | INFO: Extracting primitive: TEMP_reed_geometry.001
22:14:19 | WARNING: More than one shader node tex image used for a texture. The resulting glTF sampler will behave like the first shader node tex image.
22:14:19 | INFO: Primitives created: 1
22:14:19 | INFO: Extracting primitive: TEMP_reed_geometry.002
22:14:19 | INFO: Primitives created: 1
22:14:19 | INFO: Extracting primitive: TEMP_reed_geometry.003
22:14:19 | INFO: Primitives created: 1
22:14:19 | INFO: Extracting primitive: TEMP_reed_geometry.004
22:14:19 | INFO: Primitives created: 1
22:14:19 | INFO: Extracting primitive: TEMP_reed_geometry.005
22:14:19 | INFO: Primitives created: 1
22:14:19 | INFO: Extracting primitive: TEMP_reed_geometry.006
22:14:19 | INFO: Primitives created: 1
22:14:19 | INFO: Extracting primitive: TEMP_reed_geometry.007
22:14:19 | INFO: Primitives created: 1
22:14:19 | INFO: Extracting primitive: TEMP_reed_geometry.008
22:14:19 | INFO: Primitives created: 1
22:14:19 | INFO: Extracting primitive: TEMP_reed_geometry.009
22:14:19 | INFO: Primitives created: 1
22:14:19 | INFO: Extracting primitive: TEMP_reed_geometry.010
22:14:19 | INFO: Primitives created: 1
22:14:19 | INFO: Extracting primitive: WESTERN_kit_lotus.004_lotus_pad.001
22:14:19 | INFO: Primitives created: 1
22:14:19 | INFO: Extracting primitive: KIT_water_plank.002
22:14:19 | WARNING: More than one shader node tex image used for a texture. The resulting glTF sampler will behave like the first shader node tex image.
22:14:19 | INFO: Primitives created: 1
22:14:19 | INFO: Extracting primitive: SITE_ziling_island.001
22:14:19 | INFO: Primitives created: 1
22:14:19 | INFO: Finished glTF 2.0 export in 0.05582904815673828 s

22:14:19 | INFO: Starting glTF 2.0 export
22:14:19 | INFO: Extracting primitive: COL_aojing_approach.001
22:14:19 | INFO: Primitives created: 1
22:14:19 | INFO: Extracting primitive: COL_aojing_approach.004
22:14:19 | INFO: Primitives created: 1
22:14:19 | INFO: Extracting primitive: COL_aojing_approach_guard.001
22:14:19 | INFO: Primitives created: 1
22:14:19 | INFO: Extracting primitive: COL_aojing_approach_guard.004
22:14:19 | INFO: Primitives created: 1
22:14:19 | INFO: Extracting primitive: COL_aojing_approach_ramp.002
22:14:19 | INFO: Primitives created: 1
22:14:19 | INFO: Extracting primitive: COL_aojing_closed_front.002
22:14:19 | INFO: Primitives created: 1
22:14:19 | INFO: Extracting primitive: COL_aojing_dry_ledge.002
22:14:19 | INFO: Primitives created: 1
22:14:19 | INFO: Extracting primitive: COL_aojing_hall_floor.002
22:14:19 | INFO: Primitives created: 1
22:14:19 | INFO: Extracting primitive: COL_aojing_ledge_end.002
22:14:19 | INFO: Primitives created: 1
22:14:19 | INFO: Extracting primitive: COL_aojing_ledge_parapet.002
22:14:19 | INFO: Primitives created: 1
22:14:19 | INFO: Extracting primitive: COL_aojing_return.001
22:14:19 | INFO: Primitives created: 1
22:14:19 | INFO: Extracting primitive: COL_aojing_return.004
22:14:19 | INFO: Primitives created: 1
22:14:19 | INFO: Extracting primitive: Cube.147
22:14:19 | INFO: Primitives created: 1
22:14:19 | INFO: Extracting primitive: Cube.148
22:14:19 | INFO: Primitives created: 1
22:14:19 | INFO: Extracting primitive: Cube.149
22:14:19 | INFO: Primitives created: 1
22:14:19 | INFO: Extracting primitive: Cube.150
22:14:19 | INFO: Primitives created: 1
22:14:19 | INFO: Extracting primitive: COL_bridge_crosswalk.002
22:14:19 | INFO: Primitives created: 1
22:14:19 | INFO: Extracting primitive: COL_bridge_crosswalk.003
22:14:19 | INFO: Primitives created: 1
22:14:19 | INFO: Extracting primitive: COL_cell_floor.006
22:14:19 | INFO: Primitives created: 1
22:14:19 | INFO: Extracting primitive: COL_cell_floor.007
22:14:19 | INFO: Primitives created: 1
22:14:19 | INFO: Extracting primitive: COL_cell_floor.008
22:14:19 | INFO: Primitives created: 1
22:14:19 | INFO: Extracting primitive: COL_cell_floor.009
22:14:19 | INFO: Primitives created: 1
22:14:19 | INFO: Extracting primitive: COL_cell_floor.010
22:14:19 | INFO: Primitives created: 1
22:14:19 | INFO: Extracting primitive: COL_cell_floor.011
22:14:19 | INFO: Primitives created: 1
22:14:19 | INFO: Extracting primitive: COL_cell_wall.012
22:14:19 | INFO: Primitives created: 1
22:14:19 | INFO: Extracting primitive: COL_cell_wall.013
22:14:19 | INFO: Primitives created: 1
22:14:19 | INFO: Extracting primitive: COL_cell_wall.014
22:14:19 | INFO: Primitives created: 1
22:14:19 | INFO: Extracting primitive: COL_cell_wall.015
22:14:19 | INFO: Primitives created: 1
22:14:19 | INFO: Extracting primitive: COL_cell_wall.016
22:14:19 | INFO: Primitives created: 1
22:14:19 | INFO: Extracting primitive: COL_cell_wall.017
22:14:19 | INFO: Primitives created: 1
22:14:19 | INFO: Extracting primitive: COL_cell_wall.018
22:14:19 | INFO: Primitives created: 1
22:14:19 | INFO: Extracting primitive: COL_cell_wall.019
22:14:19 | INFO: Primitives created: 1
22:14:19 | INFO: Extracting primitive: COL_cell_wall.020
22:14:19 | INFO: Primitives created: 1
22:14:19 | INFO: Extracting primitive: COL_cell_wall.021
22:14:19 | INFO: Primitives created: 1
22:14:19 | INFO: Extracting primitive: COL_cell_wall.022
22:14:19 | INFO: Primitives created: 1
22:14:19 | INFO: Extracting primitive: COL_cell_wall.023
22:14:19 | INFO: Primitives created: 1
22:14:19 | INFO: Extracting primitive: COL_daguan_central_step.003
22:14:19 | INFO: Primitives created: 1
22:14:19 | INFO: Extracting primitive: COL_daguan_central_step.004
22:14:19 | INFO: Primitives created: 1
22:14:19 | INFO: Extracting primitive: COL_daguan_central_step.005
22:14:19 | INFO: Primitives created: 1
22:14:19 | INFO: Extracting primitive: COL_daguan_closed_front.001
22:14:19 | INFO: Primitives created: 1
22:14:19 | INFO: Extracting primitive: COL_daguan_column.006
22:14:19 | INFO: Primitives created: 1
22:14:19 | INFO: Extracting primitive: COL_daguan_column.007
22:14:19 | INFO: Primitives created: 1
22:14:19 | INFO: Extracting primitive: COL_daguan_column.008
22:14:19 | INFO: Primitives created: 1
22:14:19 | INFO: Extracting primitive: COL_daguan_column.009
22:14:19 | INFO: Primitives created: 1
22:14:19 | INFO: Extracting primitive: COL_daguan_column.010
22:14:19 | INFO: Primitives created: 1
22:14:19 | INFO: Extracting primitive: COL_daguan_column.011
22:14:19 | INFO: Primitives created: 1
22:14:19 | INFO: Extracting primitive: COL_daguan_floor.001
22:14:19 | INFO: Primitives created: 1
22:14:19 | INFO: Extracting primitive: COL_daguan_return_wall.002
22:14:19 | INFO: Primitives created: 1
22:14:19 | INFO: Extracting primitive: COL_daguan_return_wall.003
22:14:19 | INFO: Primitives created: 1
22:14:19 | INFO: Extracting primitive: COL_daoxiang_approach.002
22:14:19 | INFO: Primitives created: 1
22:14:19 | INFO: Extracting primitive: COL_daoxiang_approach.003
22:14:19 | INFO: Primitives created: 1
22:14:19 | INFO: Extracting primitive: COL_daoxiang_closed_front.001
22:14:19 | INFO: Primitives created: 1
22:14:19 | INFO: Extracting primitive: COL_daoxiang_court.001
22:14:19 | INFO: Primitives created: 1
22:14:19 | INFO: Extracting primitive: COL_daoxiang_fence.004
22:14:19 | INFO: Primitives created: 1
22:14:19 | INFO: Extracting primitive: COL_daoxiang_fence.005
22:14:19 | INFO: Primitives created: 1
22:14:19 | INFO: Extracting primitive: COL_daoxiang_fence.006
22:14:19 | INFO: Primitives created: 1
22:14:19 | INFO: Extracting primitive: COL_daoxiang_fence.007
22:14:19 | INFO: Primitives created: 1
22:14:19 | INFO: Extracting primitive: COL_daoxiang_side.002
22:14:19 | INFO: Primitives created: 1
22:14:19 | INFO: Extracting primitive: COL_daoxiang_side.003
22:14:19 | INFO: Primitives created: 1
22:14:19 | INFO: Extracting primitive: COL_entry_corridor.001
22:14:19 | INFO: Primitives created: 1
22:14:19 | INFO: Extracting primitive: COL_entry_walk.002
22:14:19 | INFO: Primitives created: 1
22:14:19 | INFO: Extracting primitive: COL_entry_walk.003
22:14:19 | INFO: Primitives created: 1
22:14:19 | INFO: Extracting primitive: COL_floor_joint_cell_threshold_0.001
22:14:19 | INFO: Primitives created: 1
22:14:19 | INFO: Extracting primitive: COL_floor_joint_cell_threshold_1.001
22:14:19 | INFO: Primitives created: 1
22:14:19 | INFO: Extracting primitive: COL_floor_joint_cell_threshold_2.001
22:14:19 | INFO: Primitives created: 1
22:14:19 | INFO: Extracting primitive: COL_floor_joint_cell_threshold_3.001
22:14:19 | INFO: Primitives created: 1
22:14:19 | INFO: Extracting primitive: COL_floor_joint_cell_threshold_4.001
22:14:19 | INFO: Primitives created: 1
22:14:19 | INFO: Extracting primitive: COL_floor_joint_cell_threshold_5.001
22:14:19 | INFO: Primitives created: 1
22:14:19 | INFO: Extracting primitive: COL_floor_joint_pavilion_east_joint.001
22:14:19 | INFO: Primitives created: 1
22:14:19 | INFO: Extracting primitive: COL_floor_joint_pavilion_west_joint.001
22:14:19 | INFO: Primitives created: 1
22:14:19 | INFO: Extracting primitive: Cube.146
22:14:19 | INFO: Primitives created: 1
22:14:19 | INFO: Extracting primitive: Cube.145
22:14:19 | INFO: Primitives created: 1
22:14:19 | INFO: Extracting primitive: COL_GATE_banana_planter.001
22:14:19 | INFO: Primitives created: 1
22:14:19 | INFO: Extracting primitive: KIT_rockery_passage.022
22:14:19 | INFO: Primitives created: 1
22:14:19 | INFO: Extracting primitive: KIT_rockery_passage.024
22:14:19 | INFO: Primitives created: 1
22:14:19 | INFO: Extracting primitive: KIT_rockery_cliff.006
22:14:19 | INFO: Primitives created: 1
22:14:19 | INFO: Extracting primitive: KIT_rockery_cliff.008
22:14:19 | INFO: Primitives created: 1
22:14:19 | INFO: Extracting primitive: KIT_rockery_passage.004
22:14:19 | INFO: Primitives created: 1
22:14:19 | INFO: Extracting primitive: KIT_rockery_passage.016
22:14:19 | INFO: Primitives created: 1
22:14:19 | INFO: Extracting primitive: KIT_rockery_passage.018
22:14:19 | INFO: Primitives created: 1
22:14:19 | INFO: Extracting primitive: KIT_rockery_passage.020
22:14:19 | INFO: Primitives created: 1
22:14:19 | INFO: Extracting primitive: GATE_paving.003
22:14:19 | INFO: Primitives created: 1
22:14:19 | INFO: Extracting primitive: COL_hengwu-yuan_floor.001
22:14:19 | INFO: Primitives created: 1
22:14:19 | INFO: Extracting primitive: COL_hengwu_approach.002
22:14:19 | INFO: Primitives created: 1
22:14:19 | INFO: Extracting primitive: COL_hengwu_approach.003
22:14:19 | INFO: Primitives created: 1
22:14:19 | INFO: Extracting primitive: COL_hengwu_closed_hall.002
22:14:19 | INFO: Primitives created: 1
22:14:19 | INFO: Extracting primitive: COL_hengwu_court.002
22:14:19 | INFO: Primitives created: 1
22:14:19 | INFO: Extracting primitive: COL_hengwu_hall_post.001
22:14:19 | INFO: Primitives created: 1
22:14:19 | INFO: Extracting primitive: COL_hengwu_hall_post.002
22:14:19 | INFO: Primitives created: 1
22:14:19 | INFO: Extracting primitive: COL_hengwu_hall_post.006
22:14:19 | INFO: Primitives created: 1
22:14:19 | INFO: Extracting primitive: COL_wall_bay.001
22:14:19 | INFO: Primitives created: 1
22:14:19 | INFO: Extracting primitive: COL_wall_bay.002
22:14:19 | INFO: Primitives created: 1
22:14:19 | INFO: Extracting primitive: COL_wall_bay.003
22:14:19 | INFO: Primitives created: 1
22:14:19 | INFO: Extracting primitive: COL_wall_bay.004
22:14:19 | INFO: Primitives created: 1
22:14:19 | INFO: Extracting primitive: COL_wall_bay.005
22:14:19 | INFO: Primitives created: 1
22:14:19 | INFO: Extracting primitive: COL_wall_bay.006
22:14:19 | INFO: Primitives created: 1
22:14:19 | INFO: Extracting primitive: KIT_wall_plaster.002
22:14:19 | INFO: Primitives created: 1
22:14:19 | INFO: Extracting primitive: COL_wall_window.001
22:14:19 | INFO: Primitives created: 1
22:14:19 | INFO: Extracting primitive: COL_wall_window.002
22:14:19 | INFO: Primitives created: 1
22:14:19 | INFO: Extracting primitive: COL_hengwu_rock.001
22:14:19 | INFO: Primitives created: 1
22:14:19 | INFO: Extracting primitive: COL_hengwu_rock.002
22:14:19 | INFO: Primitives created: 1
22:14:19 | INFO: Extracting primitive: COL_hengwu_rock.006
22:14:19 | INFO: Primitives created: 1
22:14:19 | INFO: Extracting primitive: COL_hengwu_stool.001
22:14:19 | INFO: Primitives created: 1
22:14:19 | INFO: Extracting primitive: COL_hengwu_stool.002
22:14:19 | INFO: Primitives created: 1
22:14:19 | INFO: Extracting primitive: COL_hengwu_stool.003
22:14:19 | INFO: Primitives created: 1
22:14:19 | INFO: Extracting primitive: COL_hengwu_stool.008
22:14:19 | INFO: Primitives created: 1
22:14:19 | INFO: Extracting primitive: COL_hengwu_table.002
22:14:19 | INFO: Primitives created: 1
22:14:19 | INFO: Extracting primitive: COL_longcui_approach.003
22:14:19 | INFO: Primitives created: 1
22:14:19 | INFO: Extracting primitive: COL_longcui_approach.004
22:14:19 | INFO: Primitives created: 1
22:14:19 | INFO: Extracting primitive: COL_longcui_approach.005
22:14:19 | INFO: Primitives created: 1
22:14:19 | INFO: Extracting primitive: COL_longcui_burner.001
22:14:19 | INFO: Primitives created: 1
22:14:19 | INFO: Extracting primitive: COL_longcui_closed_front.001
22:14:19 | INFO: Primitives created: 1
22:14:19 | INFO: Extracting primitive: COL_longcui_floor.001
22:14:19 | INFO: Primitives created: 1
22:14:19 | INFO: Extracting primitive: COL_longcui_plum_trunk.002
22:14:19 | INFO: Primitives created: 1
22:14:19 | INFO: Extracting primitive: COL_longcui_plum_trunk.003
22:14:19 | INFO: Primitives created: 1
22:14:19 | INFO: Extracting primitive: COL_longcui_return.002
22:14:19 | INFO: Primitives created: 1
22:14:19 | INFO: Extracting primitive: COL_longcui_return.003
22:14:19 | INFO: Primitives created: 1
22:14:19 | INFO: Extracting primitive: COL_longcui_threshold.001
22:14:19 | INFO: Primitives created: 1
22:14:19 | INFO: Extracting primitive: COL_ouxiang_approach.001
22:14:19 | INFO: Primitives created: 1
22:14:19 | INFO: Extracting primitive: COL_ouxiang_deck.001
22:14:19 | INFO: Primitives created: 1
22:14:19 | INFO: Extracting primitive: COL_ouxiang_post.004
22:14:19 | INFO: Primitives created: 1
22:14:19 | INFO: Extracting primitive: COL_ouxiang_post.005
22:14:19 | INFO: Primitives created: 1
22:14:19 | INFO: Extracting primitive: COL_ouxiang_post.006
22:14:19 | INFO: Primitives created: 1
22:14:19 | INFO: Extracting primitive: COL_ouxiang_post.007
22:14:19 | INFO: Primitives created: 1
22:14:19 | INFO: Extracting primitive: COL_ouxiang_rail.002
22:14:19 | INFO: Primitives created: 1
22:14:19 | INFO: Extracting primitive: COL_ouxiang_rail.003
22:14:19 | INFO: Primitives created: 1
22:14:19 | INFO: Extracting primitive: COL_ouxiang_side_rail.004
22:14:19 | INFO: Primitives created: 1
22:14:19 | INFO: Extracting primitive: COL_ouxiang_side_rail.005
22:14:19 | INFO: Primitives created: 1
22:14:19 | INFO: Extracting primitive: COL_ouxiang_side_rail.006
22:14:19 | INFO: Primitives created: 1
22:14:19 | INFO: Extracting primitive: COL_ouxiang_side_rail.007
22:14:19 | INFO: Primitives created: 1
22:14:19 | INFO: Extracting primitive: COL_ouxiang_table.001
22:14:19 | INFO: Primitives created: 1
22:14:19 | INFO: Extracting primitive: COL_corridor_floor.009
22:14:19 | INFO: Primitives created: 1
22:14:19 | INFO: Extracting primitive: COL_corridor_side.015
22:14:19 | INFO: Primitives created: 1
22:14:19 | INFO: Extracting primitive: COL_corridor_side.016
22:14:19 | INFO: Primitives created: 1
22:14:19 | INFO: Extracting primitive: COL_corridor_post.016
22:14:19 | INFO: Primitives created: 1
22:14:19 | INFO: Extracting primitive: COL_corridor_post.017
22:14:19 | INFO: Primitives created: 1
22:14:19 | INFO: Extracting primitive: COL_corridor_floor.010
22:14:19 | INFO: Primitives created: 1
22:14:19 | INFO: Extracting primitive: COL_corridor_side.017
22:14:19 | INFO: Primitives created: 1
22:14:19 | INFO: Extracting primitive: COL_corridor_side.018
22:14:19 | INFO: Primitives created: 1
22:14:19 | INFO: Extracting primitive: COL_corridor_post.018
22:14:19 | INFO: Primitives created: 1
22:14:19 | INFO: Extracting primitive: COL_corridor_post.019
22:14:19 | INFO: Primitives created: 1
22:14:19 | INFO: Extracting primitive: COL_corridor_floor.011
22:14:19 | INFO: Primitives created: 1
22:14:19 | INFO: Extracting primitive: COL_corridor_side.019
22:14:19 | INFO: Primitives created: 1
22:14:19 | INFO: Extracting primitive: COL_corridor_side.020
22:14:19 | INFO: Primitives created: 1
22:14:19 | INFO: Extracting primitive: COL_corridor_post.020
22:14:19 | INFO: Primitives created: 1
22:14:19 | INFO: Extracting primitive: COL_corridor_post.021
22:14:19 | INFO: Primitives created: 1
22:14:19 | INFO: Extracting primitive: COL_corridor_floor.012
22:14:19 | INFO: Primitives created: 1
22:14:19 | INFO: Extracting primitive: COL_corridor_side.021
22:14:19 | INFO: Primitives created: 1
22:14:19 | INFO: Extracting primitive: COL_corridor_side.022
22:14:19 | INFO: Primitives created: 1
22:14:19 | INFO: Extracting primitive: COL_corridor_post.022
22:14:19 | INFO: Primitives created: 1
22:14:19 | INFO: Extracting primitive: COL_corridor_post.023
22:14:19 | INFO: Primitives created: 1
22:14:19 | INFO: Extracting primitive: COL_corridor_floor.001
22:14:19 | INFO: Primitives created: 1
22:14:19 | INFO: Extracting primitive: COL_corridor_side.001
22:14:19 | INFO: Primitives created: 1
22:14:19 | INFO: Extracting primitive: COL_corridor_side.002
22:14:19 | INFO: Primitives created: 1
22:14:19 | INFO: Extracting primitive: COL_corridor_post.001
22:14:19 | INFO: Primitives created: 1
22:14:19 | INFO: Extracting primitive: COL_corridor_post.002
22:14:19 | INFO: Primitives created: 1
22:14:19 | INFO: Extracting primitive: COL_corridor_floor.002
22:14:19 | INFO: Primitives created: 1
22:14:19 | INFO: Extracting primitive: COL_corridor_side.003
22:14:19 | INFO: Primitives created: 1
22:14:19 | INFO: Extracting primitive: COL_corridor_side.004
22:14:19 | INFO: Primitives created: 1
22:14:19 | INFO: Extracting primitive: COL_corridor_post.003
22:14:19 | INFO: Primitives created: 1
22:14:19 | INFO: Extracting primitive: COL_corridor_post.004
22:14:19 | INFO: Primitives created: 1
22:14:19 | INFO: Extracting primitive: COL_corridor_floor.003
22:14:19 | INFO: Primitives created: 1
22:14:19 | INFO: Extracting primitive: COL_corridor_side.005
22:14:19 | INFO: Primitives created: 1
22:14:19 | INFO: Extracting primitive: COL_corridor_side.006
22:14:19 | INFO: Primitives created: 1
22:14:19 | INFO: Extracting primitive: COL_corridor_post.005
22:14:19 | INFO: Primitives created: 1
22:14:19 | INFO: Extracting primitive: COL_corridor_post.006
22:14:19 | INFO: Primitives created: 1
22:14:19 | INFO: Extracting primitive: COL_corridor_floor.004
22:14:19 | INFO: Primitives created: 1
22:14:19 | INFO: Extracting primitive: COL_corridor_side.007
22:14:19 | INFO: Primitives created: 1
22:14:19 | INFO: Extracting primitive: COL_corridor_side.008
22:14:19 | INFO: Primitives created: 1
22:14:19 | INFO: Extracting primitive: COL_corridor_post.007
22:14:19 | INFO: Primitives created: 1
22:14:19 | INFO: Extracting primitive: COL_corridor_post.008
22:14:19 | INFO: Primitives created: 1
22:14:19 | INFO: Extracting primitive: COL_corridor_floor.005
22:14:19 | INFO: Primitives created: 1
22:14:19 | INFO: Extracting primitive: COL_corridor_side.009
22:14:19 | INFO: Primitives created: 1
22:14:19 | INFO: Extracting primitive: COL_corridor_side.010
22:14:19 | INFO: Primitives created: 1
22:14:19 | INFO: Extracting primitive: COL_corridor_post.009
22:14:19 | INFO: Primitives created: 1
22:14:19 | INFO: Extracting primitive: COL_corridor_post.010
22:14:19 | INFO: Primitives created: 1
22:14:19 | INFO: Extracting primitive: COL_corridor_floor.006
22:14:19 | INFO: Primitives created: 1
22:14:19 | INFO: Extracting primitive: COL_corridor_side.011
22:14:19 | INFO: Primitives created: 1
22:14:19 | INFO: Extracting primitive: COL_corridor_post.011
22:14:19 | INFO: Primitives created: 1
22:14:19 | INFO: Extracting primitive: COL_corridor_post.012
22:14:19 | INFO: Primitives created: 1
22:14:19 | INFO: Extracting primitive: COL_corridor_floor.007
22:14:19 | INFO: Primitives created: 1
22:14:19 | INFO: Extracting primitive: COL_corridor_side.012
22:14:19 | INFO: Primitives created: 1
22:14:19 | INFO: Extracting primitive: COL_corridor_post.013
22:14:19 | INFO: Primitives created: 1
22:14:19 | INFO: Extracting primitive: COL_corridor_floor.008
22:14:19 | INFO: Primitives created: 1
22:14:19 | INFO: Extracting primitive: COL_corridor_side.013
22:14:19 | INFO: Primitives created: 1
22:14:19 | INFO: Extracting primitive: COL_corridor_side.014
22:14:19 | INFO: Primitives created: 1
22:14:19 | INFO: Extracting primitive: COL_corridor_post.014
22:14:19 | INFO: Primitives created: 1
22:14:19 | INFO: Extracting primitive: COL_corridor_post.015
22:14:19 | INFO: Primitives created: 1
22:14:19 | INFO: Extracting primitive: COL_corridor_floor.013
22:14:19 | INFO: Primitives created: 1
22:14:19 | INFO: Extracting primitive: COL_corridor_side.023
22:14:19 | INFO: Primitives created: 1
22:14:19 | INFO: Extracting primitive: COL_corridor_side.024
22:14:19 | INFO: Primitives created: 1
22:14:19 | INFO: Extracting primitive: COL_corridor_post.024
22:14:19 | INFO: Primitives created: 1
22:14:19 | INFO: Extracting primitive: COL_corridor_post.025
22:14:19 | INFO: Primitives created: 1
22:14:19 | INFO: Extracting primitive: COL_corridor_floor.014
22:14:19 | INFO: Primitives created: 1
22:14:19 | INFO: Extracting primitive: COL_corridor_side.025
22:14:19 | INFO: Primitives created: 1
22:14:19 | INFO: Extracting primitive: COL_corridor_side.026
22:14:19 | INFO: Primitives created: 1
22:14:19 | INFO: Extracting primitive: COL_corridor_post.026
22:14:19 | INFO: Primitives created: 1
22:14:19 | INFO: Extracting primitive: COL_corridor_post.027
22:14:19 | INFO: Primitives created: 1
22:14:19 | INFO: Extracting primitive: COL_corridor_floor.015
22:14:19 | INFO: Primitives created: 1
22:14:19 | INFO: Extracting primitive: COL_corridor_side.027
22:14:19 | INFO: Primitives created: 1
22:14:19 | INFO: Extracting primitive: COL_corridor_side.028
22:14:19 | INFO: Primitives created: 1
22:14:19 | INFO: Extracting primitive: COL_corridor_post.028
22:14:19 | INFO: Primitives created: 1
22:14:19 | INFO: Extracting primitive: COL_corridor_post.029
22:14:19 | INFO: Primitives created: 1
22:14:19 | INFO: Extracting primitive: COL_corridor_floor.016
22:14:19 | INFO: Primitives created: 1
22:14:19 | INFO: Extracting primitive: COL_corridor_side.029
22:14:19 | INFO: Primitives created: 1
22:14:19 | INFO: Extracting primitive: COL_corridor_side.030
22:14:19 | INFO: Primitives created: 1
22:14:19 | INFO: Extracting primitive: COL_corridor_post.030
22:14:19 | INFO: Primitives created: 1
22:14:19 | INFO: Extracting primitive: COL_corridor_post.031
22:14:19 | INFO: Primitives created: 1
22:14:19 | INFO: Extracting primitive: COL_qinfang_deck.001
22:14:19 | INFO: Primitives created: 1
22:14:19 | INFO: Extracting primitive: COL_pavilion_bench.001
22:14:19 | INFO: Primitives created: 1
22:14:19 | INFO: Extracting primitive: COL_pavilion_bench.002
22:14:19 | INFO: Primitives created: 1
22:14:19 | INFO: Extracting primitive: COL_pavilion_bracket.001
22:14:19 | INFO: Primitives created: 1
22:14:19 | INFO: Extracting primitive: COL_pavilion_bracket.002
22:14:19 | INFO: Primitives created: 1
22:14:19 | INFO: Extracting primitive: COL_pavilion_bracket.003
22:14:19 | INFO: Primitives created: 1
22:14:19 | INFO: Extracting primitive: COL_pavilion_bracket.004
22:14:19 | INFO: Primitives created: 1
22:14:19 | INFO: Extracting primitive: COL_pavilion_bracket.005
22:14:19 | INFO: Primitives created: 1
22:14:19 | INFO: Extracting primitive: COL_pavilion_bracket.006
22:14:19 | INFO: Primitives created: 1
22:14:19 | INFO: Extracting primitive: COL_pavilion_post.001
22:14:19 | INFO: Primitives created: 1
22:14:19 | INFO: Extracting primitive: COL_pavilion_post.002
22:14:19 | INFO: Primitives created: 1
22:14:19 | INFO: Extracting primitive: COL_pavilion_post.003
22:14:19 | INFO: Primitives created: 1
22:14:19 | INFO: Extracting primitive: COL_pavilion_post.004
22:14:19 | INFO: Primitives created: 1
22:14:19 | INFO: Extracting primitive: COL_pavilion_post.005
22:14:19 | INFO: Primitives created: 1
22:14:19 | INFO: Extracting primitive: COL_pavilion_post.006
22:14:19 | INFO: Primitives created: 1
22:14:19 | INFO: Extracting primitive: COL_pavilion_roof.001
22:14:19 | INFO: Primitives created: 1
22:14:19 | INFO: Extracting primitive: COL_qiushuang-zhai_floor.001
22:14:19 | INFO: Primitives created: 1
22:14:19 | INFO: Extracting primitive: Cube.009
22:14:19 | INFO: Primitives created: 1
22:14:19 | INFO: Extracting primitive: Cube.011
22:14:19 | INFO: Primitives created: 1
22:14:19 | INFO: Extracting primitive: Cube.012
22:14:19 | INFO: Primitives created: 1
22:14:19 | INFO: Extracting primitive: Cube.013
22:14:19 | INFO: Primitives created: 1
22:14:19 | INFO: Extracting primitive: Cube.019
22:14:19 | INFO: Primitives created: 1
22:14:19 | INFO: Extracting primitive: Cube.020
22:14:19 | INFO: Primitives created: 1
22:14:19 | INFO: Extracting primitive: Cube.023
22:14:19 | INFO: Primitives created: 1
22:14:19 | INFO: Extracting primitive: Cube.024
22:14:19 | INFO: Primitives created: 1
22:14:19 | INFO: Extracting primitive: Cube.048
22:14:19 | INFO: Primitives created: 1
22:14:19 | INFO: Extracting primitive: Cube.050
22:14:19 | INFO: Primitives created: 1
22:14:19 | INFO: Extracting primitive: Cube.052
22:14:19 | INFO: Primitives created: 1
22:14:19 | INFO: Extracting primitive: Cube.092
22:14:19 | INFO: Primitives created: 1
22:14:19 | INFO: Extracting primitive: Cube.093
22:14:19 | INFO: Primitives created: 1
22:14:19 | INFO: Extracting primitive: Cube.094
22:14:19 | INFO: Primitives created: 1
22:14:19 | INFO: Extracting primitive: Cube.095
22:14:19 | INFO: Primitives created: 1
22:14:19 | INFO: Extracting primitive: Cube.096
22:14:19 | INFO: Primitives created: 1
22:14:19 | INFO: Extracting primitive: Cube.097
22:14:19 | INFO: Primitives created: 1
22:14:19 | INFO: Extracting primitive: Cube.098
22:14:19 | INFO: Primitives created: 1
22:14:19 | INFO: Extracting primitive: Cube.099
22:14:19 | INFO: Primitives created: 1
22:14:19 | INFO: Extracting primitive: Cube.100
22:14:19 | INFO: Primitives created: 1
22:14:19 | INFO: Extracting primitive: Cube.101
22:14:19 | INFO: Primitives created: 1
22:14:19 | INFO: Extracting primitive: Cube.102
22:14:19 | INFO: Primitives created: 1
22:14:19 | INFO: Extracting primitive: Cube.103
22:14:19 | INFO: Primitives created: 1
22:14:19 | INFO: Extracting primitive: Cube.104
22:14:19 | INFO: Primitives created: 1
22:14:19 | INFO: Extracting primitive: Cube.105
22:14:19 | INFO: Primitives created: 1
22:14:19 | INFO: Extracting primitive: Cube.106
22:14:19 | INFO: Primitives created: 1
22:14:19 | INFO: Extracting primitive: Cube.107
22:14:19 | INFO: Primitives created: 1
22:14:19 | INFO: Extracting primitive: Cube.108
22:14:19 | INFO: Primitives created: 1
22:14:19 | INFO: Extracting primitive: Cube.109
22:14:19 | INFO: Primitives created: 1
22:14:19 | INFO: Extracting primitive: Cube.110
22:14:19 | INFO: Primitives created: 1
22:14:19 | INFO: Extracting primitive: Cube.111
22:14:19 | INFO: Primitives created: 1
22:14:19 | INFO: Extracting primitive: Cube.112
22:14:19 | INFO: Primitives created: 1
22:14:19 | INFO: Extracting primitive: Cube.113
22:14:19 | INFO: Primitives created: 1
22:14:19 | INFO: Extracting primitive: Cube.114
22:14:19 | INFO: Primitives created: 1
22:14:19 | INFO: Extracting primitive: Cube.115
22:14:19 | INFO: Primitives created: 1
22:14:19 | INFO: Extracting primitive: Cube.116
22:14:19 | INFO: Primitives created: 1
22:14:19 | INFO: Extracting primitive: Cube.117
22:14:19 | INFO: Primitives created: 1
22:14:19 | INFO: Extracting primitive: Cube.118
22:14:19 | INFO: Primitives created: 1
22:14:19 | INFO: Extracting primitive: Cube.119
22:14:19 | INFO: Primitives created: 1
22:14:19 | INFO: Extracting primitive: Cube.120
22:14:19 | INFO: Primitives created: 1
22:14:19 | INFO: Extracting primitive: Cube.121
22:14:19 | INFO: Primitives created: 1
22:14:19 | INFO: Extracting primitive: Cube.122
22:14:19 | INFO: Primitives created: 1
22:14:19 | INFO: Extracting primitive: Cube.123
22:14:19 | INFO: Primitives created: 1
22:14:19 | INFO: Extracting primitive: Cube.124
22:14:19 | INFO: Primitives created: 1
22:14:19 | INFO: Extracting primitive: Cube.125
22:14:19 | INFO: Primitives created: 1
22:14:19 | INFO: Extracting primitive: Cube.126
22:14:19 | INFO: Primitives created: 1
22:14:19 | INFO: Extracting primitive: Cube.127
22:14:19 | INFO: Primitives created: 1
22:14:19 | INFO: Extracting primitive: Cube.128
22:14:19 | INFO: Primitives created: 1
22:14:19 | INFO: Extracting primitive: Cube.129
22:14:19 | INFO: Primitives created: 1
22:14:19 | INFO: Extracting primitive: Cube.130
22:14:19 | INFO: Primitives created: 1
22:14:19 | INFO: Extracting primitive: Cube.131
22:14:19 | INFO: Primitives created: 1
22:14:19 | INFO: Extracting primitive: Cube.132
22:14:19 | INFO: Primitives created: 1
22:14:19 | INFO: Extracting primitive: Cube.133
22:14:19 | INFO: Primitives created: 1
22:14:19 | INFO: Extracting primitive: Cube.134
22:14:19 | INFO: Primitives created: 1
22:14:19 | INFO: Extracting primitive: Cube.135
22:14:19 | INFO: Primitives created: 1
22:14:19 | INFO: Extracting primitive: Cube.136
22:14:19 | INFO: Primitives created: 1
22:14:19 | INFO: Extracting primitive: Cube.137
22:14:19 | INFO: Primitives created: 1
22:14:19 | INFO: Extracting primitive: Cube.138
22:14:19 | INFO: Primitives created: 1
22:14:19 | INFO: Extracting primitive: Cube.139
22:14:19 | INFO: Primitives created: 1
22:14:19 | INFO: Extracting primitive: Cube.140
22:14:19 | INFO: Primitives created: 1
22:14:19 | INFO: Extracting primitive: Cube.141
22:14:19 | INFO: Primitives created: 1
22:14:19 | INFO: Extracting primitive: Cube.142
22:14:19 | INFO: Primitives created: 1
22:14:19 | INFO: Extracting primitive: Cube.143
22:14:19 | INFO: Primitives created: 1
22:14:19 | INFO: Extracting primitive: Cube.144
22:14:19 | INFO: Primitives created: 1
22:14:19 | INFO: Extracting primitive: Cube.193
22:14:19 | INFO: Primitives created: 1
22:14:19 | INFO: Extracting primitive: Cube.194
22:14:19 | INFO: Primitives created: 1
22:14:19 | INFO: Extracting primitive: Cube.195
22:14:19 | INFO: Primitives created: 1
22:14:19 | INFO: Extracting primitive: Cube.196
22:14:19 | INFO: Primitives created: 1
22:14:19 | INFO: Extracting primitive: Cube.197
22:14:19 | INFO: Primitives created: 1
22:14:19 | INFO: Extracting primitive: Cube.198
22:14:19 | INFO: Primitives created: 1
22:14:19 | INFO: Extracting primitive: Cube.199
22:14:19 | INFO: Primitives created: 1
22:14:19 | INFO: Extracting primitive: Cube.200
22:14:19 | INFO: Primitives created: 1
22:14:19 | INFO: Extracting primitive: COL_stone_walk.005
22:14:19 | INFO: Primitives created: 1
22:14:19 | INFO: Extracting primitive: COL_stone_walk.008
22:14:19 | INFO: Primitives created: 1
22:14:19 | INFO: Extracting primitive: COL_stone_walk.009
22:14:19 | INFO: Primitives created: 1
22:14:19 | INFO: Extracting primitive: COL_stone_walk.010
22:14:19 | INFO: Primitives created: 1
22:14:19 | INFO: Extracting primitive: COL_stone_walk.011
22:14:19 | INFO: Primitives created: 1
22:14:19 | INFO: Extracting primitive: COL_stone_walk.012
22:14:19 | INFO: Primitives created: 1
22:14:19 | INFO: Extracting primitive: COL_study_approach.002
22:14:19 | INFO: Primitives created: 1
22:14:19 | INFO: Extracting primitive: COL_study_desk_centre.002
22:14:19 | INFO: Primitives created: 1
22:14:19 | INFO: Extracting primitive: COL_study_desk_left.002
22:14:19 | INFO: Primitives created: 1
22:14:19 | INFO: Extracting primitive: COL_study_desk_right.002
22:14:19 | INFO: Primitives created: 1
22:14:19 | INFO: Extracting primitive: COL_study_front_walk.002
22:14:19 | INFO: Primitives created: 1
22:14:19 | INFO: Extracting primitive: COL_study_front_wall.002
22:14:19 | INFO: Primitives created: 1
22:14:19 | INFO: Extracting primitive: COL_study_post.001
22:14:19 | INFO: Primitives created: 1
22:14:19 | INFO: Extracting primitive: COL_study_post.002
22:14:19 | INFO: Primitives created: 1
22:14:19 | INFO: Extracting primitive: COL_study_post.003
22:14:19 | INFO: Primitives created: 1
22:14:19 | INFO: Extracting primitive: COL_study_post.008
22:14:19 | INFO: Primitives created: 1
22:14:19 | INFO: Extracting primitive: Cube.151
22:14:19 | INFO: Primitives created: 1
22:14:19 | INFO: Extracting primitive: Cube.152
22:14:19 | INFO: Primitives created: 1
22:14:19 | INFO: Extracting primitive: Cube.153
22:14:19 | INFO: Primitives created: 1
22:14:19 | INFO: Extracting primitive: Cube.154
22:14:19 | INFO: Primitives created: 1
22:14:19 | INFO: Extracting primitive: Cube.155
22:14:19 | INFO: Primitives created: 1
22:14:19 | INFO: Extracting primitive: Cube.156
22:14:19 | INFO: Primitives created: 1
22:14:19 | INFO: Extracting primitive: Cube.157
22:14:19 | INFO: Primitives created: 1
22:14:19 | INFO: Extracting primitive: Cube.158
22:14:19 | INFO: Primitives created: 1
22:14:19 | INFO: Extracting primitive: Cube.159
22:14:19 | INFO: Primitives created: 1
22:14:19 | INFO: Extracting primitive: Cube.160
22:14:19 | INFO: Primitives created: 1
22:14:19 | INFO: Extracting primitive: Cube.161
22:14:19 | INFO: Primitives created: 1
22:14:19 | INFO: Extracting primitive: Cube.162
22:14:19 | INFO: Primitives created: 1
22:14:19 | INFO: Extracting primitive: Cube.163
22:14:19 | INFO: Primitives created: 1
22:14:19 | INFO: Extracting primitive: Cube.164
22:14:19 | INFO: Primitives created: 1
22:14:19 | INFO: Extracting primitive: Cube.165
22:14:19 | INFO: Primitives created: 1
22:14:19 | INFO: Extracting primitive: Cube.166
22:14:19 | INFO: Primitives created: 1
22:14:19 | INFO: Extracting primitive: Cube.167
22:14:19 | INFO: Primitives created: 1
22:14:19 | INFO: Extracting primitive: Cube.168
22:14:19 | INFO: Primitives created: 1
22:14:19 | INFO: Extracting primitive: Cube.169
22:14:19 | INFO: Primitives created: 1
22:14:19 | INFO: Extracting primitive: Cube.170
22:14:19 | INFO: Primitives created: 1
22:14:19 | INFO: Extracting primitive: Cube.171
22:14:19 | INFO: Primitives created: 1
22:14:19 | INFO: Extracting primitive: Cube.172
22:14:19 | INFO: Primitives created: 1
22:14:19 | INFO: Extracting primitive: Cube.173
22:14:19 | INFO: Primitives created: 1
22:14:19 | INFO: Extracting primitive: Cube.174
22:14:19 | INFO: Primitives created: 1
22:14:19 | INFO: Extracting primitive: Cube.175
22:14:19 | INFO: Primitives created: 1
22:14:19 | INFO: Extracting primitive: Cube.176
22:14:19 | INFO: Primitives created: 1
22:14:19 | INFO: Extracting primitive: Cube.177
22:14:19 | INFO: Primitives created: 1
22:14:19 | INFO: Extracting primitive: Cube.178
22:14:19 | INFO: Primitives created: 1
22:14:19 | INFO: Extracting primitive: Cube.179
22:14:19 | INFO: Primitives created: 1
22:14:19 | INFO: Extracting primitive: Cube.180
22:14:19 | INFO: Primitives created: 1
22:14:19 | INFO: Extracting primitive: Cube.201
22:14:19 | INFO: Primitives created: 1
22:14:19 | INFO: Extracting primitive: Cube.202
22:14:19 | INFO: Primitives created: 1
22:14:19 | INFO: Extracting primitive: Cube.203
22:14:19 | INFO: Primitives created: 1
22:14:19 | INFO: Extracting primitive: Cube.181
22:14:19 | INFO: Primitives created: 1
22:14:19 | INFO: Extracting primitive: Cube.182
22:14:19 | INFO: Primitives created: 1
22:14:19 | INFO: Extracting primitive: Cube.183
22:14:19 | INFO: Primitives created: 1
22:14:19 | INFO: Extracting primitive: Cube.184
22:14:19 | INFO: Primitives created: 1
22:14:19 | INFO: Extracting primitive: Cube.185
22:14:19 | INFO: Primitives created: 1
22:14:19 | INFO: Extracting primitive: Cube.186
22:14:19 | INFO: Primitives created: 1
22:14:19 | INFO: Extracting primitive: Cube.187
22:14:19 | INFO: Primitives created: 1
22:14:19 | INFO: Extracting primitive: Cube.188
22:14:19 | INFO: Primitives created: 1
22:14:19 | INFO: Extracting primitive: Cube.189
22:14:19 | INFO: Primitives created: 1
22:14:19 | INFO: Extracting primitive: Cube.190
22:14:19 | INFO: Primitives created: 1
22:14:19 | INFO: Extracting primitive: Cube.191
22:14:19 | INFO: Primitives created: 1
22:14:19 | INFO: Extracting primitive: Cube.192
22:14:19 | INFO: Primitives created: 1
22:14:19 | INFO: Extracting primitive: COL_tubi-tang_floor.001
22:14:19 | INFO: Primitives created: 1
22:14:19 | INFO: Extracting primitive: COL_tubi_approach.001
22:14:19 | INFO: Primitives created: 1
22:14:19 | INFO: Extracting primitive: COL_tubi_approach.002
22:14:19 | INFO: Primitives created: 1
22:14:19 | INFO: Extracting primitive: COL_tubi_approach.007
22:14:19 | INFO: Primitives created: 1
22:14:19 | INFO: Extracting primitive: COL_tubi_approach.008
22:14:19 | INFO: Primitives created: 1
22:14:19 | INFO: Extracting primitive: COL_tubi_closed_hall.002
22:14:19 | INFO: Primitives created: 1
22:14:19 | INFO: Extracting primitive: COL_tubi_hall_post.001
22:14:19 | INFO: Primitives created: 1
22:14:19 | INFO: Extracting primitive: COL_tubi_hall_post.002
22:14:19 | INFO: Primitives created: 1
22:14:19 | INFO: Extracting primitive: COL_tubi_hall_post.006
22:14:19 | INFO: Primitives created: 1
22:14:19 | INFO: Extracting primitive: COL_tubi_parapet.001
22:14:19 | INFO: Primitives created: 1
22:14:19 | INFO: Extracting primitive: COL_tubi_parapet.002
22:14:19 | INFO: Primitives created: 1
22:14:19 | INFO: Extracting primitive: COL_tubi_parapet.003
22:14:19 | INFO: Primitives created: 1
22:14:19 | INFO: Extracting primitive: COL_tubi_parapet.008
22:14:19 | INFO: Primitives created: 1
22:14:19 | INFO: Extracting primitive: COL_tubi_stair_guard.001
22:14:19 | INFO: Primitives created: 1
22:14:19 | INFO: Extracting primitive: COL_tubi_stair_guard.004
22:14:19 | INFO: Primitives created: 1
22:14:19 | INFO: Extracting primitive: COL_tubi_stair_ramp.002
22:14:19 | INFO: Primitives created: 1
22:14:19 | INFO: Extracting primitive: COL_tubi_terrace.002
22:14:19 | INFO: Primitives created: 1
22:14:19 | INFO: Extracting primitive: COL_tubi_topic_table.002
22:14:19 | INFO: Primitives created: 1
22:14:19 | INFO: Extracting primitive: COL_tubi_view_bench_left.001
22:14:19 | INFO: Primitives created: 1
22:14:19 | INFO: Extracting primitive: COL_tubi_view_bench_right.001
22:14:19 | INFO: Primitives created: 1
22:14:19 | INFO: Extracting primitive: COL_water_embankment.082
22:14:19 | INFO: Primitives created: 1
22:14:19 | INFO: Extracting primitive: COL_water_embankment.083
22:14:19 | INFO: Primitives created: 1
22:14:19 | INFO: Extracting primitive: COL_water_embankment.084
22:14:19 | INFO: Primitives created: 1
22:14:19 | INFO: Extracting primitive: COL_water_embankment.085
22:14:19 | INFO: Primitives created: 1
22:14:19 | INFO: Extracting primitive: COL_water_embankment.086
22:14:19 | INFO: Primitives created: 1
22:14:19 | INFO: Extracting primitive: COL_water_embankment.087
22:14:19 | INFO: Primitives created: 1
22:14:19 | INFO: Extracting primitive: COL_water_embankment.088
22:14:19 | INFO: Primitives created: 1
22:14:19 | INFO: Extracting primitive: COL_water_embankment.089
22:14:19 | INFO: Primitives created: 1
22:14:19 | INFO: Extracting primitive: COL_water_embankment.090
22:14:19 | INFO: Primitives created: 1
22:14:19 | INFO: Extracting primitive: COL_water_embankment.091
22:14:19 | INFO: Primitives created: 1
22:14:19 | INFO: Extracting primitive: COL_water_embankment.092
22:14:19 | INFO: Primitives created: 1
22:14:19 | INFO: Extracting primitive: COL_water_embankment.093
22:14:19 | INFO: Primitives created: 1
22:14:19 | INFO: Extracting primitive: COL_water_embankment.094
22:14:19 | INFO: Primitives created: 1
22:14:19 | INFO: Extracting primitive: COL_water_embankment.095
22:14:19 | INFO: Primitives created: 1
22:14:19 | INFO: Extracting primitive: COL_water_embankment.096
22:14:19 | INFO: Primitives created: 1
22:14:19 | INFO: Extracting primitive: COL_water_embankment.097
22:14:19 | INFO: Primitives created: 1
22:14:19 | INFO: Extracting primitive: COL_water_embankment.098
22:14:19 | INFO: Primitives created: 1
22:14:19 | INFO: Extracting primitive: COL_water_embankment.099
22:14:19 | INFO: Primitives created: 1
22:14:19 | INFO: Extracting primitive: COL_water_embankment.100
22:14:19 | INFO: Primitives created: 1
22:14:19 | INFO: Extracting primitive: COL_water_embankment.101
22:14:19 | INFO: Primitives created: 1
22:14:19 | INFO: Extracting primitive: COL_water_embankment.102
22:14:19 | INFO: Primitives created: 1
22:14:19 | INFO: Extracting primitive: COL_water_embankment.103
22:14:19 | INFO: Primitives created: 1
22:14:19 | INFO: Extracting primitive: COL_water_embankment.104
22:14:19 | INFO: Primitives created: 1
22:14:19 | INFO: Extracting primitive: COL_water_embankment.105
22:14:19 | INFO: Primitives created: 1
22:14:19 | INFO: Extracting primitive: COL_water_embankment.106
22:14:19 | INFO: Primitives created: 1
22:14:19 | INFO: Extracting primitive: COL_water_embankment.107
22:14:19 | INFO: Primitives created: 1
22:14:19 | INFO: Extracting primitive: COL_water_embankment.108
22:14:19 | INFO: Primitives created: 1
22:14:19 | INFO: Extracting primitive: COL_water_embankment.055
22:14:19 | INFO: Primitives created: 1
22:14:19 | INFO: Extracting primitive: COL_water_embankment.056
22:14:19 | INFO: Primitives created: 1
22:14:19 | INFO: Extracting primitive: COL_water_embankment.057
22:14:19 | INFO: Primitives created: 1
22:14:19 | INFO: Extracting primitive: COL_water_embankment.058
22:14:19 | INFO: Primitives created: 1
22:14:19 | INFO: Extracting primitive: COL_water_embankment.059
22:14:19 | INFO: Primitives created: 1
22:14:19 | INFO: Extracting primitive: COL_water_embankment.060
22:14:19 | INFO: Primitives created: 1
22:14:19 | INFO: Extracting primitive: COL_water_embankment.061
22:14:19 | INFO: Primitives created: 1
22:14:19 | INFO: Extracting primitive: COL_water_embankment.062
22:14:19 | INFO: Primitives created: 1
22:14:19 | INFO: Extracting primitive: COL_water_embankment.063
22:14:19 | INFO: Primitives created: 1
22:14:19 | INFO: Extracting primitive: COL_water_embankment.064
22:14:19 | INFO: Primitives created: 1
22:14:19 | INFO: Extracting primitive: COL_water_embankment.065
22:14:19 | INFO: Primitives created: 1
22:14:19 | INFO: Extracting primitive: COL_water_embankment.066
22:14:19 | INFO: Primitives created: 1
22:14:19 | INFO: Extracting primitive: COL_water_embankment.067
22:14:19 | INFO: Primitives created: 1
22:14:19 | INFO: Extracting primitive: COL_water_embankment.068
22:14:19 | INFO: Primitives created: 1
22:14:19 | INFO: Extracting primitive: COL_water_embankment.069
22:14:19 | INFO: Primitives created: 1
22:14:19 | INFO: Extracting primitive: COL_water_embankment.070
22:14:19 | INFO: Primitives created: 1
22:14:19 | INFO: Extracting primitive: COL_water_embankment.071
22:14:19 | INFO: Primitives created: 1
22:14:19 | INFO: Extracting primitive: COL_water_embankment.072
22:14:19 | INFO: Primitives created: 1
22:14:19 | INFO: Extracting primitive: COL_water_embankment.073
22:14:19 | INFO: Primitives created: 1
22:14:19 | INFO: Extracting primitive: COL_water_embankment.074
22:14:19 | INFO: Primitives created: 1
22:14:19 | INFO: Extracting primitive: COL_water_embankment.075
22:14:19 | INFO: Primitives created: 1
22:14:19 | INFO: Extracting primitive: COL_water_embankment.076
22:14:19 | INFO: Primitives created: 1
22:14:19 | INFO: Extracting primitive: COL_water_embankment.077
22:14:19 | INFO: Primitives created: 1
22:14:19 | INFO: Extracting primitive: COL_water_embankment.078
22:14:19 | INFO: Primitives created: 1
22:14:19 | INFO: Extracting primitive: COL_water_embankment.079
22:14:19 | INFO: Primitives created: 1
22:14:19 | INFO: Extracting primitive: COL_water_embankment.080
22:14:19 | INFO: Primitives created: 1
22:14:19 | INFO: Extracting primitive: COL_water_embankment.081
22:14:19 | INFO: Primitives created: 1
22:14:19 | INFO: Extracting primitive: COL_water_bridge_side.001
22:14:19 | INFO: Primitives created: 1
22:14:19 | INFO: Extracting primitive: COL_water_bridge_side.004
22:14:19 | INFO: Primitives created: 1
22:14:19 | INFO: Extracting primitive: COL_water_bridge_deck.002
22:14:19 | INFO: Primitives created: 1
22:14:19 | INFO: Extracting primitive: COL_xiaoxiang_bamboo_bed.004
22:14:19 | INFO: Primitives created: 1
22:14:19 | INFO: Extracting primitive: COL_xiaoxiang_bamboo_bed.005
22:14:19 | INFO: Primitives created: 1
22:14:19 | INFO: Extracting primitive: COL_xiaoxiang_bamboo_bed.006
22:14:19 | INFO: Primitives created: 1
22:14:19 | INFO: Extracting primitive: COL_xiaoxiang_bamboo_bed.007
22:14:19 | INFO: Primitives created: 1
22:14:19 | INFO: Extracting primitive: COL_xiaoxiang_closed_front.001
22:14:19 | INFO: Primitives created: 1
22:14:19 | INFO: Extracting primitive: COL_xiaoxiang_floor.001
22:14:19 | INFO: Primitives created: 1
22:14:19 | INFO: Extracting primitive: COL_xiaoxiang_return.002
22:14:19 | INFO: Primitives created: 1
22:14:19 | INFO: Extracting primitive: COL_xiaoxiang_return.003
22:14:19 | INFO: Primitives created: 1
22:14:19 | INFO: Extracting primitive: COL_xiaoxiang_threshold.001
22:14:19 | INFO: Primitives created: 1
22:14:19 | INFO: Extracting primitive: COL_yihong_closed_front.002
22:14:19 | INFO: Primitives created: 1
22:14:19 | INFO: Extracting primitive: COL_yihong_court_side.001
22:14:19 | INFO: Primitives created: 1
22:14:19 | INFO: Extracting primitive: COL_yihong_court_side.004
22:14:19 | INFO: Primitives created: 1
22:14:19 | INFO: Extracting primitive: COL_yihong_floor.002
22:14:19 | INFO: Primitives created: 1
22:14:19 | INFO: Extracting primitive: COL_yihong_planter.001
22:14:19 | INFO: Primitives created: 1
22:14:19 | INFO: Extracting primitive: COL_yihong_planter.004
22:14:19 | INFO: Primitives created: 1
22:14:19 | INFO: Extracting primitive: COL_yihong_side_return.001
22:14:19 | INFO: Primitives created: 1
22:14:19 | INFO: Extracting primitive: COL_yihong_side_return.004
22:14:19 | INFO: Primitives created: 1
22:14:19 | INFO: Extracting primitive: COL_yihong_threshold.002
22:14:19 | INFO: Primitives created: 1
22:14:19 | INFO: Extracting primitive: COL_ziling_landing.001
22:14:19 | INFO: Primitives created: 1
22:14:19 | INFO: Extracting primitive: HERO_aojing-guan_title.002
22:14:19 | WARNING: More than one shader node tex image used for a texture. The resulting glTF sampler will behave like the first shader node tex image.
22:14:19 | INFO: Primitives created: 1
22:14:19 | INFO: Extracting primitive: HERO_daguan_title.001
22:14:19 | WARNING: More than one shader node tex image used for a texture. The resulting glTF sampler will behave like the first shader node tex image.
22:14:19 | INFO: Primitives created: 1
22:14:19 | INFO: Extracting primitive: HERO_daoxiang-cun_title.002
22:14:19 | WARNING: More than one shader node tex image used for a texture. The resulting glTF sampler will behave like the first shader node tex image.
22:14:19 | INFO: Primitives created: 1
22:14:19 | INFO: Extracting primitive: KIT_flora_plum_render.001
22:14:19 | WARNING: More than one shader node tex image used for a texture. The resulting glTF sampler will behave like the first shader node tex image.
22:14:19 | INFO: Primitives created: 1
22:14:19 | INFO: Extracting primitive: KIT_flora_plum_render.002
22:14:19 | INFO: Primitives created: 1
22:14:19 | INFO: Extracting primitive: KIT_flora_bamboo_large_render.001
22:14:19 | INFO: Primitives created: 1
22:14:19 | INFO: Extracting primitive: KIT_flora_bamboo_large_render.002
22:14:19 | INFO: Primitives created: 1
22:14:19 | INFO: Extracting primitive: KIT_flora_bamboo_small_render.001
22:14:19 | INFO: Primitives created: 1
22:14:19 | INFO: Extracting primitive: KIT_flora_willow_render.001
22:14:19 | INFO: Primitives created: 1
22:14:19 | INFO: Extracting primitive: KIT_flora_willow_render.002
22:14:19 | INFO: Primitives created: 1
22:14:19 | INFO: Extracting primitive: KIT_flora_bamboo_large_render.003
22:14:19 | INFO: Primitives created: 1
22:14:19 | INFO: Extracting primitive: KIT_flora_bamboo_medium_render.001
22:14:19 | INFO: Primitives created: 1
22:14:19 | INFO: Extracting primitive: KIT_flora_bamboo_small_render.002
22:14:19 | INFO: Primitives created: 1
22:14:19 | INFO: Extracting primitive: KIT_flora_bamboo_large_render.004
22:14:19 | INFO: Primitives created: 1
22:14:19 | INFO: Extracting primitive: KIT_flora_banana_render.001
22:14:19 | INFO: Primitives created: 1
22:14:19 | INFO: Extracting primitive: KIT_flora_banana_render.002
22:14:19 | INFO: Primitives created: 1
22:14:19 | INFO: Extracting primitive: TEMP_reed_geometry.001
22:14:19 | INFO: Primitives created: 1
22:14:19 | INFO: Extracting primitive: TEMP_reed_geometry.002
22:14:19 | INFO: Primitives created: 1
22:14:19 | INFO: Extracting primitive: TEMP_reed_geometry.003
22:14:19 | INFO: Primitives created: 1
22:14:19 | INFO: Extracting primitive: TEMP_reed_geometry.004
22:14:19 | INFO: Primitives created: 1
22:14:19 | INFO: Extracting primitive: TEMP_reed_geometry.005
22:14:19 | INFO: Primitives created: 1
22:14:19 | INFO: Extracting primitive: TEMP_reed_geometry.006
22:14:19 | INFO: Primitives created: 1
22:14:19 | INFO: Extracting primitive: TEMP_reed_geometry.007
22:14:19 | INFO: Primitives created: 1
22:14:19 | INFO: Extracting primitive: TEMP_reed_geometry.008
22:14:19 | INFO: Primitives created: 1
22:14:19 | INFO: Extracting primitive: TEMP_reed_geometry.009
22:14:19 | INFO: Primitives created: 1
22:14:19 | INFO: Extracting primitive: TEMP_reed_geometry.010
22:14:19 | INFO: Primitives created: 1
22:14:19 | INFO: Extracting primitive: HERO_gate_inscription.001
22:14:19 | WARNING: More than one shader node tex image used for a texture. The resulting glTF sampler will behave like the first shader node tex image.
22:14:19 | INFO: Primitives created: 1
22:14:19 | INFO: Extracting primitive: HERO_gate_water_drips.001
22:14:19 | WARNING: More than one shader node tex image used for a texture. The resulting glTF sampler will behave like the first shader node tex image.
22:14:19 | INFO: Primitives created: 1
22:14:19 | INFO: Extracting primitive: HERO_hengwu-yuan_title.002
22:14:19 | WARNING: More than one shader node tex image used for a texture. The resulting glTF sampler will behave like the first shader node tex image.
22:14:19 | INFO: Primitives created: 1
22:14:19 | INFO: Extracting primitive: HERO_longcui-an_title.002
22:14:19 | WARNING: More than one shader node tex image used for a texture. The resulting glTF sampler will behave like the first shader node tex image.
22:14:19 | INFO: Primitives created: 1
22:14:19 | INFO: Extracting primitive: HERO_qinfang-ting_title.002
22:14:19 | WARNING: More than one shader node tex image used for a texture. The resulting glTF sampler will behave like the first shader node tex image.
22:14:19 | INFO: Primitives created: 1
22:14:19 | INFO: Extracting primitive: HERO_qinfang_bridge.001
22:14:19 | INFO: Primitives created: 1
22:14:19 | INFO: Extracting primitive: HERO_study_scroll_bamboo.002
22:14:19 | INFO: Primitives created: 1
22:14:19 | INFO: Extracting primitive: HERO_study_scroll_plum.002
22:14:19 | INFO: Primitives created: 1
22:14:19 | INFO: Extracting primitive: HERO_study_title.002
22:14:19 | WARNING: More than one shader node tex image used for a texture. The resulting glTF sampler will behave like the first shader node tex image.
22:14:19 | INFO: Primitives created: 1
22:14:19 | INFO: Extracting primitive: HERO_table_hexagram.001
22:14:19 | INFO: Primitives created: 1
22:14:19 | INFO: Extracting primitive: line_piece.005
22:14:19 | WARNING: More than one shader node tex image used for a texture. The resulting glTF sampler will behave like the first shader node tex image.
22:14:19 | INFO: Primitives created: 1
22:14:19 | INFO: Extracting primitive: line_piece.002
22:14:19 | INFO: Primitives created: 1
22:14:19 | INFO: Extracting primitive: line_piece.011
22:14:19 | INFO: Primitives created: 1
22:14:19 | INFO: Extracting primitive: line_piece.008
22:14:19 | INFO: Primitives created: 1
22:14:19 | INFO: Extracting primitive: line_piece.017
22:14:19 | INFO: Primitives created: 1
22:14:19 | INFO: Extracting primitive: line_piece.014
22:14:19 | INFO: Primitives created: 1
22:14:19 | INFO: Extracting primitive: line_piece.019
22:14:19 | INFO: Primitives created: 1
22:14:19 | INFO: Extracting primitive: line_piece.018
22:14:19 | INFO: Primitives created: 1
22:14:19 | INFO: Extracting primitive: line_piece.021
22:14:19 | INFO: Primitives created: 1
22:14:19 | INFO: Extracting primitive: line_piece.020
22:14:19 | INFO: Primitives created: 1
22:14:19 | INFO: Extracting primitive: line_piece.023
22:14:19 | INFO: Primitives created: 1
22:14:19 | INFO: Extracting primitive: line_piece.022
22:14:19 | INFO: Primitives created: 1
22:14:19 | INFO: Extracting primitive: HERO_table_pedestal.001
22:14:19 | INFO: Primitives created: 1
22:14:19 | INFO: Extracting primitive: HERO_tubi_title.002
22:14:19 | WARNING: More than one shader node tex image used for a texture. The resulting glTF sampler will behave like the first shader node tex image.
22:14:19 | INFO: Primitives created: 1
22:14:19 | INFO: Extracting primitive: HERO_xiaoxiang-guan_title.002
22:14:19 | WARNING: More than one shader node tex image used for a texture. The resulting glTF sampler will behave like the first shader node tex image.
22:14:19 | INFO: Primitives created: 1
22:14:19 | INFO: Extracting primitive: HERO_yihong-yuan_title.002
22:14:19 | WARNING: More than one shader node tex image used for a texture. The resulting glTF sampler will behave like the first shader node tex image.
22:14:19 | INFO: Primitives created: 1
22:14:19 | INFO: Extracting primitive: AOJING_pond.002
22:14:19 | INFO: Primitives created: 1
22:14:19 | INFO: Extracting primitive: AOJING_backstage.002
22:14:19 | INFO: Primitives created: 1
22:14:19 | INFO: Extracting primitive: AOJING_amber_window.002
22:14:19 | INFO: Primitives created: 1
22:14:19 | INFO: Extracting primitive: AOJING_window_lattice.001
22:14:19 | INFO: Primitives created: 1
22:14:19 | INFO: Extracting primitive: AOJING_dry_ledge.002
22:14:19 | INFO: Primitives created: 1
22:14:19 | INFO: Extracting primitive: AOJING_roof.002
22:14:19 | INFO: Primitives created: 1
22:14:19 | INFO: Extracting primitive: AOJING_closed_front.002
22:14:19 | INFO: Primitives created: 1
22:14:19 | INFO: Extracting primitive: DAGUAN_backstage.001
22:14:19 | INFO: Primitives created: 1
22:14:19 | INFO: Extracting primitive: DAGUAN_door_stud.180
22:14:19 | INFO: Primitives created: 1
22:14:19 | INFO: Extracting primitive: DAGUAN_amber_transom.002
22:14:19 | INFO: Primitives created: 1
22:14:19 | INFO: Extracting primitive: DAGUAN_closed_door.010
22:14:19 | INFO: Primitives created: 1
22:14:19 | INFO: Extracting primitive: DAGUAN_recessed_panel.020
22:14:19 | INFO: Primitives created: 1
22:14:19 | INFO: Extracting primitive: DAGUAN_column.006
22:14:19 | INFO: Primitives created: 1
22:14:19 | INFO: Extracting primitive: DAGUAN_platform.001
22:14:19 | INFO: Primitives created: 1
22:14:19 | INFO: Extracting primitive: DAGUAN_lower_roof.001
22:14:19 | INFO: Primitives created: 1
22:14:19 | INFO: Extracting primitive: DAGUAN_front.001
22:14:19 | INFO: Primitives created: 1
22:14:19 | INFO: Extracting primitive: DAOXIANG_backstage.001
22:14:19 | INFO: Primitives created: 1
22:14:19 | INFO: Extracting primitive: DAOXIANG_door_latch.001
22:14:19 | INFO: Primitives created: 1
22:14:19 | INFO: Extracting primitive: DAOXIANG_warm_sliver.001
22:14:19 | INFO: Primitives created: 1
22:14:19 | INFO: Extracting primitive: DAOXIANG_closed_door.001
22:14:19 | INFO: Primitives created: 1
22:14:19 | INFO: Extracting primitive: DAOXIANG_paddy_painting.001
22:14:19 | INFO: Primitives created: 1
22:14:19 | INFO: Extracting primitive: DAOXIANG_court.001
22:14:19 | INFO: Primitives created: 1
22:14:19 | INFO: Extracting primitive: DAOXIANG_thatch_mass.001
22:14:19 | INFO: Primitives created: 1
22:14:19 | INFO: Extracting primitive: DAOXIANG_front.001
22:14:19 | INFO: Primitives created: 1
22:14:19 | INFO: Extracting primitive: SITE_hengwu-yuan_backstage.001
22:14:19 | INFO: Primitives created: 1
22:14:19 | INFO: Extracting primitive: KIT_pavilion_finial.011
22:14:19 | INFO: Primitives created: 1
22:14:19 | INFO: Extracting primitive: KIT_wall_amber_window.006
22:14:19 | INFO: Primitives created: 1
22:14:19 | INFO: Extracting primitive: HENGWU_herb_leaf.001
22:14:19 | INFO: Primitives created: 1
22:14:19 | INFO: Extracting primitive: KIT_wall_lattice_vertical.105
22:14:19 | INFO: Primitives created: 1
22:14:19 | INFO: Extracting primitive: SITE_hengwu-yuan_platform.001
22:14:19 | INFO: Primitives created: 1
22:14:19 | INFO: Extracting primitive: KIT_props_lantern_hanging_render.015
22:14:19 | WARNING: More than one shader node tex image used for a texture. The resulting glTF sampler will behave like the first shader node tex image.
22:14:19 | INFO: Primitives created: 1
22:14:19 | INFO: Extracting primitive: KIT_pavilion_roof.011
22:14:19 | INFO: Primitives created: 1
22:14:19 | INFO: Extracting primitive: KIT_wall_bay.001
22:14:19 | WARNING: More than one shader node tex image used for a texture. The resulting glTF sampler will behave like the first shader node tex image.
22:14:19 | INFO: Primitives created: 1
22:14:19 | INFO: Extracting primitive: SITE_hengwu-yuan_front.001
22:14:19 | INFO: Primitives created: 1
22:14:19 | INFO: Extracting primitive: LONGCUI_backstage.001
22:14:19 | INFO: Primitives created: 1
22:14:19 | INFO: Extracting primitive: LONGCUI_gate_pull.002
22:14:19 | INFO: Primitives created: 1
22:14:19 | INFO: Extracting primitive: LONGCUI_closed_gate.002
22:14:19 | INFO: Primitives created: 1
22:14:19 | INFO: Extracting primitive: LONGCUI_paving.001
22:14:19 | INFO: Primitives created: 1
22:14:19 | INFO: Extracting primitive: KIT_props_lantern_hanging_render.016
22:14:19 | INFO: Primitives created: 1
22:14:19 | INFO: Extracting primitive: LONGCUI_wall_cap.001
22:14:19 | INFO: Primitives created: 1
22:14:19 | INFO: Extracting primitive: LONGCUI_closed_front.001
22:14:19 | INFO: Primitives created: 1
22:14:19 | INFO: Extracting primitive: KIT_props_tea_cup.006
22:14:19 | INFO: Primitives created: 1
22:14:19 | INFO: Extracting primitive: SITE_ouxiang_deck.001
22:14:19 | INFO: Primitives created: 1
22:14:19 | INFO: Extracting primitive: WESTERN_kit_lotus_lotus_pad.001
22:14:19 | INFO: Primitives created: 1
22:14:19 | INFO: Extracting primitive: KIT_pavilion_water_pier.004
22:14:19 | INFO: Primitives created: 1
22:14:19 | INFO: Extracting primitive: KIT_props_lantern_hanging_render.013
22:14:19 | INFO: Primitives created: 1
22:14:19 | INFO: Extracting primitive: KIT_pavilion_water_hipped_roof.001
22:14:19 | INFO: Primitives created: 1
22:14:19 | INFO: Extracting primitive: KIT_corridor_rail.008
22:14:19 | INFO: Primitives created: 1
22:14:19 | INFO: Extracting primitive: KIT_water_lotus_lotus_pad.001
22:14:19 | INFO: Primitives created: 1
22:14:19 | INFO: Extracting primitive: KIT_pavilion_roof_shell.001
22:14:19 | INFO: Primitives created: 1
22:14:19 | INFO: Extracting primitive: KIT_pavilion_plinth.001
22:14:19 | INFO: Primitives created: 1
22:14:19 | INFO: Extracting primitive: KIT_props_lantern_hanging_render.001
22:14:19 | INFO: Primitives created: 1
22:14:19 | INFO: Extracting primitive: KIT_water_stream.001
22:14:19 | INFO: Primitives created: 1
22:14:19 | INFO: Extracting primitive: SITE_qiushuang-zhai_backstage.001
22:14:19 | INFO: Primitives created: 1
22:14:19 | INFO: Extracting primitive: KIT_pavilion_finial.005
22:14:19 | INFO: Primitives created: 1
22:14:19 | INFO: Extracting primitive: KIT_wall_lattice_vertical.042
22:14:19 | INFO: Primitives created: 1
22:14:19 | INFO: Extracting primitive: SITE_qiushuang-zhai_platform.001
22:14:19 | INFO: Primitives created: 1
22:14:19 | INFO: Extracting primitive: KIT_props_lantern_hanging_render.010
22:14:19 | INFO: Primitives created: 1
22:14:19 | INFO: Extracting primitive: KIT_pavilion_roof.005
22:14:19 | INFO: Primitives created: 1
22:14:19 | INFO: Extracting primitive: KIT_tech_terminal_desk_render.007
22:14:19 | WARNING: More than one shader node tex image used for a texture. The resulting glTF sampler will behave like the first shader node tex image.
22:14:19 | INFO: Primitives created: 1
22:14:19 | INFO: Extracting primitive: SITE_qiushuang-zhai_front.001
22:14:19 | INFO: Primitives created: 1
22:14:19 | INFO: Extracting primitive: GATE_banana_pseudostem.001
22:14:19 | INFO: Primitives created: 1
22:14:19 | INFO: Extracting primitive: GATE_banana_soil.001
22:14:19 | INFO: Primitives created: 1
22:14:19 | INFO: Extracting primitive: KIT_rockery_passage.001
22:14:19 | INFO: Primitives created: 1
22:14:19 | INFO: Extracting primitive: GATE_paving.002
22:14:19 | INFO: Primitives created: 1
22:14:19 | INFO: Extracting primitive: KIT_props_lantern_hanging_render.008
22:14:19 | INFO: Primitives created: 1
22:14:19 | INFO: Extracting primitive: KIT_stage_fog_plane_render.017
22:14:19 | INFO: Primitives created: 1
22:14:19 | INFO: Extracting primitive: KIT_stage_floor.001
22:14:19 | INFO: Primitives created: 1
22:14:19 | INFO: Extracting primitive: AOJING_approach_guard.001
22:14:19 | INFO: Primitives created: 1
22:14:19 | INFO: Extracting primitive: KIT_stage_painted_moon.001
22:14:19 | INFO: Primitives created: 1
22:14:19 | INFO: Extracting primitive: KIT_stage_painted_mountain_layer.003
22:14:19 | INFO: Primitives created: 1
22:14:19 | INFO: Extracting primitive: KIT_stage_painted_mountain_layer.004
22:14:19 | INFO: Primitives created: 1
22:14:19 | INFO: Extracting primitive: KIT_stage_painted_mountain_layer.005
22:14:19 | INFO: Primitives created: 1
22:14:19 | INFO: Extracting primitive: KIT_water_stone_walk.005
22:14:19 | INFO: Primitives created: 1
22:14:19 | INFO: Extracting primitive: Painted coved ceiling candidate.001
22:14:19 | INFO: Primitives created: 1
22:14:19 | INFO: Extracting primitive: KIT_stage_painted_canvas.002
22:14:19 | INFO: Primitives created: 1
22:14:19 | INFO: Extracting primitive: Eight painted cyclorama arcs.001
22:14:19 | WARNING: More than one shader node tex image used for a texture. The resulting glTF sampler will behave like the first shader node tex image.
22:14:19 | INFO: Primitives created: 2
22:14:19 | INFO: Extracting primitive: KIT_stage_fog_plane_render.002
22:14:19 | INFO: Primitives created: 1
22:14:19 | INFO: Extracting primitive: KIT_tech_cell_side.012
22:14:19 | INFO: Primitives created: 1
22:14:19 | INFO: Extracting primitive: KIT_wall_window_bar.030
22:14:19 | INFO: Primitives created: 1
22:14:19 | INFO: Extracting primitive: KIT_stage_entry_walk.002
22:14:19 | INFO: Primitives created: 1
22:14:19 | INFO: Extracting primitive: KIT_props_folding_chair_render.001
22:14:19 | INFO: Primitives created: 1
22:14:19 | INFO: Extracting primitive: KIT_stage_floor_boards_render.002
22:14:19 | INFO: Primitives created: 1
22:14:19 | INFO: Extracting primitive: KIT_stage_gel_frame_render.002
22:14:19 | INFO: Primitives created: 2
22:14:19 | INFO: Extracting primitive: KIT_stage_studio_wall_render.002
22:14:19 | INFO: Primitives created: 1
22:14:19 | INFO: Extracting primitive: KIT_stage_fog_plane_render.020
22:14:19 | INFO: Primitives created: 1
22:14:19 | INFO: Extracting primitive: KIT_tech_terminal_desk_render.001
22:14:19 | INFO: Primitives created: 1
22:14:19 | INFO: Extracting primitive: KIT_props_scroll_render.001
22:14:19 | WARNING: More than one shader node tex image used for a texture. The resulting glTF sampler will behave like the first shader node tex image.
22:14:19 | INFO: Primitives created: 1
22:14:19 | INFO: Extracting primitive: SITE_tubi-tang_backstage.001
22:14:19 | INFO: Primitives created: 1
22:14:19 | INFO: Extracting primitive: KIT_pavilion_finial.007
22:14:19 | INFO: Primitives created: 1
22:14:19 | INFO: Extracting primitive: KIT_wall_amber_window.003
22:14:19 | INFO: Primitives created: 1
22:14:19 | INFO: Extracting primitive: TUBI_topic_line.001
22:14:19 | INFO: Primitives created: 1
22:14:19 | INFO: Extracting primitive: KIT_wall_lattice_vertical.063
22:14:19 | INFO: Primitives created: 1
22:14:19 | INFO: Extracting primitive: SITE_tubi-tang_platform.001
22:14:19 | INFO: Primitives created: 1
22:14:19 | INFO: Extracting primitive: KIT_props_lantern_hanging_render.012
22:14:19 | INFO: Primitives created: 1
22:14:19 | INFO: Extracting primitive: KIT_pavilion_roof.007
22:14:19 | INFO: Primitives created: 1
22:14:19 | INFO: Extracting primitive: TUBI_terrace.002
22:14:19 | INFO: Primitives created: 1
22:14:19 | INFO: Extracting primitive: SITE_tubi-tang_front.001
22:14:19 | INFO: Primitives created: 1
22:14:19 | INFO: Extracting primitive: XIAOXIANG_black_back.001
22:14:19 | INFO: Primitives created: 1
22:14:19 | INFO: Extracting primitive: XIAOXIANG_gate_pull.002
22:14:19 | INFO: Primitives created: 1
22:14:19 | INFO: Extracting primitive: XIAOXIANG_amber_window.001
22:14:19 | INFO: Primitives created: 1
22:14:19 | INFO: Extracting primitive: XIAOXIANG_gate_leaf.002
22:14:19 | INFO: Primitives created: 1
22:14:19 | INFO: Extracting primitive: XIAOXIANG_paving.001
22:14:19 | INFO: Primitives created: 1
22:14:19 | INFO: Extracting primitive: XIAOXIANG_wall_cap.001
22:14:19 | INFO: Primitives created: 1
22:14:19 | INFO: Extracting primitive: XIAOXIANG_closed_front.001
22:14:19 | INFO: Primitives created: 1
22:14:19 | INFO: Extracting primitive: YIHONG_backstage.002
22:14:19 | INFO: Primitives created: 1
22:14:19 | INFO: Extracting primitive: YIHONG_door_rail.001
22:14:19 | INFO: Primitives created: 1
22:14:19 | INFO: Extracting primitive: YIHONG_amber_window.002
22:14:19 | INFO: Primitives created: 1
22:14:19 | INFO: Extracting primitive: YIHONG_door_panel.001
22:14:19 | INFO: Primitives created: 1
22:14:19 | INFO: Extracting primitive: YIHONG_paving.002
22:14:19 | INFO: Primitives created: 1
22:14:19 | INFO: Extracting primitive: YIHONG_court_cap.001
22:14:19 | INFO: Primitives created: 1
22:14:19 | INFO: Extracting primitive: YIHONG_closed_front.002
22:14:19 | INFO: Primitives created: 1
22:14:19 | INFO: Extracting primitive: WESTERN_kit_lotus.004_lotus_pad.001
22:14:19 | INFO: Primitives created: 1
22:14:19 | INFO: Extracting primitive: KIT_water_plank.002
22:14:19 | INFO: Primitives created: 1
22:14:19 | INFO: Extracting primitive: SITE_ziling_island.001
22:14:19 | INFO: Primitives created: 1
22:14:20 | INFO: Finished glTF 2.0 export in 0.7369441986083984 s
00:36.725  blend            | Read blend: "/Users/auchan/projects/garden-of-dreams/.superpowers/sdd/2026-09-23-garden-completion/stage-floor-palette/lit-native-review/blender/sites/SITE_stage.blend"

{"engine": "Godot", "sites": {"stage": {"objects": 100, "triangles": 11188, "render_meshes": 11, "colliders": 87, "triggers": 0}, "qinfang-ting": {"objects": 199, "triangles": 59120, "render_meshes": 27, "colliders": 157, "triggers": 7}, "rockery-gate": {"objects": 27, "triangles": 15324, "render_meshes": 8, "colliders": 10, "triggers": 3}, "terminal-cells": {"objects": 113, "triangles": 37996, "render_meshes": 10, "colliders": 77, "triggers": 18}, "qiushuang-zhai": {"objects": 36, "triangles": 21754, "render_meshes": 11, "colliders": 13, "triggers": 5}, "tubi-tang": {"objects": 37, "triangles": 11340, "render_meshes": 11, "colliders": 16, "triggers": 5}, "daguan-lou": {"objects": 29, "triangles": 23666, "render_meshes": 10, "colliders": 13, "triggers": 3}, "ouxiang-xie": {"objects": 28, "triangles": 15738, "render_meshes": 6, "colliders": 13, "triggers": 4}, "hengwu-yuan": {"objects": 43, "triangles": 22102, "render_meshes": 11, "colliders": 23, "triggers": 4}, "yihong-yuan": {"objects": 28, "triangles": 2294, "render_meshes": 10, "colliders": 9, "triggers": 4}, "xiaoxiang-guan": {"objects": 30, "triangles": 7478, "render_meshes": 12, "colliders": 9, "triggers": 4}, "longcui-an": {"objects": 27, "triangles": 4638, "render_meshes": 10, "colliders": 8, "triggers": 4}, "aojing-guan": {"objects": 24, "triangles": 2788, "render_meshes": 8, "colliders": 7, "triggers": 3}, "daoxiang-cun": {"objects": 27, "triangles": 10862, "render_meshes": 9, "colliders": 8, "triggers": 4}, "ziling-zhou": {"objects": 23, "triangles": 20048, "render_meshes": 13, "colliders": 4, "triggers": 3}}, "warnings": ["Reference assets, not yet profiled on mobile.", "Lightmap bake remains unfinished; engine import evidence is recorded separately in godot/import-validation.json."], "total_triangles": 266336, "total_render_meshes": 167}
SAVED_GARDEN_CANDIDATE_PASS c9d4fb308730733af2175c424449f8a63b731674d2527df2168a260cc0f5013e
BlenderMCP addon unregistered
Blender 5.2.2 LTS (hash d13f752e3b9c built 2026-09-15 01:49:19)

Blender quit
