00:00.499  blend            | Read blend: "/tmp/garden-paving-review-20261010-v4/blender/authoring.blend"
BlenderMCP addon registered
INFO Draco is available, use library at /Applications/Blender.app/Contents/Resources/5.2/scripts/addons_core/io_scene_gltf2/libbf_intern_draco_bridge.dylib
INFO MeshOptimizer is available, use library at /Applications/Blender.app/Contents/Resources/5.2/scripts/addons_core/io_scene_gltf2/libbf_intern_meshopt_bridge.dylib
02:19:35 | INFO: Starting glTF 2.0 export
02:19:35 | INFO: Extracting primitive: COL_aojing_approach.001
02:19:35 | INFO: Primitives created: 1
02:19:35 | INFO: Extracting primitive: COL_aojing_approach.004
02:19:35 | INFO: Primitives created: 1
02:19:35 | INFO: Extracting primitive: COL_aojing_approach_guard.001
02:19:35 | INFO: Primitives created: 1
02:19:35 | INFO: Extracting primitive: COL_aojing_approach_guard.004
02:19:35 | INFO: Primitives created: 1
02:19:35 | INFO: Extracting primitive: COL_aojing_approach_ramp.002
02:19:35 | INFO: Primitives created: 1
02:19:35 | INFO: Extracting primitive: COL_daoxiang_approach.002
02:19:35 | INFO: Primitives created: 1
02:19:35 | INFO: Extracting primitive: COL_daoxiang_approach.003
02:19:35 | INFO: Primitives created: 1
02:19:35 | INFO: Extracting primitive: COL_hengwu_approach.002
02:19:35 | INFO: Primitives created: 1
02:19:35 | INFO: Extracting primitive: COL_hengwu_approach.003
02:19:35 | INFO: Primitives created: 1
02:19:35 | INFO: Extracting primitive: COL_longcui_approach.003
02:19:35 | INFO: Primitives created: 1
02:19:35 | INFO: Extracting primitive: COL_longcui_approach.004
02:19:35 | INFO: Primitives created: 1
02:19:35 | INFO: Extracting primitive: COL_longcui_approach.005
02:19:35 | INFO: Primitives created: 1
02:19:35 | INFO: Extracting primitive: Cube.009
02:19:35 | INFO: Primitives created: 1
02:19:35 | INFO: Extracting primitive: Cube.011
02:19:35 | INFO: Primitives created: 1
02:19:35 | INFO: Extracting primitive: Cube.012
02:19:35 | INFO: Primitives created: 1
02:19:35 | INFO: Extracting primitive: Cube.013
02:19:35 | INFO: Primitives created: 1
02:19:35 | INFO: Extracting primitive: Cube.019
02:19:35 | INFO: Primitives created: 1
02:19:35 | INFO: Extracting primitive: Cube.020
02:19:35 | INFO: Primitives created: 1
02:19:35 | INFO: Extracting primitive: Cube.023
02:19:35 | INFO: Primitives created: 1
02:19:35 | INFO: Extracting primitive: Cube.024
02:19:35 | INFO: Primitives created: 1
02:19:35 | INFO: Extracting primitive: Cube.048
02:19:35 | INFO: Primitives created: 1
02:19:35 | INFO: Extracting primitive: Cube.050
02:19:35 | INFO: Primitives created: 1
02:19:35 | INFO: Extracting primitive: Cube.052
02:19:35 | INFO: Primitives created: 1
02:19:35 | INFO: Extracting primitive: Cube.092
02:19:35 | INFO: Primitives created: 1
02:19:35 | INFO: Extracting primitive: Cube.093
02:19:35 | INFO: Primitives created: 1
02:19:35 | INFO: Extracting primitive: Cube.094
02:19:35 | INFO: Primitives created: 1
02:19:35 | INFO: Extracting primitive: Cube.095
02:19:35 | INFO: Primitives created: 1
02:19:35 | INFO: Extracting primitive: Cube.096
02:19:35 | INFO: Primitives created: 1
02:19:35 | INFO: Extracting primitive: Cube.097
02:19:35 | INFO: Primitives created: 1
02:19:35 | INFO: Extracting primitive: Cube.098
02:19:35 | INFO: Primitives created: 1
02:19:35 | INFO: Extracting primitive: Cube.099
02:19:35 | INFO: Primitives created: 1
02:19:35 | INFO: Extracting primitive: Cube.100
02:19:35 | INFO: Primitives created: 1
02:19:35 | INFO: Extracting primitive: Cube.101
02:19:35 | INFO: Primitives created: 1
02:19:35 | INFO: Extracting primitive: Cube.102
02:19:35 | INFO: Primitives created: 1
02:19:35 | INFO: Extracting primitive: Cube.103
02:19:35 | INFO: Primitives created: 1
02:19:35 | INFO: Extracting primitive: Cube.104
02:19:35 | INFO: Primitives created: 1
02:19:35 | INFO: Extracting primitive: Cube.105
02:19:35 | INFO: Primitives created: 1
02:19:35 | INFO: Extracting primitive: Cube.106
02:19:35 | INFO: Primitives created: 1
02:19:35 | INFO: Extracting primitive: Cube.107
02:19:35 | INFO: Primitives created: 1
02:19:35 | INFO: Extracting primitive: Cube.108
02:19:35 | INFO: Primitives created: 1
02:19:35 | INFO: Extracting primitive: Cube.109
02:19:35 | INFO: Primitives created: 1
02:19:35 | INFO: Extracting primitive: Cube.110
02:19:35 | INFO: Primitives created: 1
02:19:35 | INFO: Extracting primitive: Cube.111
02:19:35 | INFO: Primitives created: 1
02:19:35 | INFO: Extracting primitive: Cube.112
02:19:35 | INFO: Primitives created: 1
02:19:35 | INFO: Extracting primitive: Cube.113
02:19:35 | INFO: Primitives created: 1
02:19:35 | INFO: Extracting primitive: Cube.114
02:19:35 | INFO: Primitives created: 1
02:19:35 | INFO: Extracting primitive: Cube.115
02:19:35 | INFO: Primitives created: 1
02:19:35 | INFO: Extracting primitive: Cube.116
02:19:35 | INFO: Primitives created: 1
02:19:35 | INFO: Extracting primitive: Cube.117
02:19:35 | INFO: Primitives created: 1
02:19:35 | INFO: Extracting primitive: Cube.118
02:19:35 | INFO: Primitives created: 1
02:19:35 | INFO: Extracting primitive: Cube.119
02:19:35 | INFO: Primitives created: 1
02:19:35 | INFO: Extracting primitive: Cube.120
02:19:35 | INFO: Primitives created: 1
02:19:35 | INFO: Extracting primitive: Cube.121
02:19:35 | INFO: Primitives created: 1
02:19:35 | INFO: Extracting primitive: Cube.122
02:19:35 | INFO: Primitives created: 1
02:19:35 | INFO: Extracting primitive: Cube.123
02:19:36 | INFO: Primitives created: 1
02:19:36 | INFO: Extracting primitive: Cube.124
02:19:36 | INFO: Primitives created: 1
02:19:36 | INFO: Extracting primitive: Cube.125
02:19:36 | INFO: Primitives created: 1
02:19:36 | INFO: Extracting primitive: Cube.126
02:19:36 | INFO: Primitives created: 1
02:19:36 | INFO: Extracting primitive: Cube.127
02:19:36 | INFO: Primitives created: 1
02:19:36 | INFO: Extracting primitive: Cube.128
02:19:36 | INFO: Primitives created: 1
02:19:36 | INFO: Extracting primitive: Cube.129
02:19:36 | INFO: Primitives created: 1
02:19:36 | INFO: Extracting primitive: Cube.130
02:19:36 | INFO: Primitives created: 1
02:19:36 | INFO: Extracting primitive: Cube.131
02:19:36 | INFO: Primitives created: 1
02:19:36 | INFO: Extracting primitive: Cube.132
02:19:36 | INFO: Primitives created: 1
02:19:36 | INFO: Extracting primitive: Cube.133
02:19:36 | INFO: Primitives created: 1
02:19:36 | INFO: Extracting primitive: Cube.134
02:19:36 | INFO: Primitives created: 1
02:19:36 | INFO: Extracting primitive: Cube.135
02:19:36 | INFO: Primitives created: 1
02:19:36 | INFO: Extracting primitive: Cube.136
02:19:36 | INFO: Primitives created: 1
02:19:36 | INFO: Extracting primitive: Cube.137
02:19:36 | INFO: Primitives created: 1
02:19:36 | INFO: Extracting primitive: Cube.138
02:19:36 | INFO: Primitives created: 1
02:19:36 | INFO: Extracting primitive: Cube.139
02:19:36 | INFO: Primitives created: 1
02:19:36 | INFO: Extracting primitive: Cube.140
02:19:36 | INFO: Primitives created: 1
02:19:36 | INFO: Extracting primitive: Cube.141
02:19:36 | INFO: Primitives created: 1
02:19:36 | INFO: Extracting primitive: Cube.142
02:19:36 | INFO: Primitives created: 1
02:19:36 | INFO: Extracting primitive: Cube.143
02:19:36 | INFO: Primitives created: 1
02:19:36 | INFO: Extracting primitive: Cube.144
02:19:36 | INFO: Primitives created: 1
02:19:36 | INFO: Extracting primitive: COL_stone_walk.005
02:19:36 | INFO: Primitives created: 1
02:19:36 | INFO: Extracting primitive: COL_stone_walk.008
02:19:36 | INFO: Primitives created: 1
02:19:36 | INFO: Extracting primitive: COL_stone_walk.009
02:19:36 | INFO: Primitives created: 1
02:19:36 | INFO: Extracting primitive: COL_stone_walk.010
02:19:36 | INFO: Primitives created: 1
02:19:36 | INFO: Extracting primitive: COL_stone_walk.011
02:19:36 | INFO: Primitives created: 1
02:19:36 | INFO: Extracting primitive: COL_stone_walk.012
02:19:36 | INFO: Primitives created: 1
02:19:36 | INFO: Extracting primitive: COL_study_approach.002
02:19:36 | INFO: Primitives created: 1
02:19:36 | INFO: Extracting primitive: COL_tubi_approach.001
02:19:36 | INFO: Primitives created: 1
02:19:36 | INFO: Extracting primitive: COL_tubi_approach.002
02:19:36 | INFO: Primitives created: 1
02:19:36 | INFO: Extracting primitive: COL_tubi_approach.007
02:19:36 | INFO: Primitives created: 1
02:19:36 | INFO: Extracting primitive: COL_tubi_approach.008
02:19:36 | INFO: Primitives created: 1
02:19:36 | INFO: Extracting primitive: KIT_stage_floor.001
02:19:36 | INFO: Primitives created: 1
02:19:36 | INFO: Extracting primitive: AOJING_approach_guard.001
02:19:36 | INFO: Primitives created: 1
02:19:36 | INFO: Extracting primitive: KIT_stage_painted_moon.001
02:19:36 | INFO: Primitives created: 1
02:19:36 | INFO: Extracting primitive: KIT_stage_painted_mountain_layer.003
02:19:36 | INFO: Primitives created: 1
02:19:36 | INFO: Extracting primitive: KIT_stage_painted_mountain_layer.004
02:19:36 | INFO: Primitives created: 1
02:19:36 | INFO: Extracting primitive: KIT_stage_painted_mountain_layer.005
02:19:36 | INFO: Primitives created: 1
02:19:36 | INFO: Extracting primitive: KIT_water_stone_walk.001_partitioned.001
02:19:36 | INFO: Primitives created: 1
02:19:36 | INFO: Extracting primitive: Painted coved ceiling candidate.001
02:19:36 | INFO: Primitives created: 1
02:19:36 | INFO: Extracting primitive: KIT_stage_painted_canvas.002
02:19:36 | INFO: Primitives created: 1
02:19:36 | INFO: Extracting primitive: Eight painted cyclorama arcs.001
02:19:36 | WARNING: More than one shader node tex image used for a texture. The resulting glTF sampler will behave like the first shader node tex image.
02:19:36 | INFO: Primitives created: 2
02:19:36 | INFO: Extracting primitive: KIT_stage_fog_plane_render.002
02:19:36 | INFO: Primitives created: 1
02:19:36 | INFO: Finished glTF 2.0 export in 0.4815042018890381 s

02:19:49 | INFO: Starting glTF 2.0 export
02:19:49 | INFO: Extracting primitive: Cube.147
02:19:49 | INFO: Primitives created: 1
02:19:49 | INFO: Extracting primitive: Cube.148
02:19:49 | INFO: Primitives created: 1
02:19:49 | INFO: Extracting primitive: Cube.149
02:19:49 | INFO: Primitives created: 1
02:19:49 | INFO: Extracting primitive: Cube.150
02:19:49 | INFO: Primitives created: 1
02:19:49 | INFO: Extracting primitive: COL_bridge_crosswalk.002
02:19:49 | INFO: Primitives created: 1
02:19:49 | INFO: Extracting primitive: COL_bridge_crosswalk.003
02:19:49 | INFO: Primitives created: 1
02:19:49 | INFO: Extracting primitive: COL_floor_joint_pavilion_east_joint.001
02:19:49 | INFO: Primitives created: 1
02:19:49 | INFO: Extracting primitive: COL_floor_joint_pavilion_west_joint.001
02:19:49 | INFO: Primitives created: 1
02:19:49 | INFO: Extracting primitive: Cube.146
02:19:49 | INFO: Primitives created: 1
02:19:49 | INFO: Extracting primitive: Cube.145
02:19:49 | INFO: Primitives created: 1
02:19:49 | INFO: Extracting primitive: COL_corridor_floor.009
02:19:49 | INFO: Primitives created: 1
02:19:49 | INFO: Extracting primitive: COL_corridor_side.015
02:19:49 | INFO: Primitives created: 1
02:19:49 | INFO: Extracting primitive: COL_corridor_side.016
02:19:49 | INFO: Primitives created: 1
02:19:49 | INFO: Extracting primitive: COL_corridor_post.016
02:19:49 | INFO: Primitives created: 1
02:19:49 | INFO: Extracting primitive: COL_corridor_post.017
02:19:49 | INFO: Primitives created: 1
02:19:49 | INFO: Extracting primitive: COL_corridor_floor.010
02:19:49 | INFO: Primitives created: 1
02:19:49 | INFO: Extracting primitive: COL_corridor_side.017
02:19:49 | INFO: Primitives created: 1
02:19:49 | INFO: Extracting primitive: COL_corridor_side.018
02:19:49 | INFO: Primitives created: 1
02:19:49 | INFO: Extracting primitive: COL_corridor_post.018
02:19:49 | INFO: Primitives created: 1
02:19:49 | INFO: Extracting primitive: COL_corridor_post.019
02:19:49 | INFO: Primitives created: 1
02:19:49 | INFO: Extracting primitive: COL_corridor_floor.011
02:19:49 | INFO: Primitives created: 1
02:19:49 | INFO: Extracting primitive: COL_corridor_side.019
02:19:49 | INFO: Primitives created: 1
02:19:49 | INFO: Extracting primitive: COL_corridor_side.020
02:19:49 | INFO: Primitives created: 1
02:19:49 | INFO: Extracting primitive: COL_corridor_post.020
02:19:49 | INFO: Primitives created: 1
02:19:49 | INFO: Extracting primitive: COL_corridor_post.021
02:19:49 | INFO: Primitives created: 1
02:19:49 | INFO: Extracting primitive: COL_corridor_floor.012
02:19:49 | INFO: Primitives created: 1
02:19:49 | INFO: Extracting primitive: COL_corridor_side.021
02:19:49 | INFO: Primitives created: 1
02:19:49 | INFO: Extracting primitive: COL_corridor_side.022
02:19:49 | INFO: Primitives created: 1
02:19:49 | INFO: Extracting primitive: COL_corridor_post.022
02:19:49 | INFO: Primitives created: 1
02:19:49 | INFO: Extracting primitive: COL_corridor_post.023
02:19:49 | INFO: Primitives created: 1
02:19:49 | INFO: Extracting primitive: COL_corridor_floor.001
02:19:49 | INFO: Primitives created: 1
02:19:49 | INFO: Extracting primitive: COL_corridor_side.001
02:19:49 | INFO: Primitives created: 1
02:19:49 | INFO: Extracting primitive: COL_corridor_side.002
02:19:49 | INFO: Primitives created: 1
02:19:49 | INFO: Extracting primitive: COL_corridor_post.001
02:19:49 | INFO: Primitives created: 1
02:19:49 | INFO: Extracting primitive: COL_corridor_post.002
02:19:49 | INFO: Primitives created: 1
02:19:49 | INFO: Extracting primitive: COL_corridor_floor.002
02:19:49 | INFO: Primitives created: 1
02:19:49 | INFO: Extracting primitive: COL_corridor_side.003
02:19:49 | INFO: Primitives created: 1
02:19:49 | INFO: Extracting primitive: COL_corridor_side.004
02:19:49 | INFO: Primitives created: 1
02:19:49 | INFO: Extracting primitive: COL_corridor_post.003
02:19:49 | INFO: Primitives created: 1
02:19:49 | INFO: Extracting primitive: COL_corridor_post.004
02:19:49 | INFO: Primitives created: 1
02:19:49 | INFO: Extracting primitive: COL_corridor_floor.003
02:19:49 | INFO: Primitives created: 1
02:19:49 | INFO: Extracting primitive: COL_corridor_side.005
02:19:49 | INFO: Primitives created: 1
02:19:49 | INFO: Extracting primitive: COL_corridor_side.006
02:19:49 | INFO: Primitives created: 1
02:19:49 | INFO: Extracting primitive: COL_corridor_post.005
02:19:49 | INFO: Primitives created: 1
02:19:49 | INFO: Extracting primitive: COL_corridor_post.006
02:19:49 | INFO: Primitives created: 1
02:19:49 | INFO: Extracting primitive: COL_corridor_floor.004
02:19:49 | INFO: Primitives created: 1
02:19:49 | INFO: Extracting primitive: COL_corridor_side.007
02:19:49 | INFO: Primitives created: 1
02:19:49 | INFO: Extracting primitive: COL_corridor_side.008
02:19:49 | INFO: Primitives created: 1
02:19:49 | INFO: Extracting primitive: COL_corridor_post.007
02:19:49 | INFO: Primitives created: 1
02:19:49 | INFO: Extracting primitive: COL_corridor_post.008
02:19:49 | INFO: Primitives created: 1
02:19:49 | INFO: Extracting primitive: COL_corridor_floor.005
02:19:49 | INFO: Primitives created: 1
02:19:49 | INFO: Extracting primitive: COL_corridor_side.009
02:19:49 | INFO: Primitives created: 1
02:19:49 | INFO: Extracting primitive: COL_corridor_side.010
02:19:49 | INFO: Primitives created: 1
02:19:49 | INFO: Extracting primitive: COL_corridor_post.009
02:19:49 | INFO: Primitives created: 1
02:19:49 | INFO: Extracting primitive: COL_corridor_post.010
02:19:49 | INFO: Primitives created: 1
02:19:49 | INFO: Extracting primitive: COL_corridor_floor.006
02:19:49 | INFO: Primitives created: 1
02:19:49 | INFO: Extracting primitive: COL_corridor_side.011
02:19:49 | INFO: Primitives created: 1
02:19:49 | INFO: Extracting primitive: COL_corridor_post.011
02:19:49 | INFO: Primitives created: 1
02:19:49 | INFO: Extracting primitive: COL_corridor_post.012
02:19:49 | INFO: Primitives created: 1
02:19:49 | INFO: Extracting primitive: COL_corridor_floor.007
02:19:49 | INFO: Primitives created: 1
02:19:49 | INFO: Extracting primitive: COL_corridor_side.012
02:19:49 | INFO: Primitives created: 1
02:19:49 | INFO: Extracting primitive: COL_corridor_post.013
02:19:49 | INFO: Primitives created: 1
02:19:49 | INFO: Extracting primitive: COL_corridor_floor.008
02:19:49 | INFO: Primitives created: 1
02:19:49 | INFO: Extracting primitive: COL_corridor_side.013
02:19:49 | INFO: Primitives created: 1
02:19:49 | INFO: Extracting primitive: COL_corridor_side.014
02:19:49 | INFO: Primitives created: 1
02:19:49 | INFO: Extracting primitive: COL_corridor_post.014
02:19:49 | INFO: Primitives created: 1
02:19:49 | INFO: Extracting primitive: COL_corridor_post.015
02:19:49 | INFO: Primitives created: 1
02:19:49 | INFO: Extracting primitive: COL_corridor_floor.013
02:19:49 | INFO: Primitives created: 1
02:19:49 | INFO: Extracting primitive: COL_corridor_side.023
02:19:49 | INFO: Primitives created: 1
02:19:49 | INFO: Extracting primitive: COL_corridor_side.024
02:19:49 | INFO: Primitives created: 1
02:19:49 | INFO: Extracting primitive: COL_corridor_post.024
02:19:49 | INFO: Primitives created: 1
02:19:49 | INFO: Extracting primitive: COL_corridor_post.025
02:19:49 | INFO: Primitives created: 1
02:19:49 | INFO: Extracting primitive: COL_corridor_floor.014
02:19:49 | INFO: Primitives created: 1
02:19:49 | INFO: Extracting primitive: COL_corridor_side.025
02:19:49 | INFO: Primitives created: 1
02:19:49 | INFO: Extracting primitive: COL_corridor_side.026
02:19:49 | INFO: Primitives created: 1
02:19:49 | INFO: Extracting primitive: COL_corridor_post.026
02:19:49 | INFO: Primitives created: 1
02:19:49 | INFO: Extracting primitive: COL_corridor_post.027
02:19:49 | INFO: Primitives created: 1
02:19:49 | INFO: Extracting primitive: COL_corridor_floor.015
02:19:49 | INFO: Primitives created: 1
02:19:49 | INFO: Extracting primitive: COL_corridor_side.027
02:19:49 | INFO: Primitives created: 1
02:19:49 | INFO: Extracting primitive: COL_corridor_side.028
02:19:49 | INFO: Primitives created: 1
02:19:49 | INFO: Extracting primitive: COL_corridor_post.028
02:19:49 | INFO: Primitives created: 1
02:19:49 | INFO: Extracting primitive: COL_corridor_post.029
02:19:49 | INFO: Primitives created: 1
02:19:49 | INFO: Extracting primitive: COL_corridor_floor.016
02:19:49 | INFO: Primitives created: 1
02:19:49 | INFO: Extracting primitive: COL_corridor_side.029
02:19:49 | INFO: Primitives created: 1
02:19:49 | INFO: Extracting primitive: COL_corridor_side.030
02:19:49 | INFO: Primitives created: 1
02:19:49 | INFO: Extracting primitive: COL_corridor_post.030
02:19:49 | INFO: Primitives created: 1
02:19:49 | INFO: Extracting primitive: COL_corridor_post.031
02:19:49 | INFO: Primitives created: 1
02:19:49 | INFO: Extracting primitive: COL_qinfang_deck.001
02:19:49 | INFO: Primitives created: 1
02:19:49 | INFO: Extracting primitive: COL_pavilion_bench.001
02:19:49 | INFO: Primitives created: 1
02:19:49 | INFO: Extracting primitive: COL_pavilion_bench.002
02:19:49 | INFO: Primitives created: 1
02:19:49 | INFO: Extracting primitive: COL_pavilion_bracket.001
02:19:49 | INFO: Primitives created: 1
02:19:49 | INFO: Extracting primitive: COL_pavilion_bracket.002
02:19:49 | INFO: Primitives created: 1
02:19:49 | INFO: Extracting primitive: COL_pavilion_bracket.003
02:19:49 | INFO: Primitives created: 1
02:19:49 | INFO: Extracting primitive: COL_pavilion_bracket.004
02:19:49 | INFO: Primitives created: 1
02:19:49 | INFO: Extracting primitive: COL_pavilion_bracket.005
02:19:49 | INFO: Primitives created: 1
02:19:49 | INFO: Extracting primitive: COL_pavilion_bracket.006
02:19:49 | INFO: Primitives created: 1
02:19:49 | INFO: Extracting primitive: COL_pavilion_post.001
02:19:49 | INFO: Primitives created: 1
02:19:49 | INFO: Extracting primitive: COL_pavilion_post.002
02:19:49 | INFO: Primitives created: 1
02:19:49 | INFO: Extracting primitive: COL_pavilion_post.003
02:19:49 | INFO: Primitives created: 1
02:19:49 | INFO: Extracting primitive: COL_pavilion_post.004
02:19:49 | INFO: Primitives created: 1
02:19:49 | INFO: Extracting primitive: COL_pavilion_post.005
02:19:49 | INFO: Primitives created: 1
02:19:49 | INFO: Extracting primitive: COL_pavilion_post.006
02:19:49 | INFO: Primitives created: 1
02:19:49 | INFO: Extracting primitive: COL_pavilion_roof.001
02:19:49 | INFO: Primitives created: 1
02:19:49 | INFO: Extracting primitive: COL_water_embankment.082
02:19:49 | INFO: Primitives created: 1
02:19:49 | INFO: Extracting primitive: COL_water_embankment.083
02:19:49 | INFO: Primitives created: 1
02:19:49 | INFO: Extracting primitive: COL_water_embankment.084
02:19:49 | INFO: Primitives created: 1
02:19:49 | INFO: Extracting primitive: COL_water_embankment.085
02:19:49 | INFO: Primitives created: 1
02:19:49 | INFO: Extracting primitive: COL_water_embankment.086
02:19:49 | INFO: Primitives created: 1
02:19:49 | INFO: Extracting primitive: COL_water_embankment.087
02:19:49 | INFO: Primitives created: 1
02:19:49 | INFO: Extracting primitive: COL_water_embankment.088
02:19:49 | INFO: Primitives created: 1
02:19:49 | INFO: Extracting primitive: COL_water_embankment.089
02:19:49 | INFO: Primitives created: 1
02:19:49 | INFO: Extracting primitive: COL_water_embankment.090
02:19:49 | INFO: Primitives created: 1
02:19:49 | INFO: Extracting primitive: COL_water_embankment.091
02:19:49 | INFO: Primitives created: 1
02:19:49 | INFO: Extracting primitive: COL_water_embankment.092
02:19:49 | INFO: Primitives created: 1
02:19:49 | INFO: Extracting primitive: COL_water_embankment.093
02:19:49 | INFO: Primitives created: 1
02:19:49 | INFO: Extracting primitive: COL_water_embankment.094
02:19:49 | INFO: Primitives created: 1
02:19:49 | INFO: Extracting primitive: COL_water_embankment.095
02:19:49 | INFO: Primitives created: 1
02:19:49 | INFO: Extracting primitive: COL_water_embankment.096
02:19:49 | INFO: Primitives created: 1
02:19:49 | INFO: Extracting primitive: COL_water_embankment.097
02:19:49 | INFO: Primitives created: 1
02:19:49 | INFO: Extracting primitive: COL_water_embankment.098
02:19:49 | INFO: Primitives created: 1
02:19:49 | INFO: Extracting primitive: COL_water_embankment.099
02:19:49 | INFO: Primitives created: 1
02:19:49 | INFO: Extracting primitive: COL_water_embankment.100
02:19:49 | INFO: Primitives created: 1
02:19:49 | INFO: Extracting primitive: COL_water_embankment.101
02:19:49 | INFO: Primitives created: 1
02:19:49 | INFO: Extracting primitive: COL_water_embankment.102
02:19:49 | INFO: Primitives created: 1
02:19:49 | INFO: Extracting primitive: COL_water_embankment.103
02:19:49 | INFO: Primitives created: 1
02:19:49 | INFO: Extracting primitive: COL_water_embankment.104
02:19:49 | INFO: Primitives created: 1
02:19:49 | INFO: Extracting primitive: COL_water_embankment.105
02:19:49 | INFO: Primitives created: 1
02:19:49 | INFO: Extracting primitive: COL_water_embankment.106
02:19:49 | INFO: Primitives created: 1
02:19:49 | INFO: Extracting primitive: COL_water_embankment.107
02:19:49 | INFO: Primitives created: 1
02:19:49 | INFO: Extracting primitive: COL_water_embankment.108
02:19:49 | INFO: Primitives created: 1
02:19:49 | INFO: Extracting primitive: COL_water_embankment.055
02:19:49 | INFO: Primitives created: 1
02:19:49 | INFO: Extracting primitive: COL_water_embankment.056
02:19:49 | INFO: Primitives created: 1
02:19:49 | INFO: Extracting primitive: COL_water_embankment.057
02:19:49 | INFO: Primitives created: 1
02:19:49 | INFO: Extracting primitive: COL_water_embankment.058
02:19:49 | INFO: Primitives created: 1
02:19:49 | INFO: Extracting primitive: COL_water_embankment.059
02:19:49 | INFO: Primitives created: 1
02:19:49 | INFO: Extracting primitive: COL_water_embankment.060
02:19:49 | INFO: Primitives created: 1
02:19:49 | INFO: Extracting primitive: COL_water_embankment.061
02:19:49 | INFO: Primitives created: 1
02:19:49 | INFO: Extracting primitive: COL_water_embankment.062
02:19:49 | INFO: Primitives created: 1
02:19:49 | INFO: Extracting primitive: COL_water_embankment.063
02:19:49 | INFO: Primitives created: 1
02:19:49 | INFO: Extracting primitive: COL_water_embankment.064
02:19:49 | INFO: Primitives created: 1
02:19:49 | INFO: Extracting primitive: COL_water_embankment.065
02:19:49 | INFO: Primitives created: 1
02:19:49 | INFO: Extracting primitive: COL_water_embankment.066
02:19:49 | INFO: Primitives created: 1
02:19:49 | INFO: Extracting primitive: COL_water_embankment.067
02:19:49 | INFO: Primitives created: 1
02:19:49 | INFO: Extracting primitive: COL_water_embankment.068
02:19:49 | INFO: Primitives created: 1
02:19:49 | INFO: Extracting primitive: COL_water_embankment.069
02:19:49 | INFO: Primitives created: 1
02:19:49 | INFO: Extracting primitive: COL_water_embankment.070
02:19:49 | INFO: Primitives created: 1
02:19:49 | INFO: Extracting primitive: COL_water_embankment.071
02:19:49 | INFO: Primitives created: 1
02:19:49 | INFO: Extracting primitive: COL_water_embankment.072
02:19:49 | INFO: Primitives created: 1
02:19:49 | INFO: Extracting primitive: COL_water_embankment.073
02:19:49 | INFO: Primitives created: 1
02:19:49 | INFO: Extracting primitive: COL_water_embankment.074
02:19:49 | INFO: Primitives created: 1
02:19:49 | INFO: Extracting primitive: COL_water_embankment.075
02:19:49 | INFO: Primitives created: 1
02:19:49 | INFO: Extracting primitive: COL_water_embankment.076
02:19:49 | INFO: Primitives created: 1
02:19:49 | INFO: Extracting primitive: COL_water_embankment.077
02:19:49 | INFO: Primitives created: 1
02:19:49 | INFO: Extracting primitive: COL_water_embankment.078
02:19:49 | INFO: Primitives created: 1
02:19:49 | INFO: Extracting primitive: COL_water_embankment.079
02:19:49 | INFO: Primitives created: 1
02:19:49 | INFO: Extracting primitive: COL_water_embankment.080
02:19:49 | INFO: Primitives created: 1
02:19:49 | INFO: Extracting primitive: COL_water_embankment.081
02:19:49 | INFO: Primitives created: 1
02:19:49 | INFO: Extracting primitive: KIT_flora_bamboo_large_render.001
02:19:49 | WARNING: More than one shader node tex image used for a texture. The resulting glTF sampler will behave like the first shader node tex image.
02:19:49 | INFO: Primitives created: 1
02:19:49 | INFO: Extracting primitive: KIT_flora_bamboo_large_render.002
02:19:49 | INFO: Primitives created: 1
02:19:49 | INFO: Extracting primitive: KIT_flora_bamboo_small_render.001
02:19:49 | INFO: Primitives created: 1
02:19:49 | INFO: Extracting primitive: KIT_flora_willow_render.001
02:19:49 | INFO: Primitives created: 1
02:19:49 | INFO: Extracting primitive: KIT_flora_willow_render.002
02:19:49 | INFO: Primitives created: 1
02:19:49 | INFO: Extracting primitive: HERO_qinfang-ting_title.002
02:19:49 | WARNING: More than one shader node tex image used for a texture. The resulting glTF sampler will behave like the first shader node tex image.
02:19:49 | INFO: Primitives created: 1
02:19:49 | INFO: Extracting primitive: HERO_qinfang_bridge.001
02:19:49 | INFO: Primitives created: 1
02:19:49 | INFO: Extracting primitive: HERO_table_hexagram.001
02:19:49 | INFO: Primitives created: 1
02:19:49 | INFO: Extracting primitive: line_piece.005
02:19:49 | WARNING: More than one shader node tex image used for a texture. The resulting glTF sampler will behave like the first shader node tex image.
02:19:49 | INFO: Primitives created: 1
02:19:49 | INFO: Extracting primitive: line_piece.002
02:19:49 | INFO: Primitives created: 1
02:19:49 | INFO: Extracting primitive: line_piece.011
02:19:49 | INFO: Primitives created: 1
02:19:49 | INFO: Extracting primitive: line_piece.008
02:19:49 | INFO: Primitives created: 1
02:19:49 | INFO: Extracting primitive: line_piece.017
02:19:49 | INFO: Primitives created: 1
02:19:49 | INFO: Extracting primitive: line_piece.014
02:19:49 | INFO: Primitives created: 1
02:19:49 | INFO: Extracting primitive: line_piece.019
02:19:49 | INFO: Primitives created: 1
02:19:49 | INFO: Extracting primitive: line_piece.018
02:19:49 | INFO: Primitives created: 1
02:19:49 | INFO: Extracting primitive: line_piece.021
02:19:49 | INFO: Primitives created: 1
02:19:49 | INFO: Extracting primitive: line_piece.020
02:19:49 | INFO: Primitives created: 1
02:19:49 | INFO: Extracting primitive: line_piece.023
02:19:49 | INFO: Primitives created: 1
02:19:49 | INFO: Extracting primitive: line_piece.022
02:19:49 | INFO: Primitives created: 1
02:19:49 | INFO: Extracting primitive: HERO_table_pedestal.001
02:19:49 | INFO: Primitives created: 1
02:19:50 | INFO: Extracting primitive: KIT_corridor_rail.008
02:19:50 | INFO: Primitives created: 1
02:19:50 | INFO: Extracting primitive: KIT_water_lotus_lotus_pad.001
02:19:50 | INFO: Primitives created: 1
02:19:50 | INFO: Extracting primitive: KIT_pavilion_roof_shell.001
02:19:50 | INFO: Primitives created: 1
02:19:50 | INFO: Extracting primitive: KIT_pavilion_plinth.001
02:19:50 | INFO: Primitives created: 1
02:19:50 | INFO: Extracting primitive: KIT_props_lantern_hanging_render.001
02:19:50 | WARNING: More than one shader node tex image used for a texture. The resulting glTF sampler will behave like the first shader node tex image.
02:19:50 | INFO: Primitives created: 1
02:19:50 | INFO: Extracting primitive: KIT_water_stream.001
02:19:50 | INFO: Primitives created: 1
02:19:50 | INFO: Finished glTF 2.0 export in 0.47359418869018555 s

02:19:50 | INFO: Starting glTF 2.0 export
02:19:50 | INFO: Extracting primitive: COL_GATE_banana_planter.001
02:19:50 | INFO: Primitives created: 1
02:19:50 | INFO: Extracting primitive: KIT_rockery_passage.022
02:19:50 | INFO: Primitives created: 1
02:19:50 | INFO: Extracting primitive: KIT_rockery_passage.024
02:19:50 | INFO: Primitives created: 1
02:19:50 | INFO: Extracting primitive: KIT_rockery_cliff.006
02:19:50 | INFO: Primitives created: 1
02:19:50 | INFO: Extracting primitive: KIT_rockery_cliff.008
02:19:50 | INFO: Primitives created: 1
02:19:50 | INFO: Extracting primitive: KIT_rockery_passage.004
02:19:50 | INFO: Primitives created: 1
02:19:50 | INFO: Extracting primitive: KIT_rockery_passage.016
02:19:50 | INFO: Primitives created: 1
02:19:50 | INFO: Extracting primitive: KIT_rockery_passage.018
02:19:50 | INFO: Primitives created: 1
02:19:50 | INFO: Extracting primitive: KIT_rockery_passage.020
02:19:50 | INFO: Primitives created: 1
02:19:50 | INFO: Extracting primitive: GATE_paving.002
02:19:50 | INFO: Primitives created: 1
02:19:50 | INFO: Extracting primitive: HERO_gate_inscription.001
02:19:50 | WARNING: More than one shader node tex image used for a texture. The resulting glTF sampler will behave like the first shader node tex image.
02:19:50 | INFO: Primitives created: 1
02:19:50 | INFO: Extracting primitive: HERO_gate_water_drips.001
02:19:50 | WARNING: More than one shader node tex image used for a texture. The resulting glTF sampler will behave like the first shader node tex image.
02:19:50 | INFO: Primitives created: 1
02:19:50 | INFO: Extracting primitive: GATE_banana_pseudostem.001
02:19:50 | INFO: Primitives created: 1
02:19:50 | INFO: Extracting primitive: GATE_banana_soil.001
02:19:50 | INFO: Primitives created: 1
02:19:50 | INFO: Extracting primitive: KIT_rockery_passage.001
02:19:50 | WARNING: More than one shader node tex image used for a texture. The resulting glTF sampler will behave like the first shader node tex image.
02:19:50 | INFO: Primitives created: 1
02:19:50 | INFO: Extracting primitive: GATE_paving_partitioned.001
02:19:50 | INFO: Primitives created: 1
02:19:50 | INFO: Extracting primitive: KIT_props_lantern_hanging_render.008
02:19:50 | WARNING: More than one shader node tex image used for a texture. The resulting glTF sampler will behave like the first shader node tex image.
02:19:50 | INFO: Primitives created: 1
02:19:50 | INFO: Extracting primitive: KIT_stage_fog_plane_render.017
02:19:50 | INFO: Primitives created: 1
02:19:50 | INFO: Finished glTF 2.0 export in 0.08102083206176758 s

02:19:51 | INFO: Starting glTF 2.0 export
02:19:51 | INFO: Extracting primitive: COL_cell_floor.006
02:19:51 | INFO: Primitives created: 1
02:19:51 | INFO: Extracting primitive: COL_cell_floor.007
02:19:51 | INFO: Primitives created: 1
02:19:51 | INFO: Extracting primitive: COL_cell_floor.008
02:19:51 | INFO: Primitives created: 1
02:19:51 | INFO: Extracting primitive: COL_cell_floor.009
02:19:51 | INFO: Primitives created: 1
02:19:51 | INFO: Extracting primitive: COL_cell_floor.010
02:19:51 | INFO: Primitives created: 1
02:19:51 | INFO: Extracting primitive: COL_cell_floor.011
02:19:51 | INFO: Primitives created: 1
02:19:51 | INFO: Extracting primitive: COL_cell_wall.012
02:19:51 | INFO: Primitives created: 1
02:19:51 | INFO: Extracting primitive: COL_cell_wall.013
02:19:51 | INFO: Primitives created: 1
02:19:51 | INFO: Extracting primitive: COL_cell_wall.014
02:19:51 | INFO: Primitives created: 1
02:19:51 | INFO: Extracting primitive: COL_cell_wall.015
02:19:51 | INFO: Primitives created: 1
02:19:51 | INFO: Extracting primitive: COL_cell_wall.016
02:19:51 | INFO: Primitives created: 1
02:19:51 | INFO: Extracting primitive: COL_cell_wall.017
02:19:51 | INFO: Primitives created: 1
02:19:51 | INFO: Extracting primitive: COL_cell_wall.018
02:19:51 | INFO: Primitives created: 1
02:19:51 | INFO: Extracting primitive: COL_cell_wall.019
02:19:51 | INFO: Primitives created: 1
02:19:51 | INFO: Extracting primitive: COL_cell_wall.020
02:19:51 | INFO: Primitives created: 1
02:19:51 | INFO: Extracting primitive: COL_cell_wall.021
02:19:51 | INFO: Primitives created: 1
02:19:51 | INFO: Extracting primitive: COL_cell_wall.022
02:19:51 | INFO: Primitives created: 1
02:19:51 | INFO: Extracting primitive: COL_cell_wall.023
02:19:51 | INFO: Primitives created: 1
02:19:51 | INFO: Extracting primitive: COL_entry_corridor.001
02:19:51 | INFO: Primitives created: 1
02:19:51 | INFO: Extracting primitive: COL_entry_walk.002
02:19:51 | INFO: Primitives created: 1
02:19:51 | INFO: Extracting primitive: COL_entry_walk.003
02:19:51 | INFO: Primitives created: 1
02:19:51 | INFO: Extracting primitive: COL_floor_joint_cell_threshold_0.001
02:19:51 | INFO: Primitives created: 1
02:19:51 | INFO: Extracting primitive: COL_floor_joint_cell_threshold_1.001
02:19:51 | INFO: Primitives created: 1
02:19:51 | INFO: Extracting primitive: COL_floor_joint_cell_threshold_2.001
02:19:51 | INFO: Primitives created: 1
02:19:51 | INFO: Extracting primitive: COL_floor_joint_cell_threshold_3.001
02:19:51 | INFO: Primitives created: 1
02:19:51 | INFO: Extracting primitive: COL_floor_joint_cell_threshold_4.001
02:19:51 | INFO: Primitives created: 1
02:19:51 | INFO: Extracting primitive: COL_floor_joint_cell_threshold_5.001
02:19:51 | INFO: Primitives created: 1
02:19:51 | INFO: Extracting primitive: Cube.193
02:19:51 | INFO: Primitives created: 1
02:19:51 | INFO: Extracting primitive: Cube.194
02:19:51 | INFO: Primitives created: 1
02:19:51 | INFO: Extracting primitive: Cube.195
02:19:51 | INFO: Primitives created: 1
02:19:51 | INFO: Extracting primitive: Cube.196
02:19:51 | INFO: Primitives created: 1
02:19:51 | INFO: Extracting primitive: Cube.197
02:19:51 | INFO: Primitives created: 1
02:19:51 | INFO: Extracting primitive: Cube.198
02:19:51 | INFO: Primitives created: 1
02:19:51 | INFO: Extracting primitive: Cube.199
02:19:51 | INFO: Primitives created: 1
02:19:51 | INFO: Extracting primitive: Cube.200
02:19:51 | INFO: Primitives created: 1
02:19:51 | INFO: Extracting primitive: Cube.151
02:19:51 | INFO: Primitives created: 1
02:19:51 | INFO: Extracting primitive: Cube.152
02:19:51 | INFO: Primitives created: 1
02:19:51 | INFO: Extracting primitive: Cube.153
02:19:51 | INFO: Primitives created: 1
02:19:51 | INFO: Extracting primitive: Cube.154
02:19:51 | INFO: Primitives created: 1
02:19:51 | INFO: Extracting primitive: Cube.155
02:19:51 | INFO: Primitives created: 1
02:19:51 | INFO: Extracting primitive: Cube.156
02:19:51 | INFO: Primitives created: 1
02:19:51 | INFO: Extracting primitive: Cube.157
02:19:51 | INFO: Primitives created: 1
02:19:51 | INFO: Extracting primitive: Cube.158
02:19:51 | INFO: Primitives created: 1
02:19:51 | INFO: Extracting primitive: Cube.159
02:19:51 | INFO: Primitives created: 1
02:19:51 | INFO: Extracting primitive: Cube.160
02:19:51 | INFO: Primitives created: 1
02:19:51 | INFO: Extracting primitive: Cube.161
02:19:51 | INFO: Primitives created: 1
02:19:51 | INFO: Extracting primitive: Cube.162
02:19:51 | INFO: Primitives created: 1
02:19:51 | INFO: Extracting primitive: Cube.163
02:19:51 | INFO: Primitives created: 1
02:19:51 | INFO: Extracting primitive: Cube.164
02:19:51 | INFO: Primitives created: 1
02:19:51 | INFO: Extracting primitive: Cube.165
02:19:51 | INFO: Primitives created: 1
02:19:51 | INFO: Extracting primitive: Cube.166
02:19:51 | INFO: Primitives created: 1
02:19:51 | INFO: Extracting primitive: Cube.167
02:19:51 | INFO: Primitives created: 1
02:19:51 | INFO: Extracting primitive: Cube.168
02:19:51 | INFO: Primitives created: 1
02:19:51 | INFO: Extracting primitive: Cube.169
02:19:51 | INFO: Primitives created: 1
02:19:51 | INFO: Extracting primitive: Cube.170
02:19:51 | INFO: Primitives created: 1
02:19:51 | INFO: Extracting primitive: Cube.171
02:19:51 | INFO: Primitives created: 1
02:19:51 | INFO: Extracting primitive: Cube.172
02:19:51 | INFO: Primitives created: 1
02:19:51 | INFO: Extracting primitive: Cube.173
02:19:51 | INFO: Primitives created: 1
02:19:51 | INFO: Extracting primitive: Cube.174
02:19:51 | INFO: Primitives created: 1
02:19:51 | INFO: Extracting primitive: Cube.175
02:19:51 | INFO: Primitives created: 1
02:19:51 | INFO: Extracting primitive: Cube.176
02:19:51 | INFO: Primitives created: 1
02:19:51 | INFO: Extracting primitive: Cube.177
02:19:51 | INFO: Primitives created: 1
02:19:51 | INFO: Extracting primitive: Cube.178
02:19:51 | INFO: Primitives created: 1
02:19:51 | INFO: Extracting primitive: Cube.179
02:19:51 | INFO: Primitives created: 1
02:19:51 | INFO: Extracting primitive: Cube.180
02:19:51 | INFO: Primitives created: 1
02:19:51 | INFO: Extracting primitive: Cube.181
02:19:51 | INFO: Primitives created: 1
02:19:51 | INFO: Extracting primitive: Cube.182
02:19:51 | INFO: Primitives created: 1
02:19:51 | INFO: Extracting primitive: Cube.183
02:19:51 | INFO: Primitives created: 1
02:19:51 | INFO: Extracting primitive: Cube.184
02:19:51 | INFO: Primitives created: 1
02:19:51 | INFO: Extracting primitive: Cube.185
02:19:51 | INFO: Primitives created: 1
02:19:51 | INFO: Extracting primitive: Cube.186
02:19:51 | INFO: Primitives created: 1
02:19:51 | INFO: Extracting primitive: Cube.187
02:19:51 | INFO: Primitives created: 1
02:19:51 | INFO: Extracting primitive: Cube.188
02:19:51 | INFO: Primitives created: 1
02:19:51 | INFO: Extracting primitive: Cube.189
02:19:51 | INFO: Primitives created: 1
02:19:51 | INFO: Extracting primitive: Cube.190
02:19:51 | INFO: Primitives created: 1
02:19:51 | INFO: Extracting primitive: Cube.191
02:19:51 | INFO: Primitives created: 1
02:19:51 | INFO: Extracting primitive: Cube.192
02:19:51 | INFO: Primitives created: 1
02:19:51 | INFO: Extracting primitive: KIT_tech_cell_side.012
02:19:51 | INFO: Primitives created: 1
02:19:51 | INFO: Extracting primitive: KIT_wall_window_bar.030
02:19:51 | INFO: Primitives created: 1
02:19:51 | INFO: Extracting primitive: KIT_stage_entry_walk_partitioned.001
02:19:51 | INFO: Primitives created: 1
02:19:51 | INFO: Extracting primitive: KIT_props_folding_chair_render.001
02:19:51 | WARNING: More than one shader node tex image used for a texture. The resulting glTF sampler will behave like the first shader node tex image.
02:19:51 | INFO: Primitives created: 1
02:19:51 | INFO: Extracting primitive: KIT_stage_floor_boards_render.002
02:19:51 | WARNING: More than one shader node tex image used for a texture. The resulting glTF sampler will behave like the first shader node tex image.
02:19:51 | INFO: Primitives created: 1
02:19:51 | INFO: Extracting primitive: KIT_stage_gel_frame_render.002
02:19:51 | INFO: Primitives created: 2
02:19:51 | INFO: Extracting primitive: KIT_stage_studio_wall_render.002
02:19:51 | INFO: Primitives created: 1
02:19:51 | INFO: Extracting primitive: KIT_stage_fog_plane_render.020
02:19:51 | INFO: Primitives created: 1
02:19:51 | INFO: Extracting primitive: KIT_tech_terminal_desk_render.001
02:19:51 | WARNING: More than one shader node tex image used for a texture. The resulting glTF sampler will behave like the first shader node tex image.
02:19:51 | INFO: Primitives created: 1
02:19:51 | INFO: Extracting primitive: KIT_props_scroll_render.001
02:19:51 | WARNING: More than one shader node tex image used for a texture. The resulting glTF sampler will behave like the first shader node tex image.
02:19:51 | INFO: Primitives created: 1
02:19:51 | INFO: Finished glTF 2.0 export in 0.44549012184143066 s

02:19:53 | INFO: Starting glTF 2.0 export
02:19:53 | INFO: Extracting primitive: COL_qiushuang-zhai_floor.001
02:19:53 | INFO: Primitives created: 1
02:19:53 | INFO: Extracting primitive: COL_study_desk_centre.002
02:19:53 | INFO: Primitives created: 1
02:19:53 | INFO: Extracting primitive: COL_study_desk_left.002
02:19:53 | INFO: Primitives created: 1
02:19:53 | INFO: Extracting primitive: COL_study_desk_right.002
02:19:53 | INFO: Primitives created: 1
02:19:53 | INFO: Extracting primitive: COL_study_front_walk.002
02:19:53 | INFO: Primitives created: 1
02:19:53 | INFO: Extracting primitive: COL_study_front_wall.002
02:19:53 | INFO: Primitives created: 1
02:19:53 | INFO: Extracting primitive: COL_study_post.001
02:19:53 | INFO: Primitives created: 1
02:19:53 | INFO: Extracting primitive: COL_study_post.002
02:19:53 | INFO: Primitives created: 1
02:19:53 | INFO: Extracting primitive: COL_study_post.003
02:19:53 | INFO: Primitives created: 1
02:19:53 | INFO: Extracting primitive: COL_study_post.008
02:19:53 | INFO: Primitives created: 1
02:19:53 | INFO: Extracting primitive: Cube.201
02:19:53 | INFO: Primitives created: 1
02:19:53 | INFO: Extracting primitive: Cube.202
02:19:53 | INFO: Primitives created: 1
02:19:53 | INFO: Extracting primitive: Cube.203
02:19:53 | INFO: Primitives created: 1
02:19:53 | INFO: Extracting primitive: HERO_study_scroll_bamboo.002
02:19:53 | INFO: Primitives created: 1
02:19:53 | INFO: Extracting primitive: HERO_study_scroll_plum.002
02:19:53 | INFO: Primitives created: 1
02:19:53 | INFO: Extracting primitive: HERO_study_title.002
02:19:53 | WARNING: More than one shader node tex image used for a texture. The resulting glTF sampler will behave like the first shader node tex image.
02:19:53 | INFO: Primitives created: 1
02:19:53 | INFO: Extracting primitive: SITE_qiushuang-zhai_backstage.001
02:19:53 | INFO: Primitives created: 1
02:19:53 | INFO: Extracting primitive: KIT_pavilion_finial.005
02:19:53 | INFO: Primitives created: 1
02:19:53 | INFO: Extracting primitive: KIT_wall_lattice_vertical.042
02:19:53 | INFO: Primitives created: 1
02:19:53 | INFO: Extracting primitive: SITE_qiushuang-zhai_platform.001
02:19:53 | INFO: Primitives created: 1
02:19:53 | INFO: Extracting primitive: KIT_props_lantern_hanging_render.010
02:19:53 | WARNING: More than one shader node tex image used for a texture. The resulting glTF sampler will behave like the first shader node tex image.
02:19:53 | INFO: Primitives created: 1
02:19:53 | INFO: Extracting primitive: KIT_pavilion_roof.005
02:19:53 | INFO: Primitives created: 1
02:19:53 | INFO: Extracting primitive: KIT_tech_terminal_desk_render.007
02:19:53 | WARNING: More than one shader node tex image used for a texture. The resulting glTF sampler will behave like the first shader node tex image.
02:19:53 | INFO: Primitives created: 1
02:19:53 | INFO: Extracting primitive: SITE_qiushuang-zhai_front.001
02:19:53 | INFO: Primitives created: 1
02:19:53 | INFO: Finished glTF 2.0 export in 0.09363198280334473 s

02:19:55 | INFO: Starting glTF 2.0 export
02:19:55 | INFO: Extracting primitive: COL_tubi-tang_floor.001
02:19:55 | INFO: Primitives created: 1
02:19:55 | INFO: Extracting primitive: COL_tubi_closed_hall.002
02:19:55 | INFO: Primitives created: 1
02:19:55 | INFO: Extracting primitive: COL_tubi_hall_post.001
02:19:55 | INFO: Primitives created: 1
02:19:55 | INFO: Extracting primitive: COL_tubi_hall_post.002
02:19:55 | INFO: Primitives created: 1
02:19:55 | INFO: Extracting primitive: COL_tubi_hall_post.006
02:19:55 | INFO: Primitives created: 1
02:19:55 | INFO: Extracting primitive: COL_tubi_parapet.001
02:19:55 | INFO: Primitives created: 1
02:19:55 | INFO: Extracting primitive: COL_tubi_parapet.002
02:19:55 | INFO: Primitives created: 1
02:19:55 | INFO: Extracting primitive: COL_tubi_parapet.003
02:19:55 | INFO: Primitives created: 1
02:19:55 | INFO: Extracting primitive: COL_tubi_parapet.008
02:19:55 | INFO: Primitives created: 1
02:19:55 | INFO: Extracting primitive: COL_tubi_stair_guard.001
02:19:55 | INFO: Primitives created: 1
02:19:55 | INFO: Extracting primitive: COL_tubi_stair_guard.004
02:19:55 | INFO: Primitives created: 1
02:19:55 | INFO: Extracting primitive: COL_tubi_stair_ramp.002
02:19:55 | INFO: Primitives created: 1
02:19:55 | INFO: Extracting primitive: COL_tubi_terrace.002
02:19:55 | INFO: Primitives created: 1
02:19:55 | INFO: Extracting primitive: COL_tubi_topic_table.002
02:19:55 | INFO: Primitives created: 1
02:19:55 | INFO: Extracting primitive: COL_tubi_view_bench_left.001
02:19:55 | INFO: Primitives created: 1
02:19:55 | INFO: Extracting primitive: COL_tubi_view_bench_right.001
02:19:55 | INFO: Primitives created: 1
02:19:55 | INFO: Extracting primitive: HERO_tubi_title.002
02:19:55 | WARNING: More than one shader node tex image used for a texture. The resulting glTF sampler will behave like the first shader node tex image.
02:19:55 | INFO: Primitives created: 1
02:19:55 | INFO: Extracting primitive: SITE_tubi-tang_backstage.001
02:19:55 | INFO: Primitives created: 1
02:19:55 | INFO: Extracting primitive: KIT_pavilion_finial.007
02:19:55 | INFO: Primitives created: 1
02:19:55 | INFO: Extracting primitive: KIT_wall_amber_window.003
02:19:55 | INFO: Primitives created: 1
02:19:55 | INFO: Extracting primitive: TUBI_topic_line.001
02:19:55 | INFO: Primitives created: 1
02:19:55 | INFO: Extracting primitive: KIT_wall_lattice_vertical.063
02:19:55 | INFO: Primitives created: 1
02:19:55 | INFO: Extracting primitive: SITE_tubi-tang_platform.001
02:19:55 | INFO: Primitives created: 1
02:19:55 | INFO: Extracting primitive: KIT_props_lantern_hanging_render.012
02:19:55 | WARNING: More than one shader node tex image used for a texture. The resulting glTF sampler will behave like the first shader node tex image.
02:19:55 | INFO: Primitives created: 1
02:19:55 | INFO: Extracting primitive: KIT_pavilion_roof.007
02:19:55 | INFO: Primitives created: 1
02:19:55 | INFO: Extracting primitive: TUBI_terrace.002
02:19:55 | INFO: Primitives created: 1
02:19:55 | INFO: Extracting primitive: SITE_tubi-tang_front.001
02:19:55 | INFO: Primitives created: 1
02:19:55 | INFO: Finished glTF 2.0 export in 0.12143421173095703 s

IMPERIAL_JOINED_TOPOLOGY {(16, 26): 2, (16, 28): 576}
02:20:02 | INFO: Starting glTF 2.0 export
02:20:02 | INFO: Extracting primitive: COL_daguan_central_step.003
02:20:02 | INFO: Primitives created: 1
02:20:02 | INFO: Extracting primitive: COL_daguan_central_step.004
02:20:02 | INFO: Primitives created: 1
02:20:02 | INFO: Extracting primitive: COL_daguan_central_step.005
02:20:02 | INFO: Primitives created: 1
02:20:02 | INFO: Extracting primitive: COL_daguan_closed_front.001
02:20:02 | INFO: Primitives created: 1
02:20:02 | INFO: Extracting primitive: COL_daguan_column.006
02:20:02 | INFO: Primitives created: 1
02:20:02 | INFO: Extracting primitive: COL_daguan_column.007
02:20:02 | INFO: Primitives created: 1
02:20:02 | INFO: Extracting primitive: COL_daguan_column.008
02:20:02 | INFO: Primitives created: 1
02:20:02 | INFO: Extracting primitive: COL_daguan_column.009
02:20:02 | INFO: Primitives created: 1
02:20:02 | INFO: Extracting primitive: COL_daguan_column.010
02:20:02 | INFO: Primitives created: 1
02:20:02 | INFO: Extracting primitive: COL_daguan_column.011
02:20:02 | INFO: Primitives created: 1
02:20:02 | INFO: Extracting primitive: COL_daguan_floor.001
02:20:02 | INFO: Primitives created: 1
02:20:02 | INFO: Extracting primitive: COL_daguan_return_wall.002
02:20:02 | INFO: Primitives created: 1
02:20:02 | INFO: Extracting primitive: COL_daguan_return_wall.003
02:20:02 | INFO: Primitives created: 1
02:20:02 | INFO: Extracting primitive: HERO_daguan_title.001
02:20:02 | WARNING: More than one shader node tex image used for a texture. The resulting glTF sampler will behave like the first shader node tex image.
02:20:02 | INFO: Primitives created: 1
02:20:02 | INFO: Extracting primitive: DAGUAN_backstage.001
02:20:02 | INFO: Primitives created: 1
02:20:02 | INFO: Extracting primitive: DAGUAN_door_stud.180
02:20:02 | INFO: Primitives created: 1
02:20:02 | INFO: Extracting primitive: DAGUAN_amber_transom.002
02:20:02 | INFO: Primitives created: 1
02:20:02 | INFO: Extracting primitive: DAGUAN_closed_door.010
02:20:02 | INFO: Primitives created: 1
02:20:02 | INFO: Extracting primitive: DAGUAN_recessed_panel.020
02:20:02 | INFO: Primitives created: 1
02:20:02 | INFO: Extracting primitive: DAGUAN_column.006
02:20:02 | INFO: Primitives created: 1
02:20:02 | INFO: Extracting primitive: DAGUAN_platform.001
02:20:02 | INFO: Primitives created: 1
02:20:02 | INFO: Extracting primitive: DAGUAN_lower_roof.001
02:20:02 | INFO: Primitives created: 1
02:20:02 | INFO: Extracting primitive: DAGUAN_front.001
02:20:02 | INFO: Primitives created: 1
02:20:02 | INFO: Finished glTF 2.0 export in 0.08846592903137207 s

02:20:03 | INFO: Starting glTF 2.0 export
02:20:03 | INFO: Extracting primitive: COL_ouxiang_approach.001
02:20:03 | INFO: Primitives created: 1
02:20:03 | INFO: Extracting primitive: COL_ouxiang_deck.001
02:20:03 | INFO: Primitives created: 1
02:20:03 | INFO: Extracting primitive: COL_ouxiang_post.004
02:20:03 | INFO: Primitives created: 1
02:20:03 | INFO: Extracting primitive: COL_ouxiang_post.005
02:20:03 | INFO: Primitives created: 1
02:20:03 | INFO: Extracting primitive: COL_ouxiang_post.006
02:20:03 | INFO: Primitives created: 1
02:20:03 | INFO: Extracting primitive: COL_ouxiang_post.007
02:20:03 | INFO: Primitives created: 1
02:20:03 | INFO: Extracting primitive: COL_ouxiang_rail.002
02:20:03 | INFO: Primitives created: 1
02:20:03 | INFO: Extracting primitive: COL_ouxiang_rail.003
02:20:03 | INFO: Primitives created: 1
02:20:03 | INFO: Extracting primitive: COL_ouxiang_side_rail.004
02:20:03 | INFO: Primitives created: 1
02:20:03 | INFO: Extracting primitive: COL_ouxiang_side_rail.005
02:20:03 | INFO: Primitives created: 1
02:20:03 | INFO: Extracting primitive: COL_ouxiang_side_rail.006
02:20:03 | INFO: Primitives created: 1
02:20:03 | INFO: Extracting primitive: COL_ouxiang_side_rail.007
02:20:03 | INFO: Primitives created: 1
02:20:03 | INFO: Extracting primitive: COL_ouxiang_table.001
02:20:03 | INFO: Primitives created: 1
02:20:03 | INFO: Extracting primitive: KIT_props_tea_cup.006
02:20:03 | INFO: Primitives created: 1
02:20:03 | INFO: Extracting primitive: SITE_ouxiang_deck.001
02:20:03 | INFO: Primitives created: 1
02:20:03 | INFO: Extracting primitive: WESTERN_kit_lotus_lotus_pad.001
02:20:03 | INFO: Primitives created: 1
02:20:03 | INFO: Extracting primitive: KIT_pavilion_water_pier.004
02:20:03 | INFO: Primitives created: 1
02:20:03 | INFO: Extracting primitive: KIT_props_lantern_hanging_render.013
02:20:03 | WARNING: More than one shader node tex image used for a texture. The resulting glTF sampler will behave like the first shader node tex image.
02:20:03 | INFO: Primitives created: 1
02:20:03 | INFO: Extracting primitive: KIT_pavilion_water_hipped_roof.001
02:20:03 | INFO: Primitives created: 1
02:20:03 | INFO: Finished glTF 2.0 export in 0.06333637237548828 s

02:20:06 | INFO: Starting glTF 2.0 export
02:20:06 | INFO: Extracting primitive: COL_hengwu-yuan_floor.001
02:20:06 | INFO: Primitives created: 1
02:20:06 | INFO: Extracting primitive: COL_hengwu_closed_hall.002
02:20:06 | INFO: Primitives created: 1
02:20:06 | INFO: Extracting primitive: COL_hengwu_court.002
02:20:06 | INFO: Primitives created: 1
02:20:06 | INFO: Extracting primitive: COL_hengwu_hall_post.001
02:20:06 | INFO: Primitives created: 1
02:20:06 | INFO: Extracting primitive: COL_hengwu_hall_post.002
02:20:06 | INFO: Primitives created: 1
02:20:06 | INFO: Extracting primitive: COL_hengwu_hall_post.006
02:20:06 | INFO: Primitives created: 1
02:20:06 | INFO: Extracting primitive: COL_wall_bay.001
02:20:06 | INFO: Primitives created: 1
02:20:06 | INFO: Extracting primitive: COL_wall_bay.002
02:20:06 | INFO: Primitives created: 1
02:20:06 | INFO: Extracting primitive: COL_wall_bay.003
02:20:06 | INFO: Primitives created: 1
02:20:06 | INFO: Extracting primitive: COL_wall_bay.004
02:20:06 | INFO: Primitives created: 1
02:20:06 | INFO: Extracting primitive: COL_wall_bay.005
02:20:06 | INFO: Primitives created: 1
02:20:06 | INFO: Extracting primitive: COL_wall_bay.006
02:20:06 | INFO: Primitives created: 1
02:20:06 | INFO: Extracting primitive: KIT_wall_plaster.002
02:20:06 | INFO: Primitives created: 1
02:20:06 | INFO: Extracting primitive: COL_wall_window.001
02:20:06 | INFO: Primitives created: 1
02:20:06 | INFO: Extracting primitive: COL_wall_window.002
02:20:06 | INFO: Primitives created: 1
02:20:06 | INFO: Extracting primitive: COL_hengwu_rock.001
02:20:06 | INFO: Primitives created: 1
02:20:07 | INFO: Extracting primitive: COL_hengwu_rock.002
02:20:07 | INFO: Primitives created: 1
02:20:07 | INFO: Extracting primitive: COL_hengwu_rock.006
02:20:07 | INFO: Primitives created: 1
02:20:07 | INFO: Extracting primitive: COL_hengwu_stool.001
02:20:07 | INFO: Primitives created: 1
02:20:07 | INFO: Extracting primitive: COL_hengwu_stool.002
02:20:07 | INFO: Primitives created: 1
02:20:07 | INFO: Extracting primitive: COL_hengwu_stool.003
02:20:07 | INFO: Primitives created: 1
02:20:07 | INFO: Extracting primitive: COL_hengwu_stool.008
02:20:07 | INFO: Primitives created: 1
02:20:07 | INFO: Extracting primitive: COL_hengwu_table.002
02:20:07 | INFO: Primitives created: 1
02:20:07 | INFO: Extracting primitive: HERO_hengwu-yuan_title.002
02:20:07 | WARNING: More than one shader node tex image used for a texture. The resulting glTF sampler will behave like the first shader node tex image.
02:20:07 | INFO: Primitives created: 1
02:20:07 | INFO: Extracting primitive: SITE_hengwu-yuan_backstage.001
02:20:07 | INFO: Primitives created: 1
02:20:07 | INFO: Extracting primitive: KIT_pavilion_finial.011
02:20:07 | INFO: Primitives created: 1
02:20:07 | INFO: Extracting primitive: KIT_wall_amber_window.006
02:20:07 | INFO: Primitives created: 1
02:20:07 | INFO: Extracting primitive: HENGWU_herb_leaf.001
02:20:07 | INFO: Primitives created: 1
02:20:07 | INFO: Extracting primitive: KIT_wall_lattice_vertical.105
02:20:07 | INFO: Primitives created: 1
02:20:07 | INFO: Extracting primitive: SITE_hengwu-yuan_platform_partitioned.001
02:20:07 | INFO: Primitives created: 1
02:20:07 | INFO: Extracting primitive: KIT_props_lantern_hanging_render.015
02:20:07 | WARNING: More than one shader node tex image used for a texture. The resulting glTF sampler will behave like the first shader node tex image.
02:20:07 | INFO: Primitives created: 1
02:20:07 | INFO: Extracting primitive: KIT_pavilion_roof.011
02:20:07 | INFO: Primitives created: 1
02:20:07 | INFO: Extracting primitive: KIT_wall_bay.001
02:20:07 | WARNING: More than one shader node tex image used for a texture. The resulting glTF sampler will behave like the first shader node tex image.
02:20:07 | INFO: Primitives created: 1
02:20:07 | INFO: Extracting primitive: SITE_hengwu-yuan_front.001
02:20:07 | INFO: Primitives created: 1
02:20:07 | INFO: Finished glTF 2.0 export in 0.3049941062927246 s

02:20:07 | INFO: Starting glTF 2.0 export
02:20:07 | INFO: Extracting primitive: COL_yihong_closed_front.002
02:20:07 | INFO: Primitives created: 1
02:20:07 | INFO: Extracting primitive: COL_yihong_court_side.001
02:20:07 | INFO: Primitives created: 1
02:20:07 | INFO: Extracting primitive: COL_yihong_court_side.004
02:20:07 | INFO: Primitives created: 1
02:20:07 | INFO: Extracting primitive: COL_yihong_floor.002
02:20:07 | INFO: Primitives created: 1
02:20:07 | INFO: Extracting primitive: COL_yihong_planter.001
02:20:07 | INFO: Primitives created: 1
02:20:07 | INFO: Extracting primitive: COL_yihong_planter.004
02:20:07 | INFO: Primitives created: 1
02:20:07 | INFO: Extracting primitive: COL_yihong_side_return.001
02:20:07 | INFO: Primitives created: 1
02:20:07 | INFO: Extracting primitive: COL_yihong_side_return.004
02:20:07 | INFO: Primitives created: 1
02:20:07 | INFO: Extracting primitive: COL_yihong_threshold.002
02:20:07 | INFO: Primitives created: 1
02:20:07 | INFO: Extracting primitive: KIT_flora_banana_render.001
02:20:07 | WARNING: More than one shader node tex image used for a texture. The resulting glTF sampler will behave like the first shader node tex image.
02:20:07 | INFO: Primitives created: 1
02:20:07 | INFO: Extracting primitive: KIT_flora_banana_render.002
02:20:07 | INFO: Primitives created: 1
02:20:07 | INFO: Extracting primitive: HERO_yihong-yuan_title.002
02:20:07 | WARNING: More than one shader node tex image used for a texture. The resulting glTF sampler will behave like the first shader node tex image.
02:20:07 | INFO: Primitives created: 1
02:20:07 | INFO: Extracting primitive: YIHONG_backstage.002
02:20:07 | INFO: Primitives created: 1
02:20:07 | INFO: Extracting primitive: YIHONG_door_rail.001
02:20:07 | INFO: Primitives created: 1
02:20:07 | INFO: Extracting primitive: YIHONG_amber_window.002
02:20:07 | INFO: Primitives created: 1
02:20:07 | INFO: Extracting primitive: YIHONG_door_panel.001
02:20:07 | INFO: Primitives created: 1
02:20:07 | INFO: Extracting primitive: YIHONG_paving.002
02:20:07 | INFO: Primitives created: 1
02:20:07 | INFO: Extracting primitive: YIHONG_court_cap.001
02:20:07 | INFO: Primitives created: 1
02:20:07 | INFO: Extracting primitive: YIHONG_closed_front.002
02:20:07 | INFO: Primitives created: 1
02:20:07 | INFO: Finished glTF 2.0 export in 0.07449603080749512 s

02:20:08 | INFO: Starting glTF 2.0 export
02:20:08 | INFO: Extracting primitive: COL_xiaoxiang_bamboo_bed.004
02:20:08 | INFO: Primitives created: 1
02:20:08 | INFO: Extracting primitive: COL_xiaoxiang_bamboo_bed.005
02:20:08 | INFO: Primitives created: 1
02:20:08 | INFO: Extracting primitive: COL_xiaoxiang_bamboo_bed.006
02:20:08 | INFO: Primitives created: 1
02:20:08 | INFO: Extracting primitive: COL_xiaoxiang_bamboo_bed.007
02:20:08 | INFO: Primitives created: 1
02:20:08 | INFO: Extracting primitive: COL_xiaoxiang_closed_front.001
02:20:08 | INFO: Primitives created: 1
02:20:08 | INFO: Extracting primitive: COL_xiaoxiang_floor.001
02:20:08 | INFO: Primitives created: 1
02:20:08 | INFO: Extracting primitive: COL_xiaoxiang_return.002
02:20:08 | INFO: Primitives created: 1
02:20:08 | INFO: Extracting primitive: COL_xiaoxiang_return.003
02:20:08 | INFO: Primitives created: 1
02:20:08 | INFO: Extracting primitive: COL_xiaoxiang_threshold.001
02:20:08 | INFO: Primitives created: 1
02:20:08 | INFO: Extracting primitive: KIT_flora_bamboo_large_render.003
02:20:08 | WARNING: More than one shader node tex image used for a texture. The resulting glTF sampler will behave like the first shader node tex image.
02:20:08 | INFO: Primitives created: 1
02:20:08 | INFO: Extracting primitive: KIT_flora_bamboo_medium_render.001
02:20:08 | INFO: Primitives created: 1
02:20:08 | INFO: Extracting primitive: KIT_flora_bamboo_small_render.002
02:20:08 | INFO: Primitives created: 1
02:20:08 | INFO: Extracting primitive: KIT_flora_bamboo_large_render.004
02:20:08 | INFO: Primitives created: 1
02:20:08 | INFO: Extracting primitive: HERO_xiaoxiang-guan_title.002
02:20:08 | WARNING: More than one shader node tex image used for a texture. The resulting glTF sampler will behave like the first shader node tex image.
02:20:08 | INFO: Primitives created: 1
02:20:08 | INFO: Extracting primitive: XIAOXIANG_black_back.001
02:20:08 | INFO: Primitives created: 1
02:20:08 | INFO: Extracting primitive: XIAOXIANG_gate_pull.002
02:20:08 | INFO: Primitives created: 1
02:20:08 | INFO: Extracting primitive: XIAOXIANG_amber_window.001
02:20:08 | INFO: Primitives created: 1
02:20:08 | INFO: Extracting primitive: XIAOXIANG_gate_leaf.002
02:20:08 | INFO: Primitives created: 1
02:20:08 | INFO: Extracting primitive: XIAOXIANG_paving.001
02:20:08 | INFO: Primitives created: 1
02:20:08 | INFO: Extracting primitive: XIAOXIANG_wall_cap.001
02:20:08 | INFO: Primitives created: 1
02:20:08 | INFO: Extracting primitive: XIAOXIANG_closed_front.001
02:20:08 | INFO: Primitives created: 1
02:20:08 | INFO: Finished glTF 2.0 export in 0.1566939353942871 s

02:20:09 | INFO: Starting glTF 2.0 export
02:20:09 | INFO: Extracting primitive: COL_longcui_burner.001
02:20:09 | INFO: Primitives created: 1
02:20:09 | INFO: Extracting primitive: COL_longcui_closed_front.001
02:20:09 | INFO: Primitives created: 1
02:20:09 | INFO: Extracting primitive: COL_longcui_floor.001
02:20:09 | INFO: Primitives created: 1
02:20:09 | INFO: Extracting primitive: COL_longcui_plum_trunk.002
02:20:09 | INFO: Primitives created: 1
02:20:09 | INFO: Extracting primitive: COL_longcui_plum_trunk.003
02:20:09 | INFO: Primitives created: 1
02:20:09 | INFO: Extracting primitive: COL_longcui_return.002
02:20:09 | INFO: Primitives created: 1
02:20:09 | INFO: Extracting primitive: COL_longcui_return.003
02:20:09 | INFO: Primitives created: 1
02:20:09 | INFO: Extracting primitive: COL_longcui_threshold.001
02:20:09 | INFO: Primitives created: 1
02:20:09 | INFO: Extracting primitive: KIT_flora_plum_render.001
02:20:09 | WARNING: More than one shader node tex image used for a texture. The resulting glTF sampler will behave like the first shader node tex image.
02:20:09 | INFO: Primitives created: 1
02:20:09 | INFO: Extracting primitive: KIT_flora_plum_render.002
02:20:09 | INFO: Primitives created: 1
02:20:09 | INFO: Extracting primitive: HERO_longcui-an_title.002
02:20:09 | WARNING: More than one shader node tex image used for a texture. The resulting glTF sampler will behave like the first shader node tex image.
02:20:09 | INFO: Primitives created: 1
02:20:09 | INFO: Extracting primitive: LONGCUI_backstage.001
02:20:09 | INFO: Primitives created: 1
02:20:09 | INFO: Extracting primitive: LONGCUI_gate_pull.002
02:20:09 | INFO: Primitives created: 1
02:20:09 | INFO: Extracting primitive: LONGCUI_closed_gate.002
02:20:09 | INFO: Primitives created: 1
02:20:09 | INFO: Extracting primitive: LONGCUI_paving.001
02:20:09 | INFO: Primitives created: 1
02:20:09 | INFO: Extracting primitive: KIT_props_lantern_hanging_render.016
02:20:09 | WARNING: More than one shader node tex image used for a texture. The resulting glTF sampler will behave like the first shader node tex image.
02:20:09 | INFO: Primitives created: 1
02:20:09 | INFO: Extracting primitive: LONGCUI_wall_cap.001
02:20:09 | INFO: Primitives created: 1
02:20:09 | INFO: Extracting primitive: LONGCUI_closed_front.001
02:20:09 | INFO: Primitives created: 1
02:20:09 | INFO: Finished glTF 2.0 export in 0.16067981719970703 s

02:20:10 | INFO: Starting glTF 2.0 export
02:20:10 | INFO: Extracting primitive: COL_aojing_closed_front.002
02:20:10 | INFO: Primitives created: 1
02:20:10 | INFO: Extracting primitive: COL_aojing_dry_ledge.002
02:20:10 | INFO: Primitives created: 1
02:20:10 | INFO: Extracting primitive: COL_aojing_hall_floor.002
02:20:10 | INFO: Primitives created: 1
02:20:10 | INFO: Extracting primitive: COL_aojing_ledge_end.002
02:20:10 | INFO: Primitives created: 1
02:20:10 | INFO: Extracting primitive: COL_aojing_ledge_parapet.002
02:20:10 | INFO: Primitives created: 1
02:20:10 | INFO: Extracting primitive: COL_aojing_return.001
02:20:10 | INFO: Primitives created: 1
02:20:10 | INFO: Extracting primitive: COL_aojing_return.004
02:20:10 | INFO: Primitives created: 1
02:20:10 | INFO: Extracting primitive: HERO_aojing-guan_title.002
02:20:10 | WARNING: More than one shader node tex image used for a texture. The resulting glTF sampler will behave like the first shader node tex image.
02:20:10 | INFO: Primitives created: 1
02:20:10 | INFO: Extracting primitive: AOJING_pond.002
02:20:10 | INFO: Primitives created: 1
02:20:10 | INFO: Extracting primitive: AOJING_backstage.002
02:20:10 | INFO: Primitives created: 1
02:20:10 | INFO: Extracting primitive: AOJING_amber_window.002
02:20:10 | INFO: Primitives created: 1
02:20:10 | INFO: Extracting primitive: AOJING_window_lattice.001
02:20:10 | INFO: Primitives created: 1
02:20:10 | INFO: Extracting primitive: AOJING_dry_ledge.002
02:20:10 | INFO: Primitives created: 1
02:20:10 | INFO: Extracting primitive: AOJING_roof.002
02:20:10 | INFO: Primitives created: 1
02:20:10 | INFO: Extracting primitive: AOJING_closed_front.002
02:20:10 | INFO: Primitives created: 1
02:20:10 | INFO: Finished glTF 2.0 export in 0.12247610092163086 s

02:20:12 | INFO: Starting glTF 2.0 export
02:20:12 | INFO: Extracting primitive: COL_daoxiang_closed_front.001
02:20:12 | INFO: Primitives created: 1
02:20:12 | INFO: Extracting primitive: COL_daoxiang_court.001
02:20:12 | INFO: Primitives created: 1
02:20:12 | INFO: Extracting primitive: COL_daoxiang_fence.004
02:20:12 | INFO: Primitives created: 1
02:20:12 | INFO: Extracting primitive: COL_daoxiang_fence.005
02:20:12 | INFO: Primitives created: 1
02:20:12 | INFO: Extracting primitive: COL_daoxiang_fence.006
02:20:12 | INFO: Primitives created: 1
02:20:12 | INFO: Extracting primitive: COL_daoxiang_fence.007
02:20:12 | INFO: Primitives created: 1
02:20:12 | INFO: Extracting primitive: COL_daoxiang_side.002
02:20:12 | INFO: Primitives created: 1
02:20:12 | INFO: Extracting primitive: COL_daoxiang_side.003
02:20:12 | INFO: Primitives created: 1
02:20:12 | INFO: Extracting primitive: HERO_daoxiang-cun_title.002
02:20:12 | WARNING: More than one shader node tex image used for a texture. The resulting glTF sampler will behave like the first shader node tex image.
02:20:12 | INFO: Primitives created: 1
02:20:12 | INFO: Extracting primitive: DAOXIANG_backstage.001
02:20:12 | INFO: Primitives created: 1
02:20:12 | INFO: Extracting primitive: DAOXIANG_door_latch.001
02:20:12 | INFO: Primitives created: 1
02:20:12 | INFO: Extracting primitive: DAOXIANG_warm_sliver.001
02:20:12 | INFO: Primitives created: 1
02:20:12 | INFO: Extracting primitive: DAOXIANG_closed_door.001
02:20:12 | INFO: Primitives created: 1
02:20:12 | INFO: Extracting primitive: DAOXIANG_paddy_painting.001
02:20:12 | INFO: Primitives created: 1
02:20:12 | INFO: Extracting primitive: DAOXIANG_court.001
02:20:12 | INFO: Primitives created: 1
02:20:12 | INFO: Extracting primitive: DAOXIANG_thatch_mass.001
02:20:12 | INFO: Primitives created: 1
02:20:12 | INFO: Extracting primitive: DAOXIANG_front.001
02:20:12 | INFO: Primitives created: 1
02:20:12 | INFO: Finished glTF 2.0 export in 0.08682084083557129 s

02:20:13 | INFO: Starting glTF 2.0 export
02:20:13 | INFO: Extracting primitive: COL_water_bridge_side.001
02:20:13 | INFO: Primitives created: 1
02:20:13 | INFO: Extracting primitive: COL_water_bridge_side.004
02:20:13 | INFO: Primitives created: 1
02:20:13 | INFO: Extracting primitive: COL_water_bridge_deck.002
02:20:13 | INFO: Primitives created: 1
02:20:13 | INFO: Extracting primitive: COL_ziling_landing.001
02:20:13 | INFO: Primitives created: 1
02:20:13 | INFO: Extracting primitive: TEMP_reed_geometry.001
02:20:13 | WARNING: More than one shader node tex image used for a texture. The resulting glTF sampler will behave like the first shader node tex image.
02:20:13 | INFO: Primitives created: 1
02:20:13 | INFO: Extracting primitive: TEMP_reed_geometry.002
02:20:13 | INFO: Primitives created: 1
02:20:13 | INFO: Extracting primitive: TEMP_reed_geometry.003
02:20:13 | INFO: Primitives created: 1
02:20:13 | INFO: Extracting primitive: TEMP_reed_geometry.004
02:20:13 | INFO: Primitives created: 1
02:20:13 | INFO: Extracting primitive: TEMP_reed_geometry.005
02:20:13 | INFO: Primitives created: 1
02:20:13 | INFO: Extracting primitive: TEMP_reed_geometry.006
02:20:13 | INFO: Primitives created: 1
02:20:13 | INFO: Extracting primitive: TEMP_reed_geometry.007
02:20:13 | INFO: Primitives created: 1
02:20:13 | INFO: Extracting primitive: TEMP_reed_geometry.008
02:20:13 | INFO: Primitives created: 1
02:20:13 | INFO: Extracting primitive: TEMP_reed_geometry.009
02:20:13 | INFO: Primitives created: 1
02:20:13 | INFO: Extracting primitive: TEMP_reed_geometry.010
02:20:13 | INFO: Primitives created: 1
02:20:13 | INFO: Extracting primitive: WESTERN_kit_lotus.004_lotus_pad.001
02:20:13 | INFO: Primitives created: 1
02:20:13 | INFO: Extracting primitive: KIT_water_plank.001_partitioned.001
02:20:13 | WARNING: More than one shader node tex image used for a texture. The resulting glTF sampler will behave like the first shader node tex image.
02:20:13 | INFO: Primitives created: 1
02:20:13 | INFO: Extracting primitive: SITE_ziling_island.001
02:20:13 | INFO: Primitives created: 1
02:20:13 | INFO: Finished glTF 2.0 export in 0.17994213104248047 s

02:20:13 | INFO: Starting glTF 2.0 export
02:20:13 | INFO: Extracting primitive: COL_aojing_approach.001
02:20:13 | INFO: Primitives created: 1
02:20:13 | INFO: Extracting primitive: COL_aojing_approach.004
02:20:13 | INFO: Primitives created: 1
02:20:13 | INFO: Extracting primitive: COL_aojing_approach_guard.001
02:20:13 | INFO: Primitives created: 1
02:20:13 | INFO: Extracting primitive: COL_aojing_approach_guard.004
02:20:13 | INFO: Primitives created: 1
02:20:13 | INFO: Extracting primitive: COL_aojing_approach_ramp.002
02:20:13 | INFO: Primitives created: 1
02:20:13 | INFO: Extracting primitive: COL_aojing_closed_front.002
02:20:13 | INFO: Primitives created: 1
02:20:13 | INFO: Extracting primitive: COL_aojing_dry_ledge.002
02:20:13 | INFO: Primitives created: 1
02:20:13 | INFO: Extracting primitive: COL_aojing_hall_floor.002
02:20:13 | INFO: Primitives created: 1
02:20:13 | INFO: Extracting primitive: COL_aojing_ledge_end.002
02:20:13 | INFO: Primitives created: 1
02:20:13 | INFO: Extracting primitive: COL_aojing_ledge_parapet.002
02:20:13 | INFO: Primitives created: 1
02:20:13 | INFO: Extracting primitive: COL_aojing_return.001
02:20:13 | INFO: Primitives created: 1
02:20:13 | INFO: Extracting primitive: COL_aojing_return.004
02:20:13 | INFO: Primitives created: 1
02:20:13 | INFO: Extracting primitive: Cube.147
02:20:13 | INFO: Primitives created: 1
02:20:13 | INFO: Extracting primitive: Cube.148
02:20:13 | INFO: Primitives created: 1
02:20:13 | INFO: Extracting primitive: Cube.149
02:20:13 | INFO: Primitives created: 1
02:20:13 | INFO: Extracting primitive: Cube.150
02:20:13 | INFO: Primitives created: 1
02:20:13 | INFO: Extracting primitive: COL_bridge_crosswalk.002
02:20:13 | INFO: Primitives created: 1
02:20:13 | INFO: Extracting primitive: COL_bridge_crosswalk.003
02:20:13 | INFO: Primitives created: 1
02:20:13 | INFO: Extracting primitive: COL_cell_floor.006
02:20:13 | INFO: Primitives created: 1
02:20:13 | INFO: Extracting primitive: COL_cell_floor.007
02:20:13 | INFO: Primitives created: 1
02:20:13 | INFO: Extracting primitive: COL_cell_floor.008
02:20:13 | INFO: Primitives created: 1
02:20:13 | INFO: Extracting primitive: COL_cell_floor.009
02:20:13 | INFO: Primitives created: 1
02:20:13 | INFO: Extracting primitive: COL_cell_floor.010
02:20:13 | INFO: Primitives created: 1
02:20:13 | INFO: Extracting primitive: COL_cell_floor.011
02:20:13 | INFO: Primitives created: 1
02:20:13 | INFO: Extracting primitive: COL_cell_wall.012
02:20:13 | INFO: Primitives created: 1
02:20:13 | INFO: Extracting primitive: COL_cell_wall.013
02:20:13 | INFO: Primitives created: 1
02:20:13 | INFO: Extracting primitive: COL_cell_wall.014
02:20:13 | INFO: Primitives created: 1
02:20:13 | INFO: Extracting primitive: COL_cell_wall.015
02:20:13 | INFO: Primitives created: 1
02:20:13 | INFO: Extracting primitive: COL_cell_wall.016
02:20:13 | INFO: Primitives created: 1
02:20:13 | INFO: Extracting primitive: COL_cell_wall.017
02:20:13 | INFO: Primitives created: 1
02:20:13 | INFO: Extracting primitive: COL_cell_wall.018
02:20:13 | INFO: Primitives created: 1
02:20:13 | INFO: Extracting primitive: COL_cell_wall.019
02:20:13 | INFO: Primitives created: 1
02:20:13 | INFO: Extracting primitive: COL_cell_wall.020
02:20:13 | INFO: Primitives created: 1
02:20:13 | INFO: Extracting primitive: COL_cell_wall.021
02:20:13 | INFO: Primitives created: 1
02:20:13 | INFO: Extracting primitive: COL_cell_wall.022
02:20:13 | INFO: Primitives created: 1
02:20:13 | INFO: Extracting primitive: COL_cell_wall.023
02:20:13 | INFO: Primitives created: 1
02:20:13 | INFO: Extracting primitive: COL_daguan_central_step.003
02:20:13 | INFO: Primitives created: 1
02:20:13 | INFO: Extracting primitive: COL_daguan_central_step.004
02:20:13 | INFO: Primitives created: 1
02:20:13 | INFO: Extracting primitive: COL_daguan_central_step.005
02:20:13 | INFO: Primitives created: 1
02:20:13 | INFO: Extracting primitive: COL_daguan_closed_front.001
02:20:13 | INFO: Primitives created: 1
02:20:13 | INFO: Extracting primitive: COL_daguan_column.006
02:20:13 | INFO: Primitives created: 1
02:20:13 | INFO: Extracting primitive: COL_daguan_column.007
02:20:13 | INFO: Primitives created: 1
02:20:13 | INFO: Extracting primitive: COL_daguan_column.008
02:20:13 | INFO: Primitives created: 1
02:20:13 | INFO: Extracting primitive: COL_daguan_column.009
02:20:13 | INFO: Primitives created: 1
02:20:13 | INFO: Extracting primitive: COL_daguan_column.010
02:20:13 | INFO: Primitives created: 1
02:20:13 | INFO: Extracting primitive: COL_daguan_column.011
02:20:13 | INFO: Primitives created: 1
02:20:13 | INFO: Extracting primitive: COL_daguan_floor.001
02:20:13 | INFO: Primitives created: 1
02:20:13 | INFO: Extracting primitive: COL_daguan_return_wall.002
02:20:13 | INFO: Primitives created: 1
02:20:13 | INFO: Extracting primitive: COL_daguan_return_wall.003
02:20:13 | INFO: Primitives created: 1
02:20:13 | INFO: Extracting primitive: COL_daoxiang_approach.002
02:20:13 | INFO: Primitives created: 1
02:20:13 | INFO: Extracting primitive: COL_daoxiang_approach.003
02:20:13 | INFO: Primitives created: 1
02:20:13 | INFO: Extracting primitive: COL_daoxiang_closed_front.001
02:20:13 | INFO: Primitives created: 1
02:20:13 | INFO: Extracting primitive: COL_daoxiang_court.001
02:20:13 | INFO: Primitives created: 1
02:20:13 | INFO: Extracting primitive: COL_daoxiang_fence.004
02:20:13 | INFO: Primitives created: 1
02:20:13 | INFO: Extracting primitive: COL_daoxiang_fence.005
02:20:13 | INFO: Primitives created: 1
02:20:13 | INFO: Extracting primitive: COL_daoxiang_fence.006
02:20:13 | INFO: Primitives created: 1
02:20:13 | INFO: Extracting primitive: COL_daoxiang_fence.007
02:20:13 | INFO: Primitives created: 1
02:20:13 | INFO: Extracting primitive: COL_daoxiang_side.002
02:20:13 | INFO: Primitives created: 1
02:20:13 | INFO: Extracting primitive: COL_daoxiang_side.003
02:20:13 | INFO: Primitives created: 1
02:20:13 | INFO: Extracting primitive: COL_entry_corridor.001
02:20:13 | INFO: Primitives created: 1
02:20:13 | INFO: Extracting primitive: COL_entry_walk.002
02:20:13 | INFO: Primitives created: 1
02:20:13 | INFO: Extracting primitive: COL_entry_walk.003
02:20:13 | INFO: Primitives created: 1
02:20:13 | INFO: Extracting primitive: COL_floor_joint_cell_threshold_0.001
02:20:13 | INFO: Primitives created: 1
02:20:13 | INFO: Extracting primitive: COL_floor_joint_cell_threshold_1.001
02:20:13 | INFO: Primitives created: 1
02:20:13 | INFO: Extracting primitive: COL_floor_joint_cell_threshold_2.001
02:20:13 | INFO: Primitives created: 1
02:20:13 | INFO: Extracting primitive: COL_floor_joint_cell_threshold_3.001
02:20:13 | INFO: Primitives created: 1
02:20:13 | INFO: Extracting primitive: COL_floor_joint_cell_threshold_4.001
02:20:13 | INFO: Primitives created: 1
02:20:13 | INFO: Extracting primitive: COL_floor_joint_cell_threshold_5.001
02:20:13 | INFO: Primitives created: 1
02:20:13 | INFO: Extracting primitive: COL_floor_joint_pavilion_east_joint.001
02:20:13 | INFO: Primitives created: 1
02:20:13 | INFO: Extracting primitive: COL_floor_joint_pavilion_west_joint.001
02:20:13 | INFO: Primitives created: 1
02:20:13 | INFO: Extracting primitive: Cube.146
02:20:13 | INFO: Primitives created: 1
02:20:13 | INFO: Extracting primitive: Cube.145
02:20:13 | INFO: Primitives created: 1
02:20:13 | INFO: Extracting primitive: COL_GATE_banana_planter.001
02:20:13 | INFO: Primitives created: 1
02:20:13 | INFO: Extracting primitive: KIT_rockery_passage.022
02:20:13 | INFO: Primitives created: 1
02:20:13 | INFO: Extracting primitive: KIT_rockery_passage.024
02:20:13 | INFO: Primitives created: 1
02:20:13 | INFO: Extracting primitive: KIT_rockery_cliff.006
02:20:13 | INFO: Primitives created: 1
02:20:13 | INFO: Extracting primitive: KIT_rockery_cliff.008
02:20:13 | INFO: Primitives created: 1
02:20:13 | INFO: Extracting primitive: KIT_rockery_passage.004
02:20:13 | INFO: Primitives created: 1
02:20:13 | INFO: Extracting primitive: KIT_rockery_passage.016
02:20:13 | INFO: Primitives created: 1
02:20:13 | INFO: Extracting primitive: KIT_rockery_passage.018
02:20:13 | INFO: Primitives created: 1
02:20:13 | INFO: Extracting primitive: KIT_rockery_passage.020
02:20:13 | INFO: Primitives created: 1
02:20:13 | INFO: Extracting primitive: GATE_paving.002
02:20:13 | INFO: Primitives created: 1
02:20:13 | INFO: Extracting primitive: COL_hengwu-yuan_floor.001
02:20:13 | INFO: Primitives created: 1
02:20:13 | INFO: Extracting primitive: COL_hengwu_approach.002
02:20:13 | INFO: Primitives created: 1
02:20:13 | INFO: Extracting primitive: COL_hengwu_approach.003
02:20:13 | INFO: Primitives created: 1
02:20:13 | INFO: Extracting primitive: COL_hengwu_closed_hall.002
02:20:13 | INFO: Primitives created: 1
02:20:13 | INFO: Extracting primitive: COL_hengwu_court.002
02:20:13 | INFO: Primitives created: 1
02:20:13 | INFO: Extracting primitive: COL_hengwu_hall_post.001
02:20:13 | INFO: Primitives created: 1
02:20:13 | INFO: Extracting primitive: COL_hengwu_hall_post.002
02:20:13 | INFO: Primitives created: 1
02:20:13 | INFO: Extracting primitive: COL_hengwu_hall_post.006
02:20:13 | INFO: Primitives created: 1
02:20:13 | INFO: Extracting primitive: COL_wall_bay.001
02:20:13 | INFO: Primitives created: 1
02:20:13 | INFO: Extracting primitive: COL_wall_bay.002
02:20:13 | INFO: Primitives created: 1
02:20:13 | INFO: Extracting primitive: COL_wall_bay.003
02:20:13 | INFO: Primitives created: 1
02:20:13 | INFO: Extracting primitive: COL_wall_bay.004
02:20:13 | INFO: Primitives created: 1
02:20:13 | INFO: Extracting primitive: COL_wall_bay.005
02:20:13 | INFO: Primitives created: 1
02:20:13 | INFO: Extracting primitive: COL_wall_bay.006
02:20:13 | INFO: Primitives created: 1
02:20:13 | INFO: Extracting primitive: KIT_wall_plaster.002
02:20:13 | INFO: Primitives created: 1
02:20:13 | INFO: Extracting primitive: COL_wall_window.001
02:20:13 | INFO: Primitives created: 1
02:20:13 | INFO: Extracting primitive: COL_wall_window.002
02:20:13 | INFO: Primitives created: 1
02:20:13 | INFO: Extracting primitive: COL_hengwu_rock.001
02:20:13 | INFO: Primitives created: 1
02:20:13 | INFO: Extracting primitive: COL_hengwu_rock.002
02:20:13 | INFO: Primitives created: 1
02:20:13 | INFO: Extracting primitive: COL_hengwu_rock.006
02:20:13 | INFO: Primitives created: 1
02:20:13 | INFO: Extracting primitive: COL_hengwu_stool.001
02:20:13 | INFO: Primitives created: 1
02:20:13 | INFO: Extracting primitive: COL_hengwu_stool.002
02:20:13 | INFO: Primitives created: 1
02:20:13 | INFO: Extracting primitive: COL_hengwu_stool.003
02:20:13 | INFO: Primitives created: 1
02:20:13 | INFO: Extracting primitive: COL_hengwu_stool.008
02:20:13 | INFO: Primitives created: 1
02:20:13 | INFO: Extracting primitive: COL_hengwu_table.002
02:20:13 | INFO: Primitives created: 1
02:20:13 | INFO: Extracting primitive: COL_longcui_approach.003
02:20:13 | INFO: Primitives created: 1
02:20:13 | INFO: Extracting primitive: COL_longcui_approach.004
02:20:13 | INFO: Primitives created: 1
02:20:13 | INFO: Extracting primitive: COL_longcui_approach.005
02:20:13 | INFO: Primitives created: 1
02:20:13 | INFO: Extracting primitive: COL_longcui_burner.001
02:20:13 | INFO: Primitives created: 1
02:20:13 | INFO: Extracting primitive: COL_longcui_closed_front.001
02:20:13 | INFO: Primitives created: 1
02:20:13 | INFO: Extracting primitive: COL_longcui_floor.001
02:20:13 | INFO: Primitives created: 1
02:20:13 | INFO: Extracting primitive: COL_longcui_plum_trunk.002
02:20:13 | INFO: Primitives created: 1
02:20:13 | INFO: Extracting primitive: COL_longcui_plum_trunk.003
02:20:13 | INFO: Primitives created: 1
02:20:13 | INFO: Extracting primitive: COL_longcui_return.002
02:20:13 | INFO: Primitives created: 1
02:20:13 | INFO: Extracting primitive: COL_longcui_return.003
02:20:13 | INFO: Primitives created: 1
02:20:13 | INFO: Extracting primitive: COL_longcui_threshold.001
02:20:13 | INFO: Primitives created: 1
02:20:13 | INFO: Extracting primitive: COL_ouxiang_approach.001
02:20:13 | INFO: Primitives created: 1
02:20:13 | INFO: Extracting primitive: COL_ouxiang_deck.001
02:20:13 | INFO: Primitives created: 1
02:20:13 | INFO: Extracting primitive: COL_ouxiang_post.004
02:20:13 | INFO: Primitives created: 1
02:20:13 | INFO: Extracting primitive: COL_ouxiang_post.005
02:20:13 | INFO: Primitives created: 1
02:20:13 | INFO: Extracting primitive: COL_ouxiang_post.006
02:20:13 | INFO: Primitives created: 1
02:20:13 | INFO: Extracting primitive: COL_ouxiang_post.007
02:20:13 | INFO: Primitives created: 1
02:20:13 | INFO: Extracting primitive: COL_ouxiang_rail.002
02:20:13 | INFO: Primitives created: 1
02:20:13 | INFO: Extracting primitive: COL_ouxiang_rail.003
02:20:13 | INFO: Primitives created: 1
02:20:13 | INFO: Extracting primitive: COL_ouxiang_side_rail.004
02:20:13 | INFO: Primitives created: 1
02:20:13 | INFO: Extracting primitive: COL_ouxiang_side_rail.005
02:20:13 | INFO: Primitives created: 1
02:20:13 | INFO: Extracting primitive: COL_ouxiang_side_rail.006
02:20:13 | INFO: Primitives created: 1
02:20:13 | INFO: Extracting primitive: COL_ouxiang_side_rail.007
02:20:13 | INFO: Primitives created: 1
02:20:13 | INFO: Extracting primitive: COL_ouxiang_table.001
02:20:13 | INFO: Primitives created: 1
02:20:13 | INFO: Extracting primitive: COL_corridor_floor.009
02:20:13 | INFO: Primitives created: 1
02:20:13 | INFO: Extracting primitive: COL_corridor_side.015
02:20:13 | INFO: Primitives created: 1
02:20:13 | INFO: Extracting primitive: COL_corridor_side.016
02:20:13 | INFO: Primitives created: 1
02:20:13 | INFO: Extracting primitive: COL_corridor_post.016
02:20:13 | INFO: Primitives created: 1
02:20:13 | INFO: Extracting primitive: COL_corridor_post.017
02:20:13 | INFO: Primitives created: 1
02:20:13 | INFO: Extracting primitive: COL_corridor_floor.010
02:20:13 | INFO: Primitives created: 1
02:20:13 | INFO: Extracting primitive: COL_corridor_side.017
02:20:13 | INFO: Primitives created: 1
02:20:13 | INFO: Extracting primitive: COL_corridor_side.018
02:20:13 | INFO: Primitives created: 1
02:20:13 | INFO: Extracting primitive: COL_corridor_post.018
02:20:13 | INFO: Primitives created: 1
02:20:13 | INFO: Extracting primitive: COL_corridor_post.019
02:20:13 | INFO: Primitives created: 1
02:20:13 | INFO: Extracting primitive: COL_corridor_floor.011
02:20:13 | INFO: Primitives created: 1
02:20:13 | INFO: Extracting primitive: COL_corridor_side.019
02:20:13 | INFO: Primitives created: 1
02:20:13 | INFO: Extracting primitive: COL_corridor_side.020
02:20:13 | INFO: Primitives created: 1
02:20:13 | INFO: Extracting primitive: COL_corridor_post.020
02:20:13 | INFO: Primitives created: 1
02:20:13 | INFO: Extracting primitive: COL_corridor_post.021
02:20:13 | INFO: Primitives created: 1
02:20:13 | INFO: Extracting primitive: COL_corridor_floor.012
02:20:13 | INFO: Primitives created: 1
02:20:13 | INFO: Extracting primitive: COL_corridor_side.021
02:20:13 | INFO: Primitives created: 1
02:20:13 | INFO: Extracting primitive: COL_corridor_side.022
02:20:13 | INFO: Primitives created: 1
02:20:13 | INFO: Extracting primitive: COL_corridor_post.022
02:20:13 | INFO: Primitives created: 1
02:20:13 | INFO: Extracting primitive: COL_corridor_post.023
02:20:13 | INFO: Primitives created: 1
02:20:13 | INFO: Extracting primitive: COL_corridor_floor.001
02:20:13 | INFO: Primitives created: 1
02:20:13 | INFO: Extracting primitive: COL_corridor_side.001
02:20:13 | INFO: Primitives created: 1
02:20:13 | INFO: Extracting primitive: COL_corridor_side.002
02:20:13 | INFO: Primitives created: 1
02:20:13 | INFO: Extracting primitive: COL_corridor_post.001
02:20:13 | INFO: Primitives created: 1
02:20:13 | INFO: Extracting primitive: COL_corridor_post.002
02:20:13 | INFO: Primitives created: 1
02:20:13 | INFO: Extracting primitive: COL_corridor_floor.002
02:20:13 | INFO: Primitives created: 1
02:20:13 | INFO: Extracting primitive: COL_corridor_side.003
02:20:13 | INFO: Primitives created: 1
02:20:13 | INFO: Extracting primitive: COL_corridor_side.004
02:20:13 | INFO: Primitives created: 1
02:20:13 | INFO: Extracting primitive: COL_corridor_post.003
02:20:13 | INFO: Primitives created: 1
02:20:13 | INFO: Extracting primitive: COL_corridor_post.004
02:20:13 | INFO: Primitives created: 1
02:20:13 | INFO: Extracting primitive: COL_corridor_floor.003
02:20:13 | INFO: Primitives created: 1
02:20:13 | INFO: Extracting primitive: COL_corridor_side.005
02:20:13 | INFO: Primitives created: 1
02:20:13 | INFO: Extracting primitive: COL_corridor_side.006
02:20:13 | INFO: Primitives created: 1
02:20:13 | INFO: Extracting primitive: COL_corridor_post.005
02:20:13 | INFO: Primitives created: 1
02:20:13 | INFO: Extracting primitive: COL_corridor_post.006
02:20:13 | INFO: Primitives created: 1
02:20:13 | INFO: Extracting primitive: COL_corridor_floor.004
02:20:13 | INFO: Primitives created: 1
02:20:13 | INFO: Extracting primitive: COL_corridor_side.007
02:20:13 | INFO: Primitives created: 1
02:20:13 | INFO: Extracting primitive: COL_corridor_side.008
02:20:13 | INFO: Primitives created: 1
02:20:13 | INFO: Extracting primitive: COL_corridor_post.007
02:20:13 | INFO: Primitives created: 1
02:20:13 | INFO: Extracting primitive: COL_corridor_post.008
02:20:13 | INFO: Primitives created: 1
02:20:13 | INFO: Extracting primitive: COL_corridor_floor.005
02:20:13 | INFO: Primitives created: 1
02:20:13 | INFO: Extracting primitive: COL_corridor_side.009
02:20:13 | INFO: Primitives created: 1
02:20:13 | INFO: Extracting primitive: COL_corridor_side.010
02:20:13 | INFO: Primitives created: 1
02:20:13 | INFO: Extracting primitive: COL_corridor_post.009
02:20:13 | INFO: Primitives created: 1
02:20:13 | INFO: Extracting primitive: COL_corridor_post.010
02:20:13 | INFO: Primitives created: 1
02:20:13 | INFO: Extracting primitive: COL_corridor_floor.006
02:20:13 | INFO: Primitives created: 1
02:20:13 | INFO: Extracting primitive: COL_corridor_side.011
02:20:13 | INFO: Primitives created: 1
02:20:13 | INFO: Extracting primitive: COL_corridor_post.011
02:20:13 | INFO: Primitives created: 1
02:20:13 | INFO: Extracting primitive: COL_corridor_post.012
02:20:13 | INFO: Primitives created: 1
02:20:13 | INFO: Extracting primitive: COL_corridor_floor.007
02:20:13 | INFO: Primitives created: 1
02:20:13 | INFO: Extracting primitive: COL_corridor_side.012
02:20:13 | INFO: Primitives created: 1
02:20:13 | INFO: Extracting primitive: COL_corridor_post.013
02:20:13 | INFO: Primitives created: 1
02:20:13 | INFO: Extracting primitive: COL_corridor_floor.008
02:20:13 | INFO: Primitives created: 1
02:20:13 | INFO: Extracting primitive: COL_corridor_side.013
02:20:13 | INFO: Primitives created: 1
02:20:13 | INFO: Extracting primitive: COL_corridor_side.014
02:20:13 | INFO: Primitives created: 1
02:20:13 | INFO: Extracting primitive: COL_corridor_post.014
02:20:13 | INFO: Primitives created: 1
02:20:13 | INFO: Extracting primitive: COL_corridor_post.015
02:20:13 | INFO: Primitives created: 1
02:20:13 | INFO: Extracting primitive: COL_corridor_floor.013
02:20:13 | INFO: Primitives created: 1
02:20:13 | INFO: Extracting primitive: COL_corridor_side.023
02:20:13 | INFO: Primitives created: 1
02:20:13 | INFO: Extracting primitive: COL_corridor_side.024
02:20:13 | INFO: Primitives created: 1
02:20:13 | INFO: Extracting primitive: COL_corridor_post.024
02:20:13 | INFO: Primitives created: 1
02:20:13 | INFO: Extracting primitive: COL_corridor_post.025
02:20:13 | INFO: Primitives created: 1
02:20:13 | INFO: Extracting primitive: COL_corridor_floor.014
02:20:13 | INFO: Primitives created: 1
02:20:13 | INFO: Extracting primitive: COL_corridor_side.025
02:20:13 | INFO: Primitives created: 1
02:20:13 | INFO: Extracting primitive: COL_corridor_side.026
02:20:13 | INFO: Primitives created: 1
02:20:13 | INFO: Extracting primitive: COL_corridor_post.026
02:20:13 | INFO: Primitives created: 1
02:20:13 | INFO: Extracting primitive: COL_corridor_post.027
02:20:13 | INFO: Primitives created: 1
02:20:13 | INFO: Extracting primitive: COL_corridor_floor.015
02:20:13 | INFO: Primitives created: 1
02:20:13 | INFO: Extracting primitive: COL_corridor_side.027
02:20:13 | INFO: Primitives created: 1
02:20:13 | INFO: Extracting primitive: COL_corridor_side.028
02:20:13 | INFO: Primitives created: 1
02:20:13 | INFO: Extracting primitive: COL_corridor_post.028
02:20:13 | INFO: Primitives created: 1
02:20:13 | INFO: Extracting primitive: COL_corridor_post.029
02:20:13 | INFO: Primitives created: 1
02:20:13 | INFO: Extracting primitive: COL_corridor_floor.016
02:20:13 | INFO: Primitives created: 1
02:20:13 | INFO: Extracting primitive: COL_corridor_side.029
02:20:13 | INFO: Primitives created: 1
02:20:13 | INFO: Extracting primitive: COL_corridor_side.030
02:20:13 | INFO: Primitives created: 1
02:20:13 | INFO: Extracting primitive: COL_corridor_post.030
02:20:13 | INFO: Primitives created: 1
02:20:13 | INFO: Extracting primitive: COL_corridor_post.031
02:20:13 | INFO: Primitives created: 1
02:20:13 | INFO: Extracting primitive: COL_qinfang_deck.001
02:20:13 | INFO: Primitives created: 1
02:20:13 | INFO: Extracting primitive: COL_pavilion_bench.001
02:20:13 | INFO: Primitives created: 1
02:20:13 | INFO: Extracting primitive: COL_pavilion_bench.002
02:20:13 | INFO: Primitives created: 1
02:20:13 | INFO: Extracting primitive: COL_pavilion_bracket.001
02:20:13 | INFO: Primitives created: 1
02:20:13 | INFO: Extracting primitive: COL_pavilion_bracket.002
02:20:13 | INFO: Primitives created: 1
02:20:13 | INFO: Extracting primitive: COL_pavilion_bracket.003
02:20:13 | INFO: Primitives created: 1
02:20:13 | INFO: Extracting primitive: COL_pavilion_bracket.004
02:20:13 | INFO: Primitives created: 1
02:20:13 | INFO: Extracting primitive: COL_pavilion_bracket.005
02:20:13 | INFO: Primitives created: 1
02:20:13 | INFO: Extracting primitive: COL_pavilion_bracket.006
02:20:13 | INFO: Primitives created: 1
02:20:13 | INFO: Extracting primitive: COL_pavilion_post.001
02:20:13 | INFO: Primitives created: 1
02:20:13 | INFO: Extracting primitive: COL_pavilion_post.002
02:20:13 | INFO: Primitives created: 1
02:20:13 | INFO: Extracting primitive: COL_pavilion_post.003
02:20:13 | INFO: Primitives created: 1
02:20:13 | INFO: Extracting primitive: COL_pavilion_post.004
02:20:13 | INFO: Primitives created: 1
02:20:13 | INFO: Extracting primitive: COL_pavilion_post.005
02:20:13 | INFO: Primitives created: 1
02:20:13 | INFO: Extracting primitive: COL_pavilion_post.006
02:20:13 | INFO: Primitives created: 1
02:20:13 | INFO: Extracting primitive: COL_pavilion_roof.001
02:20:13 | INFO: Primitives created: 1
02:20:13 | INFO: Extracting primitive: COL_qiushuang-zhai_floor.001
02:20:13 | INFO: Primitives created: 1
02:20:13 | INFO: Extracting primitive: Cube.009
02:20:13 | INFO: Primitives created: 1
02:20:13 | INFO: Extracting primitive: Cube.011
02:20:13 | INFO: Primitives created: 1
02:20:13 | INFO: Extracting primitive: Cube.012
02:20:13 | INFO: Primitives created: 1
02:20:13 | INFO: Extracting primitive: Cube.013
02:20:13 | INFO: Primitives created: 1
02:20:13 | INFO: Extracting primitive: Cube.019
02:20:13 | INFO: Primitives created: 1
02:20:13 | INFO: Extracting primitive: Cube.020
02:20:13 | INFO: Primitives created: 1
02:20:13 | INFO: Extracting primitive: Cube.023
02:20:13 | INFO: Primitives created: 1
02:20:13 | INFO: Extracting primitive: Cube.024
02:20:13 | INFO: Primitives created: 1
02:20:13 | INFO: Extracting primitive: Cube.048
02:20:13 | INFO: Primitives created: 1
02:20:13 | INFO: Extracting primitive: Cube.050
02:20:13 | INFO: Primitives created: 1
02:20:13 | INFO: Extracting primitive: Cube.052
02:20:13 | INFO: Primitives created: 1
02:20:13 | INFO: Extracting primitive: Cube.092
02:20:13 | INFO: Primitives created: 1
02:20:13 | INFO: Extracting primitive: Cube.093
02:20:13 | INFO: Primitives created: 1
02:20:13 | INFO: Extracting primitive: Cube.094
02:20:13 | INFO: Primitives created: 1
02:20:13 | INFO: Extracting primitive: Cube.095
02:20:13 | INFO: Primitives created: 1
02:20:13 | INFO: Extracting primitive: Cube.096
02:20:13 | INFO: Primitives created: 1
02:20:13 | INFO: Extracting primitive: Cube.097
02:20:13 | INFO: Primitives created: 1
02:20:13 | INFO: Extracting primitive: Cube.098
02:20:13 | INFO: Primitives created: 1
02:20:13 | INFO: Extracting primitive: Cube.099
02:20:13 | INFO: Primitives created: 1
02:20:13 | INFO: Extracting primitive: Cube.100
02:20:13 | INFO: Primitives created: 1
02:20:13 | INFO: Extracting primitive: Cube.101
02:20:13 | INFO: Primitives created: 1
02:20:13 | INFO: Extracting primitive: Cube.102
02:20:13 | INFO: Primitives created: 1
02:20:13 | INFO: Extracting primitive: Cube.103
02:20:13 | INFO: Primitives created: 1
02:20:13 | INFO: Extracting primitive: Cube.104
02:20:13 | INFO: Primitives created: 1
02:20:13 | INFO: Extracting primitive: Cube.105
02:20:13 | INFO: Primitives created: 1
02:20:13 | INFO: Extracting primitive: Cube.106
02:20:13 | INFO: Primitives created: 1
02:20:13 | INFO: Extracting primitive: Cube.107
02:20:13 | INFO: Primitives created: 1
02:20:13 | INFO: Extracting primitive: Cube.108
02:20:13 | INFO: Primitives created: 1
02:20:13 | INFO: Extracting primitive: Cube.109
02:20:13 | INFO: Primitives created: 1
02:20:13 | INFO: Extracting primitive: Cube.110
02:20:13 | INFO: Primitives created: 1
02:20:13 | INFO: Extracting primitive: Cube.111
02:20:13 | INFO: Primitives created: 1
02:20:13 | INFO: Extracting primitive: Cube.112
02:20:13 | INFO: Primitives created: 1
02:20:13 | INFO: Extracting primitive: Cube.113
02:20:13 | INFO: Primitives created: 1
02:20:13 | INFO: Extracting primitive: Cube.114
02:20:13 | INFO: Primitives created: 1
02:20:13 | INFO: Extracting primitive: Cube.115
02:20:13 | INFO: Primitives created: 1
02:20:13 | INFO: Extracting primitive: Cube.116
02:20:13 | INFO: Primitives created: 1
02:20:13 | INFO: Extracting primitive: Cube.117
02:20:13 | INFO: Primitives created: 1
02:20:13 | INFO: Extracting primitive: Cube.118
02:20:13 | INFO: Primitives created: 1
02:20:13 | INFO: Extracting primitive: Cube.119
02:20:13 | INFO: Primitives created: 1
02:20:13 | INFO: Extracting primitive: Cube.120
02:20:13 | INFO: Primitives created: 1
02:20:13 | INFO: Extracting primitive: Cube.121
02:20:13 | INFO: Primitives created: 1
02:20:13 | INFO: Extracting primitive: Cube.122
02:20:13 | INFO: Primitives created: 1
02:20:13 | INFO: Extracting primitive: Cube.123
02:20:13 | INFO: Primitives created: 1
02:20:13 | INFO: Extracting primitive: Cube.124
02:20:13 | INFO: Primitives created: 1
02:20:13 | INFO: Extracting primitive: Cube.125
02:20:13 | INFO: Primitives created: 1
02:20:13 | INFO: Extracting primitive: Cube.126
02:20:13 | INFO: Primitives created: 1
02:20:13 | INFO: Extracting primitive: Cube.127
02:20:13 | INFO: Primitives created: 1
02:20:13 | INFO: Extracting primitive: Cube.128
02:20:13 | INFO: Primitives created: 1
02:20:13 | INFO: Extracting primitive: Cube.129
02:20:13 | INFO: Primitives created: 1
02:20:13 | INFO: Extracting primitive: Cube.130
02:20:13 | INFO: Primitives created: 1
02:20:13 | INFO: Extracting primitive: Cube.131
02:20:13 | INFO: Primitives created: 1
02:20:13 | INFO: Extracting primitive: Cube.132
02:20:13 | INFO: Primitives created: 1
02:20:13 | INFO: Extracting primitive: Cube.133
02:20:13 | INFO: Primitives created: 1
02:20:13 | INFO: Extracting primitive: Cube.134
02:20:13 | INFO: Primitives created: 1
02:20:13 | INFO: Extracting primitive: Cube.135
02:20:13 | INFO: Primitives created: 1
02:20:13 | INFO: Extracting primitive: Cube.136
02:20:13 | INFO: Primitives created: 1
02:20:13 | INFO: Extracting primitive: Cube.137
02:20:13 | INFO: Primitives created: 1
02:20:13 | INFO: Extracting primitive: Cube.138
02:20:13 | INFO: Primitives created: 1
02:20:13 | INFO: Extracting primitive: Cube.139
02:20:13 | INFO: Primitives created: 1
02:20:13 | INFO: Extracting primitive: Cube.140
02:20:13 | INFO: Primitives created: 1
02:20:13 | INFO: Extracting primitive: Cube.141
02:20:13 | INFO: Primitives created: 1
02:20:13 | INFO: Extracting primitive: Cube.142
02:20:13 | INFO: Primitives created: 1
02:20:13 | INFO: Extracting primitive: Cube.143
02:20:13 | INFO: Primitives created: 1
02:20:13 | INFO: Extracting primitive: Cube.144
02:20:13 | INFO: Primitives created: 1
02:20:13 | INFO: Extracting primitive: Cube.193
02:20:13 | INFO: Primitives created: 1
02:20:13 | INFO: Extracting primitive: Cube.194
02:20:13 | INFO: Primitives created: 1
02:20:13 | INFO: Extracting primitive: Cube.195
02:20:13 | INFO: Primitives created: 1
02:20:13 | INFO: Extracting primitive: Cube.196
02:20:13 | INFO: Primitives created: 1
02:20:13 | INFO: Extracting primitive: Cube.197
02:20:13 | INFO: Primitives created: 1
02:20:13 | INFO: Extracting primitive: Cube.198
02:20:13 | INFO: Primitives created: 1
02:20:13 | INFO: Extracting primitive: Cube.199
02:20:13 | INFO: Primitives created: 1
02:20:13 | INFO: Extracting primitive: Cube.200
02:20:13 | INFO: Primitives created: 1
02:20:13 | INFO: Extracting primitive: COL_stone_walk.005
02:20:13 | INFO: Primitives created: 1
02:20:13 | INFO: Extracting primitive: COL_stone_walk.008
02:20:13 | INFO: Primitives created: 1
02:20:13 | INFO: Extracting primitive: COL_stone_walk.009
02:20:13 | INFO: Primitives created: 1
02:20:13 | INFO: Extracting primitive: COL_stone_walk.010
02:20:13 | INFO: Primitives created: 1
02:20:13 | INFO: Extracting primitive: COL_stone_walk.011
02:20:13 | INFO: Primitives created: 1
02:20:13 | INFO: Extracting primitive: COL_stone_walk.012
02:20:13 | INFO: Primitives created: 1
02:20:13 | INFO: Extracting primitive: COL_study_approach.002
02:20:13 | INFO: Primitives created: 1
02:20:13 | INFO: Extracting primitive: COL_study_desk_centre.002
02:20:13 | INFO: Primitives created: 1
02:20:13 | INFO: Extracting primitive: COL_study_desk_left.002
02:20:13 | INFO: Primitives created: 1
02:20:13 | INFO: Extracting primitive: COL_study_desk_right.002
02:20:13 | INFO: Primitives created: 1
02:20:13 | INFO: Extracting primitive: COL_study_front_walk.002
02:20:13 | INFO: Primitives created: 1
02:20:13 | INFO: Extracting primitive: COL_study_front_wall.002
02:20:13 | INFO: Primitives created: 1
02:20:13 | INFO: Extracting primitive: COL_study_post.001
02:20:13 | INFO: Primitives created: 1
02:20:13 | INFO: Extracting primitive: COL_study_post.002
02:20:13 | INFO: Primitives created: 1
02:20:13 | INFO: Extracting primitive: COL_study_post.003
02:20:13 | INFO: Primitives created: 1
02:20:13 | INFO: Extracting primitive: COL_study_post.008
02:20:13 | INFO: Primitives created: 1
02:20:13 | INFO: Extracting primitive: Cube.151
02:20:13 | INFO: Primitives created: 1
02:20:13 | INFO: Extracting primitive: Cube.152
02:20:13 | INFO: Primitives created: 1
02:20:13 | INFO: Extracting primitive: Cube.153
02:20:13 | INFO: Primitives created: 1
02:20:13 | INFO: Extracting primitive: Cube.154
02:20:13 | INFO: Primitives created: 1
02:20:13 | INFO: Extracting primitive: Cube.155
02:20:13 | INFO: Primitives created: 1
02:20:13 | INFO: Extracting primitive: Cube.156
02:20:13 | INFO: Primitives created: 1
02:20:13 | INFO: Extracting primitive: Cube.157
02:20:13 | INFO: Primitives created: 1
02:20:13 | INFO: Extracting primitive: Cube.158
02:20:13 | INFO: Primitives created: 1
02:20:13 | INFO: Extracting primitive: Cube.159
02:20:13 | INFO: Primitives created: 1
02:20:13 | INFO: Extracting primitive: Cube.160
02:20:13 | INFO: Primitives created: 1
02:20:13 | INFO: Extracting primitive: Cube.161
02:20:13 | INFO: Primitives created: 1
02:20:13 | INFO: Extracting primitive: Cube.162
02:20:13 | INFO: Primitives created: 1
02:20:13 | INFO: Extracting primitive: Cube.163
02:20:13 | INFO: Primitives created: 1
02:20:13 | INFO: Extracting primitive: Cube.164
02:20:13 | INFO: Primitives created: 1
02:20:13 | INFO: Extracting primitive: Cube.165
02:20:13 | INFO: Primitives created: 1
02:20:13 | INFO: Extracting primitive: Cube.166
02:20:13 | INFO: Primitives created: 1
02:20:13 | INFO: Extracting primitive: Cube.167
02:20:13 | INFO: Primitives created: 1
02:20:13 | INFO: Extracting primitive: Cube.168
02:20:13 | INFO: Primitives created: 1
02:20:13 | INFO: Extracting primitive: Cube.169
02:20:13 | INFO: Primitives created: 1
02:20:13 | INFO: Extracting primitive: Cube.170
02:20:13 | INFO: Primitives created: 1
02:20:13 | INFO: Extracting primitive: Cube.171
02:20:13 | INFO: Primitives created: 1
02:20:13 | INFO: Extracting primitive: Cube.172
02:20:13 | INFO: Primitives created: 1
02:20:13 | INFO: Extracting primitive: Cube.173
02:20:13 | INFO: Primitives created: 1
02:20:13 | INFO: Extracting primitive: Cube.174
02:20:13 | INFO: Primitives created: 1
02:20:13 | INFO: Extracting primitive: Cube.175
02:20:13 | INFO: Primitives created: 1
02:20:13 | INFO: Extracting primitive: Cube.176
02:20:13 | INFO: Primitives created: 1
02:20:13 | INFO: Extracting primitive: Cube.177
02:20:13 | INFO: Primitives created: 1
02:20:13 | INFO: Extracting primitive: Cube.178
02:20:13 | INFO: Primitives created: 1
02:20:13 | INFO: Extracting primitive: Cube.179
02:20:13 | INFO: Primitives created: 1
02:20:13 | INFO: Extracting primitive: Cube.180
02:20:13 | INFO: Primitives created: 1
02:20:13 | INFO: Extracting primitive: Cube.201
02:20:13 | INFO: Primitives created: 1
02:20:13 | INFO: Extracting primitive: Cube.202
02:20:13 | INFO: Primitives created: 1
02:20:13 | INFO: Extracting primitive: Cube.203
02:20:13 | INFO: Primitives created: 1
02:20:13 | INFO: Extracting primitive: Cube.181
02:20:13 | INFO: Primitives created: 1
02:20:13 | INFO: Extracting primitive: Cube.182
02:20:13 | INFO: Primitives created: 1
02:20:13 | INFO: Extracting primitive: Cube.183
02:20:13 | INFO: Primitives created: 1
02:20:13 | INFO: Extracting primitive: Cube.184
02:20:13 | INFO: Primitives created: 1
02:20:13 | INFO: Extracting primitive: Cube.185
02:20:13 | INFO: Primitives created: 1
02:20:13 | INFO: Extracting primitive: Cube.186
02:20:13 | INFO: Primitives created: 1
02:20:13 | INFO: Extracting primitive: Cube.187
02:20:13 | INFO: Primitives created: 1
02:20:13 | INFO: Extracting primitive: Cube.188
02:20:13 | INFO: Primitives created: 1
02:20:13 | INFO: Extracting primitive: Cube.189
02:20:13 | INFO: Primitives created: 1
02:20:13 | INFO: Extracting primitive: Cube.190
02:20:13 | INFO: Primitives created: 1
02:20:13 | INFO: Extracting primitive: Cube.191
02:20:13 | INFO: Primitives created: 1
02:20:13 | INFO: Extracting primitive: Cube.192
02:20:13 | INFO: Primitives created: 1
02:20:13 | INFO: Extracting primitive: COL_tubi-tang_floor.001
02:20:13 | INFO: Primitives created: 1
02:20:13 | INFO: Extracting primitive: COL_tubi_approach.001
02:20:13 | INFO: Primitives created: 1
02:20:13 | INFO: Extracting primitive: COL_tubi_approach.002
02:20:13 | INFO: Primitives created: 1
02:20:13 | INFO: Extracting primitive: COL_tubi_approach.007
02:20:14 | INFO: Primitives created: 1
02:20:14 | INFO: Extracting primitive: COL_tubi_approach.008
02:20:14 | INFO: Primitives created: 1
02:20:14 | INFO: Extracting primitive: COL_tubi_closed_hall.002
02:20:14 | INFO: Primitives created: 1
02:20:14 | INFO: Extracting primitive: COL_tubi_hall_post.001
02:20:14 | INFO: Primitives created: 1
02:20:14 | INFO: Extracting primitive: COL_tubi_hall_post.002
02:20:14 | INFO: Primitives created: 1
02:20:14 | INFO: Extracting primitive: COL_tubi_hall_post.006
02:20:14 | INFO: Primitives created: 1
02:20:14 | INFO: Extracting primitive: COL_tubi_parapet.001
02:20:14 | INFO: Primitives created: 1
02:20:14 | INFO: Extracting primitive: COL_tubi_parapet.002
02:20:14 | INFO: Primitives created: 1
02:20:14 | INFO: Extracting primitive: COL_tubi_parapet.003
02:20:14 | INFO: Primitives created: 1
02:20:14 | INFO: Extracting primitive: COL_tubi_parapet.008
02:20:14 | INFO: Primitives created: 1
02:20:14 | INFO: Extracting primitive: COL_tubi_stair_guard.001
02:20:14 | INFO: Primitives created: 1
02:20:14 | INFO: Extracting primitive: COL_tubi_stair_guard.004
02:20:14 | INFO: Primitives created: 1
02:20:14 | INFO: Extracting primitive: COL_tubi_stair_ramp.002
02:20:14 | INFO: Primitives created: 1
02:20:14 | INFO: Extracting primitive: COL_tubi_terrace.002
02:20:14 | INFO: Primitives created: 1
02:20:14 | INFO: Extracting primitive: COL_tubi_topic_table.002
02:20:14 | INFO: Primitives created: 1
02:20:14 | INFO: Extracting primitive: COL_tubi_view_bench_left.001
02:20:14 | INFO: Primitives created: 1
02:20:14 | INFO: Extracting primitive: COL_tubi_view_bench_right.001
02:20:14 | INFO: Primitives created: 1
02:20:14 | INFO: Extracting primitive: COL_water_embankment.082
02:20:14 | INFO: Primitives created: 1
02:20:14 | INFO: Extracting primitive: COL_water_embankment.083
02:20:14 | INFO: Primitives created: 1
02:20:14 | INFO: Extracting primitive: COL_water_embankment.084
02:20:14 | INFO: Primitives created: 1
02:20:14 | INFO: Extracting primitive: COL_water_embankment.085
02:20:14 | INFO: Primitives created: 1
02:20:14 | INFO: Extracting primitive: COL_water_embankment.086
02:20:14 | INFO: Primitives created: 1
02:20:14 | INFO: Extracting primitive: COL_water_embankment.087
02:20:14 | INFO: Primitives created: 1
02:20:14 | INFO: Extracting primitive: COL_water_embankment.088
02:20:14 | INFO: Primitives created: 1
02:20:14 | INFO: Extracting primitive: COL_water_embankment.089
02:20:14 | INFO: Primitives created: 1
02:20:14 | INFO: Extracting primitive: COL_water_embankment.090
02:20:14 | INFO: Primitives created: 1
02:20:14 | INFO: Extracting primitive: COL_water_embankment.091
02:20:14 | INFO: Primitives created: 1
02:20:14 | INFO: Extracting primitive: COL_water_embankment.092
02:20:14 | INFO: Primitives created: 1
02:20:14 | INFO: Extracting primitive: COL_water_embankment.093
02:20:14 | INFO: Primitives created: 1
02:20:14 | INFO: Extracting primitive: COL_water_embankment.094
02:20:14 | INFO: Primitives created: 1
02:20:14 | INFO: Extracting primitive: COL_water_embankment.095
02:20:14 | INFO: Primitives created: 1
02:20:14 | INFO: Extracting primitive: COL_water_embankment.096
02:20:14 | INFO: Primitives created: 1
02:20:14 | INFO: Extracting primitive: COL_water_embankment.097
02:20:14 | INFO: Primitives created: 1
02:20:14 | INFO: Extracting primitive: COL_water_embankment.098
02:20:14 | INFO: Primitives created: 1
02:20:14 | INFO: Extracting primitive: COL_water_embankment.099
02:20:14 | INFO: Primitives created: 1
02:20:14 | INFO: Extracting primitive: COL_water_embankment.100
02:20:14 | INFO: Primitives created: 1
02:20:14 | INFO: Extracting primitive: COL_water_embankment.101
02:20:14 | INFO: Primitives created: 1
02:20:14 | INFO: Extracting primitive: COL_water_embankment.102
02:20:14 | INFO: Primitives created: 1
02:20:14 | INFO: Extracting primitive: COL_water_embankment.103
02:20:14 | INFO: Primitives created: 1
02:20:14 | INFO: Extracting primitive: COL_water_embankment.104
02:20:14 | INFO: Primitives created: 1
02:20:14 | INFO: Extracting primitive: COL_water_embankment.105
02:20:14 | INFO: Primitives created: 1
02:20:14 | INFO: Extracting primitive: COL_water_embankment.106
02:20:14 | INFO: Primitives created: 1
02:20:14 | INFO: Extracting primitive: COL_water_embankment.107
02:20:14 | INFO: Primitives created: 1
02:20:14 | INFO: Extracting primitive: COL_water_embankment.108
02:20:14 | INFO: Primitives created: 1
02:20:14 | INFO: Extracting primitive: COL_water_embankment.055
02:20:14 | INFO: Primitives created: 1
02:20:14 | INFO: Extracting primitive: COL_water_embankment.056
02:20:14 | INFO: Primitives created: 1
02:20:14 | INFO: Extracting primitive: COL_water_embankment.057
02:20:14 | INFO: Primitives created: 1
02:20:14 | INFO: Extracting primitive: COL_water_embankment.058
02:20:14 | INFO: Primitives created: 1
02:20:14 | INFO: Extracting primitive: COL_water_embankment.059
02:20:14 | INFO: Primitives created: 1
02:20:14 | INFO: Extracting primitive: COL_water_embankment.060
02:20:14 | INFO: Primitives created: 1
02:20:14 | INFO: Extracting primitive: COL_water_embankment.061
02:20:14 | INFO: Primitives created: 1
02:20:14 | INFO: Extracting primitive: COL_water_embankment.062
02:20:14 | INFO: Primitives created: 1
02:20:14 | INFO: Extracting primitive: COL_water_embankment.063
02:20:14 | INFO: Primitives created: 1
02:20:14 | INFO: Extracting primitive: COL_water_embankment.064
02:20:14 | INFO: Primitives created: 1
02:20:14 | INFO: Extracting primitive: COL_water_embankment.065
02:20:14 | INFO: Primitives created: 1
02:20:14 | INFO: Extracting primitive: COL_water_embankment.066
02:20:14 | INFO: Primitives created: 1
02:20:14 | INFO: Extracting primitive: COL_water_embankment.067
02:20:14 | INFO: Primitives created: 1
02:20:14 | INFO: Extracting primitive: COL_water_embankment.068
02:20:14 | INFO: Primitives created: 1
02:20:14 | INFO: Extracting primitive: COL_water_embankment.069
02:20:14 | INFO: Primitives created: 1
02:20:14 | INFO: Extracting primitive: COL_water_embankment.070
02:20:14 | INFO: Primitives created: 1
02:20:14 | INFO: Extracting primitive: COL_water_embankment.071
02:20:14 | INFO: Primitives created: 1
02:20:14 | INFO: Extracting primitive: COL_water_embankment.072
02:20:14 | INFO: Primitives created: 1
02:20:14 | INFO: Extracting primitive: COL_water_embankment.073
02:20:14 | INFO: Primitives created: 1
02:20:14 | INFO: Extracting primitive: COL_water_embankment.074
02:20:14 | INFO: Primitives created: 1
02:20:14 | INFO: Extracting primitive: COL_water_embankment.075
02:20:14 | INFO: Primitives created: 1
02:20:14 | INFO: Extracting primitive: COL_water_embankment.076
02:20:14 | INFO: Primitives created: 1
02:20:14 | INFO: Extracting primitive: COL_water_embankment.077
02:20:14 | INFO: Primitives created: 1
02:20:14 | INFO: Extracting primitive: COL_water_embankment.078
02:20:14 | INFO: Primitives created: 1
02:20:14 | INFO: Extracting primitive: COL_water_embankment.079
02:20:14 | INFO: Primitives created: 1
02:20:14 | INFO: Extracting primitive: COL_water_embankment.080
02:20:14 | INFO: Primitives created: 1
02:20:14 | INFO: Extracting primitive: COL_water_embankment.081
02:20:14 | INFO: Primitives created: 1
02:20:14 | INFO: Extracting primitive: COL_water_bridge_side.001
02:20:14 | INFO: Primitives created: 1
02:20:14 | INFO: Extracting primitive: COL_water_bridge_side.004
02:20:14 | INFO: Primitives created: 1
02:20:14 | INFO: Extracting primitive: COL_water_bridge_deck.002
02:20:14 | INFO: Primitives created: 1
02:20:14 | INFO: Extracting primitive: COL_xiaoxiang_bamboo_bed.004
02:20:14 | INFO: Primitives created: 1
02:20:14 | INFO: Extracting primitive: COL_xiaoxiang_bamboo_bed.005
02:20:14 | INFO: Primitives created: 1
02:20:14 | INFO: Extracting primitive: COL_xiaoxiang_bamboo_bed.006
02:20:14 | INFO: Primitives created: 1
02:20:14 | INFO: Extracting primitive: COL_xiaoxiang_bamboo_bed.007
02:20:14 | INFO: Primitives created: 1
02:20:14 | INFO: Extracting primitive: COL_xiaoxiang_closed_front.001
02:20:14 | INFO: Primitives created: 1
02:20:14 | INFO: Extracting primitive: COL_xiaoxiang_floor.001
02:20:14 | INFO: Primitives created: 1
02:20:14 | INFO: Extracting primitive: COL_xiaoxiang_return.002
02:20:14 | INFO: Primitives created: 1
02:20:14 | INFO: Extracting primitive: COL_xiaoxiang_return.003
02:20:14 | INFO: Primitives created: 1
02:20:14 | INFO: Extracting primitive: COL_xiaoxiang_threshold.001
02:20:14 | INFO: Primitives created: 1
02:20:14 | INFO: Extracting primitive: COL_yihong_closed_front.002
02:20:14 | INFO: Primitives created: 1
02:20:14 | INFO: Extracting primitive: COL_yihong_court_side.001
02:20:14 | INFO: Primitives created: 1
02:20:14 | INFO: Extracting primitive: COL_yihong_court_side.004
02:20:14 | INFO: Primitives created: 1
02:20:14 | INFO: Extracting primitive: COL_yihong_floor.002
02:20:14 | INFO: Primitives created: 1
02:20:14 | INFO: Extracting primitive: COL_yihong_planter.001
02:20:14 | INFO: Primitives created: 1
02:20:14 | INFO: Extracting primitive: COL_yihong_planter.004
02:20:14 | INFO: Primitives created: 1
02:20:14 | INFO: Extracting primitive: COL_yihong_side_return.001
02:20:14 | INFO: Primitives created: 1
02:20:14 | INFO: Extracting primitive: COL_yihong_side_return.004
02:20:14 | INFO: Primitives created: 1
02:20:14 | INFO: Extracting primitive: COL_yihong_threshold.002
02:20:14 | INFO: Primitives created: 1
02:20:14 | INFO: Extracting primitive: COL_ziling_landing.001
02:20:14 | INFO: Primitives created: 1
02:20:14 | INFO: Extracting primitive: HERO_aojing-guan_title.002
02:20:14 | WARNING: More than one shader node tex image used for a texture. The resulting glTF sampler will behave like the first shader node tex image.
02:20:14 | INFO: Primitives created: 1
02:20:14 | INFO: Extracting primitive: HERO_daguan_title.001
02:20:14 | WARNING: More than one shader node tex image used for a texture. The resulting glTF sampler will behave like the first shader node tex image.
02:20:14 | INFO: Primitives created: 1
02:20:14 | INFO: Extracting primitive: HERO_daoxiang-cun_title.002
02:20:14 | WARNING: More than one shader node tex image used for a texture. The resulting glTF sampler will behave like the first shader node tex image.
02:20:14 | INFO: Primitives created: 1
02:20:14 | INFO: Extracting primitive: KIT_flora_plum_render.001
02:20:14 | WARNING: More than one shader node tex image used for a texture. The resulting glTF sampler will behave like the first shader node tex image.
02:20:14 | INFO: Primitives created: 1
02:20:14 | INFO: Extracting primitive: KIT_flora_plum_render.002
02:20:14 | INFO: Primitives created: 1
02:20:14 | INFO: Extracting primitive: KIT_flora_bamboo_large_render.001
02:20:14 | INFO: Primitives created: 1
02:20:14 | INFO: Extracting primitive: KIT_flora_bamboo_large_render.002
02:20:14 | INFO: Primitives created: 1
02:20:14 | INFO: Extracting primitive: KIT_flora_bamboo_small_render.001
02:20:14 | INFO: Primitives created: 1
02:20:14 | INFO: Extracting primitive: KIT_flora_willow_render.001
02:20:14 | INFO: Primitives created: 1
02:20:14 | INFO: Extracting primitive: KIT_flora_willow_render.002
02:20:14 | INFO: Primitives created: 1
02:20:14 | INFO: Extracting primitive: KIT_flora_bamboo_large_render.003
02:20:14 | INFO: Primitives created: 1
02:20:14 | INFO: Extracting primitive: KIT_flora_bamboo_medium_render.001
02:20:14 | INFO: Primitives created: 1
02:20:14 | INFO: Extracting primitive: KIT_flora_bamboo_small_render.002
02:20:14 | INFO: Primitives created: 1
02:20:14 | INFO: Extracting primitive: KIT_flora_bamboo_large_render.004
02:20:14 | INFO: Primitives created: 1
02:20:14 | INFO: Extracting primitive: KIT_flora_banana_render.001
02:20:14 | INFO: Primitives created: 1
02:20:14 | INFO: Extracting primitive: KIT_flora_banana_render.002
02:20:14 | INFO: Primitives created: 1
02:20:14 | INFO: Extracting primitive: TEMP_reed_geometry.001
02:20:14 | INFO: Primitives created: 1
02:20:14 | INFO: Extracting primitive: TEMP_reed_geometry.002
02:20:14 | INFO: Primitives created: 1
02:20:14 | INFO: Extracting primitive: TEMP_reed_geometry.003
02:20:14 | INFO: Primitives created: 1
02:20:14 | INFO: Extracting primitive: TEMP_reed_geometry.004
02:20:14 | INFO: Primitives created: 1
02:20:14 | INFO: Extracting primitive: TEMP_reed_geometry.005
02:20:14 | INFO: Primitives created: 1
02:20:14 | INFO: Extracting primitive: TEMP_reed_geometry.006
02:20:14 | INFO: Primitives created: 1
02:20:14 | INFO: Extracting primitive: TEMP_reed_geometry.007
02:20:14 | INFO: Primitives created: 1
02:20:14 | INFO: Extracting primitive: TEMP_reed_geometry.008
02:20:14 | INFO: Primitives created: 1
02:20:14 | INFO: Extracting primitive: TEMP_reed_geometry.009
02:20:14 | INFO: Primitives created: 1
02:20:14 | INFO: Extracting primitive: TEMP_reed_geometry.010
02:20:14 | INFO: Primitives created: 1
02:20:14 | INFO: Extracting primitive: HERO_gate_inscription.001
02:20:14 | WARNING: More than one shader node tex image used for a texture. The resulting glTF sampler will behave like the first shader node tex image.
02:20:14 | INFO: Primitives created: 1
02:20:14 | INFO: Extracting primitive: HERO_gate_water_drips.001
02:20:14 | WARNING: More than one shader node tex image used for a texture. The resulting glTF sampler will behave like the first shader node tex image.
02:20:14 | INFO: Primitives created: 1
02:20:14 | INFO: Extracting primitive: HERO_hengwu-yuan_title.002
02:20:14 | WARNING: More than one shader node tex image used for a texture. The resulting glTF sampler will behave like the first shader node tex image.
02:20:14 | INFO: Primitives created: 1
02:20:14 | INFO: Extracting primitive: HERO_longcui-an_title.002
02:20:14 | WARNING: More than one shader node tex image used for a texture. The resulting glTF sampler will behave like the first shader node tex image.
02:20:14 | INFO: Primitives created: 1
02:20:14 | INFO: Extracting primitive: HERO_qinfang-ting_title.002
02:20:14 | WARNING: More than one shader node tex image used for a texture. The resulting glTF sampler will behave like the first shader node tex image.
02:20:14 | INFO: Primitives created: 1
02:20:14 | INFO: Extracting primitive: HERO_qinfang_bridge.001
02:20:14 | INFO: Primitives created: 1
02:20:14 | INFO: Extracting primitive: HERO_study_scroll_bamboo.002
02:20:14 | INFO: Primitives created: 1
02:20:14 | INFO: Extracting primitive: HERO_study_scroll_plum.002
02:20:14 | INFO: Primitives created: 1
02:20:14 | INFO: Extracting primitive: HERO_study_title.002
02:20:14 | WARNING: More than one shader node tex image used for a texture. The resulting glTF sampler will behave like the first shader node tex image.
02:20:14 | INFO: Primitives created: 1
02:20:14 | INFO: Extracting primitive: HERO_table_hexagram.001
02:20:14 | INFO: Primitives created: 1
02:20:14 | INFO: Extracting primitive: line_piece.005
02:20:14 | WARNING: More than one shader node tex image used for a texture. The resulting glTF sampler will behave like the first shader node tex image.
02:20:14 | INFO: Primitives created: 1
02:20:14 | INFO: Extracting primitive: line_piece.002
02:20:14 | INFO: Primitives created: 1
02:20:14 | INFO: Extracting primitive: line_piece.011
02:20:14 | INFO: Primitives created: 1
02:20:14 | INFO: Extracting primitive: line_piece.008
02:20:14 | INFO: Primitives created: 1
02:20:14 | INFO: Extracting primitive: line_piece.017
02:20:14 | INFO: Primitives created: 1
02:20:14 | INFO: Extracting primitive: line_piece.014
02:20:14 | INFO: Primitives created: 1
02:20:14 | INFO: Extracting primitive: line_piece.019
02:20:14 | INFO: Primitives created: 1
02:20:14 | INFO: Extracting primitive: line_piece.018
02:20:14 | INFO: Primitives created: 1
02:20:14 | INFO: Extracting primitive: line_piece.021
02:20:14 | INFO: Primitives created: 1
02:20:14 | INFO: Extracting primitive: line_piece.020
02:20:14 | INFO: Primitives created: 1
02:20:14 | INFO: Extracting primitive: line_piece.023
02:20:14 | INFO: Primitives created: 1
02:20:14 | INFO: Extracting primitive: line_piece.022
02:20:14 | INFO: Primitives created: 1
02:20:14 | INFO: Extracting primitive: HERO_table_pedestal.001
02:20:14 | INFO: Primitives created: 1
02:20:14 | INFO: Extracting primitive: HERO_tubi_title.002
02:20:14 | WARNING: More than one shader node tex image used for a texture. The resulting glTF sampler will behave like the first shader node tex image.
02:20:14 | INFO: Primitives created: 1
02:20:14 | INFO: Extracting primitive: HERO_xiaoxiang-guan_title.002
02:20:14 | WARNING: More than one shader node tex image used for a texture. The resulting glTF sampler will behave like the first shader node tex image.
02:20:14 | INFO: Primitives created: 1
02:20:14 | INFO: Extracting primitive: HERO_yihong-yuan_title.002
02:20:14 | WARNING: More than one shader node tex image used for a texture. The resulting glTF sampler will behave like the first shader node tex image.
02:20:14 | INFO: Primitives created: 1
02:20:14 | INFO: Extracting primitive: AOJING_pond.002
02:20:14 | INFO: Primitives created: 1
02:20:14 | INFO: Extracting primitive: AOJING_backstage.002
02:20:14 | INFO: Primitives created: 1
02:20:14 | INFO: Extracting primitive: AOJING_amber_window.002
02:20:14 | INFO: Primitives created: 1
02:20:14 | INFO: Extracting primitive: AOJING_window_lattice.001
02:20:14 | INFO: Primitives created: 1
02:20:14 | INFO: Extracting primitive: AOJING_dry_ledge.002
02:20:14 | INFO: Primitives created: 1
02:20:14 | INFO: Extracting primitive: AOJING_roof.002
02:20:14 | INFO: Primitives created: 1
02:20:14 | INFO: Extracting primitive: AOJING_closed_front.002
02:20:14 | INFO: Primitives created: 1
02:20:14 | INFO: Extracting primitive: DAGUAN_backstage.001
02:20:14 | INFO: Primitives created: 1
02:20:14 | INFO: Extracting primitive: DAGUAN_door_stud.180
02:20:14 | INFO: Primitives created: 1
02:20:14 | INFO: Extracting primitive: DAGUAN_amber_transom.002
02:20:14 | INFO: Primitives created: 1
02:20:14 | INFO: Extracting primitive: DAGUAN_closed_door.010
02:20:14 | INFO: Primitives created: 1
02:20:14 | INFO: Extracting primitive: DAGUAN_recessed_panel.020
02:20:14 | INFO: Primitives created: 1
02:20:14 | INFO: Extracting primitive: DAGUAN_column.006
02:20:14 | INFO: Primitives created: 1
02:20:14 | INFO: Extracting primitive: DAGUAN_platform.001
02:20:14 | INFO: Primitives created: 1
02:20:14 | INFO: Extracting primitive: DAGUAN_lower_roof.001
02:20:14 | INFO: Primitives created: 1
02:20:14 | INFO: Extracting primitive: DAGUAN_front.001
02:20:14 | INFO: Primitives created: 1
02:20:14 | INFO: Extracting primitive: DAOXIANG_backstage.001
02:20:14 | INFO: Primitives created: 1
02:20:14 | INFO: Extracting primitive: DAOXIANG_door_latch.001
02:20:14 | INFO: Primitives created: 1
02:20:14 | INFO: Extracting primitive: DAOXIANG_warm_sliver.001
02:20:14 | INFO: Primitives created: 1
02:20:14 | INFO: Extracting primitive: DAOXIANG_closed_door.001
02:20:14 | INFO: Primitives created: 1
02:20:14 | INFO: Extracting primitive: DAOXIANG_paddy_painting.001
02:20:14 | INFO: Primitives created: 1
02:20:14 | INFO: Extracting primitive: DAOXIANG_court.001
02:20:14 | INFO: Primitives created: 1
02:20:14 | INFO: Extracting primitive: DAOXIANG_thatch_mass.001
02:20:14 | INFO: Primitives created: 1
02:20:14 | INFO: Extracting primitive: DAOXIANG_front.001
02:20:14 | INFO: Primitives created: 1
02:20:14 | INFO: Extracting primitive: SITE_hengwu-yuan_backstage.001
02:20:14 | INFO: Primitives created: 1
02:20:14 | INFO: Extracting primitive: KIT_pavilion_finial.011
02:20:14 | INFO: Primitives created: 1
02:20:14 | INFO: Extracting primitive: KIT_wall_amber_window.006
02:20:14 | INFO: Primitives created: 1
02:20:14 | INFO: Extracting primitive: HENGWU_herb_leaf.001
02:20:14 | INFO: Primitives created: 1
02:20:14 | INFO: Extracting primitive: KIT_wall_lattice_vertical.105
02:20:14 | INFO: Primitives created: 1
02:20:14 | INFO: Extracting primitive: SITE_hengwu-yuan_platform_partitioned.001
02:20:14 | INFO: Primitives created: 1
02:20:14 | INFO: Extracting primitive: KIT_props_lantern_hanging_render.015
02:20:14 | WARNING: More than one shader node tex image used for a texture. The resulting glTF sampler will behave like the first shader node tex image.
02:20:14 | INFO: Primitives created: 1
02:20:14 | INFO: Extracting primitive: KIT_pavilion_roof.011
02:20:14 | INFO: Primitives created: 1
02:20:14 | INFO: Extracting primitive: KIT_wall_bay.001
02:20:14 | WARNING: More than one shader node tex image used for a texture. The resulting glTF sampler will behave like the first shader node tex image.
02:20:14 | INFO: Primitives created: 1
02:20:14 | INFO: Extracting primitive: SITE_hengwu-yuan_front.001
02:20:14 | INFO: Primitives created: 1
02:20:14 | INFO: Extracting primitive: LONGCUI_backstage.001
02:20:14 | INFO: Primitives created: 1
02:20:14 | INFO: Extracting primitive: LONGCUI_gate_pull.002
02:20:14 | INFO: Primitives created: 1
02:20:14 | INFO: Extracting primitive: LONGCUI_closed_gate.002
02:20:14 | INFO: Primitives created: 1
02:20:14 | INFO: Extracting primitive: LONGCUI_paving.001
02:20:14 | INFO: Primitives created: 1
02:20:14 | INFO: Extracting primitive: KIT_props_lantern_hanging_render.016
02:20:14 | INFO: Primitives created: 1
02:20:14 | INFO: Extracting primitive: LONGCUI_wall_cap.001
02:20:14 | INFO: Primitives created: 1
02:20:14 | INFO: Extracting primitive: LONGCUI_closed_front.001
02:20:14 | INFO: Primitives created: 1
02:20:14 | INFO: Extracting primitive: KIT_props_tea_cup.006
02:20:14 | INFO: Primitives created: 1
02:20:14 | INFO: Extracting primitive: SITE_ouxiang_deck.001
02:20:14 | INFO: Primitives created: 1
02:20:14 | INFO: Extracting primitive: WESTERN_kit_lotus_lotus_pad.001
02:20:14 | INFO: Primitives created: 1
02:20:14 | INFO: Extracting primitive: KIT_pavilion_water_pier.004
02:20:14 | INFO: Primitives created: 1
02:20:14 | INFO: Extracting primitive: KIT_props_lantern_hanging_render.013
02:20:14 | INFO: Primitives created: 1
02:20:14 | INFO: Extracting primitive: KIT_pavilion_water_hipped_roof.001
02:20:14 | INFO: Primitives created: 1
02:20:14 | INFO: Extracting primitive: KIT_corridor_rail.008
02:20:14 | INFO: Primitives created: 1
02:20:14 | INFO: Extracting primitive: KIT_water_lotus_lotus_pad.001
02:20:14 | INFO: Primitives created: 1
02:20:14 | INFO: Extracting primitive: KIT_pavilion_roof_shell.001
02:20:14 | INFO: Primitives created: 1
02:20:14 | INFO: Extracting primitive: KIT_pavilion_plinth.001
02:20:14 | INFO: Primitives created: 1
02:20:14 | INFO: Extracting primitive: KIT_props_lantern_hanging_render.001
02:20:14 | INFO: Primitives created: 1
02:20:14 | INFO: Extracting primitive: KIT_water_stream.001
02:20:14 | INFO: Primitives created: 1
02:20:14 | INFO: Extracting primitive: SITE_qiushuang-zhai_backstage.001
02:20:14 | INFO: Primitives created: 1
02:20:14 | INFO: Extracting primitive: KIT_pavilion_finial.005
02:20:14 | INFO: Primitives created: 1
02:20:14 | INFO: Extracting primitive: KIT_wall_lattice_vertical.042
02:20:14 | INFO: Primitives created: 1
02:20:14 | INFO: Extracting primitive: SITE_qiushuang-zhai_platform.001
02:20:14 | INFO: Primitives created: 1
02:20:14 | INFO: Extracting primitive: KIT_props_lantern_hanging_render.010
02:20:14 | INFO: Primitives created: 1
02:20:14 | INFO: Extracting primitive: KIT_pavilion_roof.005
02:20:14 | INFO: Primitives created: 1
02:20:14 | INFO: Extracting primitive: KIT_tech_terminal_desk_render.007
02:20:14 | WARNING: More than one shader node tex image used for a texture. The resulting glTF sampler will behave like the first shader node tex image.
02:20:14 | INFO: Primitives created: 1
02:20:14 | INFO: Extracting primitive: SITE_qiushuang-zhai_front.001
02:20:14 | INFO: Primitives created: 1
02:20:14 | INFO: Extracting primitive: GATE_banana_pseudostem.001
02:20:14 | INFO: Primitives created: 1
02:20:14 | INFO: Extracting primitive: GATE_banana_soil.001
02:20:14 | INFO: Primitives created: 1
02:20:14 | INFO: Extracting primitive: KIT_rockery_passage.001
02:20:14 | INFO: Primitives created: 1
02:20:14 | INFO: Extracting primitive: GATE_paving_partitioned.001
02:20:14 | INFO: Primitives created: 1
02:20:14 | INFO: Extracting primitive: KIT_props_lantern_hanging_render.008
02:20:14 | INFO: Primitives created: 1
02:20:14 | INFO: Extracting primitive: KIT_stage_fog_plane_render.017
02:20:14 | INFO: Primitives created: 1
02:20:14 | INFO: Extracting primitive: KIT_stage_floor.001
02:20:14 | INFO: Primitives created: 1
02:20:14 | INFO: Extracting primitive: AOJING_approach_guard.001
02:20:14 | INFO: Primitives created: 1
02:20:14 | INFO: Extracting primitive: KIT_stage_painted_moon.001
02:20:14 | INFO: Primitives created: 1
02:20:14 | INFO: Extracting primitive: KIT_stage_painted_mountain_layer.003
02:20:14 | INFO: Primitives created: 1
02:20:14 | INFO: Extracting primitive: KIT_stage_painted_mountain_layer.004
02:20:14 | INFO: Primitives created: 1
02:20:14 | INFO: Extracting primitive: KIT_stage_painted_mountain_layer.005
02:20:14 | INFO: Primitives created: 1
02:20:14 | INFO: Extracting primitive: KIT_water_stone_walk.001_partitioned.001
02:20:14 | INFO: Primitives created: 1
02:20:14 | INFO: Extracting primitive: Painted coved ceiling candidate.001
02:20:14 | INFO: Primitives created: 1
02:20:14 | INFO: Extracting primitive: KIT_stage_painted_canvas.002
02:20:14 | INFO: Primitives created: 1
02:20:14 | INFO: Extracting primitive: Eight painted cyclorama arcs.001
02:20:14 | WARNING: More than one shader node tex image used for a texture. The resulting glTF sampler will behave like the first shader node tex image.
02:20:14 | INFO: Primitives created: 2
02:20:14 | INFO: Extracting primitive: KIT_stage_fog_plane_render.002
02:20:14 | INFO: Primitives created: 1
02:20:14 | INFO: Extracting primitive: KIT_tech_cell_side.012
02:20:14 | INFO: Primitives created: 1
02:20:14 | INFO: Extracting primitive: KIT_wall_window_bar.030
02:20:14 | INFO: Primitives created: 1
02:20:14 | INFO: Extracting primitive: KIT_stage_entry_walk_partitioned.001
02:20:14 | INFO: Primitives created: 1
02:20:14 | INFO: Extracting primitive: KIT_props_folding_chair_render.001
02:20:14 | INFO: Primitives created: 1
02:20:14 | INFO: Extracting primitive: KIT_stage_floor_boards_render.002
02:20:14 | INFO: Primitives created: 1
02:20:14 | INFO: Extracting primitive: KIT_stage_gel_frame_render.002
02:20:14 | INFO: Primitives created: 2
02:20:14 | INFO: Extracting primitive: KIT_stage_studio_wall_render.002
02:20:14 | INFO: Primitives created: 1
02:20:14 | INFO: Extracting primitive: KIT_stage_fog_plane_render.020
02:20:14 | INFO: Primitives created: 1
02:20:14 | INFO: Extracting primitive: KIT_tech_terminal_desk_render.001
02:20:14 | INFO: Primitives created: 1
02:20:14 | INFO: Extracting primitive: KIT_props_scroll_render.001
02:20:14 | WARNING: More than one shader node tex image used for a texture. The resulting glTF sampler will behave like the first shader node tex image.
02:20:14 | INFO: Primitives created: 1
02:20:14 | INFO: Extracting primitive: SITE_tubi-tang_backstage.001
02:20:14 | INFO: Primitives created: 1
02:20:14 | INFO: Extracting primitive: KIT_pavilion_finial.007
02:20:14 | INFO: Primitives created: 1
02:20:14 | INFO: Extracting primitive: KIT_wall_amber_window.003
02:20:14 | INFO: Primitives created: 1
02:20:14 | INFO: Extracting primitive: TUBI_topic_line.001
02:20:14 | INFO: Primitives created: 1
02:20:14 | INFO: Extracting primitive: KIT_wall_lattice_vertical.063
02:20:14 | INFO: Primitives created: 1
02:20:14 | INFO: Extracting primitive: SITE_tubi-tang_platform.001
02:20:14 | INFO: Primitives created: 1
02:20:14 | INFO: Extracting primitive: KIT_props_lantern_hanging_render.012
02:20:14 | INFO: Primitives created: 1
02:20:14 | INFO: Extracting primitive: KIT_pavilion_roof.007
02:20:14 | INFO: Primitives created: 1
02:20:14 | INFO: Extracting primitive: TUBI_terrace.002
02:20:14 | INFO: Primitives created: 1
02:20:14 | INFO: Extracting primitive: SITE_tubi-tang_front.001
02:20:14 | INFO: Primitives created: 1
02:20:14 | INFO: Extracting primitive: XIAOXIANG_black_back.001
02:20:14 | INFO: Primitives created: 1
02:20:14 | INFO: Extracting primitive: XIAOXIANG_gate_pull.002
02:20:14 | INFO: Primitives created: 1
02:20:14 | INFO: Extracting primitive: XIAOXIANG_amber_window.001
02:20:14 | INFO: Primitives created: 1
02:20:14 | INFO: Extracting primitive: XIAOXIANG_gate_leaf.002
02:20:14 | INFO: Primitives created: 1
02:20:14 | INFO: Extracting primitive: XIAOXIANG_paving.001
02:20:14 | INFO: Primitives created: 1
02:20:14 | INFO: Extracting primitive: XIAOXIANG_wall_cap.001
02:20:14 | INFO: Primitives created: 1
02:20:14 | INFO: Extracting primitive: XIAOXIANG_closed_front.001
02:20:14 | INFO: Primitives created: 1
02:20:14 | INFO: Extracting primitive: YIHONG_backstage.002
02:20:14 | INFO: Primitives created: 1
02:20:14 | INFO: Extracting primitive: YIHONG_door_rail.001
02:20:14 | INFO: Primitives created: 1
02:20:14 | INFO: Extracting primitive: YIHONG_amber_window.002
02:20:14 | INFO: Primitives created: 1
02:20:14 | INFO: Extracting primitive: YIHONG_door_panel.001
02:20:14 | INFO: Primitives created: 1
02:20:14 | INFO: Extracting primitive: YIHONG_paving.002
02:20:14 | INFO: Primitives created: 1
02:20:14 | INFO: Extracting primitive: YIHONG_court_cap.001
02:20:14 | INFO: Primitives created: 1
02:20:14 | INFO: Extracting primitive: YIHONG_closed_front.002
02:20:14 | INFO: Primitives created: 1
02:20:14 | INFO: Extracting primitive: WESTERN_kit_lotus.004_lotus_pad.001
02:20:14 | INFO: Primitives created: 1
02:20:14 | INFO: Extracting primitive: KIT_water_plank.001_partitioned.001
02:20:14 | INFO: Primitives created: 1
02:20:14 | INFO: Extracting primitive: SITE_ziling_island.001
02:20:14 | INFO: Primitives created: 1
02:20:15 | INFO: Finished glTF 2.0 export in 1.7465317249298096 s
00:57.909  blend            | Read blend: "/private/tmp/garden-paving-review-20261010-v4/blender/sites/SITE_stage.blend"

{"engine": "Godot", "sites": {"stage": {"objects": 100, "triangles": 11257, "render_meshes": 11, "colliders": 87, "triggers": 0}, "qinfang-ting": {"objects": 199, "triangles": 59120, "render_meshes": 27, "colliders": 157, "triggers": 7}, "rockery-gate": {"objects": 27, "triangles": 15340, "render_meshes": 8, "colliders": 10, "triggers": 3}, "terminal-cells": {"objects": 113, "triangles": 38100, "render_meshes": 10, "colliders": 77, "triggers": 18}, "qiushuang-zhai": {"objects": 36, "triangles": 21758, "render_meshes": 11, "colliders": 13, "triggers": 5}, "tubi-tang": {"objects": 37, "triangles": 11340, "render_meshes": 11, "colliders": 16, "triggers": 5}, "daguan-lou": {"objects": 29, "triangles": 23666, "render_meshes": 10, "colliders": 13, "triggers": 3}, "ouxiang-xie": {"objects": 28, "triangles": 15738, "render_meshes": 6, "colliders": 13, "triggers": 4}, "hengwu-yuan": {"objects": 43, "triangles": 22102, "render_meshes": 11, "colliders": 23, "triggers": 4}, "yihong-yuan": {"objects": 28, "triangles": 2294, "render_meshes": 10, "colliders": 9, "triggers": 4}, "xiaoxiang-guan": {"objects": 30, "triangles": 7478, "render_meshes": 12, "colliders": 9, "triggers": 4}, "longcui-an": {"objects": 27, "triangles": 4638, "render_meshes": 10, "colliders": 8, "triggers": 4}, "aojing-guan": {"objects": 24, "triangles": 2788, "render_meshes": 8, "colliders": 7, "triggers": 3}, "daoxiang-cun": {"objects": 27, "triangles": 10862, "render_meshes": 9, "colliders": 8, "triggers": 4}, "ziling-zhou": {"objects": 23, "triangles": 20052, "render_meshes": 13, "colliders": 4, "triggers": 3}}, "warnings": ["Reference assets, not yet profiled on mobile.", "Lightmap bake remains unfinished; engine import evidence is recorded separately in godot/import-validation.json."], "total_triangles": 266533, "total_render_meshes": 167}
SAVED_GARDEN_CANDIDATE_PASS ba40866e18f9ab3dcb0263855020099b7eedce70243c6a37e4d50c5f74c0e4f2
BlenderMCP addon unregistered
Blender 5.2.2 LTS (hash d13f752e3b9c built 2026-09-15 01:49:19)

Blender quit
