00:00.378  blend            | Read blend: "/private/var/folders/gf/s_g2zvzj3jxbylz3ylbc7k4c0000gn/T/garden-neutral-atlas-full-source-ncsvy1b8/candidate/blender/authoring.blend"
BlenderMCP addon registered
INFO Draco is available, use library at /Applications/Blender.app/Contents/Resources/5.2/scripts/addons_core/io_scene_gltf2/libbf_intern_draco_bridge.dylib
INFO MeshOptimizer is available, use library at /Applications/Blender.app/Contents/Resources/5.2/scripts/addons_core/io_scene_gltf2/libbf_intern_meshopt_bridge.dylib
01:18:02 | INFO: Starting glTF 2.0 export
01:18:02 | INFO: Extracting primitive: COL_aojing_approach.001
01:18:02 | INFO: Primitives created: 1
01:18:02 | INFO: Extracting primitive: COL_aojing_approach.004
01:18:02 | INFO: Primitives created: 1
01:18:02 | INFO: Extracting primitive: COL_aojing_approach_guard.001
01:18:02 | INFO: Primitives created: 1
01:18:02 | INFO: Extracting primitive: COL_aojing_approach_guard.004
01:18:02 | INFO: Primitives created: 1
01:18:02 | INFO: Extracting primitive: COL_aojing_approach_ramp.002
01:18:02 | INFO: Primitives created: 1
01:18:02 | INFO: Extracting primitive: COL_daoxiang_approach.002
01:18:02 | INFO: Primitives created: 1
01:18:02 | INFO: Extracting primitive: COL_daoxiang_approach.003
01:18:02 | INFO: Primitives created: 1
01:18:02 | INFO: Extracting primitive: COL_hengwu_approach.002
01:18:02 | INFO: Primitives created: 1
01:18:02 | INFO: Extracting primitive: COL_hengwu_approach.003
01:18:02 | INFO: Primitives created: 1
01:18:02 | INFO: Extracting primitive: COL_longcui_approach.003
01:18:02 | INFO: Primitives created: 1
01:18:02 | INFO: Extracting primitive: COL_longcui_approach.004
01:18:02 | INFO: Primitives created: 1
01:18:02 | INFO: Extracting primitive: COL_longcui_approach.005
01:18:02 | INFO: Primitives created: 1
01:18:02 | INFO: Extracting primitive: Cube.009
01:18:02 | INFO: Primitives created: 1
01:18:02 | INFO: Extracting primitive: Cube.011
01:18:02 | INFO: Primitives created: 1
01:18:02 | INFO: Extracting primitive: Cube.012
01:18:02 | INFO: Primitives created: 1
01:18:02 | INFO: Extracting primitive: Cube.013
01:18:02 | INFO: Primitives created: 1
01:18:02 | INFO: Extracting primitive: Cube.019
01:18:02 | INFO: Primitives created: 1
01:18:02 | INFO: Extracting primitive: Cube.020
01:18:02 | INFO: Primitives created: 1
01:18:02 | INFO: Extracting primitive: Cube.023
01:18:02 | INFO: Primitives created: 1
01:18:02 | INFO: Extracting primitive: Cube.024
01:18:02 | INFO: Primitives created: 1
01:18:02 | INFO: Extracting primitive: Cube.048
01:18:02 | INFO: Primitives created: 1
01:18:02 | INFO: Extracting primitive: Cube.050
01:18:02 | INFO: Primitives created: 1
01:18:02 | INFO: Extracting primitive: Cube.052
01:18:02 | INFO: Primitives created: 1
01:18:02 | INFO: Extracting primitive: Cube.092
01:18:02 | INFO: Primitives created: 1
01:18:02 | INFO: Extracting primitive: Cube.093
01:18:02 | INFO: Primitives created: 1
01:18:02 | INFO: Extracting primitive: Cube.094
01:18:02 | INFO: Primitives created: 1
01:18:02 | INFO: Extracting primitive: Cube.095
01:18:02 | INFO: Primitives created: 1
01:18:02 | INFO: Extracting primitive: Cube.096
01:18:02 | INFO: Primitives created: 1
01:18:02 | INFO: Extracting primitive: Cube.097
01:18:02 | INFO: Primitives created: 1
01:18:02 | INFO: Extracting primitive: Cube.098
01:18:02 | INFO: Primitives created: 1
01:18:02 | INFO: Extracting primitive: Cube.099
01:18:02 | INFO: Primitives created: 1
01:18:02 | INFO: Extracting primitive: Cube.100
01:18:02 | INFO: Primitives created: 1
01:18:02 | INFO: Extracting primitive: Cube.101
01:18:02 | INFO: Primitives created: 1
01:18:02 | INFO: Extracting primitive: Cube.102
01:18:02 | INFO: Primitives created: 1
01:18:02 | INFO: Extracting primitive: Cube.103
01:18:02 | INFO: Primitives created: 1
01:18:02 | INFO: Extracting primitive: Cube.104
01:18:02 | INFO: Primitives created: 1
01:18:02 | INFO: Extracting primitive: Cube.105
01:18:02 | INFO: Primitives created: 1
01:18:02 | INFO: Extracting primitive: Cube.106
01:18:02 | INFO: Primitives created: 1
01:18:02 | INFO: Extracting primitive: Cube.107
01:18:02 | INFO: Primitives created: 1
01:18:02 | INFO: Extracting primitive: Cube.108
01:18:02 | INFO: Primitives created: 1
01:18:02 | INFO: Extracting primitive: Cube.109
01:18:02 | INFO: Primitives created: 1
01:18:02 | INFO: Extracting primitive: Cube.110
01:18:02 | INFO: Primitives created: 1
01:18:02 | INFO: Extracting primitive: Cube.111
01:18:02 | INFO: Primitives created: 1
01:18:02 | INFO: Extracting primitive: Cube.112
01:18:02 | INFO: Primitives created: 1
01:18:02 | INFO: Extracting primitive: Cube.113
01:18:02 | INFO: Primitives created: 1
01:18:02 | INFO: Extracting primitive: Cube.114
01:18:02 | INFO: Primitives created: 1
01:18:02 | INFO: Extracting primitive: Cube.115
01:18:02 | INFO: Primitives created: 1
01:18:02 | INFO: Extracting primitive: Cube.116
01:18:02 | INFO: Primitives created: 1
01:18:02 | INFO: Extracting primitive: Cube.117
01:18:02 | INFO: Primitives created: 1
01:18:02 | INFO: Extracting primitive: Cube.118
01:18:02 | INFO: Primitives created: 1
01:18:02 | INFO: Extracting primitive: Cube.119
01:18:02 | INFO: Primitives created: 1
01:18:02 | INFO: Extracting primitive: Cube.120
01:18:02 | INFO: Primitives created: 1
01:18:02 | INFO: Extracting primitive: Cube.121
01:18:02 | INFO: Primitives created: 1
01:18:02 | INFO: Extracting primitive: Cube.122
01:18:02 | INFO: Primitives created: 1
01:18:02 | INFO: Extracting primitive: Cube.123
01:18:02 | INFO: Primitives created: 1
01:18:02 | INFO: Extracting primitive: Cube.124
01:18:02 | INFO: Primitives created: 1
01:18:02 | INFO: Extracting primitive: Cube.125
01:18:02 | INFO: Primitives created: 1
01:18:02 | INFO: Extracting primitive: Cube.126
01:18:02 | INFO: Primitives created: 1
01:18:02 | INFO: Extracting primitive: Cube.127
01:18:02 | INFO: Primitives created: 1
01:18:02 | INFO: Extracting primitive: Cube.128
01:18:02 | INFO: Primitives created: 1
01:18:02 | INFO: Extracting primitive: Cube.129
01:18:02 | INFO: Primitives created: 1
01:18:02 | INFO: Extracting primitive: Cube.130
01:18:02 | INFO: Primitives created: 1
01:18:02 | INFO: Extracting primitive: Cube.131
01:18:02 | INFO: Primitives created: 1
01:18:02 | INFO: Extracting primitive: Cube.132
01:18:02 | INFO: Primitives created: 1
01:18:02 | INFO: Extracting primitive: Cube.133
01:18:02 | INFO: Primitives created: 1
01:18:02 | INFO: Extracting primitive: Cube.134
01:18:02 | INFO: Primitives created: 1
01:18:02 | INFO: Extracting primitive: Cube.135
01:18:02 | INFO: Primitives created: 1
01:18:02 | INFO: Extracting primitive: Cube.136
01:18:02 | INFO: Primitives created: 1
01:18:02 | INFO: Extracting primitive: Cube.137
01:18:02 | INFO: Primitives created: 1
01:18:02 | INFO: Extracting primitive: Cube.138
01:18:02 | INFO: Primitives created: 1
01:18:02 | INFO: Extracting primitive: Cube.139
01:18:02 | INFO: Primitives created: 1
01:18:02 | INFO: Extracting primitive: Cube.140
01:18:02 | INFO: Primitives created: 1
01:18:02 | INFO: Extracting primitive: Cube.141
01:18:02 | INFO: Primitives created: 1
01:18:02 | INFO: Extracting primitive: Cube.142
01:18:02 | INFO: Primitives created: 1
01:18:02 | INFO: Extracting primitive: Cube.143
01:18:02 | INFO: Primitives created: 1
01:18:02 | INFO: Extracting primitive: Cube.144
01:18:02 | INFO: Primitives created: 1
01:18:02 | INFO: Extracting primitive: COL_stone_walk.005
01:18:02 | INFO: Primitives created: 1
01:18:02 | INFO: Extracting primitive: COL_stone_walk.008
01:18:02 | INFO: Primitives created: 1
01:18:02 | INFO: Extracting primitive: COL_stone_walk.009
01:18:02 | INFO: Primitives created: 1
01:18:02 | INFO: Extracting primitive: COL_stone_walk.010
01:18:02 | INFO: Primitives created: 1
01:18:02 | INFO: Extracting primitive: COL_stone_walk.011
01:18:02 | INFO: Primitives created: 1
01:18:02 | INFO: Extracting primitive: COL_stone_walk.012
01:18:02 | INFO: Primitives created: 1
01:18:02 | INFO: Extracting primitive: COL_study_approach.002
01:18:02 | INFO: Primitives created: 1
01:18:02 | INFO: Extracting primitive: COL_tubi_approach.001
01:18:02 | INFO: Primitives created: 1
01:18:02 | INFO: Extracting primitive: COL_tubi_approach.002
01:18:02 | INFO: Primitives created: 1
01:18:02 | INFO: Extracting primitive: COL_tubi_approach.007
01:18:02 | INFO: Primitives created: 1
01:18:02 | INFO: Extracting primitive: COL_tubi_approach.008
01:18:02 | INFO: Primitives created: 1
01:18:02 | INFO: Extracting primitive: KIT_stage_floor.001
01:18:02 | INFO: Primitives created: 1
01:18:02 | INFO: Extracting primitive: AOJING_approach_guard.001
01:18:02 | INFO: Primitives created: 1
01:18:02 | INFO: Extracting primitive: KIT_stage_painted_moon.001
01:18:02 | INFO: Primitives created: 1
01:18:02 | INFO: Extracting primitive: KIT_stage_painted_mountain_layer.003
01:18:02 | INFO: Primitives created: 1
01:18:02 | INFO: Extracting primitive: KIT_stage_painted_mountain_layer.004
01:18:02 | INFO: Primitives created: 1
01:18:02 | INFO: Extracting primitive: KIT_stage_painted_mountain_layer.005
01:18:02 | INFO: Primitives created: 1
01:18:02 | INFO: Extracting primitive: KIT_water_stone_walk.005
01:18:02 | INFO: Primitives created: 1
01:18:02 | INFO: Extracting primitive: Painted coved ceiling candidate.001
01:18:02 | INFO: Primitives created: 1
01:18:02 | INFO: Extracting primitive: KIT_stage_painted_canvas.002
01:18:02 | INFO: Primitives created: 1
01:18:02 | INFO: Extracting primitive: Eight painted cyclorama arcs.001
01:18:02 | WARNING: More than one shader node tex image used for a texture. The resulting glTF sampler will behave like the first shader node tex image.
01:18:02 | INFO: Primitives created: 2
01:18:02 | INFO: Extracting primitive: KIT_stage_fog_plane_render.002
01:18:02 | INFO: Primitives created: 1
01:18:02 | INFO: Finished glTF 2.0 export in 0.16460490226745605 s

01:18:06 | INFO: Starting glTF 2.0 export
01:18:06 | INFO: Extracting primitive: Cube.147
01:18:06 | INFO: Primitives created: 1
01:18:06 | INFO: Extracting primitive: Cube.148
01:18:06 | INFO: Primitives created: 1
01:18:06 | INFO: Extracting primitive: Cube.149
01:18:06 | INFO: Primitives created: 1
01:18:06 | INFO: Extracting primitive: Cube.150
01:18:06 | INFO: Primitives created: 1
01:18:06 | INFO: Extracting primitive: COL_bridge_crosswalk.002
01:18:06 | INFO: Primitives created: 1
01:18:06 | INFO: Extracting primitive: COL_bridge_crosswalk.003
01:18:06 | INFO: Primitives created: 1
01:18:06 | INFO: Extracting primitive: COL_floor_joint_pavilion_east_joint.001
01:18:06 | INFO: Primitives created: 1
01:18:06 | INFO: Extracting primitive: COL_floor_joint_pavilion_west_joint.001
01:18:06 | INFO: Primitives created: 1
01:18:06 | INFO: Extracting primitive: Cube.146
01:18:06 | INFO: Primitives created: 1
01:18:06 | INFO: Extracting primitive: Cube.145
01:18:06 | INFO: Primitives created: 1
01:18:06 | INFO: Extracting primitive: COL_corridor_floor.009
01:18:06 | INFO: Primitives created: 1
01:18:06 | INFO: Extracting primitive: COL_corridor_side.015
01:18:06 | INFO: Primitives created: 1
01:18:06 | INFO: Extracting primitive: COL_corridor_side.016
01:18:06 | INFO: Primitives created: 1
01:18:06 | INFO: Extracting primitive: COL_corridor_post.016
01:18:06 | INFO: Primitives created: 1
01:18:06 | INFO: Extracting primitive: COL_corridor_post.017
01:18:06 | INFO: Primitives created: 1
01:18:06 | INFO: Extracting primitive: COL_corridor_floor.010
01:18:06 | INFO: Primitives created: 1
01:18:06 | INFO: Extracting primitive: COL_corridor_side.017
01:18:06 | INFO: Primitives created: 1
01:18:06 | INFO: Extracting primitive: COL_corridor_side.018
01:18:06 | INFO: Primitives created: 1
01:18:06 | INFO: Extracting primitive: COL_corridor_post.018
01:18:06 | INFO: Primitives created: 1
01:18:06 | INFO: Extracting primitive: COL_corridor_post.019
01:18:06 | INFO: Primitives created: 1
01:18:06 | INFO: Extracting primitive: COL_corridor_floor.011
01:18:06 | INFO: Primitives created: 1
01:18:06 | INFO: Extracting primitive: COL_corridor_side.019
01:18:06 | INFO: Primitives created: 1
01:18:06 | INFO: Extracting primitive: COL_corridor_side.020
01:18:06 | INFO: Primitives created: 1
01:18:06 | INFO: Extracting primitive: COL_corridor_post.020
01:18:06 | INFO: Primitives created: 1
01:18:06 | INFO: Extracting primitive: COL_corridor_post.021
01:18:06 | INFO: Primitives created: 1
01:18:06 | INFO: Extracting primitive: COL_corridor_floor.012
01:18:06 | INFO: Primitives created: 1
01:18:06 | INFO: Extracting primitive: COL_corridor_side.021
01:18:06 | INFO: Primitives created: 1
01:18:06 | INFO: Extracting primitive: COL_corridor_side.022
01:18:06 | INFO: Primitives created: 1
01:18:06 | INFO: Extracting primitive: COL_corridor_post.022
01:18:06 | INFO: Primitives created: 1
01:18:06 | INFO: Extracting primitive: COL_corridor_post.023
01:18:06 | INFO: Primitives created: 1
01:18:06 | INFO: Extracting primitive: COL_corridor_floor.001
01:18:06 | INFO: Primitives created: 1
01:18:06 | INFO: Extracting primitive: COL_corridor_side.001
01:18:06 | INFO: Primitives created: 1
01:18:06 | INFO: Extracting primitive: COL_corridor_side.002
01:18:06 | INFO: Primitives created: 1
01:18:06 | INFO: Extracting primitive: COL_corridor_post.001
01:18:06 | INFO: Primitives created: 1
01:18:06 | INFO: Extracting primitive: COL_corridor_post.002
01:18:06 | INFO: Primitives created: 1
01:18:06 | INFO: Extracting primitive: COL_corridor_floor.002
01:18:06 | INFO: Primitives created: 1
01:18:06 | INFO: Extracting primitive: COL_corridor_side.003
01:18:06 | INFO: Primitives created: 1
01:18:06 | INFO: Extracting primitive: COL_corridor_side.004
01:18:06 | INFO: Primitives created: 1
01:18:06 | INFO: Extracting primitive: COL_corridor_post.003
01:18:06 | INFO: Primitives created: 1
01:18:06 | INFO: Extracting primitive: COL_corridor_post.004
01:18:06 | INFO: Primitives created: 1
01:18:06 | INFO: Extracting primitive: COL_corridor_floor.003
01:18:06 | INFO: Primitives created: 1
01:18:06 | INFO: Extracting primitive: COL_corridor_side.005
01:18:06 | INFO: Primitives created: 1
01:18:06 | INFO: Extracting primitive: COL_corridor_side.006
01:18:06 | INFO: Primitives created: 1
01:18:06 | INFO: Extracting primitive: COL_corridor_post.005
01:18:06 | INFO: Primitives created: 1
01:18:06 | INFO: Extracting primitive: COL_corridor_post.006
01:18:06 | INFO: Primitives created: 1
01:18:06 | INFO: Extracting primitive: COL_corridor_floor.004
01:18:06 | INFO: Primitives created: 1
01:18:06 | INFO: Extracting primitive: COL_corridor_side.007
01:18:06 | INFO: Primitives created: 1
01:18:06 | INFO: Extracting primitive: COL_corridor_side.008
01:18:06 | INFO: Primitives created: 1
01:18:06 | INFO: Extracting primitive: COL_corridor_post.007
01:18:06 | INFO: Primitives created: 1
01:18:06 | INFO: Extracting primitive: COL_corridor_post.008
01:18:06 | INFO: Primitives created: 1
01:18:06 | INFO: Extracting primitive: COL_corridor_floor.005
01:18:06 | INFO: Primitives created: 1
01:18:06 | INFO: Extracting primitive: COL_corridor_side.009
01:18:06 | INFO: Primitives created: 1
01:18:06 | INFO: Extracting primitive: COL_corridor_side.010
01:18:06 | INFO: Primitives created: 1
01:18:06 | INFO: Extracting primitive: COL_corridor_post.009
01:18:06 | INFO: Primitives created: 1
01:18:06 | INFO: Extracting primitive: COL_corridor_post.010
01:18:06 | INFO: Primitives created: 1
01:18:06 | INFO: Extracting primitive: COL_corridor_floor.006
01:18:06 | INFO: Primitives created: 1
01:18:06 | INFO: Extracting primitive: COL_corridor_side.011
01:18:06 | INFO: Primitives created: 1
01:18:06 | INFO: Extracting primitive: COL_corridor_post.011
01:18:06 | INFO: Primitives created: 1
01:18:06 | INFO: Extracting primitive: COL_corridor_post.012
01:18:06 | INFO: Primitives created: 1
01:18:06 | INFO: Extracting primitive: COL_corridor_floor.007
01:18:06 | INFO: Primitives created: 1
01:18:06 | INFO: Extracting primitive: COL_corridor_side.012
01:18:06 | INFO: Primitives created: 1
01:18:06 | INFO: Extracting primitive: COL_corridor_post.013
01:18:06 | INFO: Primitives created: 1
01:18:06 | INFO: Extracting primitive: COL_corridor_floor.008
01:18:06 | INFO: Primitives created: 1
01:18:06 | INFO: Extracting primitive: COL_corridor_side.013
01:18:06 | INFO: Primitives created: 1
01:18:06 | INFO: Extracting primitive: COL_corridor_side.014
01:18:06 | INFO: Primitives created: 1
01:18:06 | INFO: Extracting primitive: COL_corridor_post.014
01:18:06 | INFO: Primitives created: 1
01:18:06 | INFO: Extracting primitive: COL_corridor_post.015
01:18:06 | INFO: Primitives created: 1
01:18:06 | INFO: Extracting primitive: COL_corridor_floor.013
01:18:06 | INFO: Primitives created: 1
01:18:06 | INFO: Extracting primitive: COL_corridor_side.023
01:18:06 | INFO: Primitives created: 1
01:18:06 | INFO: Extracting primitive: COL_corridor_side.024
01:18:06 | INFO: Primitives created: 1
01:18:06 | INFO: Extracting primitive: COL_corridor_post.024
01:18:06 | INFO: Primitives created: 1
01:18:06 | INFO: Extracting primitive: COL_corridor_post.025
01:18:06 | INFO: Primitives created: 1
01:18:06 | INFO: Extracting primitive: COL_corridor_floor.014
01:18:06 | INFO: Primitives created: 1
01:18:06 | INFO: Extracting primitive: COL_corridor_side.025
01:18:06 | INFO: Primitives created: 1
01:18:06 | INFO: Extracting primitive: COL_corridor_side.026
01:18:06 | INFO: Primitives created: 1
01:18:06 | INFO: Extracting primitive: COL_corridor_post.026
01:18:06 | INFO: Primitives created: 1
01:18:06 | INFO: Extracting primitive: COL_corridor_post.027
01:18:06 | INFO: Primitives created: 1
01:18:06 | INFO: Extracting primitive: COL_corridor_floor.015
01:18:06 | INFO: Primitives created: 1
01:18:06 | INFO: Extracting primitive: COL_corridor_side.027
01:18:06 | INFO: Primitives created: 1
01:18:06 | INFO: Extracting primitive: COL_corridor_side.028
01:18:06 | INFO: Primitives created: 1
01:18:06 | INFO: Extracting primitive: COL_corridor_post.028
01:18:06 | INFO: Primitives created: 1
01:18:06 | INFO: Extracting primitive: COL_corridor_post.029
01:18:06 | INFO: Primitives created: 1
01:18:06 | INFO: Extracting primitive: COL_corridor_floor.016
01:18:06 | INFO: Primitives created: 1
01:18:06 | INFO: Extracting primitive: COL_corridor_side.029
01:18:06 | INFO: Primitives created: 1
01:18:06 | INFO: Extracting primitive: COL_corridor_side.030
01:18:06 | INFO: Primitives created: 1
01:18:06 | INFO: Extracting primitive: COL_corridor_post.030
01:18:06 | INFO: Primitives created: 1
01:18:06 | INFO: Extracting primitive: COL_corridor_post.031
01:18:06 | INFO: Primitives created: 1
01:18:06 | INFO: Extracting primitive: COL_qinfang_deck.001
01:18:06 | INFO: Primitives created: 1
01:18:06 | INFO: Extracting primitive: COL_pavilion_bench.001
01:18:06 | INFO: Primitives created: 1
01:18:06 | INFO: Extracting primitive: COL_pavilion_bench.002
01:18:06 | INFO: Primitives created: 1
01:18:06 | INFO: Extracting primitive: COL_pavilion_bracket.001
01:18:06 | INFO: Primitives created: 1
01:18:06 | INFO: Extracting primitive: COL_pavilion_bracket.002
01:18:06 | INFO: Primitives created: 1
01:18:06 | INFO: Extracting primitive: COL_pavilion_bracket.003
01:18:06 | INFO: Primitives created: 1
01:18:06 | INFO: Extracting primitive: COL_pavilion_bracket.004
01:18:06 | INFO: Primitives created: 1
01:18:06 | INFO: Extracting primitive: COL_pavilion_bracket.005
01:18:06 | INFO: Primitives created: 1
01:18:06 | INFO: Extracting primitive: COL_pavilion_bracket.006
01:18:06 | INFO: Primitives created: 1
01:18:06 | INFO: Extracting primitive: COL_pavilion_post.001
01:18:06 | INFO: Primitives created: 1
01:18:06 | INFO: Extracting primitive: COL_pavilion_post.002
01:18:06 | INFO: Primitives created: 1
01:18:06 | INFO: Extracting primitive: COL_pavilion_post.003
01:18:06 | INFO: Primitives created: 1
01:18:06 | INFO: Extracting primitive: COL_pavilion_post.004
01:18:06 | INFO: Primitives created: 1
01:18:06 | INFO: Extracting primitive: COL_pavilion_post.005
01:18:06 | INFO: Primitives created: 1
01:18:06 | INFO: Extracting primitive: COL_pavilion_post.006
01:18:06 | INFO: Primitives created: 1
01:18:06 | INFO: Extracting primitive: COL_pavilion_roof.001
01:18:06 | INFO: Primitives created: 1
01:18:06 | INFO: Extracting primitive: KIT_flora_bamboo_large_render.001
01:18:06 | WARNING: More than one shader node tex image used for a texture. The resulting glTF sampler will behave like the first shader node tex image.
01:18:06 | INFO: Primitives created: 1
01:18:06 | INFO: Extracting primitive: KIT_flora_bamboo_large_render.002
01:18:06 | INFO: Primitives created: 1
01:18:06 | INFO: Extracting primitive: KIT_flora_bamboo_small_render.001
01:18:06 | INFO: Primitives created: 1
01:18:06 | INFO: Extracting primitive: KIT_flora_willow_render.001
01:18:06 | INFO: Primitives created: 1
01:18:06 | INFO: Extracting primitive: KIT_flora_willow_render.002
01:18:06 | INFO: Primitives created: 1
01:18:06 | INFO: Extracting primitive: HERO_qinfang-ting_title.002
01:18:06 | WARNING: More than one shader node tex image used for a texture. The resulting glTF sampler will behave like the first shader node tex image.
01:18:06 | INFO: Primitives created: 1
01:18:06 | INFO: Extracting primitive: HERO_qinfang_bridge.001
01:18:06 | INFO: Primitives created: 1
01:18:06 | INFO: Extracting primitive: HERO_table_hexagram.001
01:18:06 | INFO: Primitives created: 1
01:18:06 | INFO: Extracting primitive: line_piece.005
01:18:06 | WARNING: More than one shader node tex image used for a texture. The resulting glTF sampler will behave like the first shader node tex image.
01:18:06 | INFO: Primitives created: 1
01:18:06 | INFO: Extracting primitive: line_piece.002
01:18:06 | INFO: Primitives created: 1
01:18:06 | INFO: Extracting primitive: line_piece.011
01:18:06 | INFO: Primitives created: 1
01:18:06 | INFO: Extracting primitive: line_piece.008
01:18:06 | INFO: Primitives created: 1
01:18:06 | INFO: Extracting primitive: line_piece.017
01:18:06 | INFO: Primitives created: 1
01:18:06 | INFO: Extracting primitive: line_piece.014
01:18:06 | INFO: Primitives created: 1
01:18:06 | INFO: Extracting primitive: line_piece.019
01:18:06 | INFO: Primitives created: 1
01:18:06 | INFO: Extracting primitive: line_piece.018
01:18:06 | INFO: Primitives created: 1
01:18:06 | INFO: Extracting primitive: line_piece.021
01:18:06 | INFO: Primitives created: 1
01:18:06 | INFO: Extracting primitive: line_piece.020
01:18:06 | INFO: Primitives created: 1
01:18:06 | INFO: Extracting primitive: line_piece.023
01:18:06 | INFO: Primitives created: 1
01:18:06 | INFO: Extracting primitive: line_piece.022
01:18:06 | INFO: Primitives created: 1
01:18:06 | INFO: Extracting primitive: HERO_table_pedestal.001
01:18:06 | INFO: Primitives created: 1
01:18:06 | INFO: Extracting primitive: KIT_water_lotus.021
01:18:06 | INFO: Primitives created: 1
01:18:06 | INFO: Extracting primitive: KIT_corridor_rail.008
01:18:06 | INFO: Primitives created: 1
01:18:06 | INFO: Extracting primitive: KIT_pavilion_roof_shell.001
01:18:06 | INFO: Primitives created: 1
01:18:06 | INFO: Extracting primitive: KIT_pavilion_plinth.001
01:18:06 | INFO: Primitives created: 1
01:18:06 | INFO: Extracting primitive: KIT_props_lantern_hanging_render.001
01:18:06 | WARNING: More than one shader node tex image used for a texture. The resulting glTF sampler will behave like the first shader node tex image.
01:18:06 | INFO: Primitives created: 1
01:18:06 | INFO: Extracting primitive: KIT_water_stream.001
01:18:06 | INFO: Primitives created: 1
01:18:06 | INFO: Finished glTF 2.0 export in 0.22766900062561035 s

01:18:07 | INFO: Starting glTF 2.0 export
01:18:07 | INFO: Extracting primitive: COL_GATE_banana_planter.001
01:18:07 | INFO: Primitives created: 1
01:18:07 | INFO: Extracting primitive: KIT_rockery_passage.022
01:18:07 | INFO: Primitives created: 1
01:18:07 | INFO: Extracting primitive: KIT_rockery_passage.024
01:18:07 | INFO: Primitives created: 1
01:18:07 | INFO: Extracting primitive: KIT_rockery_cliff.006
01:18:07 | INFO: Primitives created: 1
01:18:07 | INFO: Extracting primitive: KIT_rockery_cliff.008
01:18:07 | INFO: Primitives created: 1
01:18:07 | INFO: Extracting primitive: KIT_rockery_passage.004
01:18:07 | INFO: Primitives created: 1
01:18:07 | INFO: Extracting primitive: KIT_rockery_passage.016
01:18:07 | INFO: Primitives created: 1
01:18:07 | INFO: Extracting primitive: KIT_rockery_passage.018
01:18:07 | INFO: Primitives created: 1
01:18:07 | INFO: Extracting primitive: KIT_rockery_passage.020
01:18:07 | INFO: Primitives created: 1
01:18:07 | INFO: Extracting primitive: GATE_paving.003
01:18:07 | INFO: Primitives created: 1
01:18:07 | INFO: Extracting primitive: HERO_gate_inscription.001
01:18:07 | WARNING: More than one shader node tex image used for a texture. The resulting glTF sampler will behave like the first shader node tex image.
01:18:07 | INFO: Primitives created: 1
01:18:07 | INFO: Extracting primitive: HERO_gate_water_drips.001
01:18:07 | WARNING: More than one shader node tex image used for a texture. The resulting glTF sampler will behave like the first shader node tex image.
01:18:07 | INFO: Primitives created: 1
01:18:07 | INFO: Extracting primitive: GATE_banana_pseudostem.001
01:18:07 | INFO: Primitives created: 1
01:18:07 | INFO: Extracting primitive: GATE_banana_soil.001
01:18:07 | INFO: Primitives created: 1
01:18:07 | INFO: Extracting primitive: KIT_rockery_passage.001
01:18:07 | WARNING: More than one shader node tex image used for a texture. The resulting glTF sampler will behave like the first shader node tex image.
01:18:07 | INFO: Primitives created: 1
01:18:07 | INFO: Extracting primitive: GATE_paving.002
01:18:07 | INFO: Primitives created: 1
01:18:07 | INFO: Extracting primitive: KIT_props_lantern_hanging_render.008
01:18:07 | WARNING: More than one shader node tex image used for a texture. The resulting glTF sampler will behave like the first shader node tex image.
01:18:07 | INFO: Primitives created: 1
01:18:07 | INFO: Extracting primitive: KIT_stage_fog_plane_render.017
01:18:07 | INFO: Primitives created: 1
01:18:07 | INFO: Finished glTF 2.0 export in 0.0676870346069336 s

01:18:07 | INFO: Starting glTF 2.0 export
01:18:07 | INFO: Extracting primitive: COL_cell_floor.006
01:18:07 | INFO: Primitives created: 1
01:18:07 | INFO: Extracting primitive: COL_cell_floor.007
01:18:07 | INFO: Primitives created: 1
01:18:07 | INFO: Extracting primitive: COL_cell_floor.008
01:18:07 | INFO: Primitives created: 1
01:18:07 | INFO: Extracting primitive: COL_cell_floor.009
01:18:07 | INFO: Primitives created: 1
01:18:07 | INFO: Extracting primitive: COL_cell_floor.010
01:18:07 | INFO: Primitives created: 1
01:18:07 | INFO: Extracting primitive: COL_cell_floor.011
01:18:07 | INFO: Primitives created: 1
01:18:07 | INFO: Extracting primitive: COL_cell_wall.012
01:18:07 | INFO: Primitives created: 1
01:18:07 | INFO: Extracting primitive: COL_cell_wall.013
01:18:07 | INFO: Primitives created: 1
01:18:07 | INFO: Extracting primitive: COL_cell_wall.014
01:18:07 | INFO: Primitives created: 1
01:18:07 | INFO: Extracting primitive: COL_cell_wall.015
01:18:07 | INFO: Primitives created: 1
01:18:07 | INFO: Extracting primitive: COL_cell_wall.016
01:18:07 | INFO: Primitives created: 1
01:18:07 | INFO: Extracting primitive: COL_cell_wall.017
01:18:07 | INFO: Primitives created: 1
01:18:07 | INFO: Extracting primitive: COL_cell_wall.018
01:18:07 | INFO: Primitives created: 1
01:18:07 | INFO: Extracting primitive: COL_cell_wall.019
01:18:07 | INFO: Primitives created: 1
01:18:07 | INFO: Extracting primitive: COL_cell_wall.020
01:18:07 | INFO: Primitives created: 1
01:18:07 | INFO: Extracting primitive: COL_cell_wall.021
01:18:07 | INFO: Primitives created: 1
01:18:07 | INFO: Extracting primitive: COL_cell_wall.022
01:18:07 | INFO: Primitives created: 1
01:18:07 | INFO: Extracting primitive: COL_cell_wall.023
01:18:07 | INFO: Primitives created: 1
01:18:07 | INFO: Extracting primitive: COL_entry_corridor.001
01:18:07 | INFO: Primitives created: 1
01:18:07 | INFO: Extracting primitive: COL_entry_walk.002
01:18:07 | INFO: Primitives created: 1
01:18:07 | INFO: Extracting primitive: COL_entry_walk.003
01:18:07 | INFO: Primitives created: 1
01:18:07 | INFO: Extracting primitive: COL_floor_joint_cell_threshold_0.001
01:18:07 | INFO: Primitives created: 1
01:18:07 | INFO: Extracting primitive: COL_floor_joint_cell_threshold_1.001
01:18:07 | INFO: Primitives created: 1
01:18:07 | INFO: Extracting primitive: COL_floor_joint_cell_threshold_2.001
01:18:07 | INFO: Primitives created: 1
01:18:07 | INFO: Extracting primitive: COL_floor_joint_cell_threshold_3.001
01:18:07 | INFO: Primitives created: 1
01:18:07 | INFO: Extracting primitive: COL_floor_joint_cell_threshold_4.001
01:18:07 | INFO: Primitives created: 1
01:18:07 | INFO: Extracting primitive: COL_floor_joint_cell_threshold_5.001
01:18:07 | INFO: Primitives created: 1
01:18:07 | INFO: Extracting primitive: Cube.193
01:18:07 | INFO: Primitives created: 1
01:18:07 | INFO: Extracting primitive: Cube.194
01:18:07 | INFO: Primitives created: 1
01:18:07 | INFO: Extracting primitive: Cube.195
01:18:07 | INFO: Primitives created: 1
01:18:07 | INFO: Extracting primitive: Cube.196
01:18:07 | INFO: Primitives created: 1
01:18:07 | INFO: Extracting primitive: Cube.197
01:18:07 | INFO: Primitives created: 1
01:18:07 | INFO: Extracting primitive: Cube.198
01:18:07 | INFO: Primitives created: 1
01:18:07 | INFO: Extracting primitive: Cube.199
01:18:07 | INFO: Primitives created: 1
01:18:07 | INFO: Extracting primitive: Cube.200
01:18:07 | INFO: Primitives created: 1
01:18:07 | INFO: Extracting primitive: Cube.151
01:18:07 | INFO: Primitives created: 1
01:18:07 | INFO: Extracting primitive: Cube.152
01:18:07 | INFO: Primitives created: 1
01:18:07 | INFO: Extracting primitive: Cube.153
01:18:07 | INFO: Primitives created: 1
01:18:07 | INFO: Extracting primitive: Cube.154
01:18:07 | INFO: Primitives created: 1
01:18:07 | INFO: Extracting primitive: Cube.155
01:18:07 | INFO: Primitives created: 1
01:18:07 | INFO: Extracting primitive: Cube.156
01:18:07 | INFO: Primitives created: 1
01:18:07 | INFO: Extracting primitive: Cube.157
01:18:07 | INFO: Primitives created: 1
01:18:07 | INFO: Extracting primitive: Cube.158
01:18:07 | INFO: Primitives created: 1
01:18:07 | INFO: Extracting primitive: Cube.159
01:18:07 | INFO: Primitives created: 1
01:18:07 | INFO: Extracting primitive: Cube.160
01:18:07 | INFO: Primitives created: 1
01:18:07 | INFO: Extracting primitive: Cube.161
01:18:07 | INFO: Primitives created: 1
01:18:07 | INFO: Extracting primitive: Cube.162
01:18:07 | INFO: Primitives created: 1
01:18:07 | INFO: Extracting primitive: Cube.163
01:18:07 | INFO: Primitives created: 1
01:18:07 | INFO: Extracting primitive: Cube.164
01:18:07 | INFO: Primitives created: 1
01:18:07 | INFO: Extracting primitive: Cube.165
01:18:07 | INFO: Primitives created: 1
01:18:07 | INFO: Extracting primitive: Cube.166
01:18:07 | INFO: Primitives created: 1
01:18:07 | INFO: Extracting primitive: Cube.167
01:18:07 | INFO: Primitives created: 1
01:18:07 | INFO: Extracting primitive: Cube.168
01:18:07 | INFO: Primitives created: 1
01:18:07 | INFO: Extracting primitive: Cube.169
01:18:07 | INFO: Primitives created: 1
01:18:07 | INFO: Extracting primitive: Cube.170
01:18:07 | INFO: Primitives created: 1
01:18:07 | INFO: Extracting primitive: Cube.171
01:18:07 | INFO: Primitives created: 1
01:18:07 | INFO: Extracting primitive: Cube.172
01:18:07 | INFO: Primitives created: 1
01:18:07 | INFO: Extracting primitive: Cube.173
01:18:07 | INFO: Primitives created: 1
01:18:07 | INFO: Extracting primitive: Cube.174
01:18:07 | INFO: Primitives created: 1
01:18:07 | INFO: Extracting primitive: Cube.175
01:18:07 | INFO: Primitives created: 1
01:18:07 | INFO: Extracting primitive: Cube.176
01:18:07 | INFO: Primitives created: 1
01:18:07 | INFO: Extracting primitive: Cube.177
01:18:07 | INFO: Primitives created: 1
01:18:07 | INFO: Extracting primitive: Cube.178
01:18:07 | INFO: Primitives created: 1
01:18:07 | INFO: Extracting primitive: Cube.179
01:18:07 | INFO: Primitives created: 1
01:18:07 | INFO: Extracting primitive: Cube.180
01:18:07 | INFO: Primitives created: 1
01:18:07 | INFO: Extracting primitive: Cube.181
01:18:07 | INFO: Primitives created: 1
01:18:07 | INFO: Extracting primitive: Cube.182
01:18:07 | INFO: Primitives created: 1
01:18:07 | INFO: Extracting primitive: Cube.183
01:18:07 | INFO: Primitives created: 1
01:18:07 | INFO: Extracting primitive: Cube.184
01:18:07 | INFO: Primitives created: 1
01:18:07 | INFO: Extracting primitive: Cube.185
01:18:07 | INFO: Primitives created: 1
01:18:07 | INFO: Extracting primitive: Cube.186
01:18:07 | INFO: Primitives created: 1
01:18:07 | INFO: Extracting primitive: Cube.187
01:18:07 | INFO: Primitives created: 1
01:18:07 | INFO: Extracting primitive: Cube.188
01:18:07 | INFO: Primitives created: 1
01:18:07 | INFO: Extracting primitive: Cube.189
01:18:07 | INFO: Primitives created: 1
01:18:07 | INFO: Extracting primitive: Cube.190
01:18:07 | INFO: Primitives created: 1
01:18:07 | INFO: Extracting primitive: Cube.191
01:18:07 | INFO: Primitives created: 1
01:18:07 | INFO: Extracting primitive: Cube.192
01:18:07 | INFO: Primitives created: 1
01:18:07 | INFO: Extracting primitive: KIT_tech_cell_side.012
01:18:07 | INFO: Primitives created: 1
01:18:07 | INFO: Extracting primitive: KIT_wall_window_bar.030
01:18:07 | INFO: Primitives created: 1
01:18:07 | INFO: Extracting primitive: KIT_stage_entry_walk.002
01:18:07 | INFO: Primitives created: 1
01:18:07 | INFO: Extracting primitive: KIT_props_folding_chair_render.001
01:18:07 | WARNING: More than one shader node tex image used for a texture. The resulting glTF sampler will behave like the first shader node tex image.
01:18:07 | INFO: Primitives created: 1
01:18:07 | INFO: Extracting primitive: KIT_stage_floor_boards_render.002
01:18:07 | WARNING: More than one shader node tex image used for a texture. The resulting glTF sampler will behave like the first shader node tex image.
01:18:07 | INFO: Primitives created: 1
01:18:07 | INFO: Extracting primitive: KIT_stage_gel_frame_render.002
01:18:07 | INFO: Primitives created: 2
01:18:07 | INFO: Extracting primitive: KIT_stage_studio_wall_render.002
01:18:07 | INFO: Primitives created: 1
01:18:07 | INFO: Extracting primitive: KIT_stage_fog_plane_render.020
01:18:07 | INFO: Primitives created: 1
01:18:07 | INFO: Extracting primitive: KIT_tech_terminal_desk_render.001
01:18:07 | WARNING: More than one shader node tex image used for a texture. The resulting glTF sampler will behave like the first shader node tex image.
01:18:07 | INFO: Primitives created: 1
01:18:07 | INFO: Extracting primitive: KIT_props_scroll_render.001
01:18:07 | WARNING: More than one shader node tex image used for a texture. The resulting glTF sampler will behave like the first shader node tex image.
01:18:07 | INFO: Primitives created: 1
01:18:07 | INFO: Finished glTF 2.0 export in 0.15223407745361328 s

01:18:08 | INFO: Starting glTF 2.0 export
01:18:08 | INFO: Extracting primitive: COL_qiushuang-zhai_floor.001
01:18:08 | INFO: Primitives created: 1
01:18:08 | INFO: Extracting primitive: COL_study_desk_centre.002
01:18:08 | INFO: Primitives created: 1
01:18:08 | INFO: Extracting primitive: COL_study_desk_left.002
01:18:08 | INFO: Primitives created: 1
01:18:08 | INFO: Extracting primitive: COL_study_desk_right.002
01:18:08 | INFO: Primitives created: 1
01:18:08 | INFO: Extracting primitive: COL_study_front_walk.002
01:18:08 | INFO: Primitives created: 1
01:18:08 | INFO: Extracting primitive: COL_study_front_wall.002
01:18:08 | INFO: Primitives created: 1
01:18:08 | INFO: Extracting primitive: COL_study_post.001
01:18:08 | INFO: Primitives created: 1
01:18:08 | INFO: Extracting primitive: COL_study_post.002
01:18:08 | INFO: Primitives created: 1
01:18:08 | INFO: Extracting primitive: COL_study_post.003
01:18:08 | INFO: Primitives created: 1
01:18:08 | INFO: Extracting primitive: COL_study_post.008
01:18:08 | INFO: Primitives created: 1
01:18:08 | INFO: Extracting primitive: Cube.201
01:18:08 | INFO: Primitives created: 1
01:18:08 | INFO: Extracting primitive: Cube.202
01:18:08 | INFO: Primitives created: 1
01:18:08 | INFO: Extracting primitive: Cube.203
01:18:08 | INFO: Primitives created: 1
01:18:08 | INFO: Extracting primitive: HERO_study_scroll_bamboo.002
01:18:08 | INFO: Primitives created: 1
01:18:08 | INFO: Extracting primitive: HERO_study_scroll_plum.002
01:18:08 | INFO: Primitives created: 1
01:18:08 | INFO: Extracting primitive: HERO_study_title.002
01:18:08 | WARNING: More than one shader node tex image used for a texture. The resulting glTF sampler will behave like the first shader node tex image.
01:18:08 | INFO: Primitives created: 1
01:18:08 | INFO: Extracting primitive: SITE_qiushuang-zhai_backstage.001
01:18:08 | INFO: Primitives created: 1
01:18:08 | INFO: Extracting primitive: KIT_pavilion_finial.005
01:18:08 | INFO: Primitives created: 1
01:18:08 | INFO: Extracting primitive: KIT_wall_lattice_vertical.042
01:18:08 | INFO: Primitives created: 1
01:18:08 | INFO: Extracting primitive: SITE_qiushuang-zhai_platform.001
01:18:08 | INFO: Primitives created: 1
01:18:08 | INFO: Extracting primitive: KIT_props_lantern_hanging_render.010
01:18:08 | WARNING: More than one shader node tex image used for a texture. The resulting glTF sampler will behave like the first shader node tex image.
01:18:08 | INFO: Primitives created: 1
01:18:08 | INFO: Extracting primitive: KIT_pavilion_roof.005
01:18:08 | INFO: Primitives created: 1
01:18:08 | INFO: Extracting primitive: KIT_tech_terminal_desk_render.007
01:18:09 | WARNING: More than one shader node tex image used for a texture. The resulting glTF sampler will behave like the first shader node tex image.
01:18:09 | INFO: Primitives created: 1
01:18:09 | INFO: Extracting primitive: SITE_qiushuang-zhai_front.001
01:18:09 | INFO: Primitives created: 1
01:18:09 | INFO: Finished glTF 2.0 export in 0.04850935935974121 s

01:18:09 | INFO: Starting glTF 2.0 export
01:18:09 | INFO: Extracting primitive: COL_tubi-tang_floor.001
01:18:09 | INFO: Primitives created: 1
01:18:09 | INFO: Extracting primitive: COL_tubi_closed_hall.002
01:18:09 | INFO: Primitives created: 1
01:18:09 | INFO: Extracting primitive: COL_tubi_hall_post.001
01:18:09 | INFO: Primitives created: 1
01:18:09 | INFO: Extracting primitive: COL_tubi_hall_post.002
01:18:09 | INFO: Primitives created: 1
01:18:09 | INFO: Extracting primitive: COL_tubi_hall_post.006
01:18:09 | INFO: Primitives created: 1
01:18:09 | INFO: Extracting primitive: COL_tubi_parapet.001
01:18:09 | INFO: Primitives created: 1
01:18:09 | INFO: Extracting primitive: COL_tubi_parapet.002
01:18:09 | INFO: Primitives created: 1
01:18:09 | INFO: Extracting primitive: COL_tubi_parapet.003
01:18:09 | INFO: Primitives created: 1
01:18:09 | INFO: Extracting primitive: COL_tubi_parapet.008
01:18:09 | INFO: Primitives created: 1
01:18:09 | INFO: Extracting primitive: COL_tubi_stair_guard.001
01:18:09 | INFO: Primitives created: 1
01:18:09 | INFO: Extracting primitive: COL_tubi_stair_guard.004
01:18:09 | INFO: Primitives created: 1
01:18:09 | INFO: Extracting primitive: COL_tubi_stair_ramp.002
01:18:09 | INFO: Primitives created: 1
01:18:09 | INFO: Extracting primitive: COL_tubi_terrace.002
01:18:09 | INFO: Primitives created: 1
01:18:09 | INFO: Extracting primitive: COL_tubi_topic_table.002
01:18:09 | INFO: Primitives created: 1
01:18:09 | INFO: Extracting primitive: COL_tubi_view_bench_left.001
01:18:09 | INFO: Primitives created: 1
01:18:09 | INFO: Extracting primitive: COL_tubi_view_bench_right.001
01:18:09 | INFO: Primitives created: 1
01:18:09 | INFO: Extracting primitive: HERO_tubi_title.002
01:18:09 | WARNING: More than one shader node tex image used for a texture. The resulting glTF sampler will behave like the first shader node tex image.
01:18:09 | INFO: Primitives created: 1
01:18:09 | INFO: Extracting primitive: SITE_tubi-tang_backstage.001
01:18:09 | INFO: Primitives created: 1
01:18:09 | INFO: Extracting primitive: KIT_pavilion_finial.007
01:18:09 | INFO: Primitives created: 1
01:18:09 | INFO: Extracting primitive: KIT_wall_amber_window.003
01:18:09 | INFO: Primitives created: 1
01:18:09 | INFO: Extracting primitive: TUBI_topic_line.001
01:18:09 | INFO: Primitives created: 1
01:18:09 | INFO: Extracting primitive: KIT_wall_lattice_vertical.063
01:18:09 | INFO: Primitives created: 1
01:18:09 | INFO: Extracting primitive: SITE_tubi-tang_platform.001
01:18:09 | INFO: Primitives created: 1
01:18:09 | INFO: Extracting primitive: KIT_props_lantern_hanging_render.012
01:18:09 | WARNING: More than one shader node tex image used for a texture. The resulting glTF sampler will behave like the first shader node tex image.
01:18:09 | INFO: Primitives created: 1
01:18:09 | INFO: Extracting primitive: KIT_pavilion_roof.007
01:18:09 | INFO: Primitives created: 1
01:18:09 | INFO: Extracting primitive: TUBI_terrace.002
01:18:09 | INFO: Primitives created: 1
01:18:09 | INFO: Extracting primitive: SITE_tubi-tang_front.001
01:18:09 | INFO: Primitives created: 1
01:18:09 | INFO: Finished glTF 2.0 export in 0.03915119171142578 s

IMPERIAL_JOINED_TOPOLOGY {(16, 26): 2, (16, 28): 576}
01:18:14 | INFO: Starting glTF 2.0 export
01:18:14 | INFO: Extracting primitive: COL_daguan_central_step.003
01:18:14 | INFO: Primitives created: 1
01:18:14 | INFO: Extracting primitive: COL_daguan_central_step.004
01:18:14 | INFO: Primitives created: 1
01:18:14 | INFO: Extracting primitive: COL_daguan_central_step.005
01:18:14 | INFO: Primitives created: 1
01:18:14 | INFO: Extracting primitive: COL_daguan_closed_front.001
01:18:14 | INFO: Primitives created: 1
01:18:14 | INFO: Extracting primitive: COL_daguan_column.006
01:18:14 | INFO: Primitives created: 1
01:18:14 | INFO: Extracting primitive: COL_daguan_column.007
01:18:14 | INFO: Primitives created: 1
01:18:14 | INFO: Extracting primitive: COL_daguan_column.008
01:18:14 | INFO: Primitives created: 1
01:18:14 | INFO: Extracting primitive: COL_daguan_column.009
01:18:14 | INFO: Primitives created: 1
01:18:14 | INFO: Extracting primitive: COL_daguan_column.010
01:18:14 | INFO: Primitives created: 1
01:18:14 | INFO: Extracting primitive: COL_daguan_column.011
01:18:14 | INFO: Primitives created: 1
01:18:14 | INFO: Extracting primitive: COL_daguan_floor.001
01:18:14 | INFO: Primitives created: 1
01:18:14 | INFO: Extracting primitive: COL_daguan_return_wall.002
01:18:14 | INFO: Primitives created: 1
01:18:14 | INFO: Extracting primitive: COL_daguan_return_wall.003
01:18:14 | INFO: Primitives created: 1
01:18:14 | INFO: Extracting primitive: HERO_daguan_title.001
01:18:14 | WARNING: More than one shader node tex image used for a texture. The resulting glTF sampler will behave like the first shader node tex image.
01:18:14 | INFO: Primitives created: 1
01:18:14 | INFO: Extracting primitive: DAGUAN_backstage.001
01:18:14 | INFO: Primitives created: 1
01:18:14 | INFO: Extracting primitive: DAGUAN_door_stud.180
01:18:14 | INFO: Primitives created: 1
01:18:14 | INFO: Extracting primitive: DAGUAN_amber_transom.002
01:18:14 | INFO: Primitives created: 1
01:18:14 | INFO: Extracting primitive: DAGUAN_closed_door.010
01:18:14 | INFO: Primitives created: 1
01:18:14 | INFO: Extracting primitive: DAGUAN_recessed_panel.020
01:18:14 | INFO: Primitives created: 1
01:18:14 | INFO: Extracting primitive: DAGUAN_column.006
01:18:14 | INFO: Primitives created: 1
01:18:14 | INFO: Extracting primitive: DAGUAN_platform.001
01:18:14 | INFO: Primitives created: 1
01:18:14 | INFO: Extracting primitive: DAGUAN_lower_roof.001
01:18:14 | INFO: Primitives created: 1
01:18:14 | INFO: Extracting primitive: DAGUAN_front.001
01:18:14 | INFO: Primitives created: 1
01:18:14 | INFO: Finished glTF 2.0 export in 0.04289889335632324 s

01:18:15 | INFO: Starting glTF 2.0 export
01:18:15 | INFO: Extracting primitive: COL_ouxiang_approach.001
01:18:15 | INFO: Primitives created: 1
01:18:15 | INFO: Extracting primitive: COL_ouxiang_deck.001
01:18:15 | INFO: Primitives created: 1
01:18:15 | INFO: Extracting primitive: COL_ouxiang_post.004
01:18:15 | INFO: Primitives created: 1
01:18:15 | INFO: Extracting primitive: COL_ouxiang_post.005
01:18:15 | INFO: Primitives created: 1
01:18:15 | INFO: Extracting primitive: COL_ouxiang_post.006
01:18:15 | INFO: Primitives created: 1
01:18:15 | INFO: Extracting primitive: COL_ouxiang_post.007
01:18:15 | INFO: Primitives created: 1
01:18:15 | INFO: Extracting primitive: COL_ouxiang_rail.002
01:18:15 | INFO: Primitives created: 1
01:18:15 | INFO: Extracting primitive: COL_ouxiang_rail.003
01:18:15 | INFO: Primitives created: 1
01:18:15 | INFO: Extracting primitive: COL_ouxiang_side_rail.004
01:18:15 | INFO: Primitives created: 1
01:18:15 | INFO: Extracting primitive: COL_ouxiang_side_rail.005
01:18:15 | INFO: Primitives created: 1
01:18:15 | INFO: Extracting primitive: COL_ouxiang_side_rail.006
01:18:15 | INFO: Primitives created: 1
01:18:15 | INFO: Extracting primitive: COL_ouxiang_side_rail.007
01:18:15 | INFO: Primitives created: 1
01:18:15 | INFO: Extracting primitive: COL_ouxiang_table.001
01:18:15 | INFO: Primitives created: 1
01:18:15 | INFO: Extracting primitive: KIT_props_tea_cup.006
01:18:15 | INFO: Primitives created: 1
01:18:15 | INFO: Extracting primitive: KIT_water_lotus_leaf.007
01:18:15 | INFO: Primitives created: 1
01:18:15 | INFO: Extracting primitive: SITE_ouxiang_deck.001
01:18:15 | INFO: Primitives created: 1
01:18:15 | INFO: Extracting primitive: KIT_pavilion_water_pier.004
01:18:15 | INFO: Primitives created: 1
01:18:15 | INFO: Extracting primitive: KIT_props_lantern_hanging_render.013
01:18:15 | WARNING: More than one shader node tex image used for a texture. The resulting glTF sampler will behave like the first shader node tex image.
01:18:15 | INFO: Primitives created: 1
01:18:15 | INFO: Extracting primitive: KIT_pavilion_water_hipped_roof.001
01:18:15 | INFO: Primitives created: 1
01:18:15 | INFO: Finished glTF 2.0 export in 0.04408693313598633 s

01:18:17 | INFO: Starting glTF 2.0 export
01:18:17 | INFO: Extracting primitive: COL_hengwu-yuan_floor.001
01:18:17 | INFO: Primitives created: 1
01:18:17 | INFO: Extracting primitive: COL_hengwu_closed_hall.002
01:18:17 | INFO: Primitives created: 1
01:18:17 | INFO: Extracting primitive: COL_hengwu_court.002
01:18:17 | INFO: Primitives created: 1
01:18:17 | INFO: Extracting primitive: COL_hengwu_hall_post.001
01:18:17 | INFO: Primitives created: 1
01:18:17 | INFO: Extracting primitive: COL_hengwu_hall_post.002
01:18:17 | INFO: Primitives created: 1
01:18:17 | INFO: Extracting primitive: COL_hengwu_hall_post.006
01:18:17 | INFO: Primitives created: 1
01:18:17 | INFO: Extracting primitive: COL_wall_bay.001
01:18:17 | INFO: Primitives created: 1
01:18:17 | INFO: Extracting primitive: COL_wall_bay.002
01:18:17 | INFO: Primitives created: 1
01:18:17 | INFO: Extracting primitive: COL_wall_bay.003
01:18:17 | INFO: Primitives created: 1
01:18:17 | INFO: Extracting primitive: COL_wall_bay.004
01:18:17 | INFO: Primitives created: 1
01:18:17 | INFO: Extracting primitive: COL_wall_bay.005
01:18:17 | INFO: Primitives created: 1
01:18:17 | INFO: Extracting primitive: COL_wall_bay.006
01:18:17 | INFO: Primitives created: 1
01:18:17 | INFO: Extracting primitive: KIT_wall_plaster.002
01:18:17 | INFO: Primitives created: 1
01:18:17 | INFO: Extracting primitive: COL_wall_window.001
01:18:17 | INFO: Primitives created: 1
01:18:17 | INFO: Extracting primitive: COL_wall_window.002
01:18:17 | INFO: Primitives created: 1
01:18:17 | INFO: Extracting primitive: COL_hengwu_rock.001
01:18:17 | INFO: Primitives created: 1
01:18:17 | INFO: Extracting primitive: COL_hengwu_rock.002
01:18:17 | INFO: Primitives created: 1
01:18:17 | INFO: Extracting primitive: COL_hengwu_rock.006
01:18:17 | INFO: Primitives created: 1
01:18:17 | INFO: Extracting primitive: COL_hengwu_stool.001
01:18:17 | INFO: Primitives created: 1
01:18:17 | INFO: Extracting primitive: COL_hengwu_stool.002
01:18:17 | INFO: Primitives created: 1
01:18:17 | INFO: Extracting primitive: COL_hengwu_stool.003
01:18:17 | INFO: Primitives created: 1
01:18:17 | INFO: Extracting primitive: COL_hengwu_stool.008
01:18:17 | INFO: Primitives created: 1
01:18:17 | INFO: Extracting primitive: COL_hengwu_table.002
01:18:17 | INFO: Primitives created: 1
01:18:17 | INFO: Extracting primitive: HERO_hengwu-yuan_title.002
01:18:17 | WARNING: More than one shader node tex image used for a texture. The resulting glTF sampler will behave like the first shader node tex image.
01:18:17 | INFO: Primitives created: 1
01:18:17 | INFO: Extracting primitive: SITE_hengwu-yuan_backstage.001
01:18:17 | INFO: Primitives created: 1
01:18:17 | INFO: Extracting primitive: KIT_pavilion_finial.011
01:18:17 | INFO: Primitives created: 1
01:18:17 | INFO: Extracting primitive: KIT_wall_amber_window.006
01:18:17 | INFO: Primitives created: 1
01:18:17 | INFO: Extracting primitive: HENGWU_herb_leaf.001
01:18:17 | INFO: Primitives created: 1
01:18:17 | INFO: Extracting primitive: KIT_wall_lattice_vertical.105
01:18:17 | INFO: Primitives created: 1
01:18:17 | INFO: Extracting primitive: SITE_hengwu-yuan_platform.001
01:18:17 | INFO: Primitives created: 1
01:18:17 | INFO: Extracting primitive: KIT_props_lantern_hanging_render.015
01:18:17 | WARNING: More than one shader node tex image used for a texture. The resulting glTF sampler will behave like the first shader node tex image.
01:18:17 | INFO: Primitives created: 1
01:18:17 | INFO: Extracting primitive: KIT_pavilion_roof.011
01:18:17 | INFO: Primitives created: 1
01:18:17 | INFO: Extracting primitive: KIT_wall_bay.001
01:18:17 | WARNING: More than one shader node tex image used for a texture. The resulting glTF sampler will behave like the first shader node tex image.
01:18:17 | INFO: Primitives created: 1
01:18:17 | INFO: Extracting primitive: SITE_hengwu-yuan_front.001
01:18:17 | INFO: Primitives created: 1
01:18:17 | INFO: Finished glTF 2.0 export in 0.11798787117004395 s

01:18:18 | INFO: Starting glTF 2.0 export
01:18:18 | INFO: Extracting primitive: COL_yihong_closed_front.002
01:18:18 | INFO: Primitives created: 1
01:18:18 | INFO: Extracting primitive: COL_yihong_court_side.001
01:18:18 | INFO: Primitives created: 1
01:18:18 | INFO: Extracting primitive: COL_yihong_court_side.004
01:18:18 | INFO: Primitives created: 1
01:18:18 | INFO: Extracting primitive: COL_yihong_floor.002
01:18:18 | INFO: Primitives created: 1
01:18:18 | INFO: Extracting primitive: COL_yihong_planter.001
01:18:18 | INFO: Primitives created: 1
01:18:18 | INFO: Extracting primitive: COL_yihong_planter.004
01:18:18 | INFO: Primitives created: 1
01:18:18 | INFO: Extracting primitive: COL_yihong_side_return.001
01:18:18 | INFO: Primitives created: 1
01:18:18 | INFO: Extracting primitive: COL_yihong_side_return.004
01:18:18 | INFO: Primitives created: 1
01:18:18 | INFO: Extracting primitive: COL_yihong_threshold.002
01:18:18 | INFO: Primitives created: 1
01:18:18 | INFO: Extracting primitive: KIT_flora_banana_render.001
01:18:18 | WARNING: More than one shader node tex image used for a texture. The resulting glTF sampler will behave like the first shader node tex image.
01:18:18 | INFO: Primitives created: 1
01:18:18 | INFO: Extracting primitive: KIT_flora_banana_render.002
01:18:18 | INFO: Primitives created: 1
01:18:18 | INFO: Extracting primitive: HERO_yihong-yuan_title.002
01:18:18 | WARNING: More than one shader node tex image used for a texture. The resulting glTF sampler will behave like the first shader node tex image.
01:18:18 | INFO: Primitives created: 1
01:18:18 | INFO: Extracting primitive: YIHONG_backstage.002
01:18:18 | INFO: Primitives created: 1
01:18:18 | INFO: Extracting primitive: YIHONG_door_rail.001
01:18:18 | INFO: Primitives created: 1
01:18:18 | INFO: Extracting primitive: YIHONG_amber_window.002
01:18:18 | INFO: Primitives created: 1
01:18:18 | INFO: Extracting primitive: YIHONG_door_panel.001
01:18:18 | INFO: Primitives created: 1
01:18:18 | INFO: Extracting primitive: YIHONG_paving.002
01:18:18 | INFO: Primitives created: 1
01:18:18 | INFO: Extracting primitive: YIHONG_court_cap.001
01:18:18 | INFO: Primitives created: 1
01:18:18 | INFO: Extracting primitive: YIHONG_closed_front.002
01:18:18 | INFO: Primitives created: 1
01:18:18 | INFO: Finished glTF 2.0 export in 0.028928041458129883 s

01:18:18 | INFO: Starting glTF 2.0 export
01:18:18 | INFO: Extracting primitive: COL_xiaoxiang_bamboo_bed.004
01:18:18 | INFO: Primitives created: 1
01:18:18 | INFO: Extracting primitive: COL_xiaoxiang_bamboo_bed.005
01:18:18 | INFO: Primitives created: 1
01:18:18 | INFO: Extracting primitive: COL_xiaoxiang_bamboo_bed.006
01:18:18 | INFO: Primitives created: 1
01:18:18 | INFO: Extracting primitive: COL_xiaoxiang_bamboo_bed.007
01:18:18 | INFO: Primitives created: 1
01:18:18 | INFO: Extracting primitive: COL_xiaoxiang_closed_front.001
01:18:18 | INFO: Primitives created: 1
01:18:18 | INFO: Extracting primitive: COL_xiaoxiang_floor.001
01:18:18 | INFO: Primitives created: 1
01:18:18 | INFO: Extracting primitive: COL_xiaoxiang_return.002
01:18:18 | INFO: Primitives created: 1
01:18:18 | INFO: Extracting primitive: COL_xiaoxiang_return.003
01:18:18 | INFO: Primitives created: 1
01:18:18 | INFO: Extracting primitive: COL_xiaoxiang_threshold.001
01:18:18 | INFO: Primitives created: 1
01:18:18 | INFO: Extracting primitive: KIT_flora_bamboo_large_render.003
01:18:18 | WARNING: More than one shader node tex image used for a texture. The resulting glTF sampler will behave like the first shader node tex image.
01:18:18 | INFO: Primitives created: 1
01:18:18 | INFO: Extracting primitive: KIT_flora_bamboo_medium_render.001
01:18:18 | INFO: Primitives created: 1
01:18:18 | INFO: Extracting primitive: KIT_flora_bamboo_small_render.002
01:18:18 | INFO: Primitives created: 1
01:18:18 | INFO: Extracting primitive: KIT_flora_bamboo_large_render.004
01:18:18 | INFO: Primitives created: 1
01:18:18 | INFO: Extracting primitive: HERO_xiaoxiang-guan_title.002
01:18:18 | WARNING: More than one shader node tex image used for a texture. The resulting glTF sampler will behave like the first shader node tex image.
01:18:18 | INFO: Primitives created: 1
01:18:18 | INFO: Extracting primitive: XIAOXIANG_black_back.001
01:18:18 | INFO: Primitives created: 1
01:18:18 | INFO: Extracting primitive: XIAOXIANG_gate_pull.002
01:18:18 | INFO: Primitives created: 1
01:18:18 | INFO: Extracting primitive: XIAOXIANG_amber_window.001
01:18:18 | INFO: Primitives created: 1
01:18:18 | INFO: Extracting primitive: XIAOXIANG_gate_leaf.002
01:18:18 | INFO: Primitives created: 1
01:18:18 | INFO: Extracting primitive: XIAOXIANG_paving.001
01:18:18 | INFO: Primitives created: 1
01:18:18 | INFO: Extracting primitive: XIAOXIANG_wall_cap.001
01:18:18 | INFO: Primitives created: 1
01:18:18 | INFO: Extracting primitive: XIAOXIANG_closed_front.001
01:18:18 | INFO: Primitives created: 1
01:18:18 | INFO: Finished glTF 2.0 export in 0.034674882888793945 s

01:18:19 | INFO: Starting glTF 2.0 export
01:18:19 | INFO: Extracting primitive: COL_longcui_burner.001
01:18:19 | INFO: Primitives created: 1
01:18:19 | INFO: Extracting primitive: COL_longcui_closed_front.001
01:18:19 | INFO: Primitives created: 1
01:18:19 | INFO: Extracting primitive: COL_longcui_floor.001
01:18:19 | INFO: Primitives created: 1
01:18:19 | INFO: Extracting primitive: COL_longcui_plum_trunk.002
01:18:19 | INFO: Primitives created: 1
01:18:19 | INFO: Extracting primitive: COL_longcui_plum_trunk.003
01:18:19 | INFO: Primitives created: 1
01:18:19 | INFO: Extracting primitive: COL_longcui_return.002
01:18:19 | INFO: Primitives created: 1
01:18:19 | INFO: Extracting primitive: COL_longcui_return.003
01:18:19 | INFO: Primitives created: 1
01:18:19 | INFO: Extracting primitive: COL_longcui_threshold.001
01:18:19 | INFO: Primitives created: 1
01:18:19 | INFO: Extracting primitive: KIT_flora_plum_render.001
01:18:19 | WARNING: More than one shader node tex image used for a texture. The resulting glTF sampler will behave like the first shader node tex image.
01:18:19 | INFO: Primitives created: 1
01:18:19 | INFO: Extracting primitive: KIT_flora_plum_render.002
01:18:19 | INFO: Primitives created: 1
01:18:19 | INFO: Extracting primitive: HERO_longcui-an_title.002
01:18:19 | WARNING: More than one shader node tex image used for a texture. The resulting glTF sampler will behave like the first shader node tex image.
01:18:19 | INFO: Primitives created: 1
01:18:19 | INFO: Extracting primitive: LONGCUI_backstage.001
01:18:19 | INFO: Primitives created: 1
01:18:19 | INFO: Extracting primitive: LONGCUI_gate_pull.002
01:18:19 | INFO: Primitives created: 1
01:18:19 | INFO: Extracting primitive: LONGCUI_closed_gate.002
01:18:19 | INFO: Primitives created: 1
01:18:19 | INFO: Extracting primitive: LONGCUI_paving.001
01:18:19 | INFO: Primitives created: 1
01:18:19 | INFO: Extracting primitive: KIT_props_lantern_hanging_render.016
01:18:19 | WARNING: More than one shader node tex image used for a texture. The resulting glTF sampler will behave like the first shader node tex image.
01:18:19 | INFO: Primitives created: 1
01:18:19 | INFO: Extracting primitive: LONGCUI_wall_cap.001
01:18:19 | INFO: Primitives created: 1
01:18:19 | INFO: Extracting primitive: LONGCUI_closed_front.001
01:18:19 | INFO: Primitives created: 1
01:18:19 | INFO: Finished glTF 2.0 export in 0.03214693069458008 s

01:18:19 | INFO: Starting glTF 2.0 export
01:18:19 | INFO: Extracting primitive: COL_aojing_closed_front.002
01:18:19 | INFO: Primitives created: 1
01:18:19 | INFO: Extracting primitive: COL_aojing_dry_ledge.002
01:18:19 | INFO: Primitives created: 1
01:18:19 | INFO: Extracting primitive: COL_aojing_hall_floor.002
01:18:19 | INFO: Primitives created: 1
01:18:19 | INFO: Extracting primitive: COL_aojing_ledge_end.002
01:18:19 | INFO: Primitives created: 1
01:18:19 | INFO: Extracting primitive: COL_aojing_ledge_parapet.002
01:18:19 | INFO: Primitives created: 1
01:18:19 | INFO: Extracting primitive: COL_aojing_return.001
01:18:19 | INFO: Primitives created: 1
01:18:19 | INFO: Extracting primitive: COL_aojing_return.004
01:18:19 | INFO: Primitives created: 1
01:18:19 | INFO: Extracting primitive: HERO_aojing-guan_title.002
01:18:19 | WARNING: More than one shader node tex image used for a texture. The resulting glTF sampler will behave like the first shader node tex image.
01:18:19 | INFO: Primitives created: 1
01:18:19 | INFO: Extracting primitive: AOJING_pond.002
01:18:19 | INFO: Primitives created: 1
01:18:19 | INFO: Extracting primitive: AOJING_backstage.002
01:18:19 | INFO: Primitives created: 1
01:18:19 | INFO: Extracting primitive: AOJING_amber_window.002
01:18:19 | INFO: Primitives created: 1
01:18:19 | INFO: Extracting primitive: AOJING_window_lattice.001
01:18:19 | INFO: Primitives created: 1
01:18:19 | INFO: Extracting primitive: AOJING_dry_ledge.002
01:18:19 | INFO: Primitives created: 1
01:18:19 | INFO: Extracting primitive: AOJING_roof.002
01:18:19 | INFO: Primitives created: 1
01:18:19 | INFO: Extracting primitive: AOJING_closed_front.002
01:18:19 | INFO: Primitives created: 1
01:18:19 | INFO: Finished glTF 2.0 export in 0.026295900344848633 s

01:18:20 | INFO: Starting glTF 2.0 export
01:18:20 | INFO: Extracting primitive: COL_daoxiang_closed_front.001
01:18:20 | INFO: Primitives created: 1
01:18:20 | INFO: Extracting primitive: COL_daoxiang_court.001
01:18:20 | INFO: Primitives created: 1
01:18:20 | INFO: Extracting primitive: COL_daoxiang_fence.004
01:18:20 | INFO: Primitives created: 1
01:18:20 | INFO: Extracting primitive: COL_daoxiang_fence.005
01:18:20 | INFO: Primitives created: 1
01:18:20 | INFO: Extracting primitive: COL_daoxiang_fence.006
01:18:20 | INFO: Primitives created: 1
01:18:20 | INFO: Extracting primitive: COL_daoxiang_fence.007
01:18:20 | INFO: Primitives created: 1
01:18:20 | INFO: Extracting primitive: COL_daoxiang_side.002
01:18:20 | INFO: Primitives created: 1
01:18:20 | INFO: Extracting primitive: COL_daoxiang_side.003
01:18:20 | INFO: Primitives created: 1
01:18:20 | INFO: Extracting primitive: HERO_daoxiang-cun_title.002
01:18:20 | WARNING: More than one shader node tex image used for a texture. The resulting glTF sampler will behave like the first shader node tex image.
01:18:20 | INFO: Primitives created: 1
01:18:20 | INFO: Extracting primitive: DAOXIANG_backstage.001
01:18:20 | INFO: Primitives created: 1
01:18:20 | INFO: Extracting primitive: DAOXIANG_door_latch.001
01:18:20 | INFO: Primitives created: 1
01:18:20 | INFO: Extracting primitive: DAOXIANG_warm_sliver.001
01:18:20 | INFO: Primitives created: 1
01:18:20 | INFO: Extracting primitive: DAOXIANG_closed_door.001
01:18:20 | INFO: Primitives created: 1
01:18:20 | INFO: Extracting primitive: DAOXIANG_paddy_painting.001
01:18:20 | INFO: Primitives created: 1
01:18:20 | INFO: Extracting primitive: DAOXIANG_court.001
01:18:20 | INFO: Primitives created: 1
01:18:20 | INFO: Extracting primitive: DAOXIANG_thatch_mass.001
01:18:20 | INFO: Primitives created: 1
01:18:20 | INFO: Extracting primitive: DAOXIANG_front.001
01:18:20 | INFO: Primitives created: 1
01:18:20 | INFO: Finished glTF 2.0 export in 0.036863088607788086 s

01:18:21 | INFO: Starting glTF 2.0 export
01:18:21 | INFO: Extracting primitive: COL_water_bridge_side.001
01:18:21 | INFO: Primitives created: 1
01:18:21 | INFO: Extracting primitive: COL_water_bridge_side.004
01:18:21 | INFO: Primitives created: 1
01:18:21 | INFO: Extracting primitive: COL_water_bridge_deck.002
01:18:21 | INFO: Primitives created: 1
01:18:21 | INFO: Extracting primitive: COL_ziling_landing.001
01:18:21 | INFO: Primitives created: 1
01:18:21 | INFO: Extracting primitive: KIT_flora_reed_render.001
01:18:21 | WARNING: More than one shader node tex image used for a texture. The resulting glTF sampler will behave like the first shader node tex image.
01:18:21 | INFO: Primitives created: 1
01:18:21 | INFO: Extracting primitive: KIT_flora_reed_render.002
01:18:21 | INFO: Primitives created: 1
01:18:21 | INFO: Extracting primitive: KIT_flora_reed_render.003
01:18:21 | INFO: Primitives created: 1
01:18:21 | INFO: Extracting primitive: KIT_flora_reed_render.004
01:18:21 | INFO: Primitives created: 1
01:18:21 | INFO: Extracting primitive: KIT_flora_reed_render.005
01:18:21 | INFO: Primitives created: 1
01:18:21 | INFO: Extracting primitive: KIT_flora_reed_render.006
01:18:21 | INFO: Primitives created: 1
01:18:21 | INFO: Extracting primitive: KIT_flora_reed_render.007
01:18:21 | INFO: Primitives created: 1
01:18:21 | INFO: Extracting primitive: KIT_flora_reed_render.008
01:18:21 | INFO: Primitives created: 1
01:18:21 | INFO: Extracting primitive: KIT_flora_reed_render.009
01:18:21 | INFO: Primitives created: 1
01:18:21 | INFO: Extracting primitive: KIT_flora_reed_render.010
01:18:21 | INFO: Primitives created: 1
01:18:21 | INFO: Extracting primitive: KIT_water_lotus_leaf.011
01:18:21 | INFO: Primitives created: 1
01:18:21 | INFO: Extracting primitive: KIT_water_plank.002
01:18:21 | WARNING: More than one shader node tex image used for a texture. The resulting glTF sampler will behave like the first shader node tex image.
01:18:21 | INFO: Primitives created: 1
01:18:21 | INFO: Extracting primitive: SITE_ziling_island.001
01:18:21 | INFO: Primitives created: 1
01:18:21 | INFO: Finished glTF 2.0 export in 0.03549480438232422 s

01:18:21 | INFO: Starting glTF 2.0 export
01:18:21 | INFO: Extracting primitive: COL_aojing_approach.001
01:18:21 | INFO: Primitives created: 1
01:18:21 | INFO: Extracting primitive: COL_aojing_approach.004
01:18:21 | INFO: Primitives created: 1
01:18:21 | INFO: Extracting primitive: COL_aojing_approach_guard.001
01:18:21 | INFO: Primitives created: 1
01:18:21 | INFO: Extracting primitive: COL_aojing_approach_guard.004
01:18:21 | INFO: Primitives created: 1
01:18:21 | INFO: Extracting primitive: COL_aojing_approach_ramp.002
01:18:21 | INFO: Primitives created: 1
01:18:21 | INFO: Extracting primitive: COL_aojing_closed_front.002
01:18:21 | INFO: Primitives created: 1
01:18:21 | INFO: Extracting primitive: COL_aojing_dry_ledge.002
01:18:21 | INFO: Primitives created: 1
01:18:21 | INFO: Extracting primitive: COL_aojing_hall_floor.002
01:18:21 | INFO: Primitives created: 1
01:18:21 | INFO: Extracting primitive: COL_aojing_ledge_end.002
01:18:21 | INFO: Primitives created: 1
01:18:21 | INFO: Extracting primitive: COL_aojing_ledge_parapet.002
01:18:21 | INFO: Primitives created: 1
01:18:21 | INFO: Extracting primitive: COL_aojing_return.001
01:18:21 | INFO: Primitives created: 1
01:18:21 | INFO: Extracting primitive: COL_aojing_return.004
01:18:21 | INFO: Primitives created: 1
01:18:21 | INFO: Extracting primitive: Cube.147
01:18:21 | INFO: Primitives created: 1
01:18:21 | INFO: Extracting primitive: Cube.148
01:18:21 | INFO: Primitives created: 1
01:18:21 | INFO: Extracting primitive: Cube.149
01:18:21 | INFO: Primitives created: 1
01:18:21 | INFO: Extracting primitive: Cube.150
01:18:21 | INFO: Primitives created: 1
01:18:21 | INFO: Extracting primitive: COL_bridge_crosswalk.002
01:18:21 | INFO: Primitives created: 1
01:18:21 | INFO: Extracting primitive: COL_bridge_crosswalk.003
01:18:21 | INFO: Primitives created: 1
01:18:21 | INFO: Extracting primitive: COL_cell_floor.006
01:18:21 | INFO: Primitives created: 1
01:18:21 | INFO: Extracting primitive: COL_cell_floor.007
01:18:21 | INFO: Primitives created: 1
01:18:21 | INFO: Extracting primitive: COL_cell_floor.008
01:18:21 | INFO: Primitives created: 1
01:18:21 | INFO: Extracting primitive: COL_cell_floor.009
01:18:21 | INFO: Primitives created: 1
01:18:21 | INFO: Extracting primitive: COL_cell_floor.010
01:18:21 | INFO: Primitives created: 1
01:18:21 | INFO: Extracting primitive: COL_cell_floor.011
01:18:21 | INFO: Primitives created: 1
01:18:21 | INFO: Extracting primitive: COL_cell_wall.012
01:18:21 | INFO: Primitives created: 1
01:18:21 | INFO: Extracting primitive: COL_cell_wall.013
01:18:21 | INFO: Primitives created: 1
01:18:21 | INFO: Extracting primitive: COL_cell_wall.014
01:18:21 | INFO: Primitives created: 1
01:18:21 | INFO: Extracting primitive: COL_cell_wall.015
01:18:21 | INFO: Primitives created: 1
01:18:21 | INFO: Extracting primitive: COL_cell_wall.016
01:18:21 | INFO: Primitives created: 1
01:18:21 | INFO: Extracting primitive: COL_cell_wall.017
01:18:21 | INFO: Primitives created: 1
01:18:21 | INFO: Extracting primitive: COL_cell_wall.018
01:18:21 | INFO: Primitives created: 1
01:18:21 | INFO: Extracting primitive: COL_cell_wall.019
01:18:21 | INFO: Primitives created: 1
01:18:21 | INFO: Extracting primitive: COL_cell_wall.020
01:18:21 | INFO: Primitives created: 1
01:18:21 | INFO: Extracting primitive: COL_cell_wall.021
01:18:21 | INFO: Primitives created: 1
01:18:21 | INFO: Extracting primitive: COL_cell_wall.022
01:18:21 | INFO: Primitives created: 1
01:18:21 | INFO: Extracting primitive: COL_cell_wall.023
01:18:21 | INFO: Primitives created: 1
01:18:21 | INFO: Extracting primitive: COL_daguan_central_step.003
01:18:21 | INFO: Primitives created: 1
01:18:21 | INFO: Extracting primitive: COL_daguan_central_step.004
01:18:21 | INFO: Primitives created: 1
01:18:21 | INFO: Extracting primitive: COL_daguan_central_step.005
01:18:21 | INFO: Primitives created: 1
01:18:21 | INFO: Extracting primitive: COL_daguan_closed_front.001
01:18:21 | INFO: Primitives created: 1
01:18:21 | INFO: Extracting primitive: COL_daguan_column.006
01:18:21 | INFO: Primitives created: 1
01:18:21 | INFO: Extracting primitive: COL_daguan_column.007
01:18:21 | INFO: Primitives created: 1
01:18:21 | INFO: Extracting primitive: COL_daguan_column.008
01:18:21 | INFO: Primitives created: 1
01:18:21 | INFO: Extracting primitive: COL_daguan_column.009
01:18:21 | INFO: Primitives created: 1
01:18:21 | INFO: Extracting primitive: COL_daguan_column.010
01:18:21 | INFO: Primitives created: 1
01:18:21 | INFO: Extracting primitive: COL_daguan_column.011
01:18:21 | INFO: Primitives created: 1
01:18:21 | INFO: Extracting primitive: COL_daguan_floor.001
01:18:21 | INFO: Primitives created: 1
01:18:21 | INFO: Extracting primitive: COL_daguan_return_wall.002
01:18:21 | INFO: Primitives created: 1
01:18:21 | INFO: Extracting primitive: COL_daguan_return_wall.003
01:18:21 | INFO: Primitives created: 1
01:18:21 | INFO: Extracting primitive: COL_daoxiang_approach.002
01:18:21 | INFO: Primitives created: 1
01:18:21 | INFO: Extracting primitive: COL_daoxiang_approach.003
01:18:21 | INFO: Primitives created: 1
01:18:21 | INFO: Extracting primitive: COL_daoxiang_closed_front.001
01:18:21 | INFO: Primitives created: 1
01:18:21 | INFO: Extracting primitive: COL_daoxiang_court.001
01:18:21 | INFO: Primitives created: 1
01:18:21 | INFO: Extracting primitive: COL_daoxiang_fence.004
01:18:21 | INFO: Primitives created: 1
01:18:21 | INFO: Extracting primitive: COL_daoxiang_fence.005
01:18:21 | INFO: Primitives created: 1
01:18:21 | INFO: Extracting primitive: COL_daoxiang_fence.006
01:18:21 | INFO: Primitives created: 1
01:18:21 | INFO: Extracting primitive: COL_daoxiang_fence.007
01:18:21 | INFO: Primitives created: 1
01:18:21 | INFO: Extracting primitive: COL_daoxiang_side.002
01:18:21 | INFO: Primitives created: 1
01:18:21 | INFO: Extracting primitive: COL_daoxiang_side.003
01:18:21 | INFO: Primitives created: 1
01:18:21 | INFO: Extracting primitive: COL_entry_corridor.001
01:18:21 | INFO: Primitives created: 1
01:18:21 | INFO: Extracting primitive: COL_entry_walk.002
01:18:21 | INFO: Primitives created: 1
01:18:21 | INFO: Extracting primitive: COL_entry_walk.003
01:18:21 | INFO: Primitives created: 1
01:18:21 | INFO: Extracting primitive: COL_floor_joint_cell_threshold_0.001
01:18:21 | INFO: Primitives created: 1
01:18:21 | INFO: Extracting primitive: COL_floor_joint_cell_threshold_1.001
01:18:21 | INFO: Primitives created: 1
01:18:21 | INFO: Extracting primitive: COL_floor_joint_cell_threshold_2.001
01:18:21 | INFO: Primitives created: 1
01:18:21 | INFO: Extracting primitive: COL_floor_joint_cell_threshold_3.001
01:18:21 | INFO: Primitives created: 1
01:18:21 | INFO: Extracting primitive: COL_floor_joint_cell_threshold_4.001
01:18:21 | INFO: Primitives created: 1
01:18:21 | INFO: Extracting primitive: COL_floor_joint_cell_threshold_5.001
01:18:21 | INFO: Primitives created: 1
01:18:21 | INFO: Extracting primitive: COL_floor_joint_pavilion_east_joint.001
01:18:21 | INFO: Primitives created: 1
01:18:21 | INFO: Extracting primitive: COL_floor_joint_pavilion_west_joint.001
01:18:21 | INFO: Primitives created: 1
01:18:21 | INFO: Extracting primitive: Cube.146
01:18:21 | INFO: Primitives created: 1
01:18:21 | INFO: Extracting primitive: Cube.145
01:18:21 | INFO: Primitives created: 1
01:18:21 | INFO: Extracting primitive: COL_GATE_banana_planter.001
01:18:21 | INFO: Primitives created: 1
01:18:21 | INFO: Extracting primitive: KIT_rockery_passage.022
01:18:21 | INFO: Primitives created: 1
01:18:21 | INFO: Extracting primitive: KIT_rockery_passage.024
01:18:21 | INFO: Primitives created: 1
01:18:21 | INFO: Extracting primitive: KIT_rockery_cliff.006
01:18:21 | INFO: Primitives created: 1
01:18:21 | INFO: Extracting primitive: KIT_rockery_cliff.008
01:18:21 | INFO: Primitives created: 1
01:18:21 | INFO: Extracting primitive: KIT_rockery_passage.004
01:18:21 | INFO: Primitives created: 1
01:18:21 | INFO: Extracting primitive: KIT_rockery_passage.016
01:18:21 | INFO: Primitives created: 1
01:18:21 | INFO: Extracting primitive: KIT_rockery_passage.018
01:18:21 | INFO: Primitives created: 1
01:18:21 | INFO: Extracting primitive: KIT_rockery_passage.020
01:18:21 | INFO: Primitives created: 1
01:18:21 | INFO: Extracting primitive: GATE_paving.003
01:18:21 | INFO: Primitives created: 1
01:18:21 | INFO: Extracting primitive: COL_hengwu-yuan_floor.001
01:18:21 | INFO: Primitives created: 1
01:18:21 | INFO: Extracting primitive: COL_hengwu_approach.002
01:18:21 | INFO: Primitives created: 1
01:18:21 | INFO: Extracting primitive: COL_hengwu_approach.003
01:18:21 | INFO: Primitives created: 1
01:18:21 | INFO: Extracting primitive: COL_hengwu_closed_hall.002
01:18:21 | INFO: Primitives created: 1
01:18:21 | INFO: Extracting primitive: COL_hengwu_court.002
01:18:21 | INFO: Primitives created: 1
01:18:21 | INFO: Extracting primitive: COL_hengwu_hall_post.001
01:18:21 | INFO: Primitives created: 1
01:18:21 | INFO: Extracting primitive: COL_hengwu_hall_post.002
01:18:21 | INFO: Primitives created: 1
01:18:21 | INFO: Extracting primitive: COL_hengwu_hall_post.006
01:18:21 | INFO: Primitives created: 1
01:18:21 | INFO: Extracting primitive: COL_wall_bay.001
01:18:21 | INFO: Primitives created: 1
01:18:21 | INFO: Extracting primitive: COL_wall_bay.002
01:18:21 | INFO: Primitives created: 1
01:18:21 | INFO: Extracting primitive: COL_wall_bay.003
01:18:21 | INFO: Primitives created: 1
01:18:21 | INFO: Extracting primitive: COL_wall_bay.004
01:18:21 | INFO: Primitives created: 1
01:18:21 | INFO: Extracting primitive: COL_wall_bay.005
01:18:21 | INFO: Primitives created: 1
01:18:21 | INFO: Extracting primitive: COL_wall_bay.006
01:18:21 | INFO: Primitives created: 1
01:18:21 | INFO: Extracting primitive: KIT_wall_plaster.002
01:18:21 | INFO: Primitives created: 1
01:18:21 | INFO: Extracting primitive: COL_wall_window.001
01:18:21 | INFO: Primitives created: 1
01:18:21 | INFO: Extracting primitive: COL_wall_window.002
01:18:21 | INFO: Primitives created: 1
01:18:21 | INFO: Extracting primitive: COL_hengwu_rock.001
01:18:21 | INFO: Primitives created: 1
01:18:21 | INFO: Extracting primitive: COL_hengwu_rock.002
01:18:21 | INFO: Primitives created: 1
01:18:21 | INFO: Extracting primitive: COL_hengwu_rock.006
01:18:21 | INFO: Primitives created: 1
01:18:21 | INFO: Extracting primitive: COL_hengwu_stool.001
01:18:21 | INFO: Primitives created: 1
01:18:21 | INFO: Extracting primitive: COL_hengwu_stool.002
01:18:21 | INFO: Primitives created: 1
01:18:21 | INFO: Extracting primitive: COL_hengwu_stool.003
01:18:21 | INFO: Primitives created: 1
01:18:21 | INFO: Extracting primitive: COL_hengwu_stool.008
01:18:21 | INFO: Primitives created: 1
01:18:21 | INFO: Extracting primitive: COL_hengwu_table.002
01:18:21 | INFO: Primitives created: 1
01:18:21 | INFO: Extracting primitive: COL_longcui_approach.003
01:18:21 | INFO: Primitives created: 1
01:18:21 | INFO: Extracting primitive: COL_longcui_approach.004
01:18:21 | INFO: Primitives created: 1
01:18:21 | INFO: Extracting primitive: COL_longcui_approach.005
01:18:21 | INFO: Primitives created: 1
01:18:21 | INFO: Extracting primitive: COL_longcui_burner.001
01:18:21 | INFO: Primitives created: 1
01:18:21 | INFO: Extracting primitive: COL_longcui_closed_front.001
01:18:21 | INFO: Primitives created: 1
01:18:21 | INFO: Extracting primitive: COL_longcui_floor.001
01:18:21 | INFO: Primitives created: 1
01:18:21 | INFO: Extracting primitive: COL_longcui_plum_trunk.002
01:18:21 | INFO: Primitives created: 1
01:18:21 | INFO: Extracting primitive: COL_longcui_plum_trunk.003
01:18:21 | INFO: Primitives created: 1
01:18:21 | INFO: Extracting primitive: COL_longcui_return.002
01:18:21 | INFO: Primitives created: 1
01:18:21 | INFO: Extracting primitive: COL_longcui_return.003
01:18:21 | INFO: Primitives created: 1
01:18:21 | INFO: Extracting primitive: COL_longcui_threshold.001
01:18:21 | INFO: Primitives created: 1
01:18:21 | INFO: Extracting primitive: COL_ouxiang_approach.001
01:18:21 | INFO: Primitives created: 1
01:18:21 | INFO: Extracting primitive: COL_ouxiang_deck.001
01:18:21 | INFO: Primitives created: 1
01:18:21 | INFO: Extracting primitive: COL_ouxiang_post.004
01:18:21 | INFO: Primitives created: 1
01:18:21 | INFO: Extracting primitive: COL_ouxiang_post.005
01:18:21 | INFO: Primitives created: 1
01:18:21 | INFO: Extracting primitive: COL_ouxiang_post.006
01:18:21 | INFO: Primitives created: 1
01:18:21 | INFO: Extracting primitive: COL_ouxiang_post.007
01:18:21 | INFO: Primitives created: 1
01:18:21 | INFO: Extracting primitive: COL_ouxiang_rail.002
01:18:21 | INFO: Primitives created: 1
01:18:21 | INFO: Extracting primitive: COL_ouxiang_rail.003
01:18:21 | INFO: Primitives created: 1
01:18:21 | INFO: Extracting primitive: COL_ouxiang_side_rail.004
01:18:21 | INFO: Primitives created: 1
01:18:21 | INFO: Extracting primitive: COL_ouxiang_side_rail.005
01:18:21 | INFO: Primitives created: 1
01:18:21 | INFO: Extracting primitive: COL_ouxiang_side_rail.006
01:18:21 | INFO: Primitives created: 1
01:18:21 | INFO: Extracting primitive: COL_ouxiang_side_rail.007
01:18:21 | INFO: Primitives created: 1
01:18:21 | INFO: Extracting primitive: COL_ouxiang_table.001
01:18:21 | INFO: Primitives created: 1
01:18:21 | INFO: Extracting primitive: COL_corridor_floor.009
01:18:21 | INFO: Primitives created: 1
01:18:21 | INFO: Extracting primitive: COL_corridor_side.015
01:18:21 | INFO: Primitives created: 1
01:18:21 | INFO: Extracting primitive: COL_corridor_side.016
01:18:21 | INFO: Primitives created: 1
01:18:21 | INFO: Extracting primitive: COL_corridor_post.016
01:18:21 | INFO: Primitives created: 1
01:18:21 | INFO: Extracting primitive: COL_corridor_post.017
01:18:21 | INFO: Primitives created: 1
01:18:21 | INFO: Extracting primitive: COL_corridor_floor.010
01:18:21 | INFO: Primitives created: 1
01:18:21 | INFO: Extracting primitive: COL_corridor_side.017
01:18:21 | INFO: Primitives created: 1
01:18:21 | INFO: Extracting primitive: COL_corridor_side.018
01:18:21 | INFO: Primitives created: 1
01:18:21 | INFO: Extracting primitive: COL_corridor_post.018
01:18:21 | INFO: Primitives created: 1
01:18:21 | INFO: Extracting primitive: COL_corridor_post.019
01:18:21 | INFO: Primitives created: 1
01:18:21 | INFO: Extracting primitive: COL_corridor_floor.011
01:18:21 | INFO: Primitives created: 1
01:18:21 | INFO: Extracting primitive: COL_corridor_side.019
01:18:21 | INFO: Primitives created: 1
01:18:21 | INFO: Extracting primitive: COL_corridor_side.020
01:18:21 | INFO: Primitives created: 1
01:18:21 | INFO: Extracting primitive: COL_corridor_post.020
01:18:21 | INFO: Primitives created: 1
01:18:21 | INFO: Extracting primitive: COL_corridor_post.021
01:18:21 | INFO: Primitives created: 1
01:18:21 | INFO: Extracting primitive: COL_corridor_floor.012
01:18:21 | INFO: Primitives created: 1
01:18:21 | INFO: Extracting primitive: COL_corridor_side.021
01:18:21 | INFO: Primitives created: 1
01:18:21 | INFO: Extracting primitive: COL_corridor_side.022
01:18:21 | INFO: Primitives created: 1
01:18:21 | INFO: Extracting primitive: COL_corridor_post.022
01:18:21 | INFO: Primitives created: 1
01:18:21 | INFO: Extracting primitive: COL_corridor_post.023
01:18:21 | INFO: Primitives created: 1
01:18:21 | INFO: Extracting primitive: COL_corridor_floor.001
01:18:21 | INFO: Primitives created: 1
01:18:21 | INFO: Extracting primitive: COL_corridor_side.001
01:18:21 | INFO: Primitives created: 1
01:18:21 | INFO: Extracting primitive: COL_corridor_side.002
01:18:21 | INFO: Primitives created: 1
01:18:21 | INFO: Extracting primitive: COL_corridor_post.001
01:18:21 | INFO: Primitives created: 1
01:18:21 | INFO: Extracting primitive: COL_corridor_post.002
01:18:21 | INFO: Primitives created: 1
01:18:21 | INFO: Extracting primitive: COL_corridor_floor.002
01:18:21 | INFO: Primitives created: 1
01:18:21 | INFO: Extracting primitive: COL_corridor_side.003
01:18:21 | INFO: Primitives created: 1
01:18:21 | INFO: Extracting primitive: COL_corridor_side.004
01:18:21 | INFO: Primitives created: 1
01:18:21 | INFO: Extracting primitive: COL_corridor_post.003
01:18:21 | INFO: Primitives created: 1
01:18:21 | INFO: Extracting primitive: COL_corridor_post.004
01:18:21 | INFO: Primitives created: 1
01:18:21 | INFO: Extracting primitive: COL_corridor_floor.003
01:18:21 | INFO: Primitives created: 1
01:18:21 | INFO: Extracting primitive: COL_corridor_side.005
01:18:21 | INFO: Primitives created: 1
01:18:21 | INFO: Extracting primitive: COL_corridor_side.006
01:18:21 | INFO: Primitives created: 1
01:18:21 | INFO: Extracting primitive: COL_corridor_post.005
01:18:21 | INFO: Primitives created: 1
01:18:21 | INFO: Extracting primitive: COL_corridor_post.006
01:18:21 | INFO: Primitives created: 1
01:18:21 | INFO: Extracting primitive: COL_corridor_floor.004
01:18:21 | INFO: Primitives created: 1
01:18:21 | INFO: Extracting primitive: COL_corridor_side.007
01:18:21 | INFO: Primitives created: 1
01:18:21 | INFO: Extracting primitive: COL_corridor_side.008
01:18:21 | INFO: Primitives created: 1
01:18:21 | INFO: Extracting primitive: COL_corridor_post.007
01:18:21 | INFO: Primitives created: 1
01:18:21 | INFO: Extracting primitive: COL_corridor_post.008
01:18:21 | INFO: Primitives created: 1
01:18:21 | INFO: Extracting primitive: COL_corridor_floor.005
01:18:21 | INFO: Primitives created: 1
01:18:21 | INFO: Extracting primitive: COL_corridor_side.009
01:18:21 | INFO: Primitives created: 1
01:18:21 | INFO: Extracting primitive: COL_corridor_side.010
01:18:21 | INFO: Primitives created: 1
01:18:21 | INFO: Extracting primitive: COL_corridor_post.009
01:18:21 | INFO: Primitives created: 1
01:18:21 | INFO: Extracting primitive: COL_corridor_post.010
01:18:21 | INFO: Primitives created: 1
01:18:21 | INFO: Extracting primitive: COL_corridor_floor.006
01:18:21 | INFO: Primitives created: 1
01:18:21 | INFO: Extracting primitive: COL_corridor_side.011
01:18:21 | INFO: Primitives created: 1
01:18:21 | INFO: Extracting primitive: COL_corridor_post.011
01:18:21 | INFO: Primitives created: 1
01:18:21 | INFO: Extracting primitive: COL_corridor_post.012
01:18:21 | INFO: Primitives created: 1
01:18:21 | INFO: Extracting primitive: COL_corridor_floor.007
01:18:21 | INFO: Primitives created: 1
01:18:21 | INFO: Extracting primitive: COL_corridor_side.012
01:18:21 | INFO: Primitives created: 1
01:18:21 | INFO: Extracting primitive: COL_corridor_post.013
01:18:21 | INFO: Primitives created: 1
01:18:21 | INFO: Extracting primitive: COL_corridor_floor.008
01:18:21 | INFO: Primitives created: 1
01:18:21 | INFO: Extracting primitive: COL_corridor_side.013
01:18:21 | INFO: Primitives created: 1
01:18:21 | INFO: Extracting primitive: COL_corridor_side.014
01:18:21 | INFO: Primitives created: 1
01:18:21 | INFO: Extracting primitive: COL_corridor_post.014
01:18:21 | INFO: Primitives created: 1
01:18:21 | INFO: Extracting primitive: COL_corridor_post.015
01:18:21 | INFO: Primitives created: 1
01:18:21 | INFO: Extracting primitive: COL_corridor_floor.013
01:18:21 | INFO: Primitives created: 1
01:18:21 | INFO: Extracting primitive: COL_corridor_side.023
01:18:21 | INFO: Primitives created: 1
01:18:21 | INFO: Extracting primitive: COL_corridor_side.024
01:18:21 | INFO: Primitives created: 1
01:18:21 | INFO: Extracting primitive: COL_corridor_post.024
01:18:21 | INFO: Primitives created: 1
01:18:21 | INFO: Extracting primitive: COL_corridor_post.025
01:18:21 | INFO: Primitives created: 1
01:18:21 | INFO: Extracting primitive: COL_corridor_floor.014
01:18:21 | INFO: Primitives created: 1
01:18:21 | INFO: Extracting primitive: COL_corridor_side.025
01:18:21 | INFO: Primitives created: 1
01:18:21 | INFO: Extracting primitive: COL_corridor_side.026
01:18:21 | INFO: Primitives created: 1
01:18:21 | INFO: Extracting primitive: COL_corridor_post.026
01:18:21 | INFO: Primitives created: 1
01:18:21 | INFO: Extracting primitive: COL_corridor_post.027
01:18:21 | INFO: Primitives created: 1
01:18:21 | INFO: Extracting primitive: COL_corridor_floor.015
01:18:21 | INFO: Primitives created: 1
01:18:21 | INFO: Extracting primitive: COL_corridor_side.027
01:18:21 | INFO: Primitives created: 1
01:18:21 | INFO: Extracting primitive: COL_corridor_side.028
01:18:21 | INFO: Primitives created: 1
01:18:21 | INFO: Extracting primitive: COL_corridor_post.028
01:18:21 | INFO: Primitives created: 1
01:18:21 | INFO: Extracting primitive: COL_corridor_post.029
01:18:21 | INFO: Primitives created: 1
01:18:21 | INFO: Extracting primitive: COL_corridor_floor.016
01:18:21 | INFO: Primitives created: 1
01:18:21 | INFO: Extracting primitive: COL_corridor_side.029
01:18:21 | INFO: Primitives created: 1
01:18:21 | INFO: Extracting primitive: COL_corridor_side.030
01:18:21 | INFO: Primitives created: 1
01:18:21 | INFO: Extracting primitive: COL_corridor_post.030
01:18:21 | INFO: Primitives created: 1
01:18:21 | INFO: Extracting primitive: COL_corridor_post.031
01:18:21 | INFO: Primitives created: 1
01:18:21 | INFO: Extracting primitive: COL_qinfang_deck.001
01:18:21 | INFO: Primitives created: 1
01:18:21 | INFO: Extracting primitive: COL_pavilion_bench.001
01:18:21 | INFO: Primitives created: 1
01:18:21 | INFO: Extracting primitive: COL_pavilion_bench.002
01:18:21 | INFO: Primitives created: 1
01:18:21 | INFO: Extracting primitive: COL_pavilion_bracket.001
01:18:21 | INFO: Primitives created: 1
01:18:21 | INFO: Extracting primitive: COL_pavilion_bracket.002
01:18:21 | INFO: Primitives created: 1
01:18:21 | INFO: Extracting primitive: COL_pavilion_bracket.003
01:18:21 | INFO: Primitives created: 1
01:18:21 | INFO: Extracting primitive: COL_pavilion_bracket.004
01:18:21 | INFO: Primitives created: 1
01:18:21 | INFO: Extracting primitive: COL_pavilion_bracket.005
01:18:21 | INFO: Primitives created: 1
01:18:21 | INFO: Extracting primitive: COL_pavilion_bracket.006
01:18:21 | INFO: Primitives created: 1
01:18:21 | INFO: Extracting primitive: COL_pavilion_post.001
01:18:21 | INFO: Primitives created: 1
01:18:21 | INFO: Extracting primitive: COL_pavilion_post.002
01:18:21 | INFO: Primitives created: 1
01:18:21 | INFO: Extracting primitive: COL_pavilion_post.003
01:18:21 | INFO: Primitives created: 1
01:18:21 | INFO: Extracting primitive: COL_pavilion_post.004
01:18:21 | INFO: Primitives created: 1
01:18:21 | INFO: Extracting primitive: COL_pavilion_post.005
01:18:21 | INFO: Primitives created: 1
01:18:21 | INFO: Extracting primitive: COL_pavilion_post.006
01:18:21 | INFO: Primitives created: 1
01:18:21 | INFO: Extracting primitive: COL_pavilion_roof.001
01:18:21 | INFO: Primitives created: 1
01:18:21 | INFO: Extracting primitive: COL_qiushuang-zhai_floor.001
01:18:21 | INFO: Primitives created: 1
01:18:21 | INFO: Extracting primitive: Cube.009
01:18:21 | INFO: Primitives created: 1
01:18:21 | INFO: Extracting primitive: Cube.011
01:18:21 | INFO: Primitives created: 1
01:18:21 | INFO: Extracting primitive: Cube.012
01:18:21 | INFO: Primitives created: 1
01:18:21 | INFO: Extracting primitive: Cube.013
01:18:21 | INFO: Primitives created: 1
01:18:21 | INFO: Extracting primitive: Cube.019
01:18:21 | INFO: Primitives created: 1
01:18:21 | INFO: Extracting primitive: Cube.020
01:18:21 | INFO: Primitives created: 1
01:18:21 | INFO: Extracting primitive: Cube.023
01:18:21 | INFO: Primitives created: 1
01:18:21 | INFO: Extracting primitive: Cube.024
01:18:21 | INFO: Primitives created: 1
01:18:21 | INFO: Extracting primitive: Cube.048
01:18:21 | INFO: Primitives created: 1
01:18:21 | INFO: Extracting primitive: Cube.050
01:18:21 | INFO: Primitives created: 1
01:18:21 | INFO: Extracting primitive: Cube.052
01:18:21 | INFO: Primitives created: 1
01:18:21 | INFO: Extracting primitive: Cube.092
01:18:21 | INFO: Primitives created: 1
01:18:21 | INFO: Extracting primitive: Cube.093
01:18:21 | INFO: Primitives created: 1
01:18:21 | INFO: Extracting primitive: Cube.094
01:18:21 | INFO: Primitives created: 1
01:18:21 | INFO: Extracting primitive: Cube.095
01:18:21 | INFO: Primitives created: 1
01:18:21 | INFO: Extracting primitive: Cube.096
01:18:21 | INFO: Primitives created: 1
01:18:21 | INFO: Extracting primitive: Cube.097
01:18:21 | INFO: Primitives created: 1
01:18:21 | INFO: Extracting primitive: Cube.098
01:18:21 | INFO: Primitives created: 1
01:18:21 | INFO: Extracting primitive: Cube.099
01:18:21 | INFO: Primitives created: 1
01:18:21 | INFO: Extracting primitive: Cube.100
01:18:21 | INFO: Primitives created: 1
01:18:21 | INFO: Extracting primitive: Cube.101
01:18:21 | INFO: Primitives created: 1
01:18:21 | INFO: Extracting primitive: Cube.102
01:18:21 | INFO: Primitives created: 1
01:18:21 | INFO: Extracting primitive: Cube.103
01:18:21 | INFO: Primitives created: 1
01:18:21 | INFO: Extracting primitive: Cube.104
01:18:21 | INFO: Primitives created: 1
01:18:21 | INFO: Extracting primitive: Cube.105
01:18:21 | INFO: Primitives created: 1
01:18:21 | INFO: Extracting primitive: Cube.106
01:18:21 | INFO: Primitives created: 1
01:18:21 | INFO: Extracting primitive: Cube.107
01:18:21 | INFO: Primitives created: 1
01:18:21 | INFO: Extracting primitive: Cube.108
01:18:21 | INFO: Primitives created: 1
01:18:21 | INFO: Extracting primitive: Cube.109
01:18:21 | INFO: Primitives created: 1
01:18:21 | INFO: Extracting primitive: Cube.110
01:18:21 | INFO: Primitives created: 1
01:18:21 | INFO: Extracting primitive: Cube.111
01:18:21 | INFO: Primitives created: 1
01:18:21 | INFO: Extracting primitive: Cube.112
01:18:21 | INFO: Primitives created: 1
01:18:21 | INFO: Extracting primitive: Cube.113
01:18:21 | INFO: Primitives created: 1
01:18:21 | INFO: Extracting primitive: Cube.114
01:18:21 | INFO: Primitives created: 1
01:18:21 | INFO: Extracting primitive: Cube.115
01:18:21 | INFO: Primitives created: 1
01:18:21 | INFO: Extracting primitive: Cube.116
01:18:21 | INFO: Primitives created: 1
01:18:21 | INFO: Extracting primitive: Cube.117
01:18:21 | INFO: Primitives created: 1
01:18:21 | INFO: Extracting primitive: Cube.118
01:18:21 | INFO: Primitives created: 1
01:18:21 | INFO: Extracting primitive: Cube.119
01:18:21 | INFO: Primitives created: 1
01:18:21 | INFO: Extracting primitive: Cube.120
01:18:21 | INFO: Primitives created: 1
01:18:21 | INFO: Extracting primitive: Cube.121
01:18:21 | INFO: Primitives created: 1
01:18:21 | INFO: Extracting primitive: Cube.122
01:18:21 | INFO: Primitives created: 1
01:18:21 | INFO: Extracting primitive: Cube.123
01:18:21 | INFO: Primitives created: 1
01:18:21 | INFO: Extracting primitive: Cube.124
01:18:21 | INFO: Primitives created: 1
01:18:21 | INFO: Extracting primitive: Cube.125
01:18:21 | INFO: Primitives created: 1
01:18:21 | INFO: Extracting primitive: Cube.126
01:18:21 | INFO: Primitives created: 1
01:18:21 | INFO: Extracting primitive: Cube.127
01:18:21 | INFO: Primitives created: 1
01:18:21 | INFO: Extracting primitive: Cube.128
01:18:21 | INFO: Primitives created: 1
01:18:21 | INFO: Extracting primitive: Cube.129
01:18:21 | INFO: Primitives created: 1
01:18:21 | INFO: Extracting primitive: Cube.130
01:18:21 | INFO: Primitives created: 1
01:18:21 | INFO: Extracting primitive: Cube.131
01:18:21 | INFO: Primitives created: 1
01:18:21 | INFO: Extracting primitive: Cube.132
01:18:21 | INFO: Primitives created: 1
01:18:21 | INFO: Extracting primitive: Cube.133
01:18:21 | INFO: Primitives created: 1
01:18:21 | INFO: Extracting primitive: Cube.134
01:18:21 | INFO: Primitives created: 1
01:18:21 | INFO: Extracting primitive: Cube.135
01:18:21 | INFO: Primitives created: 1
01:18:21 | INFO: Extracting primitive: Cube.136
01:18:21 | INFO: Primitives created: 1
01:18:21 | INFO: Extracting primitive: Cube.137
01:18:21 | INFO: Primitives created: 1
01:18:21 | INFO: Extracting primitive: Cube.138
01:18:21 | INFO: Primitives created: 1
01:18:21 | INFO: Extracting primitive: Cube.139
01:18:21 | INFO: Primitives created: 1
01:18:21 | INFO: Extracting primitive: Cube.140
01:18:21 | INFO: Primitives created: 1
01:18:21 | INFO: Extracting primitive: Cube.141
01:18:21 | INFO: Primitives created: 1
01:18:21 | INFO: Extracting primitive: Cube.142
01:18:21 | INFO: Primitives created: 1
01:18:21 | INFO: Extracting primitive: Cube.143
01:18:21 | INFO: Primitives created: 1
01:18:21 | INFO: Extracting primitive: Cube.144
01:18:21 | INFO: Primitives created: 1
01:18:21 | INFO: Extracting primitive: Cube.193
01:18:21 | INFO: Primitives created: 1
01:18:21 | INFO: Extracting primitive: Cube.194
01:18:21 | INFO: Primitives created: 1
01:18:21 | INFO: Extracting primitive: Cube.195
01:18:21 | INFO: Primitives created: 1
01:18:21 | INFO: Extracting primitive: Cube.196
01:18:21 | INFO: Primitives created: 1
01:18:21 | INFO: Extracting primitive: Cube.197
01:18:21 | INFO: Primitives created: 1
01:18:21 | INFO: Extracting primitive: Cube.198
01:18:21 | INFO: Primitives created: 1
01:18:21 | INFO: Extracting primitive: Cube.199
01:18:21 | INFO: Primitives created: 1
01:18:21 | INFO: Extracting primitive: Cube.200
01:18:21 | INFO: Primitives created: 1
01:18:21 | INFO: Extracting primitive: COL_stone_walk.005
01:18:21 | INFO: Primitives created: 1
01:18:21 | INFO: Extracting primitive: COL_stone_walk.008
01:18:21 | INFO: Primitives created: 1
01:18:21 | INFO: Extracting primitive: COL_stone_walk.009
01:18:21 | INFO: Primitives created: 1
01:18:21 | INFO: Extracting primitive: COL_stone_walk.010
01:18:21 | INFO: Primitives created: 1
01:18:21 | INFO: Extracting primitive: COL_stone_walk.011
01:18:21 | INFO: Primitives created: 1
01:18:21 | INFO: Extracting primitive: COL_stone_walk.012
01:18:21 | INFO: Primitives created: 1
01:18:21 | INFO: Extracting primitive: COL_study_approach.002
01:18:21 | INFO: Primitives created: 1
01:18:21 | INFO: Extracting primitive: COL_study_desk_centre.002
01:18:21 | INFO: Primitives created: 1
01:18:21 | INFO: Extracting primitive: COL_study_desk_left.002
01:18:21 | INFO: Primitives created: 1
01:18:21 | INFO: Extracting primitive: COL_study_desk_right.002
01:18:21 | INFO: Primitives created: 1
01:18:21 | INFO: Extracting primitive: COL_study_front_walk.002
01:18:21 | INFO: Primitives created: 1
01:18:21 | INFO: Extracting primitive: COL_study_front_wall.002
01:18:21 | INFO: Primitives created: 1
01:18:21 | INFO: Extracting primitive: COL_study_post.001
01:18:21 | INFO: Primitives created: 1
01:18:21 | INFO: Extracting primitive: COL_study_post.002
01:18:21 | INFO: Primitives created: 1
01:18:21 | INFO: Extracting primitive: COL_study_post.003
01:18:21 | INFO: Primitives created: 1
01:18:21 | INFO: Extracting primitive: COL_study_post.008
01:18:21 | INFO: Primitives created: 1
01:18:21 | INFO: Extracting primitive: Cube.151
01:18:21 | INFO: Primitives created: 1
01:18:21 | INFO: Extracting primitive: Cube.152
01:18:21 | INFO: Primitives created: 1
01:18:21 | INFO: Extracting primitive: Cube.153
01:18:21 | INFO: Primitives created: 1
01:18:21 | INFO: Extracting primitive: Cube.154
01:18:21 | INFO: Primitives created: 1
01:18:21 | INFO: Extracting primitive: Cube.155
01:18:21 | INFO: Primitives created: 1
01:18:21 | INFO: Extracting primitive: Cube.156
01:18:21 | INFO: Primitives created: 1
01:18:21 | INFO: Extracting primitive: Cube.157
01:18:21 | INFO: Primitives created: 1
01:18:21 | INFO: Extracting primitive: Cube.158
01:18:21 | INFO: Primitives created: 1
01:18:21 | INFO: Extracting primitive: Cube.159
01:18:21 | INFO: Primitives created: 1
01:18:21 | INFO: Extracting primitive: Cube.160
01:18:21 | INFO: Primitives created: 1
01:18:21 | INFO: Extracting primitive: Cube.161
01:18:21 | INFO: Primitives created: 1
01:18:21 | INFO: Extracting primitive: Cube.162
01:18:21 | INFO: Primitives created: 1
01:18:21 | INFO: Extracting primitive: Cube.163
01:18:21 | INFO: Primitives created: 1
01:18:21 | INFO: Extracting primitive: Cube.164
01:18:21 | INFO: Primitives created: 1
01:18:21 | INFO: Extracting primitive: Cube.165
01:18:21 | INFO: Primitives created: 1
01:18:21 | INFO: Extracting primitive: Cube.166
01:18:21 | INFO: Primitives created: 1
01:18:21 | INFO: Extracting primitive: Cube.167
01:18:21 | INFO: Primitives created: 1
01:18:21 | INFO: Extracting primitive: Cube.168
01:18:21 | INFO: Primitives created: 1
01:18:21 | INFO: Extracting primitive: Cube.169
01:18:21 | INFO: Primitives created: 1
01:18:21 | INFO: Extracting primitive: Cube.170
01:18:21 | INFO: Primitives created: 1
01:18:21 | INFO: Extracting primitive: Cube.171
01:18:21 | INFO: Primitives created: 1
01:18:21 | INFO: Extracting primitive: Cube.172
01:18:21 | INFO: Primitives created: 1
01:18:21 | INFO: Extracting primitive: Cube.173
01:18:21 | INFO: Primitives created: 1
01:18:21 | INFO: Extracting primitive: Cube.174
01:18:21 | INFO: Primitives created: 1
01:18:21 | INFO: Extracting primitive: Cube.175
01:18:21 | INFO: Primitives created: 1
01:18:21 | INFO: Extracting primitive: Cube.176
01:18:21 | INFO: Primitives created: 1
01:18:21 | INFO: Extracting primitive: Cube.177
01:18:21 | INFO: Primitives created: 1
01:18:21 | INFO: Extracting primitive: Cube.178
01:18:21 | INFO: Primitives created: 1
01:18:21 | INFO: Extracting primitive: Cube.179
01:18:21 | INFO: Primitives created: 1
01:18:21 | INFO: Extracting primitive: Cube.180
01:18:21 | INFO: Primitives created: 1
01:18:21 | INFO: Extracting primitive: Cube.201
01:18:21 | INFO: Primitives created: 1
01:18:21 | INFO: Extracting primitive: Cube.202
01:18:21 | INFO: Primitives created: 1
01:18:21 | INFO: Extracting primitive: Cube.203
01:18:21 | INFO: Primitives created: 1
01:18:21 | INFO: Extracting primitive: Cube.181
01:18:21 | INFO: Primitives created: 1
01:18:21 | INFO: Extracting primitive: Cube.182
01:18:21 | INFO: Primitives created: 1
01:18:21 | INFO: Extracting primitive: Cube.183
01:18:21 | INFO: Primitives created: 1
01:18:21 | INFO: Extracting primitive: Cube.184
01:18:21 | INFO: Primitives created: 1
01:18:21 | INFO: Extracting primitive: Cube.185
01:18:21 | INFO: Primitives created: 1
01:18:21 | INFO: Extracting primitive: Cube.186
01:18:21 | INFO: Primitives created: 1
01:18:21 | INFO: Extracting primitive: Cube.187
01:18:21 | INFO: Primitives created: 1
01:18:21 | INFO: Extracting primitive: Cube.188
01:18:21 | INFO: Primitives created: 1
01:18:21 | INFO: Extracting primitive: Cube.189
01:18:21 | INFO: Primitives created: 1
01:18:21 | INFO: Extracting primitive: Cube.190
01:18:21 | INFO: Primitives created: 1
01:18:21 | INFO: Extracting primitive: Cube.191
01:18:21 | INFO: Primitives created: 1
01:18:21 | INFO: Extracting primitive: Cube.192
01:18:21 | INFO: Primitives created: 1
01:18:21 | INFO: Extracting primitive: COL_tubi-tang_floor.001
01:18:21 | INFO: Primitives created: 1
01:18:21 | INFO: Extracting primitive: COL_tubi_approach.001
01:18:21 | INFO: Primitives created: 1
01:18:21 | INFO: Extracting primitive: COL_tubi_approach.002
01:18:21 | INFO: Primitives created: 1
01:18:21 | INFO: Extracting primitive: COL_tubi_approach.007
01:18:21 | INFO: Primitives created: 1
01:18:21 | INFO: Extracting primitive: COL_tubi_approach.008
01:18:21 | INFO: Primitives created: 1
01:18:21 | INFO: Extracting primitive: COL_tubi_closed_hall.002
01:18:21 | INFO: Primitives created: 1
01:18:21 | INFO: Extracting primitive: COL_tubi_hall_post.001
01:18:21 | INFO: Primitives created: 1
01:18:21 | INFO: Extracting primitive: COL_tubi_hall_post.002
01:18:21 | INFO: Primitives created: 1
01:18:21 | INFO: Extracting primitive: COL_tubi_hall_post.006
01:18:21 | INFO: Primitives created: 1
01:18:21 | INFO: Extracting primitive: COL_tubi_parapet.001
01:18:21 | INFO: Primitives created: 1
01:18:21 | INFO: Extracting primitive: COL_tubi_parapet.002
01:18:21 | INFO: Primitives created: 1
01:18:21 | INFO: Extracting primitive: COL_tubi_parapet.003
01:18:21 | INFO: Primitives created: 1
01:18:21 | INFO: Extracting primitive: COL_tubi_parapet.008
01:18:21 | INFO: Primitives created: 1
01:18:21 | INFO: Extracting primitive: COL_tubi_stair_guard.001
01:18:21 | INFO: Primitives created: 1
01:18:21 | INFO: Extracting primitive: COL_tubi_stair_guard.004
01:18:21 | INFO: Primitives created: 1
01:18:21 | INFO: Extracting primitive: COL_tubi_stair_ramp.002
01:18:21 | INFO: Primitives created: 1
01:18:21 | INFO: Extracting primitive: COL_tubi_terrace.002
01:18:21 | INFO: Primitives created: 1
01:18:21 | INFO: Extracting primitive: COL_tubi_topic_table.002
01:18:21 | INFO: Primitives created: 1
01:18:21 | INFO: Extracting primitive: COL_tubi_view_bench_left.001
01:18:21 | INFO: Primitives created: 1
01:18:21 | INFO: Extracting primitive: COL_tubi_view_bench_right.001
01:18:21 | INFO: Primitives created: 1
01:18:21 | INFO: Extracting primitive: COL_water_bridge_side.001
01:18:21 | INFO: Primitives created: 1
01:18:21 | INFO: Extracting primitive: COL_water_bridge_side.004
01:18:21 | INFO: Primitives created: 1
01:18:21 | INFO: Extracting primitive: COL_water_bridge_deck.002
01:18:21 | INFO: Primitives created: 1
01:18:21 | INFO: Extracting primitive: COL_xiaoxiang_bamboo_bed.004
01:18:21 | INFO: Primitives created: 1
01:18:21 | INFO: Extracting primitive: COL_xiaoxiang_bamboo_bed.005
01:18:21 | INFO: Primitives created: 1
01:18:21 | INFO: Extracting primitive: COL_xiaoxiang_bamboo_bed.006
01:18:21 | INFO: Primitives created: 1
01:18:21 | INFO: Extracting primitive: COL_xiaoxiang_bamboo_bed.007
01:18:21 | INFO: Primitives created: 1
01:18:21 | INFO: Extracting primitive: COL_xiaoxiang_closed_front.001
01:18:21 | INFO: Primitives created: 1
01:18:21 | INFO: Extracting primitive: COL_xiaoxiang_floor.001
01:18:21 | INFO: Primitives created: 1
01:18:21 | INFO: Extracting primitive: COL_xiaoxiang_return.002
01:18:21 | INFO: Primitives created: 1
01:18:21 | INFO: Extracting primitive: COL_xiaoxiang_return.003
01:18:21 | INFO: Primitives created: 1
01:18:21 | INFO: Extracting primitive: COL_xiaoxiang_threshold.001
01:18:21 | INFO: Primitives created: 1
01:18:21 | INFO: Extracting primitive: COL_yihong_closed_front.002
01:18:21 | INFO: Primitives created: 1
01:18:21 | INFO: Extracting primitive: COL_yihong_court_side.001
01:18:21 | INFO: Primitives created: 1
01:18:21 | INFO: Extracting primitive: COL_yihong_court_side.004
01:18:21 | INFO: Primitives created: 1
01:18:21 | INFO: Extracting primitive: COL_yihong_floor.002
01:18:21 | INFO: Primitives created: 1
01:18:21 | INFO: Extracting primitive: COL_yihong_planter.001
01:18:21 | INFO: Primitives created: 1
01:18:21 | INFO: Extracting primitive: COL_yihong_planter.004
01:18:21 | INFO: Primitives created: 1
01:18:21 | INFO: Extracting primitive: COL_yihong_side_return.001
01:18:21 | INFO: Primitives created: 1
01:18:21 | INFO: Extracting primitive: COL_yihong_side_return.004
01:18:21 | INFO: Primitives created: 1
01:18:21 | INFO: Extracting primitive: COL_yihong_threshold.002
01:18:21 | INFO: Primitives created: 1
01:18:21 | INFO: Extracting primitive: COL_ziling_landing.001
01:18:21 | INFO: Primitives created: 1
01:18:21 | INFO: Extracting primitive: HERO_aojing-guan_title.002
01:18:21 | WARNING: More than one shader node tex image used for a texture. The resulting glTF sampler will behave like the first shader node tex image.
01:18:21 | INFO: Primitives created: 1
01:18:21 | INFO: Extracting primitive: HERO_daguan_title.001
01:18:21 | WARNING: More than one shader node tex image used for a texture. The resulting glTF sampler will behave like the first shader node tex image.
01:18:21 | INFO: Primitives created: 1
01:18:21 | INFO: Extracting primitive: HERO_daoxiang-cun_title.002
01:18:21 | WARNING: More than one shader node tex image used for a texture. The resulting glTF sampler will behave like the first shader node tex image.
01:18:21 | INFO: Primitives created: 1
01:18:21 | INFO: Extracting primitive: KIT_flora_plum_render.001
01:18:21 | WARNING: More than one shader node tex image used for a texture. The resulting glTF sampler will behave like the first shader node tex image.
01:18:21 | INFO: Primitives created: 1
01:18:21 | INFO: Extracting primitive: KIT_flora_plum_render.002
01:18:21 | INFO: Primitives created: 1
01:18:21 | INFO: Extracting primitive: KIT_flora_bamboo_large_render.001
01:18:21 | INFO: Primitives created: 1
01:18:21 | INFO: Extracting primitive: KIT_flora_bamboo_large_render.002
01:18:21 | INFO: Primitives created: 1
01:18:21 | INFO: Extracting primitive: KIT_flora_bamboo_small_render.001
01:18:21 | INFO: Primitives created: 1
01:18:21 | INFO: Extracting primitive: KIT_flora_willow_render.001
01:18:21 | INFO: Primitives created: 1
01:18:21 | INFO: Extracting primitive: KIT_flora_willow_render.002
01:18:21 | INFO: Primitives created: 1
01:18:21 | INFO: Extracting primitive: KIT_flora_bamboo_large_render.003
01:18:21 | INFO: Primitives created: 1
01:18:21 | INFO: Extracting primitive: KIT_flora_bamboo_medium_render.001
01:18:21 | INFO: Primitives created: 1
01:18:21 | INFO: Extracting primitive: KIT_flora_bamboo_small_render.002
01:18:21 | INFO: Primitives created: 1
01:18:21 | INFO: Extracting primitive: KIT_flora_bamboo_large_render.004
01:18:21 | INFO: Primitives created: 1
01:18:21 | INFO: Extracting primitive: KIT_flora_banana_render.001
01:18:21 | INFO: Primitives created: 1
01:18:21 | INFO: Extracting primitive: KIT_flora_banana_render.002
01:18:21 | INFO: Primitives created: 1
01:18:21 | INFO: Extracting primitive: KIT_flora_reed_render.001
01:18:21 | INFO: Primitives created: 1
01:18:21 | INFO: Extracting primitive: KIT_flora_reed_render.002
01:18:21 | INFO: Primitives created: 1
01:18:21 | INFO: Extracting primitive: KIT_flora_reed_render.003
01:18:21 | INFO: Primitives created: 1
01:18:21 | INFO: Extracting primitive: KIT_flora_reed_render.004
01:18:21 | INFO: Primitives created: 1
01:18:21 | INFO: Extracting primitive: KIT_flora_reed_render.005
01:18:21 | INFO: Primitives created: 1
01:18:21 | INFO: Extracting primitive: KIT_flora_reed_render.006
01:18:21 | INFO: Primitives created: 1
01:18:21 | INFO: Extracting primitive: KIT_flora_reed_render.007
01:18:21 | INFO: Primitives created: 1
01:18:21 | INFO: Extracting primitive: KIT_flora_reed_render.008
01:18:21 | INFO: Primitives created: 1
01:18:21 | INFO: Extracting primitive: KIT_flora_reed_render.009
01:18:21 | INFO: Primitives created: 1
01:18:21 | INFO: Extracting primitive: KIT_flora_reed_render.010
01:18:21 | INFO: Primitives created: 1
01:18:21 | INFO: Extracting primitive: HERO_gate_inscription.001
01:18:21 | WARNING: More than one shader node tex image used for a texture. The resulting glTF sampler will behave like the first shader node tex image.
01:18:21 | INFO: Primitives created: 1
01:18:21 | INFO: Extracting primitive: HERO_gate_water_drips.001
01:18:21 | WARNING: More than one shader node tex image used for a texture. The resulting glTF sampler will behave like the first shader node tex image.
01:18:21 | INFO: Primitives created: 1
01:18:21 | INFO: Extracting primitive: HERO_hengwu-yuan_title.002
01:18:21 | WARNING: More than one shader node tex image used for a texture. The resulting glTF sampler will behave like the first shader node tex image.
01:18:21 | INFO: Primitives created: 1
01:18:21 | INFO: Extracting primitive: HERO_longcui-an_title.002
01:18:21 | WARNING: More than one shader node tex image used for a texture. The resulting glTF sampler will behave like the first shader node tex image.
01:18:21 | INFO: Primitives created: 1
01:18:21 | INFO: Extracting primitive: HERO_qinfang-ting_title.002
01:18:21 | WARNING: More than one shader node tex image used for a texture. The resulting glTF sampler will behave like the first shader node tex image.
01:18:21 | INFO: Primitives created: 1
01:18:21 | INFO: Extracting primitive: HERO_qinfang_bridge.001
01:18:21 | INFO: Primitives created: 1
01:18:21 | INFO: Extracting primitive: HERO_study_scroll_bamboo.002
01:18:21 | INFO: Primitives created: 1
01:18:21 | INFO: Extracting primitive: HERO_study_scroll_plum.002
01:18:21 | INFO: Primitives created: 1
01:18:21 | INFO: Extracting primitive: HERO_study_title.002
01:18:21 | WARNING: More than one shader node tex image used for a texture. The resulting glTF sampler will behave like the first shader node tex image.
01:18:21 | INFO: Primitives created: 1
01:18:21 | INFO: Extracting primitive: HERO_table_hexagram.001
01:18:21 | INFO: Primitives created: 1
01:18:21 | INFO: Extracting primitive: line_piece.005
01:18:21 | WARNING: More than one shader node tex image used for a texture. The resulting glTF sampler will behave like the first shader node tex image.
01:18:21 | INFO: Primitives created: 1
01:18:21 | INFO: Extracting primitive: line_piece.002
01:18:21 | INFO: Primitives created: 1
01:18:21 | INFO: Extracting primitive: line_piece.011
01:18:21 | INFO: Primitives created: 1
01:18:21 | INFO: Extracting primitive: line_piece.008
01:18:21 | INFO: Primitives created: 1
01:18:21 | INFO: Extracting primitive: line_piece.017
01:18:21 | INFO: Primitives created: 1
01:18:21 | INFO: Extracting primitive: line_piece.014
01:18:21 | INFO: Primitives created: 1
01:18:21 | INFO: Extracting primitive: line_piece.019
01:18:21 | INFO: Primitives created: 1
01:18:21 | INFO: Extracting primitive: line_piece.018
01:18:21 | INFO: Primitives created: 1
01:18:21 | INFO: Extracting primitive: line_piece.021
01:18:21 | INFO: Primitives created: 1
01:18:21 | INFO: Extracting primitive: line_piece.020
01:18:21 | INFO: Primitives created: 1
01:18:21 | INFO: Extracting primitive: line_piece.023
01:18:21 | INFO: Primitives created: 1
01:18:21 | INFO: Extracting primitive: line_piece.022
01:18:21 | INFO: Primitives created: 1
01:18:21 | INFO: Extracting primitive: HERO_table_pedestal.001
01:18:21 | INFO: Primitives created: 1
01:18:21 | INFO: Extracting primitive: HERO_tubi_title.002
01:18:21 | WARNING: More than one shader node tex image used for a texture. The resulting glTF sampler will behave like the first shader node tex image.
01:18:21 | INFO: Primitives created: 1
01:18:21 | INFO: Extracting primitive: HERO_xiaoxiang-guan_title.002
01:18:21 | WARNING: More than one shader node tex image used for a texture. The resulting glTF sampler will behave like the first shader node tex image.
01:18:21 | INFO: Primitives created: 1
01:18:21 | INFO: Extracting primitive: HERO_yihong-yuan_title.002
01:18:21 | WARNING: More than one shader node tex image used for a texture. The resulting glTF sampler will behave like the first shader node tex image.
01:18:21 | INFO: Primitives created: 1
01:18:21 | INFO: Extracting primitive: AOJING_pond.002
01:18:21 | INFO: Primitives created: 1
01:18:21 | INFO: Extracting primitive: AOJING_backstage.002
01:18:21 | INFO: Primitives created: 1
01:18:21 | INFO: Extracting primitive: AOJING_amber_window.002
01:18:21 | INFO: Primitives created: 1
01:18:21 | INFO: Extracting primitive: AOJING_window_lattice.001
01:18:21 | INFO: Primitives created: 1
01:18:21 | INFO: Extracting primitive: AOJING_dry_ledge.002
01:18:21 | INFO: Primitives created: 1
01:18:21 | INFO: Extracting primitive: AOJING_roof.002
01:18:21 | INFO: Primitives created: 1
01:18:21 | INFO: Extracting primitive: AOJING_closed_front.002
01:18:21 | INFO: Primitives created: 1
01:18:21 | INFO: Extracting primitive: DAGUAN_backstage.001
01:18:21 | INFO: Primitives created: 1
01:18:21 | INFO: Extracting primitive: DAGUAN_door_stud.180
01:18:21 | INFO: Primitives created: 1
01:18:21 | INFO: Extracting primitive: DAGUAN_amber_transom.002
01:18:21 | INFO: Primitives created: 1
01:18:21 | INFO: Extracting primitive: DAGUAN_closed_door.010
01:18:21 | INFO: Primitives created: 1
01:18:21 | INFO: Extracting primitive: DAGUAN_recessed_panel.020
01:18:21 | INFO: Primitives created: 1
01:18:21 | INFO: Extracting primitive: DAGUAN_column.006
01:18:21 | INFO: Primitives created: 1
01:18:21 | INFO: Extracting primitive: DAGUAN_platform.001
01:18:21 | INFO: Primitives created: 1
01:18:21 | INFO: Extracting primitive: DAGUAN_lower_roof.001
01:18:21 | INFO: Primitives created: 1
01:18:21 | INFO: Extracting primitive: DAGUAN_front.001
01:18:21 | INFO: Primitives created: 1
01:18:21 | INFO: Extracting primitive: DAOXIANG_backstage.001
01:18:21 | INFO: Primitives created: 1
01:18:21 | INFO: Extracting primitive: DAOXIANG_door_latch.001
01:18:21 | INFO: Primitives created: 1
01:18:21 | INFO: Extracting primitive: DAOXIANG_warm_sliver.001
01:18:21 | INFO: Primitives created: 1
01:18:21 | INFO: Extracting primitive: DAOXIANG_closed_door.001
01:18:21 | INFO: Primitives created: 1
01:18:21 | INFO: Extracting primitive: DAOXIANG_paddy_painting.001
01:18:21 | INFO: Primitives created: 1
01:18:21 | INFO: Extracting primitive: DAOXIANG_court.001
01:18:21 | INFO: Primitives created: 1
01:18:21 | INFO: Extracting primitive: DAOXIANG_thatch_mass.001
01:18:21 | INFO: Primitives created: 1
01:18:21 | INFO: Extracting primitive: DAOXIANG_front.001
01:18:21 | INFO: Primitives created: 1
01:18:21 | INFO: Extracting primitive: SITE_hengwu-yuan_backstage.001
01:18:21 | INFO: Primitives created: 1
01:18:21 | INFO: Extracting primitive: KIT_pavilion_finial.011
01:18:21 | INFO: Primitives created: 1
01:18:21 | INFO: Extracting primitive: KIT_wall_amber_window.006
01:18:21 | INFO: Primitives created: 1
01:18:21 | INFO: Extracting primitive: HENGWU_herb_leaf.001
01:18:21 | INFO: Primitives created: 1
01:18:21 | INFO: Extracting primitive: KIT_wall_lattice_vertical.105
01:18:21 | INFO: Primitives created: 1
01:18:21 | INFO: Extracting primitive: SITE_hengwu-yuan_platform.001
01:18:21 | INFO: Primitives created: 1
01:18:21 | INFO: Extracting primitive: KIT_props_lantern_hanging_render.015
01:18:21 | WARNING: More than one shader node tex image used for a texture. The resulting glTF sampler will behave like the first shader node tex image.
01:18:21 | INFO: Primitives created: 1
01:18:21 | INFO: Extracting primitive: KIT_pavilion_roof.011
01:18:21 | INFO: Primitives created: 1
01:18:21 | INFO: Extracting primitive: KIT_wall_bay.001
01:18:21 | WARNING: More than one shader node tex image used for a texture. The resulting glTF sampler will behave like the first shader node tex image.
01:18:21 | INFO: Primitives created: 1
01:18:21 | INFO: Extracting primitive: SITE_hengwu-yuan_front.001
01:18:21 | INFO: Primitives created: 1
01:18:21 | INFO: Extracting primitive: LONGCUI_backstage.001
01:18:21 | INFO: Primitives created: 1
01:18:21 | INFO: Extracting primitive: LONGCUI_gate_pull.002
01:18:21 | INFO: Primitives created: 1
01:18:21 | INFO: Extracting primitive: LONGCUI_closed_gate.002
01:18:21 | INFO: Primitives created: 1
01:18:21 | INFO: Extracting primitive: LONGCUI_paving.001
01:18:21 | INFO: Primitives created: 1
01:18:21 | INFO: Extracting primitive: KIT_props_lantern_hanging_render.016
01:18:21 | INFO: Primitives created: 1
01:18:21 | INFO: Extracting primitive: LONGCUI_wall_cap.001
01:18:21 | INFO: Primitives created: 1
01:18:21 | INFO: Extracting primitive: LONGCUI_closed_front.001
01:18:21 | INFO: Primitives created: 1
01:18:21 | INFO: Extracting primitive: KIT_props_tea_cup.006
01:18:21 | INFO: Primitives created: 1
01:18:21 | INFO: Extracting primitive: KIT_water_lotus_leaf.007
01:18:21 | INFO: Primitives created: 1
01:18:21 | INFO: Extracting primitive: SITE_ouxiang_deck.001
01:18:21 | INFO: Primitives created: 1
01:18:21 | INFO: Extracting primitive: KIT_pavilion_water_pier.004
01:18:21 | INFO: Primitives created: 1
01:18:21 | INFO: Extracting primitive: KIT_props_lantern_hanging_render.013
01:18:21 | INFO: Primitives created: 1
01:18:21 | INFO: Extracting primitive: KIT_pavilion_water_hipped_roof.001
01:18:21 | INFO: Primitives created: 1
01:18:21 | INFO: Extracting primitive: KIT_water_lotus.021
01:18:21 | INFO: Primitives created: 1
01:18:21 | INFO: Extracting primitive: KIT_corridor_rail.008
01:18:21 | INFO: Primitives created: 1
01:18:21 | INFO: Extracting primitive: KIT_pavilion_roof_shell.001
01:18:21 | INFO: Primitives created: 1
01:18:21 | INFO: Extracting primitive: KIT_pavilion_plinth.001
01:18:21 | INFO: Primitives created: 1
01:18:21 | INFO: Extracting primitive: KIT_props_lantern_hanging_render.001
01:18:21 | INFO: Primitives created: 1
01:18:21 | INFO: Extracting primitive: KIT_water_stream.001
01:18:21 | INFO: Primitives created: 1
01:18:21 | INFO: Extracting primitive: SITE_qiushuang-zhai_backstage.001
01:18:21 | INFO: Primitives created: 1
01:18:21 | INFO: Extracting primitive: KIT_pavilion_finial.005
01:18:21 | INFO: Primitives created: 1
01:18:21 | INFO: Extracting primitive: KIT_wall_lattice_vertical.042
01:18:21 | INFO: Primitives created: 1
01:18:21 | INFO: Extracting primitive: SITE_qiushuang-zhai_platform.001
01:18:21 | INFO: Primitives created: 1
01:18:21 | INFO: Extracting primitive: KIT_props_lantern_hanging_render.010
01:18:21 | INFO: Primitives created: 1
01:18:21 | INFO: Extracting primitive: KIT_pavilion_roof.005
01:18:21 | INFO: Primitives created: 1
01:18:21 | INFO: Extracting primitive: KIT_tech_terminal_desk_render.007
01:18:21 | WARNING: More than one shader node tex image used for a texture. The resulting glTF sampler will behave like the first shader node tex image.
01:18:21 | INFO: Primitives created: 1
01:18:21 | INFO: Extracting primitive: SITE_qiushuang-zhai_front.001
01:18:21 | INFO: Primitives created: 1
01:18:21 | INFO: Extracting primitive: GATE_banana_pseudostem.001
01:18:21 | INFO: Primitives created: 1
01:18:21 | INFO: Extracting primitive: GATE_banana_soil.001
01:18:21 | INFO: Primitives created: 1
01:18:21 | INFO: Extracting primitive: KIT_rockery_passage.001
01:18:21 | INFO: Primitives created: 1
01:18:21 | INFO: Extracting primitive: GATE_paving.002
01:18:21 | INFO: Primitives created: 1
01:18:21 | INFO: Extracting primitive: KIT_props_lantern_hanging_render.008
01:18:21 | INFO: Primitives created: 1
01:18:21 | INFO: Extracting primitive: KIT_stage_fog_plane_render.017
01:18:21 | INFO: Primitives created: 1
01:18:21 | INFO: Extracting primitive: KIT_stage_floor.001
01:18:21 | INFO: Primitives created: 1
01:18:21 | INFO: Extracting primitive: AOJING_approach_guard.001
01:18:21 | INFO: Primitives created: 1
01:18:21 | INFO: Extracting primitive: KIT_stage_painted_moon.001
01:18:21 | INFO: Primitives created: 1
01:18:21 | INFO: Extracting primitive: KIT_stage_painted_mountain_layer.003
01:18:21 | INFO: Primitives created: 1
01:18:21 | INFO: Extracting primitive: KIT_stage_painted_mountain_layer.004
01:18:21 | INFO: Primitives created: 1
01:18:21 | INFO: Extracting primitive: KIT_stage_painted_mountain_layer.005
01:18:21 | INFO: Primitives created: 1
01:18:21 | INFO: Extracting primitive: KIT_water_stone_walk.005
01:18:21 | INFO: Primitives created: 1
01:18:21 | INFO: Extracting primitive: Painted coved ceiling candidate.001
01:18:21 | INFO: Primitives created: 1
01:18:21 | INFO: Extracting primitive: KIT_stage_painted_canvas.002
01:18:21 | INFO: Primitives created: 1
01:18:21 | INFO: Extracting primitive: Eight painted cyclorama arcs.001
01:18:21 | WARNING: More than one shader node tex image used for a texture. The resulting glTF sampler will behave like the first shader node tex image.
01:18:21 | INFO: Primitives created: 2
01:18:21 | INFO: Extracting primitive: KIT_stage_fog_plane_render.002
01:18:21 | INFO: Primitives created: 1
01:18:21 | INFO: Extracting primitive: KIT_tech_cell_side.012
01:18:21 | INFO: Primitives created: 1
01:18:21 | INFO: Extracting primitive: KIT_wall_window_bar.030
01:18:21 | INFO: Primitives created: 1
01:18:21 | INFO: Extracting primitive: KIT_stage_entry_walk.002
01:18:21 | INFO: Primitives created: 1
01:18:21 | INFO: Extracting primitive: KIT_props_folding_chair_render.001
01:18:21 | INFO: Primitives created: 1
01:18:21 | INFO: Extracting primitive: KIT_stage_floor_boards_render.002
01:18:21 | INFO: Primitives created: 1
01:18:21 | INFO: Extracting primitive: KIT_stage_gel_frame_render.002
01:18:21 | INFO: Primitives created: 2
01:18:21 | INFO: Extracting primitive: KIT_stage_studio_wall_render.002
01:18:21 | INFO: Primitives created: 1
01:18:21 | INFO: Extracting primitive: KIT_stage_fog_plane_render.020
01:18:21 | INFO: Primitives created: 1
01:18:21 | INFO: Extracting primitive: KIT_tech_terminal_desk_render.001
01:18:21 | INFO: Primitives created: 1
01:18:21 | INFO: Extracting primitive: KIT_props_scroll_render.001
01:18:21 | WARNING: More than one shader node tex image used for a texture. The resulting glTF sampler will behave like the first shader node tex image.
01:18:21 | INFO: Primitives created: 1
01:18:21 | INFO: Extracting primitive: SITE_tubi-tang_backstage.001
01:18:21 | INFO: Primitives created: 1
01:18:21 | INFO: Extracting primitive: KIT_pavilion_finial.007
01:18:21 | INFO: Primitives created: 1
01:18:21 | INFO: Extracting primitive: KIT_wall_amber_window.003
01:18:21 | INFO: Primitives created: 1
01:18:21 | INFO: Extracting primitive: TUBI_topic_line.001
01:18:21 | INFO: Primitives created: 1
01:18:21 | INFO: Extracting primitive: KIT_wall_lattice_vertical.063
01:18:21 | INFO: Primitives created: 1
01:18:21 | INFO: Extracting primitive: SITE_tubi-tang_platform.001
01:18:21 | INFO: Primitives created: 1
01:18:21 | INFO: Extracting primitive: KIT_props_lantern_hanging_render.012
01:18:21 | INFO: Primitives created: 1
01:18:21 | INFO: Extracting primitive: KIT_pavilion_roof.007
01:18:21 | INFO: Primitives created: 1
01:18:21 | INFO: Extracting primitive: TUBI_terrace.002
01:18:21 | INFO: Primitives created: 1
01:18:21 | INFO: Extracting primitive: SITE_tubi-tang_front.001
01:18:21 | INFO: Primitives created: 1
01:18:21 | INFO: Extracting primitive: XIAOXIANG_black_back.001
01:18:21 | INFO: Primitives created: 1
01:18:21 | INFO: Extracting primitive: XIAOXIANG_gate_pull.002
01:18:21 | INFO: Primitives created: 1
01:18:21 | INFO: Extracting primitive: XIAOXIANG_amber_window.001
01:18:21 | INFO: Primitives created: 1
01:18:21 | INFO: Extracting primitive: XIAOXIANG_gate_leaf.002
01:18:21 | INFO: Primitives created: 1
01:18:21 | INFO: Extracting primitive: XIAOXIANG_paving.001
01:18:21 | INFO: Primitives created: 1
01:18:21 | INFO: Extracting primitive: XIAOXIANG_wall_cap.001
01:18:21 | INFO: Primitives created: 1
01:18:21 | INFO: Extracting primitive: XIAOXIANG_closed_front.001
01:18:21 | INFO: Primitives created: 1
01:18:21 | INFO: Extracting primitive: YIHONG_backstage.002
01:18:21 | INFO: Primitives created: 1
01:18:21 | INFO: Extracting primitive: YIHONG_door_rail.001
01:18:21 | INFO: Primitives created: 1
01:18:21 | INFO: Extracting primitive: YIHONG_amber_window.002
01:18:21 | INFO: Primitives created: 1
01:18:21 | INFO: Extracting primitive: YIHONG_door_panel.001
01:18:21 | INFO: Primitives created: 1
01:18:21 | INFO: Extracting primitive: YIHONG_paving.002
01:18:21 | INFO: Primitives created: 1
01:18:21 | INFO: Extracting primitive: YIHONG_court_cap.001
01:18:21 | INFO: Primitives created: 1
01:18:21 | INFO: Extracting primitive: YIHONG_closed_front.002
01:18:21 | INFO: Primitives created: 1
01:18:21 | INFO: Extracting primitive: KIT_water_lotus_leaf.011
01:18:21 | INFO: Primitives created: 1
01:18:21 | INFO: Extracting primitive: KIT_water_plank.002
01:18:21 | INFO: Primitives created: 1
01:18:21 | INFO: Extracting primitive: SITE_ziling_island.001
01:18:21 | INFO: Primitives created: 1
01:18:21 | INFO: Finished glTF 2.0 export in 0.6408729553222656 s
00:26.670  blend            | Read blend: "/private/var/folders/gf/s_g2zvzj3jxbylz3ylbc7k4c0000gn/T/garden-neutral-atlas-full-source-ncsvy1b8/candidate/blender/sites/SITE_stage.blend"

{"engine": "Godot", "sites": {"stage": {"objects": 100, "triangles": 11188, "render_meshes": 11, "colliders": 87, "triggers": 0}, "qinfang-ting": {"objects": 145, "triangles": 41324, "render_meshes": 27, "colliders": 103, "triggers": 7}, "rockery-gate": {"objects": 27, "triangles": 15324, "render_meshes": 8, "colliders": 10, "triggers": 3}, "terminal-cells": {"objects": 113, "triangles": 37996, "render_meshes": 10, "colliders": 77, "triggers": 18}, "qiushuang-zhai": {"objects": 36, "triangles": 21754, "render_meshes": 11, "colliders": 13, "triggers": 5}, "tubi-tang": {"objects": 37, "triangles": 11340, "render_meshes": 11, "colliders": 16, "triggers": 5}, "daguan-lou": {"objects": 29, "triangles": 23666, "render_meshes": 10, "colliders": 13, "triggers": 3}, "ouxiang-xie": {"objects": 28, "triangles": 15450, "render_meshes": 6, "colliders": 13, "triggers": 4}, "hengwu-yuan": {"objects": 43, "triangles": 20386, "render_meshes": 11, "colliders": 23, "triggers": 4}, "yihong-yuan": {"objects": 28, "triangles": 2294, "render_meshes": 10, "colliders": 9, "triggers": 4}, "xiaoxiang-guan": {"objects": 30, "triangles": 7478, "render_meshes": 12, "colliders": 9, "triggers": 4}, "longcui-an": {"objects": 27, "triangles": 4638, "render_meshes": 10, "colliders": 8, "triggers": 4}, "aojing-guan": {"objects": 24, "triangles": 2788, "render_meshes": 8, "colliders": 7, "triggers": 3}, "daoxiang-cun": {"objects": 27, "triangles": 10862, "render_meshes": 9, "colliders": 8, "triggers": 4}, "ziling-zhou": {"objects": 23, "triangles": 7064, "render_meshes": 13, "colliders": 4, "triggers": 3}}, "warnings": ["Reference assets, not yet profiled on mobile.", "Lightmap bake remains unfinished; engine import evidence is recorded separately in godot/import-validation.json."], "total_triangles": 233552, "total_render_meshes": 167}
SAVED_GARDEN_CANDIDATE_PASS 59de1ca29bc9d02235fc29a18b78c7b2c3dfde893a27f3b8fb318af6e042ddc8
BlenderMCP addon unregistered
Blender 5.2.2 LTS (hash d13f752e3b9c built 2026-09-15 01:49:19)

Blender quit
