Godot Engine v4.7.2.stable.official.ed1daf0bf - https://godotengine.org

[   0% ] [90m[1mfirst_scan_filesystem[22m | Started Project initialization (5 steps)[39m[0m
[   0% ] [90m[1mfirst_scan_filesystem[22m | Scanning file structure...[39m[0m
[  16% ] [90m[1mfirst_scan_filesystem[22m | Loading global class names...[39m[0m
[  33% ] [90m[1mfirst_scan_filesystem[22m | Verifying GDExtensions...[39m[0m
[  50% ] [90m[1mfirst_scan_filesystem[22m | Creating autoload scripts...[39m[0m
[  66% ] [90m[1mfirst_scan_filesystem[22m | Initializing plugins...[39m[0m
[  83% ] [90m[1mfirst_scan_filesystem[22m | Starting file scan...[39m[0m
[92m[ DONE ][39m [1mfirst_scan_filesystem[22m
[0m
[   0% ] [90m[1mupdate_scripts_classes[22m | Started Registering global classes... (6 steps)[39m[0m
[   0% ] [90m[1mupdate_scripts_classes[22m | [39m[0m
[  14% ] [90m[1mupdate_scripts_classes[22m | [39m[0m
[  28% ] [90m[1mupdate_scripts_classes[22m | [39m[0m
[  42% ] [90m[1mupdate_scripts_classes[22m | [39m[0m
[  57% ] [90m[1mupdate_scripts_classes[22m | [39m[0m
[  71% ] [90m[1mupdate_scripts_classes[22m | [39m[0m
[92m[ DONE ][39m [1mupdate_scripts_classes[22m
[0m
[   0% ] [90m[1msavepack[22m | Started Packing (102 steps)[39m[0m
[   1% ] [90m[1msavepack[22m | Storing File: res://.godot/imported/KIT_corridor_corner.glb-9953206c6ed292aa43291550c5e60764.scn[39m[0m
[   1% ] [90m[1msavepack[22m | Storing File: res://assets/kits/corridor/KIT_corridor_corner.glb.import[39m[0m
[   1% ] [90m[1msavepack[22m | Storing File: res://.godot/imported/KIT_corridor_corner_LOD1.glb-3633da3e773bb3b6ac2ef368d50c501f.scn[39m[0m
[   1% ] [90m[1msavepack[22m | Storing File: res://assets/kits/corridor/KIT_corridor_corner_LOD1.glb.import[39m[0m
[   1% ] [90m[1msavepack[22m | Storing File: res://.godot/imported/KIT_corridor_corner_LOD1_pavilion_basecolor.png-76e14dcf90cb70d497a9b090b26f2e66.s3tc.ctex[39m[0m
[   1% ] [90m[1msavepack[22m | Storing File: res://assets/kits/corridor/KIT_corridor_corner_LOD1_pavilion_basecolor.png.import[39m[0m
[   1% ] [90m[1msavepack[22m | Storing File: res://.godot/imported/KIT_corridor_corner_LOD1_pavilion_normal.png-1fbf2513d58f423cf19597c9dd7a0a48.s3tc.ctex[39m[0m
[   1% ] [90m[1msavepack[22m | Storing File: res://assets/kits/corridor/KIT_corridor_corner_LOD1_pavilion_normal.png.import[39m[0m
[   1% ] [90m[1msavepack[22m | Storing File: res://.godot/imported/KIT_corridor_corner_LOD1_pavilion_orm.png-2d69fd04e7dbff04cb409a9ac8c5f91d.s3tc.ctex[39m[0m
[   1% ] [90m[1msavepack[22m | Storing File: res://assets/kits/corridor/KIT_corridor_corner_LOD1_pavilion_orm.png.import[39m[0m
[   1% ] [90m[1msavepack[22m | Storing File: res://.godot/imported/KIT_corridor_corner_pavilion_basecolor.png-803f228d9c67a78093472e7482c8d375.s3tc.ctex[39m[0m
[   1% ] [90m[1msavepack[22m | Storing File: res://assets/kits/corridor/KIT_corridor_corner_pavilion_basecolor.png.import[39m[0m
[   1% ] [90m[1msavepack[22m | Storing File: res://.godot/imported/KIT_corridor_corner_pavilion_normal.png-b6cf173fd6d554c6a1beb05ac5878b2a.s3tc.ctex[39m[0m
[   1% ] [90m[1msavepack[22m | Storing File: res://assets/kits/corridor/KIT_corridor_corner_pavilion_normal.png.import[39m[0m
[   1% ] [90m[1msavepack[22m | Storing File: res://.godot/imported/KIT_corridor_corner_pavilion_orm.png-8880dfed125bcbbec71c799da712b52c.s3tc.ctex[39m[0m
[   1% ] [90m[1msavepack[22m | Storing File: res://assets/kits/corridor/KIT_corridor_corner_pavilion_orm.png.import[39m[0m
[   1% ] [90m[1msavepack[22m | Storing File: res://.godot/imported/KIT_corridor_stair.glb-1fc93c3b7f6afa1eb749148973022d5a.scn[39m[0m
[   1% ] [90m[1msavepack[22m | Storing File: res://assets/kits/corridor/KIT_corridor_stair.glb.import[39m[0m
[   1% ] [90m[1msavepack[22m | Storing File: res://.godot/imported/KIT_corridor_stair_LOD1.glb-04ff0dcc83f94e623bcb15c7af01a99b.scn[39m[0m
[   1% ] [90m[1msavepack[22m | Storing File: res://assets/kits/corridor/KIT_corridor_stair_LOD1.glb.import[39m[0m
[   2% ] [90m[1msavepack[22m | Storing File: res://.godot/imported/KIT_corridor_stair_LOD1_pavilion_basecolor.png-1d596e863ec3596370e570a1ea0e7188.s3tc.ctex[39m[0m
[   2% ] [90m[1msavepack[22m | Storing File: res://assets/kits/corridor/KIT_corridor_stair_LOD1_pavilion_basecolor.png.import[39m[0m
[   2% ] [90m[1msavepack[22m | Storing File: res://.godot/imported/KIT_corridor_stair_LOD1_pavilion_normal.png-feec05731378f951f06a24ab6127eef1.s3tc.ctex[39m[0m
[   2% ] [90m[1msavepack[22m | Storing File: res://assets/kits/corridor/KIT_corridor_stair_LOD1_pavilion_normal.png.import[39m[0m
[   2% ] [90m[1msavepack[22m | Storing File: res://.godot/imported/KIT_corridor_stair_LOD1_pavilion_orm.png-f9ee46efdc9e934438c815e4538911e7.s3tc.ctex[39m[0m
[   2% ] [90m[1msavepack[22m | Storing File: res://assets/kits/corridor/KIT_corridor_stair_LOD1_pavilion_orm.png.import[39m[0m
[   2% ] [90m[1msavepack[22m | Storing File: res://.godot/imported/KIT_corridor_stair_pavilion_basecolor.png-2115374865818b23aa1400766d2ef177.s3tc.ctex[39m[0m
[   2% ] [90m[1msavepack[22m | Storing File: res://assets/kits/corridor/KIT_corridor_stair_pavilion_basecolor.png.import[39m[0m
[   2% ] [90m[1msavepack[22m | Storing File: res://.godot/imported/KIT_corridor_stair_pavilion_normal.png-e7e165a74fb88be30e9bb354cb6e0f09.s3tc.ctex[39m[0m
[   2% ] [90m[1msavepack[22m | Storing File: res://assets/kits/corridor/KIT_corridor_stair_pavilion_normal.png.import[39m[0m
[   2% ] [90m[1msavepack[22m | Storing File: res://.godot/imported/KIT_corridor_stair_pavilion_orm.png-9d5c28ee9a3dcb2b7bb21051df907ca6.s3tc.ctex[39m[0m
[   2% ] [90m[1msavepack[22m | Storing File: res://assets/kits/corridor/KIT_corridor_stair_pavilion_orm.png.import[39m[0m
[   2% ] [90m[1msavepack[22m | Storing File: res://.godot/imported/KIT_corridor_straight.glb-5bcb6817fc9965a5607deaac724be358.scn[39m[0m
[   2% ] [90m[1msavepack[22m | Storing File: res://assets/kits/corridor/KIT_corridor_straight.glb.import[39m[0m
[   2% ] [90m[1msavepack[22m | Storing File: res://.godot/imported/KIT_corridor_straight_LOD1.glb-b7093d62231d1cf638bc53646f463f52.scn[39m[0m
[   2% ] [90m[1msavepack[22m | Storing File: res://assets/kits/corridor/KIT_corridor_straight_LOD1.glb.import[39m[0m
[   2% ] [90m[1msavepack[22m | Storing File: res://.godot/imported/KIT_corridor_straight_LOD1_pavilion_basecolor.png-b71796a7215f23f37be9a76b3f063d26.s3tc.ctex[39m[0m
[   2% ] [90m[1msavepack[22m | Storing File: res://assets/kits/corridor/KIT_corridor_straight_LOD1_pavilion_basecolor.png.import[39m[0m
[   3% ] [90m[1msavepack[22m | Storing File: res://.godot/imported/KIT_corridor_straight_LOD1_pavilion_normal.png-12d847ed1489d88d47dd53750291ad2e.s3tc.ctex[39m[0m
[   3% ] [90m[1msavepack[22m | Storing File: res://assets/kits/corridor/KIT_corridor_straight_LOD1_pavilion_normal.png.import[39m[0m
[   3% ] [90m[1msavepack[22m | Storing File: res://.godot/imported/KIT_corridor_straight_LOD1_pavilion_orm.png-26ba624b74d72400e648783879783292.s3tc.ctex[39m[0m
[   3% ] [90m[1msavepack[22m | Storing File: res://assets/kits/corridor/KIT_corridor_straight_LOD1_pavilion_orm.png.import[39m[0m
[   3% ] [90m[1msavepack[22m | Storing File: res://.godot/imported/KIT_corridor_straight_pavilion_basecolor.png-ea86b92d0e92b7ce64d7a7d30bbc6868.s3tc.ctex[39m[0m
[   3% ] [90m[1msavepack[22m | Storing File: res://assets/kits/corridor/KIT_corridor_straight_pavilion_basecolor.png.import[39m[0m
[   3% ] [90m[1msavepack[22m | Storing File: res://.godot/imported/KIT_corridor_straight_pavilion_normal.png-b4003b872b4e9f08107b0c28f4e0689c.s3tc.ctex[39m[0m
[   3% ] [90m[1msavepack[22m | Storing File: res://assets/kits/corridor/KIT_corridor_straight_pavilion_normal.png.import[39m[0m
[   3% ] [90m[1msavepack[22m | Storing File: res://.godot/imported/KIT_corridor_straight_pavilion_orm.png-15a988f1d823f6029dc09ac558a3dbae.s3tc.ctex[39m[0m
[   3% ] [90m[1msavepack[22m | Storing File: res://assets/kits/corridor/KIT_corridor_straight_pavilion_orm.png.import[39m[0m
[   3% ] [90m[1msavepack[22m | Storing File: res://.godot/imported/KIT_corridor_tee.glb-c4e14f1ebd064856fc7423ed1604c524.scn[39m[0m
[   3% ] [90m[1msavepack[22m | Storing File: res://assets/kits/corridor/KIT_corridor_tee.glb.import[39m[0m
[   3% ] [90m[1msavepack[22m | Storing File: res://.godot/imported/KIT_corridor_tee_LOD1.glb-1eb719062405f300a1d0028f7103e208.scn[39m[0m
[   3% ] [90m[1msavepack[22m | Storing File: res://assets/kits/corridor/KIT_corridor_tee_LOD1.glb.import[39m[0m
[   3% ] [90m[1msavepack[22m | Storing File: res://.godot/imported/KIT_corridor_tee_LOD1_pavilion_basecolor.png-1c97ecbee31bb2265f7c579679559f34.s3tc.ctex[39m[0m
[   3% ] [90m[1msavepack[22m | Storing File: res://assets/kits/corridor/KIT_corridor_tee_LOD1_pavilion_basecolor.png.import[39m[0m
[   3% ] [90m[1msavepack[22m | Storing File: res://.godot/imported/KIT_corridor_tee_LOD1_pavilion_normal.png-bbd479c9a9aa7ec40f371259bbe789d3.s3tc.ctex[39m[0m
[   3% ] [90m[1msavepack[22m | Storing File: res://assets/kits/corridor/KIT_corridor_tee_LOD1_pavilion_normal.png.import[39m[0m
[   4% ] [90m[1msavepack[22m | Storing File: res://.godot/imported/KIT_corridor_tee_LOD1_pavilion_orm.png-d0608ffe8fd84a07cdbdeba6ded8f8ea.s3tc.ctex[39m[0m
[   4% ] [90m[1msavepack[22m | Storing File: res://assets/kits/corridor/KIT_corridor_tee_LOD1_pavilion_orm.png.import[39m[0m
[   4% ] [90m[1msavepack[22m | Storing File: res://.godot/imported/KIT_corridor_tee_pavilion_basecolor.png-1de3a4e47e6989a797ddd34fdcb24920.s3tc.ctex[39m[0m
[   4% ] [90m[1msavepack[22m | Storing File: res://assets/kits/corridor/KIT_corridor_tee_pavilion_basecolor.png.import[39m[0m
[   4% ] [90m[1msavepack[22m | Storing File: res://.godot/imported/KIT_corridor_tee_pavilion_normal.png-8b928af0d0c7e832ff3c052faf26a513.s3tc.ctex[39m[0m
[   4% ] [90m[1msavepack[22m | Storing File: res://assets/kits/corridor/KIT_corridor_tee_pavilion_normal.png.import[39m[0m
[   4% ] [90m[1msavepack[22m | Storing File: res://.godot/imported/KIT_corridor_tee_pavilion_orm.png-512610b4dcea59f65899c9290ace48f4.s3tc.ctex[39m[0m
[   4% ] [90m[1msavepack[22m | Storing File: res://assets/kits/corridor/KIT_corridor_tee_pavilion_orm.png.import[39m[0m
[   4% ] [90m[1msavepack[22m | Storing File: res://.godot/imported/flora-basecolor.png-4a533c45ec4201f867b8ce17433b451f.s3tc.ctex[39m[0m
[   4% ] [90m[1msavepack[22m | Storing File: res://assets/kits/flora/flora-basecolor.png.import[39m[0m
[   4% ] [90m[1msavepack[22m | Storing File: res://.godot/imported/KIT_flora_bamboo_large.glb-add164aa44bfd1209e5090743b725aec.scn[39m[0m
[   4% ] [90m[1msavepack[22m | Storing File: res://assets/kits/flora/KIT_flora_bamboo_large.glb.import[39m[0m
[   4% ] [90m[1msavepack[22m | Storing File: res://.godot/imported/KIT_flora_bamboo_large_LOD1.glb-20abd562ea24a6ffed1a387e3335f430.scn[39m[0m
[   4% ] [90m[1msavepack[22m | Storing File: res://assets/kits/flora/KIT_flora_bamboo_large_LOD1.glb.import[39m[0m
[   4% ] [90m[1msavepack[22m | Storing File: res://.godot/imported/KIT_flora_bamboo_medium.glb-7dfe5a0c33dcf56d2fbb7027be83d3d6.scn[39m[0m
[   4% ] [90m[1msavepack[22m | Storing File: res://assets/kits/flora/KIT_flora_bamboo_medium.glb.import[39m[0m
[   4% ] [90m[1msavepack[22m | Storing File: res://.godot/imported/KIT_flora_bamboo_medium_LOD1.glb-f6c1a16ab3a8a865c255e43c6c082190.scn[39m[0m
[   4% ] [90m[1msavepack[22m | Storing File: res://assets/kits/flora/KIT_flora_bamboo_medium_LOD1.glb.import[39m[0m
[   5% ] [90m[1msavepack[22m | Storing File: res://.godot/imported/KIT_flora_bamboo_small.glb-a870410313763dee1a8b719a18c4b693.scn[39m[0m
[   5% ] [90m[1msavepack[22m | Storing File: res://assets/kits/flora/KIT_flora_bamboo_small.glb.import[39m[0m
[   5% ] [90m[1msavepack[22m | Storing File: res://.godot/imported/KIT_flora_bamboo_small_LOD1.glb-a6e4320e8a3ff7d35ac4fd8b67ce2b23.scn[39m[0m
[   5% ] [90m[1msavepack[22m | Storing File: res://assets/kits/flora/KIT_flora_bamboo_small_LOD1.glb.import[39m[0m
[   5% ] [90m[1msavepack[22m | Storing File: res://.godot/imported/KIT_flora_banana.glb-e814306ec5c757ff9b688ee46a2b909e.scn[39m[0m
[   5% ] [90m[1msavepack[22m | Storing File: res://assets/kits/flora/KIT_flora_banana.glb.import[39m[0m
[   5% ] [90m[1msavepack[22m | Storing File: res://.godot/imported/KIT_flora_banana_LOD1.glb-a677d12c7ae42f2ef7350c447083978a.scn[39m[0m
[   5% ] [90m[1msavepack[22m | Storing File: res://assets/kits/flora/KIT_flora_banana_LOD1.glb.import[39m[0m
[   5% ] [90m[1msavepack[22m | Storing File: res://.godot/imported/KIT_flora_plum.glb-61e419f10e2425564d06ba50488df917.scn[39m[0m
[   5% ] [90m[1msavepack[22m | Storing File: res://assets/kits/flora/KIT_flora_plum.glb.import[39m[0m
[   5% ] [90m[1msavepack[22m | Storing File: res://.godot/imported/KIT_flora_plum_LOD1.glb-5bd0ecb1c91a92f96bc5ebaa28ef4242.scn[39m[0m
[   5% ] [90m[1msavepack[22m | Storing File: res://assets/kits/flora/KIT_flora_plum_LOD1.glb.import[39m[0m
[   5% ] [90m[1msavepack[22m | Storing File: res://.godot/imported/KIT_flora_potted.glb-8410ea97ece4f842e5daeb7d16f4bdc0.scn[39m[0m
[   5% ] [90m[1msavepack[22m | Storing File: res://assets/kits/flora/KIT_flora_potted.glb.import[39m[0m
[   5% ] [90m[1msavepack[22m | Storing File: res://.godot/imported/KIT_flora_potted_LOD1.glb-6bf5db3a63fe2a9f63b959d7ed650376.scn[39m[0m
[   5% ] [90m[1msavepack[22m | Storing File: res://assets/kits/flora/KIT_flora_potted_LOD1.glb.import[39m[0m
[   5% ] [90m[1msavepack[22m | Storing File: res://.godot/imported/KIT_flora_reed.glb-e7eaa46e648861a07ab21bcd2f56ad22.scn[39m[0m
[   5% ] [90m[1msavepack[22m | Storing File: res://assets/kits/flora/KIT_flora_reed.glb.import[39m[0m
[   6% ] [90m[1msavepack[22m | Storing File: res://.godot/imported/KIT_flora_reed_LOD1.glb-33e8a5c7108a82c2c5c7620df4bb56c0.scn[39m[0m
[   6% ] [90m[1msavepack[22m | Storing File: res://assets/kits/flora/KIT_flora_reed_LOD1.glb.import[39m[0m
[   6% ] [90m[1msavepack[22m | Storing File: res://.godot/imported/KIT_flora_willow.glb-6d92981dab1524c51ee0a682dda9e2d2.scn[39m[0m
[   6% ] [90m[1msavepack[22m | Storing File: res://assets/kits/flora/KIT_flora_willow.glb.import[39m[0m
[   6% ] [90m[1msavepack[22m | Storing File: res://.godot/imported/KIT_flora_willow_LOD1.glb-2b5a854f3b991c7d81548a290d718fed.scn[39m[0m
[   6% ] [90m[1msavepack[22m | Storing File: res://assets/kits/flora/KIT_flora_willow_LOD1.glb.import[39m[0m
[   6% ] [90m[1msavepack[22m | Storing File: res://.godot/imported/KIT_pavilion_bench.glb-a1cb483722a59bbf7498e2b647075a4c.scn[39m[0m
[   6% ] [90m[1msavepack[22m | Storing File: res://assets/kits/pavilion/KIT_pavilion_bench.glb.import[39m[0m
[   6% ] [90m[1msavepack[22m | Storing File: res://.godot/imported/KIT_pavilion_bench_LOD1.glb-97607bbe24d96cca7d151f41757034fd.scn[39m[0m
[   6% ] [90m[1msavepack[22m | Storing File: res://assets/kits/pavilion/KIT_pavilion_bench_LOD1.glb.import[39m[0m
[   6% ] [90m[1msavepack[22m | Storing File: res://.godot/imported/KIT_pavilion_bench_LOD1_pavilion_basecolor.png-d6de58f58ca8a5ee0632f33cefedc63f.s3tc.ctex[39m[0m
[   6% ] [90m[1msavepack[22m | Storing File: res://assets/kits/pavilion/KIT_pavilion_bench_LOD1_pavilion_basecolor.png.import[39m[0m
[   6% ] [90m[1msavepack[22m | Storing File: res://.godot/imported/KIT_pavilion_bench_LOD1_pavilion_normal.png-ab91debd367f83cd4e5bdce55a24e878.s3tc.ctex[39m[0m
[   6% ] [90m[1msavepack[22m | Storing File: res://assets/kits/pavilion/KIT_pavilion_bench_LOD1_pavilion_normal.png.import[39m[0m
[   6% ] [90m[1msavepack[22m | Storing File: res://.godot/imported/KIT_pavilion_bench_LOD1_pavilion_orm.png-0f06a1a8576239bf9aacc05d6087cca8.s3tc.ctex[39m[0m
[   6% ] [90m[1msavepack[22m | Storing File: res://assets/kits/pavilion/KIT_pavilion_bench_LOD1_pavilion_orm.png.import[39m[0m
[   6% ] [90m[1msavepack[22m | Storing File: res://.godot/imported/KIT_pavilion_bench_pavilion_basecolor.png-a6ecb8b5191ddb3d517092ee5b19998c.s3tc.ctex[39m[0m
[   6% ] [90m[1msavepack[22m | Storing File: res://assets/kits/pavilion/KIT_pavilion_bench_pavilion_basecolor.png.import[39m[0m
[   7% ] [90m[1msavepack[22m | Storing File: res://.godot/imported/KIT_pavilion_bench_pavilion_normal.png-c0d2300bec5c4b5f39edd9278a06a766.s3tc.ctex[39m[0m
[   7% ] [90m[1msavepack[22m | Storing File: res://assets/kits/pavilion/KIT_pavilion_bench_pavilion_normal.png.import[39m[0m
[   7% ] [90m[1msavepack[22m | Storing File: res://.godot/imported/KIT_pavilion_bench_pavilion_orm.png-8f16762c0aba42a2a3a90a5fe84aa69b.s3tc.ctex[39m[0m
[   7% ] [90m[1msavepack[22m | Storing File: res://assets/kits/pavilion/KIT_pavilion_bench_pavilion_orm.png.import[39m[0m
[   7% ] [90m[1msavepack[22m | Storing File: res://.godot/imported/KIT_pavilion_bracket.glb-3d4080f3f47f6a6c0a79dd25d5dff043.scn[39m[0m
[   7% ] [90m[1msavepack[22m | Storing File: res://assets/kits/pavilion/KIT_pavilion_bracket.glb.import[39m[0m
[   7% ] [90m[1msavepack[22m | Storing File: res://.godot/imported/KIT_pavilion_bracket_LOD1.glb-4cb7dfea94c6a2129610d05c6c55e3de.scn[39m[0m
[   7% ] [90m[1msavepack[22m | Storing File: res://assets/kits/pavilion/KIT_pavilion_bracket_LOD1.glb.import[39m[0m
[   7% ] [90m[1msavepack[22m | Storing File: res://.godot/imported/KIT_pavilion_bracket_LOD1_pavilion_basecolor.png-3ec324ebda1a62c8527573b78946398d.s3tc.ctex[39m[0m
[   7% ] [90m[1msavepack[22m | Storing File: res://assets/kits/pavilion/KIT_pavilion_bracket_LOD1_pavilion_basecolor.png.import[39m[0m
[   7% ] [90m[1msavepack[22m | Storing File: res://.godot/imported/KIT_pavilion_bracket_LOD1_pavilion_normal.png-c8da396589e524b5d81040ccf3c39470.s3tc.ctex[39m[0m
[   7% ] [90m[1msavepack[22m | Storing File: res://assets/kits/pavilion/KIT_pavilion_bracket_LOD1_pavilion_normal.png.import[39m[0m
[   7% ] [90m[1msavepack[22m | Storing File: res://.godot/imported/KIT_pavilion_bracket_LOD1_pavilion_orm.png-861bd6411984e43a0b147c92c7995af6.s3tc.ctex[39m[0m
[   7% ] [90m[1msavepack[22m | Storing File: res://assets/kits/pavilion/KIT_pavilion_bracket_LOD1_pavilion_orm.png.import[39m[0m
[   7% ] [90m[1msavepack[22m | Storing File: res://.godot/imported/KIT_pavilion_bracket_pavilion_basecolor.png-b216aa524f65958ad077cb3bdcd9e1c7.s3tc.ctex[39m[0m
[   7% ] [90m[1msavepack[22m | Storing File: res://assets/kits/pavilion/KIT_pavilion_bracket_pavilion_basecolor.png.import[39m[0m
[   7% ] [90m[1msavepack[22m | Storing File: res://.godot/imported/KIT_pavilion_bracket_pavilion_normal.png-53863814be7e2989d560c90fd44d285a.s3tc.ctex[39m[0m
[   7% ] [90m[1msavepack[22m | Storing File: res://assets/kits/pavilion/KIT_pavilion_bracket_pavilion_normal.png.import[39m[0m
[   8% ] [90m[1msavepack[22m | Storing File: res://.godot/imported/KIT_pavilion_bracket_pavilion_orm.png-7f6f87c0942d3da32902ddaa025fce48.s3tc.ctex[39m[0m
[   8% ] [90m[1msavepack[22m | Storing File: res://assets/kits/pavilion/KIT_pavilion_bracket_pavilion_orm.png.import[39m[0m
[   8% ] [90m[1msavepack[22m | Storing File: res://.godot/imported/KIT_pavilion_eave_strip.glb-4f59b153196743b43f075f7f627b5613.scn[39m[0m
[   8% ] [90m[1msavepack[22m | Storing File: res://assets/kits/pavilion/KIT_pavilion_eave_strip.glb.import[39m[0m
[   8% ] [90m[1msavepack[22m | Storing File: res://.godot/imported/KIT_pavilion_eave_strip_LOD1.glb-8f69b3d9af54e3affafcd335f7a130af.scn[39m[0m
[   8% ] [90m[1msavepack[22m | Storing File: res://assets/kits/pavilion/KIT_pavilion_eave_strip_LOD1.glb.import[39m[0m
[   8% ] [90m[1msavepack[22m | Storing File: res://.godot/imported/KIT_pavilion_eave_strip_LOD1_pavilion_basecolor.png-0e508f194fc77c53208c6d8789e64686.s3tc.ctex[39m[0m
[   8% ] [90m[1msavepack[22m | Storing File: res://assets/kits/pavilion/KIT_pavilion_eave_strip_LOD1_pavilion_basecolor.png.import[39m[0m
[   8% ] [90m[1msavepack[22m | Storing File: res://.godot/imported/KIT_pavilion_eave_strip_LOD1_pavilion_normal.png-978910807b05221cdf799a523b0f8d1f.s3tc.ctex[39m[0m
[   8% ] [90m[1msavepack[22m | Storing File: res://assets/kits/pavilion/KIT_pavilion_eave_strip_LOD1_pavilion_normal.png.import[39m[0m
[   8% ] [90m[1msavepack[22m | Storing File: res://.godot/imported/KIT_pavilion_eave_strip_LOD1_pavilion_orm.png-96bd98af9877e105c97cde17ee60c85a.s3tc.ctex[39m[0m
[   8% ] [90m[1msavepack[22m | Storing File: res://assets/kits/pavilion/KIT_pavilion_eave_strip_LOD1_pavilion_orm.png.import[39m[0m
[   8% ] [90m[1msavepack[22m | Storing File: res://.godot/imported/KIT_pavilion_eave_strip_pavilion_basecolor.png-43a68e8d6a731f86b500a2210e41e05c.s3tc.ctex[39m[0m
[   8% ] [90m[1msavepack[22m | Storing File: res://assets/kits/pavilion/KIT_pavilion_eave_strip_pavilion_basecolor.png.import[39m[0m
[   8% ] [90m[1msavepack[22m | Storing File: res://.godot/imported/KIT_pavilion_eave_strip_pavilion_normal.png-acc2ecf420bdd061fe675016ad12e9cb.s3tc.ctex[39m[0m
[   8% ] [90m[1msavepack[22m | Storing File: res://assets/kits/pavilion/KIT_pavilion_eave_strip_pavilion_normal.png.import[39m[0m
[   8% ] [90m[1msavepack[22m | Storing File: res://.godot/imported/KIT_pavilion_eave_strip_pavilion_orm.png-e045e45d62797d30f85a51d73dbf3bb4.s3tc.ctex[39m[0m
[   8% ] [90m[1msavepack[22m | Storing File: res://assets/kits/pavilion/KIT_pavilion_eave_strip_pavilion_orm.png.import[39m[0m
[   9% ] [90m[1msavepack[22m | Storing File: res://.godot/imported/KIT_pavilion_post.glb-48f2fed5ff1d28f0d9a3523c6edc2c30.scn[39m[0m
[   9% ] [90m[1msavepack[22m | Storing File: res://assets/kits/pavilion/KIT_pavilion_post.glb.import[39m[0m
[   9% ] [90m[1msavepack[22m | Storing File: res://.godot/imported/KIT_pavilion_post_LOD1.glb-114ed79998839cd24757b588f3352e67.scn[39m[0m
[   9% ] [90m[1msavepack[22m | Storing File: res://assets/kits/pavilion/KIT_pavilion_post_LOD1.glb.import[39m[0m
[   9% ] [90m[1msavepack[22m | Storing File: res://.godot/imported/KIT_pavilion_post_LOD1_pavilion_basecolor.png-5d2c029d59d9a08853e4b2bc4557a49d.s3tc.ctex[39m[0m
[   9% ] [90m[1msavepack[22m | Storing File: res://assets/kits/pavilion/KIT_pavilion_post_LOD1_pavilion_basecolor.png.import[39m[0m
[   9% ] [90m[1msavepack[22m | Storing File: res://.godot/imported/KIT_pavilion_post_LOD1_pavilion_normal.png-391af462f3e512caba91fc8788ccca08.s3tc.ctex[39m[0m
[   9% ] [90m[1msavepack[22m | Storing File: res://assets/kits/pavilion/KIT_pavilion_post_LOD1_pavilion_normal.png.import[39m[0m
[   9% ] [90m[1msavepack[22m | Storing File: res://.godot/imported/KIT_pavilion_post_LOD1_pavilion_orm.png-47cfda0939a9086af17773f74f013dc2.s3tc.ctex[39m[0m
[   9% ] [90m[1msavepack[22m | Storing File: res://assets/kits/pavilion/KIT_pavilion_post_LOD1_pavilion_orm.png.import[39m[0m
[   9% ] [90m[1msavepack[22m | Storing File: res://.godot/imported/KIT_pavilion_post_pavilion_basecolor.png-9ee7a43d0789adf0e798482f7acccdca.s3tc.ctex[39m[0m
[   9% ] [90m[1msavepack[22m | Storing File: res://assets/kits/pavilion/KIT_pavilion_post_pavilion_basecolor.png.import[39m[0m
[   9% ] [90m[1msavepack[22m | Storing File: res://.godot/imported/KIT_pavilion_post_pavilion_normal.png-62b35664c1f61e3eb0db74307624042e.s3tc.ctex[39m[0m
[   9% ] [90m[1msavepack[22m | Storing File: res://assets/kits/pavilion/KIT_pavilion_post_pavilion_normal.png.import[39m[0m
[   9% ] [90m[1msavepack[22m | Storing File: res://.godot/imported/KIT_pavilion_post_pavilion_orm.png-868f173fa85f1386fbe5703c59d26483.s3tc.ctex[39m[0m
[   9% ] [90m[1msavepack[22m | Storing File: res://assets/kits/pavilion/KIT_pavilion_post_pavilion_orm.png.import[39m[0m
[   9% ] [90m[1msavepack[22m | Storing File: res://.godot/imported/KIT_pavilion_roof_hex.glb-b06fd5ae8789a56bcd8773adaf4c644a.scn[39m[0m
[   9% ] [90m[1msavepack[22m | Storing File: res://assets/kits/pavilion/KIT_pavilion_roof_hex.glb.import[39m[0m
[  10% ] [90m[1msavepack[22m | Storing File: res://.godot/imported/KIT_pavilion_roof_hex_LOD1.glb-820948f57bedf47b1b5ba08c87c7e3b6.scn[39m[0m
[  10% ] [90m[1msavepack[22m | Storing File: res://assets/kits/pavilion/KIT_pavilion_roof_hex_LOD1.glb.import[39m[0m
[  10% ] [90m[1msavepack[22m | Storing File: res://.godot/imported/KIT_pavilion_roof_hex_LOD1_pavilion_basecolor.png-b19b57b94e2b3a2d48c3971996bc2158.s3tc.ctex[39m[0m
[  10% ] [90m[1msavepack[22m | Storing File: res://assets/kits/pavilion/KIT_pavilion_roof_hex_LOD1_pavilion_basecolor.png.import[39m[0m
[  10% ] [90m[1msavepack[22m | Storing File: res://.godot/imported/KIT_pavilion_roof_hex_LOD1_pavilion_normal.png-7fd6f4cdb40efd0bb03d4608bd9e8f98.s3tc.ctex[39m[0m
[  10% ] [90m[1msavepack[22m | Storing File: res://assets/kits/pavilion/KIT_pavilion_roof_hex_LOD1_pavilion_normal.png.import[39m[0m
[  10% ] [90m[1msavepack[22m | Storing File: res://.godot/imported/KIT_pavilion_roof_hex_LOD1_pavilion_orm.png-d669877e786c5a4c716f849112dc6736.s3tc.ctex[39m[0m
[  10% ] [90m[1msavepack[22m | Storing File: res://assets/kits/pavilion/KIT_pavilion_roof_hex_LOD1_pavilion_orm.png.import[39m[0m
[  10% ] [90m[1msavepack[22m | Storing File: res://.godot/imported/KIT_pavilion_roof_hex_pavilion_basecolor.png-5f16fa8a2ff6f72029c8987aade47d87.s3tc.ctex[39m[0m
[  10% ] [90m[1msavepack[22m | Storing File: res://assets/kits/pavilion/KIT_pavilion_roof_hex_pavilion_basecolor.png.import[39m[0m
[  10% ] [90m[1msavepack[22m | Storing File: res://.godot/imported/KIT_pavilion_roof_hex_pavilion_normal.png-98d71f4a3130648d444d34c131ef5a47.s3tc.ctex[39m[0m
[  10% ] [90m[1msavepack[22m | Storing File: res://assets/kits/pavilion/KIT_pavilion_roof_hex_pavilion_normal.png.import[39m[0m
[  10% ] [90m[1msavepack[22m | Storing File: res://.godot/imported/KIT_pavilion_roof_hex_pavilion_orm.png-39842cd255139be4572e8f01bd279ab3.s3tc.ctex[39m[0m
[  10% ] [90m[1msavepack[22m | Storing File: res://assets/kits/pavilion/KIT_pavilion_roof_hex_pavilion_orm.png.import[39m[0m
[  10% ] [90m[1msavepack[22m | Storing File: res://.godot/imported/KIT_pavilion_roof_square.glb-9c074d1f0b54cfb5fdeb83f86c8912c2.scn[39m[0m
[  10% ] [90m[1msavepack[22m | Storing File: res://assets/kits/pavilion/KIT_pavilion_roof_square.glb.import[39m[0m
[  10% ] [90m[1msavepack[22m | Storing File: res://.godot/imported/KIT_pavilion_roof_square_LOD1.glb-bf0a1f07fbb2abdcb1360c6b818a97f1.scn[39m[0m
[  10% ] [90m[1msavepack[22m | Storing File: res://assets/kits/pavilion/KIT_pavilion_roof_square_LOD1.glb.import[39m[0m
[  11% ] [90m[1msavepack[22m | Storing File: res://.godot/imported/KIT_pavilion_roof_square_LOD1_pavilion_basecolor.png-ec7c9929deb1c7105354d0d7c0dd4373.s3tc.ctex[39m[0m
[  11% ] [90m[1msavepack[22m | Storing File: res://assets/kits/pavilion/KIT_pavilion_roof_square_LOD1_pavilion_basecolor.png.import[39m[0m
[  11% ] [90m[1msavepack[22m | Storing File: res://.godot/imported/KIT_pavilion_roof_square_LOD1_pavilion_normal.png-f342b496eaa0b68638f5c38cc6b54fb0.s3tc.ctex[39m[0m
[  11% ] [90m[1msavepack[22m | Storing File: res://assets/kits/pavilion/KIT_pavilion_roof_square_LOD1_pavilion_normal.png.import[39m[0m
[  11% ] [90m[1msavepack[22m | Storing File: res://.godot/imported/KIT_pavilion_roof_square_LOD1_pavilion_orm.png-d566c82cf48bfa6d3762e5107f35ae2a.s3tc.ctex[39m[0m
[  11% ] [90m[1msavepack[22m | Storing File: res://assets/kits/pavilion/KIT_pavilion_roof_square_LOD1_pavilion_orm.png.import[39m[0m
[  11% ] [90m[1msavepack[22m | Storing File: res://.godot/imported/KIT_pavilion_roof_square_pavilion_basecolor.png-f2558abbc12aa2affc1835c04030b79c.s3tc.ctex[39m[0m
[  11% ] [90m[1msavepack[22m | Storing File: res://assets/kits/pavilion/KIT_pavilion_roof_square_pavilion_basecolor.png.import[39m[0m
[  11% ] [90m[1msavepack[22m | Storing File: res://.godot/imported/KIT_pavilion_roof_square_pavilion_normal.png-1f805319d8b52c0011d9f355d2de52d5.s3tc.ctex[39m[0m
[  11% ] [90m[1msavepack[22m | Storing File: res://assets/kits/pavilion/KIT_pavilion_roof_square_pavilion_normal.png.import[39m[0m
[  11% ] [90m[1msavepack[22m | Storing File: res://.godot/imported/KIT_pavilion_roof_square_pavilion_orm.png-dce6401ef37d1aed30435c5e8daf116d.s3tc.ctex[39m[0m
[  11% ] [90m[1msavepack[22m | Storing File: res://assets/kits/pavilion/KIT_pavilion_roof_square_pavilion_orm.png.import[39m[0m
[  11% ] [90m[1msavepack[22m | Storing File: res://.godot/imported/KIT_props_brazier.glb-904704731700c4bcad6bab1db3719d18.scn[39m[0m
[  11% ] [90m[1msavepack[22m | Storing File: res://assets/kits/props/KIT_props_brazier.glb.import[39m[0m
[  11% ] [90m[1msavepack[22m | Storing File: res://.godot/imported/KIT_props_brazier_LOD1.glb-855e58f848dff21e7bd108008477988d.scn[39m[0m
[  11% ] [90m[1msavepack[22m | Storing File: res://assets/kits/props/KIT_props_brazier_LOD1.glb.import[39m[0m
[  11% ] [90m[1msavepack[22m | Storing File: res://.godot/imported/KIT_props_folding_chair.glb-841024e59ef6021724d8cfd457801740.scn[39m[0m
[  11% ] [90m[1msavepack[22m | Storing File: res://assets/kits/props/KIT_props_folding_chair.glb.import[39m[0m
[  12% ] [90m[1msavepack[22m | Storing File: res://.godot/imported/KIT_props_folding_chair_LOD1.glb-991f383d1eddfbf29e466aa7666cc706.scn[39m[0m
[  12% ] [90m[1msavepack[22m | Storing File: res://assets/kits/props/KIT_props_folding_chair_LOD1.glb.import[39m[0m
[  12% ] [90m[1msavepack[22m | Storing File: res://.godot/imported/KIT_props_incense_burner.glb-3abd4366e3c2de86ed15c8dc3ac2abb9.scn[39m[0m
[  12% ] [90m[1msavepack[22m | Storing File: res://assets/kits/props/KIT_props_incense_burner.glb.import[39m[0m
[  12% ] [90m[1msavepack[22m | Storing File: res://.godot/imported/KIT_props_incense_burner_LOD1.glb-11a767efb915069029366d1349a39ebd.scn[39m[0m
[  12% ] [90m[1msavepack[22m | Storing File: res://assets/kits/props/KIT_props_incense_burner_LOD1.glb.import[39m[0m
[  12% ] [90m[1msavepack[22m | Storing File: res://.godot/imported/KIT_props_lantern_hanging.glb-4574792488de465586307e3543d8aef0.scn[39m[0m
[  12% ] [90m[1msavepack[22m | Storing File: res://assets/kits/props/KIT_props_lantern_hanging.glb.import[39m[0m
[  12% ] [90m[1msavepack[22m | Storing File: res://.godot/imported/KIT_props_lantern_hanging_LOD1.glb-d641416d73174fa68f26d27a85465361.scn[39m[0m
[  12% ] [90m[1msavepack[22m | Storing File: res://assets/kits/props/KIT_props_lantern_hanging_LOD1.glb.import[39m[0m
[  12% ] [90m[1msavepack[22m | Storing File: res://.godot/imported/KIT_props_lantern_standing.glb-be4e54e9a8f2283841da06927fecbc4c.scn[39m[0m
[  12% ] [90m[1msavepack[22m | Storing File: res://assets/kits/props/KIT_props_lantern_standing.glb.import[39m[0m
[  12% ] [90m[1msavepack[22m | Storing File: res://.godot/imported/KIT_props_lantern_standing_LOD1.glb-af9f57932e81626cd50cd814d4b9d6b4.scn[39m[0m
[  12% ] [90m[1msavepack[22m | Storing File: res://assets/kits/props/KIT_props_lantern_standing_LOD1.glb.import[39m[0m
[  12% ] [90m[1msavepack[22m | Storing File: res://.godot/imported/KIT_props_screen.glb-8236d3aa915e0387b0af9740a35889f0.scn[39m[0m
[  12% ] [90m[1msavepack[22m | Storing File: res://assets/kits/props/KIT_props_screen.glb.import[39m[0m
[  12% ] [90m[1msavepack[22m | Storing File: res://.godot/imported/KIT_props_screen_LOD1.glb-672820a3d39446cb9ce8c243dadd1504.scn[39m[0m
[  12% ] [90m[1msavepack[22m | Storing File: res://assets/kits/props/KIT_props_screen_LOD1.glb.import[39m[0m
[  13% ] [90m[1msavepack[22m | Storing File: res://.godot/imported/KIT_props_scroll.glb-0cc229583e6bcae2cdcee799f8b56b16.scn[39m[0m
[  13% ] [90m[1msavepack[22m | Storing File: res://assets/kits/props/KIT_props_scroll.glb.import[39m[0m
[  13% ] [90m[1msavepack[22m | Storing File: res://.godot/imported/KIT_props_scroll_LOD1.glb-813bbfd4dacb01b040925f6ed48f983d.scn[39m[0m
[  13% ] [90m[1msavepack[22m | Storing File: res://assets/kits/props/KIT_props_scroll_LOD1.glb.import[39m[0m
[  13% ] [90m[1msavepack[22m | Storing File: res://.godot/imported/KIT_props_stone_stool.glb-a13dba10dc9eda99c9c456876a0dcf04.scn[39m[0m
[  13% ] [90m[1msavepack[22m | Storing File: res://assets/kits/props/KIT_props_stone_stool.glb.import[39m[0m
[  13% ] [90m[1msavepack[22m | Storing File: res://.godot/imported/KIT_props_stone_stool_LOD1.glb-fa3067b5c98414edde3fb6034426e734.scn[39m[0m
[  13% ] [90m[1msavepack[22m | Storing File: res://assets/kits/props/KIT_props_stone_stool_LOD1.glb.import[39m[0m
[  13% ] [90m[1msavepack[22m | Storing File: res://.godot/imported/KIT_props_stone_table.glb-f4cf8627ff00eb53fa60247204c40a28.scn[39m[0m
[  13% ] [90m[1msavepack[22m | Storing File: res://assets/kits/props/KIT_props_stone_table.glb.import[39m[0m
[  13% ] [90m[1msavepack[22m | Storing File: res://.godot/imported/KIT_props_stone_table_LOD1.glb-ff38fc04f8e6f0f6f7e8d8512b5b0853.scn[39m[0m
[  13% ] [90m[1msavepack[22m | Storing File: res://assets/kits/props/KIT_props_stone_table_LOD1.glb.import[39m[0m
[  13% ] [90m[1msavepack[22m | Storing File: res://.godot/imported/props-basecolor.png-132ab90eff2d30d5fa19c852a7f094e1.s3tc.ctex[39m[0m
[  13% ] [90m[1msavepack[22m | Storing File: res://assets/kits/props/props-basecolor.png.import[39m[0m
[  13% ] [90m[1msavepack[22m | Storing File: res://.godot/imported/props-emission.png-26fd38f2d253a2b2f125e633f3056596.s3tc.ctex[39m[0m
[  13% ] [90m[1msavepack[22m | Storing File: res://assets/kits/props/props-emission.png.import[39m[0m
[  13% ] [90m[1msavepack[22m | Storing File: res://.godot/imported/props-orm.png-5c153a0fcab6e07f9a9165845b7a7a41.s3tc.ctex[39m[0m
[  13% ] [90m[1msavepack[22m | Storing File: res://assets/kits/props/props-orm.png.import[39m[0m
[  14% ] [90m[1msavepack[22m | Storing File: res://.godot/imported/KIT_rockery_arch.glb-b0d5788d6cf44da779221229e33a4036.scn[39m[0m
[  14% ] [90m[1msavepack[22m | Storing File: res://assets/kits/rockery/KIT_rockery_arch.glb.import[39m[0m
[  14% ] [90m[1msavepack[22m | Storing File: res://.godot/imported/KIT_rockery_arch_LOD1.glb-db1d84971d9d037e4fdbc98e0f47821a.scn[39m[0m
[  14% ] [90m[1msavepack[22m | Storing File: res://assets/kits/rockery/KIT_rockery_arch_LOD1.glb.import[39m[0m
[  14% ] [90m[1msavepack[22m | Storing File: res://.godot/imported/KIT_rockery_arch_LOD1_pavilion_basecolor.png-73d91a22c653a852d6c9a134acf1ae2f.s3tc.ctex[39m[0m
[  14% ] [90m[1msavepack[22m | Storing File: res://assets/kits/rockery/KIT_rockery_arch_LOD1_pavilion_basecolor.png.import[39m[0m
[  14% ] [90m[1msavepack[22m | Storing File: res://.godot/imported/KIT_rockery_arch_LOD1_pavilion_normal.png-8f48bedc9698e7f6145a20923911eaec.s3tc.ctex[39m[0m
[  14% ] [90m[1msavepack[22m | Storing File: res://assets/kits/rockery/KIT_rockery_arch_LOD1_pavilion_normal.png.import[39m[0m
[  14% ] [90m[1msavepack[22m | Storing File: res://.godot/imported/KIT_rockery_arch_LOD1_pavilion_orm.png-b46f38543a0008e8f04b0f8d8e207617.s3tc.ctex[39m[0m
[  14% ] [90m[1msavepack[22m | Storing File: res://assets/kits/rockery/KIT_rockery_arch_LOD1_pavilion_orm.png.import[39m[0m
[  14% ] [90m[1msavepack[22m | Storing File: res://.godot/imported/KIT_rockery_arch_pavilion_basecolor.png-b35b02433ae1093e992d889e44c6318a.s3tc.ctex[39m[0m
[  14% ] [90m[1msavepack[22m | Storing File: res://assets/kits/rockery/KIT_rockery_arch_pavilion_basecolor.png.import[39m[0m
[  14% ] [90m[1msavepack[22m | Storing File: res://.godot/imported/KIT_rockery_arch_pavilion_normal.png-22fea7819465d3cdf58aad5f84403d73.s3tc.ctex[39m[0m
[  14% ] [90m[1msavepack[22m | Storing File: res://assets/kits/rockery/KIT_rockery_arch_pavilion_normal.png.import[39m[0m
[  14% ] [90m[1msavepack[22m | Storing File: res://.godot/imported/KIT_rockery_arch_pavilion_orm.png-8f363d1ced97be633951ec749bc0c956.s3tc.ctex[39m[0m
[  14% ] [90m[1msavepack[22m | Storing File: res://assets/kits/rockery/KIT_rockery_arch_pavilion_orm.png.import[39m[0m
[  14% ] [90m[1msavepack[22m | Storing File: res://.godot/imported/KIT_rockery_cliff.glb-a82095007dbfb0b83be5911f86df4dea.scn[39m[0m
[  14% ] [90m[1msavepack[22m | Storing File: res://assets/kits/rockery/KIT_rockery_cliff.glb.import[39m[0m
[  15% ] [90m[1msavepack[22m | Storing File: res://.godot/imported/KIT_rockery_cliff_LOD1.glb-f33c2e442d8e02d8ee6ac1307d83252c.scn[39m[0m
[  15% ] [90m[1msavepack[22m | Storing File: res://assets/kits/rockery/KIT_rockery_cliff_LOD1.glb.import[39m[0m
[  15% ] [90m[1msavepack[22m | Storing File: res://.godot/imported/KIT_rockery_cliff_LOD1_pavilion_basecolor.png-47354d7e5807146deb0beaf07dfbd460.s3tc.ctex[39m[0m
[  15% ] [90m[1msavepack[22m | Storing File: res://assets/kits/rockery/KIT_rockery_cliff_LOD1_pavilion_basecolor.png.import[39m[0m
[  15% ] [90m[1msavepack[22m | Storing File: res://.godot/imported/KIT_rockery_cliff_LOD1_pavilion_normal.png-2cbac803e135f40b81e2ab89c7479a97.s3tc.ctex[39m[0m
[  15% ] [90m[1msavepack[22m | Storing File: res://assets/kits/rockery/KIT_rockery_cliff_LOD1_pavilion_normal.png.import[39m[0m
[  15% ] [90m[1msavepack[22m | Storing File: res://.godot/imported/KIT_rockery_cliff_LOD1_pavilion_orm.png-7819ec6d03d757d6f666ff0d96d951a2.s3tc.ctex[39m[0m
[  15% ] [90m[1msavepack[22m | Storing File: res://assets/kits/rockery/KIT_rockery_cliff_LOD1_pavilion_orm.png.import[39m[0m
[  15% ] [90m[1msavepack[22m | Storing File: res://.godot/imported/KIT_rockery_cliff_pavilion_basecolor.png-6d66c8cbc83ecedd18af8ea569e60b8a.s3tc.ctex[39m[0m
[  15% ] [90m[1msavepack[22m | Storing File: res://assets/kits/rockery/KIT_rockery_cliff_pavilion_basecolor.png.import[39m[0m
[  15% ] [90m[1msavepack[22m | Storing File: res://.godot/imported/KIT_rockery_cliff_pavilion_normal.png-771f08d0bb49d857f5cfe46ebc319911.s3tc.ctex[39m[0m
[  15% ] [90m[1msavepack[22m | Storing File: res://assets/kits/rockery/KIT_rockery_cliff_pavilion_normal.png.import[39m[0m
[  15% ] [90m[1msavepack[22m | Storing File: res://.godot/imported/KIT_rockery_cliff_pavilion_orm.png-0298ec8a90963eb22675c4e0f705d2f3.s3tc.ctex[39m[0m
[  15% ] [90m[1msavepack[22m | Storing File: res://assets/kits/rockery/KIT_rockery_cliff_pavilion_orm.png.import[39m[0m
[  15% ] [90m[1msavepack[22m | Storing File: res://.godot/imported/KIT_rockery_large.glb-b515a9b1883410f360c4318d2294b12a.scn[39m[0m
[  15% ] [90m[1msavepack[22m | Storing File: res://assets/kits/rockery/KIT_rockery_large.glb.import[39m[0m
[  15% ] [90m[1msavepack[22m | Storing File: res://.godot/imported/KIT_rockery_large_LOD1.glb-db51c09f3eaeb5ea0e4d9516cc042865.scn[39m[0m
[  15% ] [90m[1msavepack[22m | Storing File: res://assets/kits/rockery/KIT_rockery_large_LOD1.glb.import[39m[0m
[  16% ] [90m[1msavepack[22m | Storing File: res://.godot/imported/KIT_rockery_large_LOD1_pavilion_basecolor.png-80211d8f699a623bf2a2cfbac4cefa77.s3tc.ctex[39m[0m
[  16% ] [90m[1msavepack[22m | Storing File: res://assets/kits/rockery/KIT_rockery_large_LOD1_pavilion_basecolor.png.import[39m[0m
[  16% ] [90m[1msavepack[22m | Storing File: res://.godot/imported/KIT_rockery_large_LOD1_pavilion_normal.png-45704cf8ee83e3a4af8c1848685f8996.s3tc.ctex[39m[0m
[  16% ] [90m[1msavepack[22m | Storing File: res://assets/kits/rockery/KIT_rockery_large_LOD1_pavilion_normal.png.import[39m[0m
[  16% ] [90m[1msavepack[22m | Storing File: res://.godot/imported/KIT_rockery_large_LOD1_pavilion_orm.png-9348c8c10c0a56e20a12c9a74a176078.s3tc.ctex[39m[0m
[  16% ] [90m[1msavepack[22m | Storing File: res://assets/kits/rockery/KIT_rockery_large_LOD1_pavilion_orm.png.import[39m[0m
[  16% ] [90m[1msavepack[22m | Storing File: res://.godot/imported/KIT_rockery_large_pavilion_basecolor.png-97ea7f6e23c0fb878780432e809e285c.s3tc.ctex[39m[0m
[  16% ] [90m[1msavepack[22m | Storing File: res://assets/kits/rockery/KIT_rockery_large_pavilion_basecolor.png.import[39m[0m
[  16% ] [90m[1msavepack[22m | Storing File: res://.godot/imported/KIT_rockery_large_pavilion_normal.png-9c521648e29f64acdc5419c8d30346c3.s3tc.ctex[39m[0m
[  16% ] [90m[1msavepack[22m | Storing File: res://assets/kits/rockery/KIT_rockery_large_pavilion_normal.png.import[39m[0m
[  16% ] [90m[1msavepack[22m | Storing File: res://.godot/imported/KIT_rockery_large_pavilion_orm.png-ff1da071342fde57bf92c8b2e215845c.s3tc.ctex[39m[0m
[  16% ] [90m[1msavepack[22m | Storing File: res://assets/kits/rockery/KIT_rockery_large_pavilion_orm.png.import[39m[0m
[  16% ] [90m[1msavepack[22m | Storing File: res://.godot/imported/KIT_rockery_medium.glb-3ba0439abf43dd78be6fc5258d8520c4.scn[39m[0m
[  16% ] [90m[1msavepack[22m | Storing File: res://assets/kits/rockery/KIT_rockery_medium.glb.import[39m[0m
[  16% ] [90m[1msavepack[22m | Storing File: res://.godot/imported/KIT_rockery_medium_LOD1.glb-6aa334cbfdd7b8a49cd7c9a05a38be2d.scn[39m[0m
[  16% ] [90m[1msavepack[22m | Storing File: res://assets/kits/rockery/KIT_rockery_medium_LOD1.glb.import[39m[0m
[  16% ] [90m[1msavepack[22m | Storing File: res://.godot/imported/KIT_rockery_medium_LOD1_pavilion_basecolor.png-bf52b2ce9732eb30bd743ca9f96820c6.s3tc.ctex[39m[0m
[  16% ] [90m[1msavepack[22m | Storing File: res://assets/kits/rockery/KIT_rockery_medium_LOD1_pavilion_basecolor.png.import[39m[0m
[  17% ] [90m[1msavepack[22m | Storing File: res://.godot/imported/KIT_rockery_medium_LOD1_pavilion_normal.png-cd5d9feb70a4a5fbe78f04a13696e099.s3tc.ctex[39m[0m
[  17% ] [90m[1msavepack[22m | Storing File: res://assets/kits/rockery/KIT_rockery_medium_LOD1_pavilion_normal.png.import[39m[0m
[  17% ] [90m[1msavepack[22m | Storing File: res://.godot/imported/KIT_rockery_medium_LOD1_pavilion_orm.png-18ca5974ccc185ceb4ae287b475a8e2f.s3tc.ctex[39m[0m
[  17% ] [90m[1msavepack[22m | Storing File: res://assets/kits/rockery/KIT_rockery_medium_LOD1_pavilion_orm.png.import[39m[0m
[  17% ] [90m[1msavepack[22m | Storing File: res://.godot/imported/KIT_rockery_medium_pavilion_basecolor.png-4d20dbc98d16c9a73fb96b926016d81f.s3tc.ctex[39m[0m
[  17% ] [90m[1msavepack[22m | Storing File: res://assets/kits/rockery/KIT_rockery_medium_pavilion_basecolor.png.import[39m[0m
[  17% ] [90m[1msavepack[22m | Storing File: res://.godot/imported/KIT_rockery_medium_pavilion_normal.png-2094152b1204232c6e586660bf5b04e2.s3tc.ctex[39m[0m
[  17% ] [90m[1msavepack[22m | Storing File: res://assets/kits/rockery/KIT_rockery_medium_pavilion_normal.png.import[39m[0m
[  17% ] [90m[1msavepack[22m | Storing File: res://.godot/imported/KIT_rockery_medium_pavilion_orm.png-15e4d6afbe9583475f13052122ffca89.s3tc.ctex[39m[0m
[  17% ] [90m[1msavepack[22m | Storing File: res://assets/kits/rockery/KIT_rockery_medium_pavilion_orm.png.import[39m[0m
[  17% ] [90m[1msavepack[22m | Storing File: res://.godot/imported/KIT_rockery_small.glb-4599b2b1008224ba76b27e4b5085315a.scn[39m[0m
[  17% ] [90m[1msavepack[22m | Storing File: res://assets/kits/rockery/KIT_rockery_small.glb.import[39m[0m
[  17% ] [90m[1msavepack[22m | Storing File: res://.godot/imported/KIT_rockery_small_LOD1.glb-fd6e7602586af6751670a24916d1d7e9.scn[39m[0m
[  17% ] [90m[1msavepack[22m | Storing File: res://assets/kits/rockery/KIT_rockery_small_LOD1.glb.import[39m[0m
[  17% ] [90m[1msavepack[22m | Storing File: res://.godot/imported/KIT_rockery_small_LOD1_pavilion_basecolor.png-b0befaf07ea91c59504fcccfb31a2647.s3tc.ctex[39m[0m
[  17% ] [90m[1msavepack[22m | Storing File: res://assets/kits/rockery/KIT_rockery_small_LOD1_pavilion_basecolor.png.import[39m[0m
[  17% ] [90m[1msavepack[22m | Storing File: res://.godot/imported/KIT_rockery_small_LOD1_pavilion_normal.png-023ed7c157d01c817a43a5ba933c864a.s3tc.ctex[39m[0m
[  17% ] [90m[1msavepack[22m | Storing File: res://assets/kits/rockery/KIT_rockery_small_LOD1_pavilion_normal.png.import[39m[0m
[  17% ] [90m[1msavepack[22m | Storing File: res://.godot/imported/KIT_rockery_small_LOD1_pavilion_orm.png-532f321896454fc89e12f3426f96cfac.s3tc.ctex[39m[0m
[  17% ] [90m[1msavepack[22m | Storing File: res://assets/kits/rockery/KIT_rockery_small_LOD1_pavilion_orm.png.import[39m[0m
[  18% ] [90m[1msavepack[22m | Storing File: res://.godot/imported/KIT_rockery_small_pavilion_basecolor.png-c76702c212ace06d3f4fb5fdb7437605.s3tc.ctex[39m[0m
[  18% ] [90m[1msavepack[22m | Storing File: res://assets/kits/rockery/KIT_rockery_small_pavilion_basecolor.png.import[39m[0m
[  18% ] [90m[1msavepack[22m | Storing File: res://.godot/imported/KIT_rockery_small_pavilion_normal.png-3466dcdfa57c0fafdc3cf28e1dc60504.s3tc.ctex[39m[0m
[  18% ] [90m[1msavepack[22m | Storing File: res://assets/kits/rockery/KIT_rockery_small_pavilion_normal.png.import[39m[0m
[  18% ] [90m[1msavepack[22m | Storing File: res://.godot/imported/KIT_rockery_small_pavilion_orm.png-b7752c248b350ef773b836149c3835da.s3tc.ctex[39m[0m
[  18% ] [90m[1msavepack[22m | Storing File: res://assets/kits/rockery/KIT_rockery_small_pavilion_orm.png.import[39m[0m
[  18% ] [90m[1msavepack[22m | Storing File: res://.godot/imported/KIT_rockery_tunnel.glb-557c6b1c982b49c42e154efaf1b3ae1b.scn[39m[0m
[  18% ] [90m[1msavepack[22m | Storing File: res://assets/kits/rockery/KIT_rockery_tunnel.glb.import[39m[0m
[  18% ] [90m[1msavepack[22m | Storing File: res://.godot/imported/KIT_rockery_tunnel_LOD1.glb-262facc0a44972a19e17542d7d57911c.scn[39m[0m
[  18% ] [90m[1msavepack[22m | Storing File: res://assets/kits/rockery/KIT_rockery_tunnel_LOD1.glb.import[39m[0m
[  18% ] [90m[1msavepack[22m | Storing File: res://.godot/imported/KIT_rockery_tunnel_LOD1_pavilion_basecolor.png-b0ffd9ece07e9a3730ac151c0125a79c.s3tc.ctex[39m[0m
[  18% ] [90m[1msavepack[22m | Storing File: res://assets/kits/rockery/KIT_rockery_tunnel_LOD1_pavilion_basecolor.png.import[39m[0m
[  18% ] [90m[1msavepack[22m | Storing File: res://.godot/imported/KIT_rockery_tunnel_LOD1_pavilion_normal.png-a7daef63435e57befa089c1dda6ebb44.s3tc.ctex[39m[0m
[  18% ] [90m[1msavepack[22m | Storing File: res://assets/kits/rockery/KIT_rockery_tunnel_LOD1_pavilion_normal.png.import[39m[0m
[  18% ] [90m[1msavepack[22m | Storing File: res://.godot/imported/KIT_rockery_tunnel_LOD1_pavilion_orm.png-f82c55257b3e0ffbef5ebcada9533115.s3tc.ctex[39m[0m
[  18% ] [90m[1msavepack[22m | Storing File: res://assets/kits/rockery/KIT_rockery_tunnel_LOD1_pavilion_orm.png.import[39m[0m
[  18% ] [90m[1msavepack[22m | Storing File: res://.godot/imported/KIT_rockery_tunnel_pavilion_basecolor.png-2842f9df91fcbd1190c073512d136c39.s3tc.ctex[39m[0m
[  18% ] [90m[1msavepack[22m | Storing File: res://assets/kits/rockery/KIT_rockery_tunnel_pavilion_basecolor.png.import[39m[0m
[  19% ] [90m[1msavepack[22m | Storing File: res://.godot/imported/KIT_rockery_tunnel_pavilion_normal.png-24bcf3cbc49720767023993055f4e210.s3tc.ctex[39m[0m
[  19% ] [90m[1msavepack[22m | Storing File: res://assets/kits/rockery/KIT_rockery_tunnel_pavilion_normal.png.import[39m[0m
[  19% ] [90m[1msavepack[22m | Storing File: res://.godot/imported/KIT_rockery_tunnel_pavilion_orm.png-61c20f55b472237f40c2241e54b74ec0.s3tc.ctex[39m[0m
[  19% ] [90m[1msavepack[22m | Storing File: res://assets/kits/rockery/KIT_rockery_tunnel_pavilion_orm.png.import[39m[0m
[  19% ] [90m[1msavepack[22m | Storing File: res://.godot/imported/KIT_stage_cyclorama_dusk.glb-a581344717fc23dd86c607e9df62ca48.scn[39m[0m
[  19% ] [90m[1msavepack[22m | Storing File: res://assets/kits/stage/KIT_stage_cyclorama_dusk.glb.import[39m[0m
[  19% ] [90m[1msavepack[22m | Storing File: res://.godot/imported/KIT_stage_cyclorama_dusk_LOD1.glb-53fee7787c5e4b588e5c8162a97b2aa3.scn[39m[0m
[  19% ] [90m[1msavepack[22m | Storing File: res://assets/kits/stage/KIT_stage_cyclorama_dusk_LOD1.glb.import[39m[0m
[  19% ] [90m[1msavepack[22m | Storing File: res://.godot/imported/KIT_stage_cyclorama_mist.glb-9347bb567a6733ac7ecf8d726c34729a.scn[39m[0m
[  19% ] [90m[1msavepack[22m | Storing File: res://assets/kits/stage/KIT_stage_cyclorama_mist.glb.import[39m[0m
[  19% ] [90m[1msavepack[22m | Storing File: res://.godot/imported/KIT_stage_cyclorama_mist_LOD1.glb-52fc7a25f6792c555e6c7acc82af54f6.scn[39m[0m
[  19% ] [90m[1msavepack[22m | Storing File: res://assets/kits/stage/KIT_stage_cyclorama_mist_LOD1.glb.import[39m[0m
[  19% ] [90m[1msavepack[22m | Storing File: res://.godot/imported/KIT_stage_cyclorama_moonlit.glb-97a502ef5f42c06e59b88d96a0be0925.scn[39m[0m
[  19% ] [90m[1msavepack[22m | Storing File: res://assets/kits/stage/KIT_stage_cyclorama_moonlit.glb.import[39m[0m
[  19% ] [90m[1msavepack[22m | Storing File: res://.godot/imported/KIT_stage_cyclorama_moonlit_LOD1.glb-423fe0054662b6e1794c246073afc7d9.scn[39m[0m
[  19% ] [90m[1msavepack[22m | Storing File: res://assets/kits/stage/KIT_stage_cyclorama_moonlit_LOD1.glb.import[39m[0m
[  19% ] [90m[1msavepack[22m | Storing File: res://.godot/imported/KIT_stage_floor_boards.glb-19f00c308f4094e02a81733c38c79a87.scn[39m[0m
[  19% ] [90m[1msavepack[22m | Storing File: res://assets/kits/stage/KIT_stage_floor_boards.glb.import[39m[0m
[  20% ] [90m[1msavepack[22m | Storing File: res://.godot/imported/KIT_stage_floor_boards_LOD1.glb-dcd4d4b5b85e3127befdacb5a69cb474.scn[39m[0m
[  20% ] [90m[1msavepack[22m | Storing File: res://assets/kits/stage/KIT_stage_floor_boards_LOD1.glb.import[39m[0m
[  20% ] [90m[1msavepack[22m | Storing File: res://.godot/imported/KIT_stage_fog_plane.glb-16b071218a90b8d6b8544a22a917d32d.scn[39m[0m
[  20% ] [90m[1msavepack[22m | Storing File: res://assets/kits/stage/KIT_stage_fog_plane.glb.import[39m[0m
[  20% ] [90m[1msavepack[22m | Storing File: res://.godot/imported/KIT_stage_fog_plane_LOD1.glb-ae45620b9c1681250978400bac093ebc.scn[39m[0m
[  20% ] [90m[1msavepack[22m | Storing File: res://assets/kits/stage/KIT_stage_fog_plane_LOD1.glb.import[39m[0m
[  20% ] [90m[1msavepack[22m | Storing File: res://.godot/imported/KIT_stage_gel_frame.glb-cb77233399a90a145e57ca7bcd00b2e4.scn[39m[0m
[  20% ] [90m[1msavepack[22m | Storing File: res://assets/kits/stage/KIT_stage_gel_frame.glb.import[39m[0m
[  20% ] [90m[1msavepack[22m | Storing File: res://.godot/imported/KIT_stage_gel_frame_LOD1.glb-778cfb32ac30de7d70c9fd835a34ffb9.scn[39m[0m
[  20% ] [90m[1msavepack[22m | Storing File: res://assets/kits/stage/KIT_stage_gel_frame_LOD1.glb.import[39m[0m
[  20% ] [90m[1msavepack[22m | Storing File: res://.godot/imported/KIT_stage_studio_wall.glb-21e7d5e2dcef21600ff18ef1dd8ae4ce.scn[39m[0m
[  20% ] [90m[1msavepack[22m | Storing File: res://assets/kits/stage/KIT_stage_studio_wall.glb.import[39m[0m
[  20% ] [90m[1msavepack[22m | Storing File: res://.godot/imported/KIT_stage_studio_wall_LOD1.glb-63cf0b165bf2b43aab4fbd4701c0e00a.scn[39m[0m
[  20% ] [90m[1msavepack[22m | Storing File: res://assets/kits/stage/KIT_stage_studio_wall_LOD1.glb.import[39m[0m
[  20% ] [90m[1msavepack[22m | Storing File: res://.godot/imported/KIT_tech_cable_run.glb-68b52a7f0dd9ef6cb89e26444a77d7d6.scn[39m[0m
[  20% ] [90m[1msavepack[22m | Storing File: res://assets/kits/tech/KIT_tech_cable_run.glb.import[39m[0m
[  20% ] [90m[1msavepack[22m | Storing File: res://.godot/imported/KIT_tech_cable_run_LOD1.glb-34f994ee26f38a38e806676a7b4c888a.scn[39m[0m
[  20% ] [90m[1msavepack[22m | Storing File: res://assets/kits/tech/KIT_tech_cable_run_LOD1.glb.import[39m[0m
[  21% ] [90m[1msavepack[22m | Storing File: res://.godot/imported/KIT_tech_cell_door.glb-abc84111745113ab969a7d8ec6206b08.scn[39m[0m
[  21% ] [90m[1msavepack[22m | Storing File: res://assets/kits/tech/KIT_tech_cell_door.glb.import[39m[0m
[  21% ] [90m[1msavepack[22m | Storing File: res://.godot/imported/KIT_tech_cell_door_LOD1.glb-8227b40e7a61681df73bbb867e3dc9cb.scn[39m[0m
[  21% ] [90m[1msavepack[22m | Storing File: res://assets/kits/tech/KIT_tech_cell_door_LOD1.glb.import[39m[0m
[  21% ] [90m[1msavepack[22m | Storing File: res://.godot/imported/KIT_tech_crt_amber.glb-33170372229bfa72c64e24bbaede5578.scn[39m[0m
[  21% ] [90m[1msavepack[22m | Storing File: res://assets/kits/tech/KIT_tech_crt_amber.glb.import[39m[0m
[  21% ] [90m[1msavepack[22m | Storing File: res://.godot/imported/KIT_tech_crt_amber_LOD1.glb-39d4ef3446d6c032125e379b5b21592e.scn[39m[0m
[  21% ] [90m[1msavepack[22m | Storing File: res://assets/kits/tech/KIT_tech_crt_amber_LOD1.glb.import[39m[0m
[  21% ] [90m[1msavepack[22m | Storing File: res://.godot/imported/KIT_tech_crt_green.glb-1ef745a2ee295ee3cc65bd9340a6662a.scn[39m[0m
[  21% ] [90m[1msavepack[22m | Storing File: res://assets/kits/tech/KIT_tech_crt_green.glb.import[39m[0m
[  21% ] [90m[1msavepack[22m | Storing File: res://.godot/imported/KIT_tech_crt_green_LOD1.glb-5022a492a6555f36e5d6b642d737337c.scn[39m[0m
[  21% ] [90m[1msavepack[22m | Storing File: res://assets/kits/tech/KIT_tech_crt_green_LOD1.glb.import[39m[0m
[  21% ] [90m[1msavepack[22m | Storing File: res://.godot/imported/KIT_tech_monitor_bank.glb-0c2e12e2acb05644fede799a5b12403a.scn[39m[0m
[  21% ] [90m[1msavepack[22m | Storing File: res://assets/kits/tech/KIT_tech_monitor_bank.glb.import[39m[0m
[  21% ] [90m[1msavepack[22m | Storing File: res://.godot/imported/KIT_tech_monitor_bank_LOD1.glb-3a98e40e8b7111a22dcf5bab35524b99.scn[39m[0m
[  21% ] [90m[1msavepack[22m | Storing File: res://assets/kits/tech/KIT_tech_monitor_bank_LOD1.glb.import[39m[0m
[  21% ] [90m[1msavepack[22m | Storing File: res://.godot/imported/KIT_tech_terminal_desk.glb-d3b7256a3522d2e1b4354509bd942b5c.scn[39m[0m
[  21% ] [90m[1msavepack[22m | Storing File: res://assets/kits/tech/KIT_tech_terminal_desk.glb.import[39m[0m
[  22% ] [90m[1msavepack[22m | Storing File: res://.godot/imported/KIT_tech_terminal_desk_LOD1.glb-661750600cf5c8ed4d05e6e07d6e8e43.scn[39m[0m
[  22% ] [90m[1msavepack[22m | Storing File: res://assets/kits/tech/KIT_tech_terminal_desk_LOD1.glb.import[39m[0m
[  22% ] [90m[1msavepack[22m | Storing File: res://.godot/imported/tech-basecolor.png-b0628e7a7ac9a8c192c87839fbd6669f.s3tc.ctex[39m[0m
[  22% ] [90m[1msavepack[22m | Storing File: res://assets/kits/tech/tech-basecolor.png.import[39m[0m
[  22% ] [90m[1msavepack[22m | Storing File: res://.godot/imported/tech-emission.png-c7f14d5c89976d112c5b6caf7c5fa64d.s3tc.ctex[39m[0m
[  22% ] [90m[1msavepack[22m | Storing File: res://assets/kits/tech/tech-emission.png.import[39m[0m
[  22% ] [90m[1msavepack[22m | Storing File: res://.godot/imported/tech-orm.png-99d3a6ff4de6d354fab3e1b6bdf59cae.s3tc.ctex[39m[0m
[  22% ] [90m[1msavepack[22m | Storing File: res://assets/kits/tech/tech-orm.png.import[39m[0m
[  22% ] [90m[1msavepack[22m | Storing File: res://.godot/imported/KIT_wall_bay.glb-b3a01d08e00bf84fea4f07430b73b871.scn[39m[0m
[  22% ] [90m[1msavepack[22m | Storing File: res://assets/kits/wall/KIT_wall_bay.glb.import[39m[0m
[  22% ] [90m[1msavepack[22m | Storing File: res://.godot/imported/KIT_wall_bay_LOD1.glb-9a748c0d9d03db53c3ff4c8b9616d314.scn[39m[0m
[  22% ] [90m[1msavepack[22m | Storing File: res://assets/kits/wall/KIT_wall_bay_LOD1.glb.import[39m[0m
[  22% ] [90m[1msavepack[22m | Storing File: res://.godot/imported/KIT_wall_bay_LOD1_wall_basecolor.png-dbdeee9a0056fb375d70a03bd4fab079.s3tc.ctex[39m[0m
[  22% ] [90m[1msavepack[22m | Storing File: res://assets/kits/wall/KIT_wall_bay_LOD1_wall_basecolor.png.import[39m[0m
[  22% ] [90m[1msavepack[22m | Storing File: res://.godot/imported/KIT_wall_bay_LOD1_wall_normal.png-3c6a09d8661cd931d395d663ca56aeaf.s3tc.ctex[39m[0m
[  22% ] [90m[1msavepack[22m | Storing File: res://assets/kits/wall/KIT_wall_bay_LOD1_wall_normal.png.import[39m[0m
[  22% ] [90m[1msavepack[22m | Storing File: res://.godot/imported/KIT_wall_bay_LOD1_wall_orm.png-eb34f4db338e7153738e600ca0ca85df.s3tc.ctex[39m[0m
[  22% ] [90m[1msavepack[22m | Storing File: res://assets/kits/wall/KIT_wall_bay_LOD1_wall_orm.png.import[39m[0m
[  23% ] [90m[1msavepack[22m | Storing File: res://.godot/imported/KIT_wall_bay_wall_basecolor.png-e7f37187c8d7ecebe115f8a16c572159.s3tc.ctex[39m[0m
[  23% ] [90m[1msavepack[22m | Storing File: res://assets/kits/wall/KIT_wall_bay_wall_basecolor.png.import[39m[0m
[  23% ] [90m[1msavepack[22m | Storing File: res://.godot/imported/KIT_wall_bay_wall_normal.png-683003c71dddf5bfaadecd04c74029c1.s3tc.ctex[39m[0m
[  23% ] [90m[1msavepack[22m | Storing File: res://assets/kits/wall/KIT_wall_bay_wall_normal.png.import[39m[0m
[  23% ] [90m[1msavepack[22m | Storing File: res://.godot/imported/KIT_wall_bay_wall_orm.png-73d746191f751c91c98f4c49137504df.s3tc.ctex[39m[0m
[  23% ] [90m[1msavepack[22m | Storing File: res://assets/kits/wall/KIT_wall_bay_wall_orm.png.import[39m[0m
[  23% ] [90m[1msavepack[22m | Storing File: res://.godot/imported/KIT_wall_moon_gate.glb-a7ddd281715ac6937765527c29d8bae5.scn[39m[0m
[  23% ] [90m[1msavepack[22m | Storing File: res://assets/kits/wall/KIT_wall_moon_gate.glb.import[39m[0m
[  23% ] [90m[1msavepack[22m | Storing File: res://.godot/imported/KIT_wall_moon_gate_LOD1.glb-3410d4e9b6beaae0016d5fa49a617274.scn[39m[0m
[  23% ] [90m[1msavepack[22m | Storing File: res://assets/kits/wall/KIT_wall_moon_gate_LOD1.glb.import[39m[0m
[  23% ] [90m[1msavepack[22m | Storing File: res://.godot/imported/KIT_wall_moon_gate_LOD1_wall_basecolor.png-e2b172e404cb39df310aaa308dca7a57.s3tc.ctex[39m[0m
[  23% ] [90m[1msavepack[22m | Storing File: res://assets/kits/wall/KIT_wall_moon_gate_LOD1_wall_basecolor.png.import[39m[0m
[  23% ] [90m[1msavepack[22m | Storing File: res://.godot/imported/KIT_wall_moon_gate_LOD1_wall_normal.png-f39e0c3067d101fff121e01419de836f.s3tc.ctex[39m[0m
[  23% ] [90m[1msavepack[22m | Storing File: res://assets/kits/wall/KIT_wall_moon_gate_LOD1_wall_normal.png.import[39m[0m
[  23% ] [90m[1msavepack[22m | Storing File: res://.godot/imported/KIT_wall_moon_gate_LOD1_wall_orm.png-2094c4422664445ecbd58d42053c4036.s3tc.ctex[39m[0m
[  23% ] [90m[1msavepack[22m | Storing File: res://assets/kits/wall/KIT_wall_moon_gate_LOD1_wall_orm.png.import[39m[0m
[  23% ] [90m[1msavepack[22m | Storing File: res://.godot/imported/KIT_wall_moon_gate_wall_basecolor.png-8f16da0507de539e7be28fd48acecdc3.s3tc.ctex[39m[0m
[  23% ] [90m[1msavepack[22m | Storing File: res://assets/kits/wall/KIT_wall_moon_gate_wall_basecolor.png.import[39m[0m
[  24% ] [90m[1msavepack[22m | Storing File: res://.godot/imported/KIT_wall_moon_gate_wall_normal.png-78aec5af14e479e6c27c91eae0daccfb.s3tc.ctex[39m[0m
[  24% ] [90m[1msavepack[22m | Storing File: res://assets/kits/wall/KIT_wall_moon_gate_wall_normal.png.import[39m[0m
[  24% ] [90m[1msavepack[22m | Storing File: res://.godot/imported/KIT_wall_moon_gate_wall_orm.png-90e41e7d7ced47f97b4ec5497528746d.s3tc.ctex[39m[0m
[  24% ] [90m[1msavepack[22m | Storing File: res://assets/kits/wall/KIT_wall_moon_gate_wall_orm.png.import[39m[0m
[  24% ] [90m[1msavepack[22m | Storing File: res://.godot/imported/KIT_wall_roof_cap.glb-970b3f1caf74af81fd0bc717aeb31d1e.scn[39m[0m
[  24% ] [90m[1msavepack[22m | Storing File: res://assets/kits/wall/KIT_wall_roof_cap.glb.import[39m[0m
[  24% ] [90m[1msavepack[22m | Storing File: res://.godot/imported/KIT_wall_roof_cap_LOD1.glb-b0431e839913a923d44b06e0357e16bb.scn[39m[0m
[  24% ] [90m[1msavepack[22m | Storing File: res://assets/kits/wall/KIT_wall_roof_cap_LOD1.glb.import[39m[0m
[  24% ] [90m[1msavepack[22m | Storing File: res://.godot/imported/KIT_wall_roof_cap_LOD1_wall_basecolor.png-e16e571b21ac8265bdf82ff2fe585af5.s3tc.ctex[39m[0m
[  24% ] [90m[1msavepack[22m | Storing File: res://assets/kits/wall/KIT_wall_roof_cap_LOD1_wall_basecolor.png.import[39m[0m
[  24% ] [90m[1msavepack[22m | Storing File: res://.godot/imported/KIT_wall_roof_cap_LOD1_wall_normal.png-406360e99df1be1249288a3fa9532b88.s3tc.ctex[39m[0m
[  24% ] [90m[1msavepack[22m | Storing File: res://assets/kits/wall/KIT_wall_roof_cap_LOD1_wall_normal.png.import[39m[0m
[  24% ] [90m[1msavepack[22m | Storing File: res://.godot/imported/KIT_wall_roof_cap_LOD1_wall_orm.png-036d4b4873625f2c6d32a7b57d4870f2.s3tc.ctex[39m[0m
[  24% ] [90m[1msavepack[22m | Storing File: res://assets/kits/wall/KIT_wall_roof_cap_LOD1_wall_orm.png.import[39m[0m
[  24% ] [90m[1msavepack[22m | Storing File: res://.godot/imported/KIT_wall_roof_cap_wall_basecolor.png-24deee7d9cc0084a61a854b77aa34dbe.s3tc.ctex[39m[0m
[  24% ] [90m[1msavepack[22m | Storing File: res://assets/kits/wall/KIT_wall_roof_cap_wall_basecolor.png.import[39m[0m
[  24% ] [90m[1msavepack[22m | Storing File: res://.godot/imported/KIT_wall_roof_cap_wall_normal.png-ef3f7945a61b2d4750a7dd3aab643623.s3tc.ctex[39m[0m
[  24% ] [90m[1msavepack[22m | Storing File: res://assets/kits/wall/KIT_wall_roof_cap_wall_normal.png.import[39m[0m
[  25% ] [90m[1msavepack[22m | Storing File: res://.godot/imported/KIT_wall_roof_cap_wall_orm.png-89b7eefe83e426a062d9e1ef7a0a46bc.s3tc.ctex[39m[0m
[  25% ] [90m[1msavepack[22m | Storing File: res://assets/kits/wall/KIT_wall_roof_cap_wall_orm.png.import[39m[0m
[  25% ] [90m[1msavepack[22m | Storing File: res://.godot/imported/KIT_wall_vase_gate.glb-d343b2aaf42cae6b70ed593436bf103c.scn[39m[0m
[  25% ] [90m[1msavepack[22m | Storing File: res://assets/kits/wall/KIT_wall_vase_gate.glb.import[39m[0m
[  25% ] [90m[1msavepack[22m | Storing File: res://.godot/imported/KIT_wall_vase_gate_LOD1.glb-49d32118eb8ac9d71bf4689b866e0c94.scn[39m[0m
[  25% ] [90m[1msavepack[22m | Storing File: res://assets/kits/wall/KIT_wall_vase_gate_LOD1.glb.import[39m[0m
[  25% ] [90m[1msavepack[22m | Storing File: res://.godot/imported/KIT_wall_vase_gate_LOD1_wall_basecolor.png-3dcd4d37d5df4ccfd8b2ddd79771abc4.s3tc.ctex[39m[0m
[  25% ] [90m[1msavepack[22m | Storing File: res://assets/kits/wall/KIT_wall_vase_gate_LOD1_wall_basecolor.png.import[39m[0m
[  25% ] [90m[1msavepack[22m | Storing File: res://.godot/imported/KIT_wall_vase_gate_LOD1_wall_normal.png-82c895a5b4dfea79565e8f009423fa9e.s3tc.ctex[39m[0m
[  25% ] [90m[1msavepack[22m | Storing File: res://assets/kits/wall/KIT_wall_vase_gate_LOD1_wall_normal.png.import[39m[0m
[  25% ] [90m[1msavepack[22m | Storing File: res://.godot/imported/KIT_wall_vase_gate_LOD1_wall_orm.png-a954eeeb3a62cd26755c451563bb2ab6.s3tc.ctex[39m[0m
[  25% ] [90m[1msavepack[22m | Storing File: res://assets/kits/wall/KIT_wall_vase_gate_LOD1_wall_orm.png.import[39m[0m
[  25% ] [90m[1msavepack[22m | Storing File: res://.godot/imported/KIT_wall_vase_gate_wall_basecolor.png-fc036540ded2b611cc5923128658a381.s3tc.ctex[39m[0m
[  25% ] [90m[1msavepack[22m | Storing File: res://assets/kits/wall/KIT_wall_vase_gate_wall_basecolor.png.import[39m[0m
[  25% ] [90m[1msavepack[22m | Storing File: res://.godot/imported/KIT_wall_vase_gate_wall_normal.png-a4eb046393bdc4e39f19d94dda598d61.s3tc.ctex[39m[0m
[  25% ] [90m[1msavepack[22m | Storing File: res://assets/kits/wall/KIT_wall_vase_gate_wall_normal.png.import[39m[0m
[  25% ] [90m[1msavepack[22m | Storing File: res://.godot/imported/KIT_wall_vase_gate_wall_orm.png-e8fbfa8ae0f26fb3c69ab6b3d40f9238.s3tc.ctex[39m[0m
[  25% ] [90m[1msavepack[22m | Storing File: res://assets/kits/wall/KIT_wall_vase_gate_wall_orm.png.import[39m[0m
[  26% ] [90m[1msavepack[22m | Storing File: res://.godot/imported/KIT_wall_window_diamond.glb-665d10d004110214da25480b93f7fc07.scn[39m[0m
[  26% ] [90m[1msavepack[22m | Storing File: res://assets/kits/wall/KIT_wall_window_diamond.glb.import[39m[0m
[  26% ] [90m[1msavepack[22m | Storing File: res://.godot/imported/KIT_wall_window_diamond_LOD1.glb-607043deaeb8148faab1db1b0c38f4ab.scn[39m[0m
[  26% ] [90m[1msavepack[22m | Storing File: res://assets/kits/wall/KIT_wall_window_diamond_LOD1.glb.import[39m[0m
[  26% ] [90m[1msavepack[22m | Storing File: res://.godot/imported/KIT_wall_window_diamond_LOD1_wall_basecolor.png-0801884b68d0523bcb450111dbd7e80a.s3tc.ctex[39m[0m
[  26% ] [90m[1msavepack[22m | Storing File: res://assets/kits/wall/KIT_wall_window_diamond_LOD1_wall_basecolor.png.import[39m[0m
[  26% ] [90m[1msavepack[22m | Storing File: res://.godot/imported/KIT_wall_window_diamond_LOD1_wall_normal.png-1fbde7c925f1a7093b1ac66cbd4bc083.s3tc.ctex[39m[0m
[  26% ] [90m[1msavepack[22m | Storing File: res://assets/kits/wall/KIT_wall_window_diamond_LOD1_wall_normal.png.import[39m[0m
[  26% ] [90m[1msavepack[22m | Storing File: res://.godot/imported/KIT_wall_window_diamond_LOD1_wall_orm.png-c16df8044b6a4467869e9f6d1b1103e4.s3tc.ctex[39m[0m
[  26% ] [90m[1msavepack[22m | Storing File: res://assets/kits/wall/KIT_wall_window_diamond_LOD1_wall_orm.png.import[39m[0m
[  26% ] [90m[1msavepack[22m | Storing File: res://.godot/imported/KIT_wall_window_diamond_wall_basecolor.png-b8660c7a4ba9cb1792fd819ea5d04541.s3tc.ctex[39m[0m
[  26% ] [90m[1msavepack[22m | Storing File: res://assets/kits/wall/KIT_wall_window_diamond_wall_basecolor.png.import[39m[0m
[  26% ] [90m[1msavepack[22m | Storing File: res://.godot/imported/KIT_wall_window_diamond_wall_normal.png-969d070e938f5ec34d46b75e5ea05fd0.s3tc.ctex[39m[0m
[  26% ] [90m[1msavepack[22m | Storing File: res://assets/kits/wall/KIT_wall_window_diamond_wall_normal.png.import[39m[0m
[  26% ] [90m[1msavepack[22m | Storing File: res://.godot/imported/KIT_wall_window_diamond_wall_orm.png-80fb0b930ae2dbd18d6e1417a5119d84.s3tc.ctex[39m[0m
[  26% ] [90m[1msavepack[22m | Storing File: res://assets/kits/wall/KIT_wall_window_diamond_wall_orm.png.import[39m[0m
[  26% ] [90m[1msavepack[22m | Storing File: res://.godot/imported/KIT_wall_window_hex.glb-18bfa05c413b37fa3e3d10918797351c.scn[39m[0m
[  26% ] [90m[1msavepack[22m | Storing File: res://assets/kits/wall/KIT_wall_window_hex.glb.import[39m[0m
[  27% ] [90m[1msavepack[22m | Storing File: res://.godot/imported/KIT_wall_window_hex_LOD1.glb-f12c6b4239fe5456593449b662774010.scn[39m[0m
[  27% ] [90m[1msavepack[22m | Storing File: res://assets/kits/wall/KIT_wall_window_hex_LOD1.glb.import[39m[0m
[  27% ] [90m[1msavepack[22m | Storing File: res://.godot/imported/KIT_wall_window_hex_LOD1_wall_basecolor.png-0e0e2e5ec620337a5abd2b754b20c6ed.s3tc.ctex[39m[0m
[  27% ] [90m[1msavepack[22m | Storing File: res://assets/kits/wall/KIT_wall_window_hex_LOD1_wall_basecolor.png.import[39m[0m
[  27% ] [90m[1msavepack[22m | Storing File: res://.godot/imported/KIT_wall_window_hex_LOD1_wall_normal.png-4bd3a27e1f2ad0255593e30c72548535.s3tc.ctex[39m[0m
[  27% ] [90m[1msavepack[22m | Storing File: res://assets/kits/wall/KIT_wall_window_hex_LOD1_wall_normal.png.import[39m[0m
[  27% ] [90m[1msavepack[22m | Storing File: res://.godot/imported/KIT_wall_window_hex_LOD1_wall_orm.png-415192f0f00fc44e712df758d2c42853.s3tc.ctex[39m[0m
[  27% ] [90m[1msavepack[22m | Storing File: res://assets/kits/wall/KIT_wall_window_hex_LOD1_wall_orm.png.import[39m[0m
[  27% ] [90m[1msavepack[22m | Storing File: res://.godot/imported/KIT_wall_window_hex_wall_basecolor.png-f99ed87093fde95e0fd3459e0d15b8fd.s3tc.ctex[39m[0m
[  27% ] [90m[1msavepack[22m | Storing File: res://assets/kits/wall/KIT_wall_window_hex_wall_basecolor.png.import[39m[0m
[  27% ] [90m[1msavepack[22m | Storing File: res://.godot/imported/KIT_wall_window_hex_wall_normal.png-6877323fcb3e3a149b9bd944de3fa59e.s3tc.ctex[39m[0m
[  27% ] [90m[1msavepack[22m | Storing File: res://assets/kits/wall/KIT_wall_window_hex_wall_normal.png.import[39m[0m
[  27% ] [90m[1msavepack[22m | Storing File: res://.godot/imported/KIT_wall_window_hex_wall_orm.png-b36c4b7dc86b30d6924b2f2b3960adcb.s3tc.ctex[39m[0m
[  27% ] [90m[1msavepack[22m | Storing File: res://assets/kits/wall/KIT_wall_window_hex_wall_orm.png.import[39m[0m
[  27% ] [90m[1msavepack[22m | Storing File: res://.godot/imported/KIT_wall_window_ice.glb-fe0203481e9bb02bb8f0b70782dfee23.scn[39m[0m
[  27% ] [90m[1msavepack[22m | Storing File: res://assets/kits/wall/KIT_wall_window_ice.glb.import[39m[0m
[  27% ] [90m[1msavepack[22m | Storing File: res://.godot/imported/KIT_wall_window_ice_LOD1.glb-3e8c898aea40eb02c7b772dbfcb74cca.scn[39m[0m
[  27% ] [90m[1msavepack[22m | Storing File: res://assets/kits/wall/KIT_wall_window_ice_LOD1.glb.import[39m[0m
[  28% ] [90m[1msavepack[22m | Storing File: res://.godot/imported/KIT_wall_window_ice_LOD1_wall_basecolor.png-6e414609da1f192fe45001d6d920198b.s3tc.ctex[39m[0m
[  28% ] [90m[1msavepack[22m | Storing File: res://assets/kits/wall/KIT_wall_window_ice_LOD1_wall_basecolor.png.import[39m[0m
[  28% ] [90m[1msavepack[22m | Storing File: res://.godot/imported/KIT_wall_window_ice_LOD1_wall_normal.png-4c1dfeeb3710fa737ec0690c68e0e049.s3tc.ctex[39m[0m
[  28% ] [90m[1msavepack[22m | Storing File: res://assets/kits/wall/KIT_wall_window_ice_LOD1_wall_normal.png.import[39m[0m
[  28% ] [90m[1msavepack[22m | Storing File: res://.godot/imported/KIT_wall_window_ice_LOD1_wall_orm.png-5de41dea3b6c4c1b629fa62bec242538.s3tc.ctex[39m[0m
[  28% ] [90m[1msavepack[22m | Storing File: res://assets/kits/wall/KIT_wall_window_ice_LOD1_wall_orm.png.import[39m[0m
[  28% ] [90m[1msavepack[22m | Storing File: res://.godot/imported/KIT_wall_window_ice_wall_basecolor.png-cf739a90af6aa70b31b56ad489f8c9ab.s3tc.ctex[39m[0m
[  28% ] [90m[1msavepack[22m | Storing File: res://assets/kits/wall/KIT_wall_window_ice_wall_basecolor.png.import[39m[0m
[  28% ] [90m[1msavepack[22m | Storing File: res://.godot/imported/KIT_wall_window_ice_wall_normal.png-61b4fd9c0d44d2e872ce7f8030c8a842.s3tc.ctex[39m[0m
[  28% ] [90m[1msavepack[22m | Storing File: res://assets/kits/wall/KIT_wall_window_ice_wall_normal.png.import[39m[0m
[  28% ] [90m[1msavepack[22m | Storing File: res://.godot/imported/KIT_wall_window_ice_wall_orm.png-4b56236c14d360a179ee40f3bffcecac.s3tc.ctex[39m[0m
[  28% ] [90m[1msavepack[22m | Storing File: res://assets/kits/wall/KIT_wall_window_ice_wall_orm.png.import[39m[0m
[  28% ] [90m[1msavepack[22m | Storing File: res://.godot/imported/KIT_wall_window_square.glb-50ee4d52d38727bc4be95feeca013c41.scn[39m[0m
[  28% ] [90m[1msavepack[22m | Storing File: res://assets/kits/wall/KIT_wall_window_square.glb.import[39m[0m
[  28% ] [90m[1msavepack[22m | Storing File: res://.godot/imported/KIT_wall_window_square_LOD1.glb-80faeca45aa181d478561c4a809960f8.scn[39m[0m
[  28% ] [90m[1msavepack[22m | Storing File: res://assets/kits/wall/KIT_wall_window_square_LOD1.glb.import[39m[0m
[  28% ] [90m[1msavepack[22m | Storing File: res://.godot/imported/KIT_wall_window_square_LOD1_wall_basecolor.png-0ab538c7b19a81ccdbd03ca151cd8496.s3tc.ctex[39m[0m
[  28% ] [90m[1msavepack[22m | Storing File: res://assets/kits/wall/KIT_wall_window_square_LOD1_wall_basecolor.png.import[39m[0m
[  29% ] [90m[1msavepack[22m | Storing File: res://.godot/imported/KIT_wall_window_square_LOD1_wall_normal.png-4e8b280bc7c625231ea4ad71d99a9ed0.s3tc.ctex[39m[0m
[  29% ] [90m[1msavepack[22m | Storing File: res://assets/kits/wall/KIT_wall_window_square_LOD1_wall_normal.png.import[39m[0m
[  29% ] [90m[1msavepack[22m | Storing File: res://.godot/imported/KIT_wall_window_square_LOD1_wall_orm.png-0f4759a658f533ee860a0345a0b68e7a.s3tc.ctex[39m[0m
[  29% ] [90m[1msavepack[22m | Storing File: res://assets/kits/wall/KIT_wall_window_square_LOD1_wall_orm.png.import[39m[0m
[  29% ] [90m[1msavepack[22m | Storing File: res://.godot/imported/KIT_wall_window_square_wall_basecolor.png-e67c31b83432b2d7dacc501b81bcb1b1.s3tc.ctex[39m[0m
[  29% ] [90m[1msavepack[22m | Storing File: res://assets/kits/wall/KIT_wall_window_square_wall_basecolor.png.import[39m[0m
[  29% ] [90m[1msavepack[22m | Storing File: res://.godot/imported/KIT_wall_window_square_wall_normal.png-8a9961d021dc373a918eba3d364091bf.s3tc.ctex[39m[0m
[  29% ] [90m[1msavepack[22m | Storing File: res://assets/kits/wall/KIT_wall_window_square_wall_normal.png.import[39m[0m
[  29% ] [90m[1msavepack[22m | Storing File: res://.godot/imported/KIT_wall_window_square_wall_orm.png-35cb593044945abefd8d606460880544.s3tc.ctex[39m[0m
[  29% ] [90m[1msavepack[22m | Storing File: res://assets/kits/wall/KIT_wall_window_square_wall_orm.png.import[39m[0m
[  29% ] [90m[1msavepack[22m | Storing File: res://.godot/imported/KIT_water_embankment.glb-acf4a44492b4a84c04ed87166e8e16aa.scn[39m[0m
[  29% ] [90m[1msavepack[22m | Storing File: res://assets/kits/water/KIT_water_embankment.glb.import[39m[0m
[  29% ] [90m[1msavepack[22m | Storing File: res://.godot/imported/KIT_water_embankment_LOD1.glb-70bb11e1a2f71471c9f08a67aa8eb8bf.scn[39m[0m
[  29% ] [90m[1msavepack[22m | Storing File: res://assets/kits/water/KIT_water_embankment_LOD1.glb.import[39m[0m
[  29% ] [90m[1msavepack[22m | Storing File: res://.godot/imported/KIT_water_embankment_LOD1_pavilion_basecolor.png-a1520deb87da921b1fcec567b55b99a2.s3tc.ctex[39m[0m
[  29% ] [90m[1msavepack[22m | Storing File: res://assets/kits/water/KIT_water_embankment_LOD1_pavilion_basecolor.png.import[39m[0m
[  29% ] [90m[1msavepack[22m | Storing File: res://.godot/imported/KIT_water_embankment_LOD1_pavilion_normal.png-bb482b54b4750caa3e1fdd2caaa6a744.s3tc.ctex[39m[0m
[  29% ] [90m[1msavepack[22m | Storing File: res://assets/kits/water/KIT_water_embankment_LOD1_pavilion_normal.png.import[39m[0m
[  30% ] [90m[1msavepack[22m | Storing File: res://.godot/imported/KIT_water_embankment_LOD1_pavilion_orm.png-46ebfb7d74e93b5b87d4f257fb4d1eff.s3tc.ctex[39m[0m
[  30% ] [90m[1msavepack[22m | Storing File: res://assets/kits/water/KIT_water_embankment_LOD1_pavilion_orm.png.import[39m[0m
[  30% ] [90m[1msavepack[22m | Storing File: res://.godot/imported/KIT_water_embankment_pavilion_basecolor.png-0b448d9d839d68a5167caee418266968.s3tc.ctex[39m[0m
[  30% ] [90m[1msavepack[22m | Storing File: res://assets/kits/water/KIT_water_embankment_pavilion_basecolor.png.import[39m[0m
[  30% ] [90m[1msavepack[22m | Storing File: res://.godot/imported/KIT_water_embankment_pavilion_normal.png-daf45751889b55186bcba72b782943dd.s3tc.ctex[39m[0m
[  30% ] [90m[1msavepack[22m | Storing File: res://assets/kits/water/KIT_water_embankment_pavilion_normal.png.import[39m[0m
[  30% ] [90m[1msavepack[22m | Storing File: res://.godot/imported/KIT_water_embankment_pavilion_orm.png-0c20dd4e7ede4afb9467448269e6aed8.s3tc.ctex[39m[0m
[  30% ] [90m[1msavepack[22m | Storing File: res://assets/kits/water/KIT_water_embankment_pavilion_orm.png.import[39m[0m
[  30% ] [90m[1msavepack[22m | Storing File: res://.godot/imported/KIT_water_lotus.glb-516318cce70b7ae105a3cd8da74304f9.scn[39m[0m
[  30% ] [90m[1msavepack[22m | Storing File: res://assets/kits/water/KIT_water_lotus.glb.import[39m[0m
[  30% ] [90m[1msavepack[22m | Storing File: res://.godot/imported/KIT_water_lotus_LOD1.glb-cb1fd0544616723b45c0bfa85f1d61d4.scn[39m[0m
[  30% ] [90m[1msavepack[22m | Storing File: res://assets/kits/water/KIT_water_lotus_LOD1.glb.import[39m[0m
[  30% ] [90m[1msavepack[22m | Storing File: res://.godot/imported/KIT_water_pond.glb-1f40192bb6bd2c748ce97a7101318445.scn[39m[0m
[  30% ] [90m[1msavepack[22m | Storing File: res://assets/kits/water/KIT_water_pond.glb.import[39m[0m
[  30% ] [90m[1msavepack[22m | Storing File: res://.godot/imported/KIT_water_pond_LOD1.glb-28cec27cc611948a7c25c0cd2f1954d8.scn[39m[0m
[  30% ] [90m[1msavepack[22m | Storing File: res://assets/kits/water/KIT_water_pond_LOD1.glb.import[39m[0m
[  30% ] [90m[1msavepack[22m | Storing File: res://.godot/imported/KIT_water_stone_bridge.glb-c0142330929bc4fd167275976917ed75.scn[39m[0m
[  30% ] [90m[1msavepack[22m | Storing File: res://assets/kits/water/KIT_water_stone_bridge.glb.import[39m[0m
[  31% ] [90m[1msavepack[22m | Storing File: res://.godot/imported/KIT_water_stone_bridge_LOD1.glb-1ead19f80d2110aced7b52a4086077a5.scn[39m[0m
[  31% ] [90m[1msavepack[22m | Storing File: res://assets/kits/water/KIT_water_stone_bridge_LOD1.glb.import[39m[0m
[  31% ] [90m[1msavepack[22m | Storing File: res://.godot/imported/KIT_water_stone_bridge_LOD1_pavilion_basecolor.png-4bc9e8580b112bf5f198d44eafc4aa89.s3tc.ctex[39m[0m
[  31% ] [90m[1msavepack[22m | Storing File: res://assets/kits/water/KIT_water_stone_bridge_LOD1_pavilion_basecolor.png.import[39m[0m
[  31% ] [90m[1msavepack[22m | Storing File: res://.godot/imported/KIT_water_stone_bridge_LOD1_pavilion_normal.png-0343172cab2957492fb4a50157b65df8.s3tc.ctex[39m[0m
[  31% ] [90m[1msavepack[22m | Storing File: res://assets/kits/water/KIT_water_stone_bridge_LOD1_pavilion_normal.png.import[39m[0m
[  31% ] [90m[1msavepack[22m | Storing File: res://.godot/imported/KIT_water_stone_bridge_LOD1_pavilion_orm.png-b0cc9d165816ecb2b46275ecc4ffa271.s3tc.ctex[39m[0m
[  31% ] [90m[1msavepack[22m | Storing File: res://assets/kits/water/KIT_water_stone_bridge_LOD1_pavilion_orm.png.import[39m[0m
[  31% ] [90m[1msavepack[22m | Storing File: res://.godot/imported/KIT_water_stone_bridge_pavilion_basecolor.png-15a762f9be22a6aa71f0092a1f54e590.s3tc.ctex[39m[0m
[  31% ] [90m[1msavepack[22m | Storing File: res://assets/kits/water/KIT_water_stone_bridge_pavilion_basecolor.png.import[39m[0m
[  31% ] [90m[1msavepack[22m | Storing File: res://.godot/imported/KIT_water_stone_bridge_pavilion_normal.png-c85c7c0417f489aa6c476e2093a62307.s3tc.ctex[39m[0m
[  31% ] [90m[1msavepack[22m | Storing File: res://assets/kits/water/KIT_water_stone_bridge_pavilion_normal.png.import[39m[0m
[  31% ] [90m[1msavepack[22m | Storing File: res://.godot/imported/KIT_water_stone_bridge_pavilion_orm.png-65569e4db5b4f86aefa1d66fab7321be.s3tc.ctex[39m[0m
[  31% ] [90m[1msavepack[22m | Storing File: res://assets/kits/water/KIT_water_stone_bridge_pavilion_orm.png.import[39m[0m
[  31% ] [90m[1msavepack[22m | Storing File: res://.godot/imported/KIT_water_stream.glb-1d5cb3a0bbb1fb5ca8ce4f3f0a03b291.scn[39m[0m
[  31% ] [90m[1msavepack[22m | Storing File: res://assets/kits/water/KIT_water_stream.glb.import[39m[0m
[  31% ] [90m[1msavepack[22m | Storing File: res://.godot/imported/KIT_water_stream_LOD1.glb-f5c1a63b750dabda7bfeb2de9314df72.scn[39m[0m
[  31% ] [90m[1msavepack[22m | Storing File: res://assets/kits/water/KIT_water_stream_LOD1.glb.import[39m[0m
[  32% ] [90m[1msavepack[22m | Storing File: res://.godot/imported/KIT_water_wood_bridge.glb-497eb6b578398265f2daa6f3f755c194.scn[39m[0m
[  32% ] [90m[1msavepack[22m | Storing File: res://assets/kits/water/KIT_water_wood_bridge.glb.import[39m[0m
[  32% ] [90m[1msavepack[22m | Storing File: res://.godot/imported/KIT_water_wood_bridge_LOD1.glb-c393f65e9e0e5521ad09dfc8f8ea4cb1.scn[39m[0m
[  32% ] [90m[1msavepack[22m | Storing File: res://assets/kits/water/KIT_water_wood_bridge_LOD1.glb.import[39m[0m
[  32% ] [90m[1msavepack[22m | Storing File: res://.godot/imported/KIT_water_wood_bridge_LOD1_pavilion_basecolor.png-9876354b4a9cd256fe79bed6552656e0.s3tc.ctex[39m[0m
[  32% ] [90m[1msavepack[22m | Storing File: res://assets/kits/water/KIT_water_wood_bridge_LOD1_pavilion_basecolor.png.import[39m[0m
[  32% ] [90m[1msavepack[22m | Storing File: res://.godot/imported/KIT_water_wood_bridge_LOD1_pavilion_normal.png-67740d088500b59da4cc8ca306934cb1.s3tc.ctex[39m[0m
[  32% ] [90m[1msavepack[22m | Storing File: res://assets/kits/water/KIT_water_wood_bridge_LOD1_pavilion_normal.png.import[39m[0m
[  32% ] [90m[1msavepack[22m | Storing File: res://.godot/imported/KIT_water_wood_bridge_LOD1_pavilion_orm.png-a156226d01a058fed5989fde5a7db523.s3tc.ctex[39m[0m
[  32% ] [90m[1msavepack[22m | Storing File: res://assets/kits/water/KIT_water_wood_bridge_LOD1_pavilion_orm.png.import[39m[0m
[  32% ] [90m[1msavepack[22m | Storing File: res://.godot/imported/KIT_water_wood_bridge_pavilion_basecolor.png-2d2254a441e4209295b298cc29d1b6b7.s3tc.ctex[39m[0m
[  32% ] [90m[1msavepack[22m | Storing File: res://assets/kits/water/KIT_water_wood_bridge_pavilion_basecolor.png.import[39m[0m
[  32% ] [90m[1msavepack[22m | Storing File: res://.godot/imported/KIT_water_wood_bridge_pavilion_normal.png-adb1db94c65960065f581b68af7f16d9.s3tc.ctex[39m[0m
[  32% ] [90m[1msavepack[22m | Storing File: res://assets/kits/water/KIT_water_wood_bridge_pavilion_normal.png.import[39m[0m
[  32% ] [90m[1msavepack[22m | Storing File: res://.godot/imported/KIT_water_wood_bridge_pavilion_orm.png-5289e589e9d54b34c5dee0a29ac3a7ea.s3tc.ctex[39m[0m
[  32% ] [90m[1msavepack[22m | Storing File: res://assets/kits/water/KIT_water_wood_bridge_pavilion_orm.png.import[39m[0m
[  32% ] [90m[1msavepack[22m | Storing File: res://.godot/imported/KIT_stage.glb-9cd2930093b285067808ab6ffbc5505c.scn[39m[0m
[  32% ] [90m[1msavepack[22m | Storing File: res://assets/kits/KIT_stage.glb.import[39m[0m
[  33% ] [90m[1msavepack[22m | Storing File: res://.godot/imported/KIT_stage_LOD1.glb-4f6a72d4879d9bbabf277885619f0db9.scn[39m[0m
[  33% ] [90m[1msavepack[22m | Storing File: res://assets/kits/KIT_stage_LOD1.glb.import[39m[0m
[  33% ] [90m[1msavepack[22m | Storing File: res://assets/flora-placements.json[39m[0m
[  33% ] [90m[1msavepack[22m | Storing File: res://.godot/imported/garden-of-dreams.glb-869f920d830dc1625bcf5b31432c447d.scn[39m[0m
[  33% ] [90m[1msavepack[22m | Storing File: res://assets/garden-of-dreams.glb.import[39m[0m
[  33% ] [90m[1msavepack[22m | Storing File: res://.godot/imported/garden-of-dreams_aojing-guan-title.png-ceadbd911878621abc54b1711ac30326.s3tc.ctex[39m[0m
[  33% ] [90m[1msavepack[22m | Storing File: res://assets/garden-of-dreams_aojing-guan-title.png.import[39m[0m
[  33% ] [90m[1msavepack[22m | Storing File: res://.godot/imported/garden-of-dreams_bamboo-scroll.png-d131e05f012eed65a3b5820b492bfa9f.s3tc.ctex[39m[0m
[  33% ] [90m[1msavepack[22m | Storing File: res://assets/garden-of-dreams_bamboo-scroll.png.import[39m[0m
[  33% ] [90m[1msavepack[22m | Storing File: res://.godot/imported/garden-of-dreams_cyclorama-moonlit.png-c1aab4602e78f8a35d301508689095a5.ctex[39m[0m
[  33% ] [90m[1msavepack[22m | Storing File: res://assets/garden-of-dreams_cyclorama-moonlit.png.import[39m[0m
[  33% ] [90m[1msavepack[22m | Storing File: res://.godot/imported/garden-of-dreams_cyclorama-painted.png-b9e6c5aa8f35409aaba63ee338985745.s3tc.ctex[39m[0m
[  33% ] [90m[1msavepack[22m | Storing File: res://assets/garden-of-dreams_cyclorama-painted.png.import[39m[0m
[  33% ] [90m[1msavepack[22m | Storing File: res://.godot/imported/garden-of-dreams_daguan-title.png-ab2ac80d7adb5c750682222a858efaaa.s3tc.ctex[39m[0m
[  33% ] [90m[1msavepack[22m | Storing File: res://assets/garden-of-dreams_daguan-title.png.import[39m[0m
[  33% ] [90m[1msavepack[22m | Storing File: res://.godot/imported/garden-of-dreams_daoxiang-cun-title.png-5c3b5580a22ef4349c7513192a4804da.s3tc.ctex[39m[0m
[  33% ] [90m[1msavepack[22m | Storing File: res://assets/garden-of-dreams_daoxiang-cun-title.png.import[39m[0m
[  33% ] [90m[1msavepack[22m | Storing File: res://.godot/imported/garden-of-dreams_daoxiang-paddy-v1.png-00d36a337ad317478ac9512e1c231ce3.s3tc.ctex[39m[0m
[  33% ] [90m[1msavepack[22m | Storing File: res://assets/garden-of-dreams_daoxiang-paddy-v1.png.import[39m[0m
[  33% ] [90m[1msavepack[22m | Storing File: res://.godot/imported/garden-of-dreams_flora-basecolor.png-9fb7c97ccae0e81bc698d48bf04d19b1.ctex[39m[0m
[  33% ] [90m[1msavepack[22m | Storing File: res://assets/garden-of-dreams_flora-basecolor.png.import[39m[0m
[  33% ] [90m[1msavepack[22m | Storing File: res://.godot/imported/garden-of-dreams_fog-mask.png-5b85151e1bb5ff26ab274d193f42e9b9.s3tc.ctex[39m[0m
[  33% ] [90m[1msavepack[22m | Storing File: res://assets/garden-of-dreams_fog-mask.png.import[39m[0m
[  33% ] [90m[1msavepack[22m | Storing File: res://.godot/imported/garden-of-dreams_gate-inscription-normal.png-745468290ec7fca8f620f85bf6c27fad.ctex[39m[0m
[  33% ] [90m[1msavepack[22m | Storing File: res://assets/garden-of-dreams_gate-inscription-normal.png.import[39m[0m
[  33% ] [90m[1msavepack[22m | Storing File: res://.godot/imported/garden-of-dreams_gate-inscription.png-f3680918afe7f6a7134298c27603fcb0.ctex[39m[0m
[  33% ] [90m[1msavepack[22m | Storing File: res://assets/garden-of-dreams_gate-inscription.png.import[39m[0m
[  33% ] [90m[1msavepack[22m | Storing File: res://.godot/imported/garden-of-dreams_gate-water-drips.png-b899c1aa7795580486949d6463fa6d5a.s3tc.ctex[39m[0m
[  33% ] [90m[1msavepack[22m | Storing File: res://assets/garden-of-dreams_gate-water-drips.png.import[39m[0m
[  33% ] [90m[1msavepack[22m | Storing File: res://.godot/imported/garden-of-dreams_hall-title.png-fbf66fd27df9873f57edfc758785ca43.s3tc.ctex[39m[0m
[  33% ] [90m[1msavepack[22m | Storing File: res://assets/garden-of-dreams_hall-title.png.import[39m[0m
[  33% ] [90m[1msavepack[22m | Storing File: res://.godot/imported/garden-of-dreams_hengwu-yuan-title.png-d5f312c400437674004f5bf6b747f4b5.s3tc.ctex[39m[0m
[  33% ] [90m[1msavepack[22m | Storing File: res://assets/garden-of-dreams_hengwu-yuan-title.png.import[39m[0m
[  33% ] [90m[1msavepack[22m | Storing File: res://.godot/imported/garden-of-dreams_longcui-an-title.png-2f2c255603e1b72c2c64894bb0937695.s3tc.ctex[39m[0m
[  33% ] [90m[1msavepack[22m | Storing File: res://assets/garden-of-dreams_longcui-an-title.png.import[39m[0m
[  33% ] [90m[1msavepack[22m | Storing File: res://.godot/imported/garden-of-dreams_mountain-paint.png-7740cab81c547b59166d17cea53bae0d.ctex[39m[0m
[  33% ] [90m[1msavepack[22m | Storing File: res://assets/garden-of-dreams_mountain-paint.png.import[39m[0m
[  34% ] [90m[1msavepack[22m | Storing File: res://.godot/imported/garden-of-dreams_pavilion_basecolor.png-44272d91ed5d1bd6f395fe5ecb56b2c9.s3tc.ctex[39m[0m
[  34% ] [90m[1msavepack[22m | Storing File: res://assets/garden-of-dreams_pavilion_basecolor.png.import[39m[0m
[  34% ] [90m[1msavepack[22m | Storing File: res://.godot/imported/garden-of-dreams_pavilion_normal.png-be15a8962a4ee9ae49d702dd0c9844fa.s3tc.ctex[39m[0m
[  34% ] [90m[1msavepack[22m | Storing File: res://assets/garden-of-dreams_pavilion_normal.png.import[39m[0m
[  34% ] [90m[1msavepack[22m | Storing File: res://.godot/imported/garden-of-dreams_pavilion_orm.png-3840410e69b6f87f2fbe6afc4e862db6.s3tc.ctex[39m[0m
[  34% ] [90m[1msavepack[22m | Storing File: res://assets/garden-of-dreams_pavilion_orm.png.import[39m[0m
[  34% ] [90m[1msavepack[22m | Storing File: res://.godot/imported/garden-of-dreams_plum-scroll.png-053ff5793eaafa63a05dd04000f7e1b0.s3tc.ctex[39m[0m
[  34% ] [90m[1msavepack[22m | Storing File: res://assets/garden-of-dreams_plum-scroll.png.import[39m[0m
[  34% ] [90m[1msavepack[22m | Storing File: res://.godot/imported/garden-of-dreams_props-basecolor.png-e0b3ab851dc783efc9c2c75c28d17706.ctex[39m[0m
[  34% ] [90m[1msavepack[22m | Storing File: res://assets/garden-of-dreams_props-basecolor.png.import[39m[0m
[  34% ] [90m[1msavepack[22m | Storing File: res://.godot/imported/garden-of-dreams_props-emission.png-bd5e55ed80a9545206d9d7802b730612.ctex[39m[0m
[  34% ] [90m[1msavepack[22m | Storing File: res://assets/garden-of-dreams_props-emission.png.import[39m[0m
[  34% ] [90m[1msavepack[22m | Storing File: res://.godot/imported/garden-of-dreams_props-orm.png-961ebce754572b35f1e7c10b274a2755.ctex[39m[0m
[  34% ] [90m[1msavepack[22m | Storing File: res://assets/garden-of-dreams_props-orm.png.import[39m[0m
[  34% ] [90m[1msavepack[22m | Storing File: res://.godot/imported/garden-of-dreams_qinfang-ting-title.png-883437ecef6f9055298c77775b39aaee.s3tc.ctex[39m[0m
[  34% ] [90m[1msavepack[22m | Storing File: res://assets/garden-of-dreams_qinfang-ting-title.png.import[39m[0m
[  34% ] [90m[1msavepack[22m | Storing File: res://.godot/imported/garden-of-dreams_stage-basecolor.png-5e6a889af6fd00f2fef0e9249feea622.ctex[39m[0m
[  34% ] [90m[1msavepack[22m | Storing File: res://assets/garden-of-dreams_stage-basecolor.png.import[39m[0m
[  35% ] [90m[1msavepack[22m | Storing File: res://.godot/imported/garden-of-dreams_stage-orm.png-2abf2467c73f23178511185fd88d7aa0.ctex[39m[0m
[  35% ] [90m[1msavepack[22m | Storing File: res://assets/garden-of-dreams_stage-orm.png.import[39m[0m
[  35% ] [90m[1msavepack[22m | Storing File: res://.godot/imported/garden-of-dreams_tech-basecolor.png-5078caec9da3d719189e9786270dbd71.ctex[39m[0m
[  35% ] [90m[1msavepack[22m | Storing File: res://assets/garden-of-dreams_tech-basecolor.png.import[39m[0m
[  35% ] [90m[1msavepack[22m | Storing File: res://.godot/imported/garden-of-dreams_tech-emission.png-4810046b48ae87084ca321b02e5e08f3.ctex[39m[0m
[  35% ] [90m[1msavepack[22m | Storing File: res://assets/garden-of-dreams_tech-emission.png.import[39m[0m
[  35% ] [90m[1msavepack[22m | Storing File: res://.godot/imported/garden-of-dreams_tech-orm.png-1f18bb26b300cc851b715d673e9eba2a.ctex[39m[0m
[  35% ] [90m[1msavepack[22m | Storing File: res://assets/garden-of-dreams_tech-orm.png.import[39m[0m
[  35% ] [90m[1msavepack[22m | Storing File: res://.godot/imported/garden-of-dreams_tubi-title.png-57f9572d6201fcdc4e5059792af440c5.s3tc.ctex[39m[0m
[  35% ] [90m[1msavepack[22m | Storing File: res://assets/garden-of-dreams_tubi-title.png.import[39m[0m
[  35% ] [90m[1msavepack[22m | Storing File: res://.godot/imported/garden-of-dreams_wall_basecolor.png-1530a4bf6ab5d616f7c90714f27ee4a0.s3tc.ctex[39m[0m
[  35% ] [90m[1msavepack[22m | Storing File: res://assets/garden-of-dreams_wall_basecolor.png.import[39m[0m
[  35% ] [90m[1msavepack[22m | Storing File: res://.godot/imported/garden-of-dreams_wall_normal.png-6d9ae2c98f599bc0f62e7f420f457396.s3tc.ctex[39m[0m
[  35% ] [90m[1msavepack[22m | Storing File: res://assets/garden-of-dreams_wall_normal.png.import[39m[0m
[  35% ] [90m[1msavepack[22m | Storing File: res://.godot/imported/garden-of-dreams_wall_orm.png-1cf92085851365a3b47debd0484b7c26.s3tc.ctex[39m[0m
[  35% ] [90m[1msavepack[22m | Storing File: res://assets/garden-of-dreams_wall_orm.png.import[39m[0m
[  35% ] [90m[1msavepack[22m | Storing File: res://.godot/imported/garden-of-dreams_xiaoxiang-guan-title.png-01dac56310041a57cfe02777ac192e9e.s3tc.ctex[39m[0m
[  35% ] [90m[1msavepack[22m | Storing File: res://assets/garden-of-dreams_xiaoxiang-guan-title.png.import[39m[0m
[  36% ] [90m[1msavepack[22m | Storing File: res://.godot/imported/garden-of-dreams_yihong-yuan-title.png-2a39aa5989900e8777170f71c0106c25.s3tc.ctex[39m[0m
[  36% ] [90m[1msavepack[22m | Storing File: res://assets/garden-of-dreams_yihong-yuan-title.png.import[39m[0m
[  36% ] [90m[1msavepack[22m | Storing File: res://assets/garden-source.json[39m[0m
[  36% ] [90m[1msavepack[22m | Storing File: res://.godot/imported/cast.wav-43de192f14c1a328f02cd245c3797fd3.sample[39m[0m
[  36% ] [90m[1msavepack[22m | Storing File: res://audio/demo/cast.wav.import[39m[0m
[  36% ] [90m[1msavepack[22m | Storing File: res://.godot/imported/crt.wav-bb42505cfe72f62134120aa2cafb0ba9.sample[39m[0m
[  36% ] [90m[1msavepack[22m | Storing File: res://audio/demo/crt.wav.import[39m[0m
[  36% ] [90m[1msavepack[22m | Storing File: res://.godot/imported/lanterns.wav-d81194657f7e756393f7fddddd861666.sample[39m[0m
[  36% ] [90m[1msavepack[22m | Storing File: res://audio/demo/lanterns.wav.import[39m[0m
[  36% ] [90m[1msavepack[22m | Storing File: res://.godot/imported/reveal.wav-9418fe221ffbb143f4d5ecaf194fef83.sample[39m[0m
[  36% ] [90m[1msavepack[22m | Storing File: res://audio/demo/reveal.wav.import[39m[0m
[  36% ] [90m[1msavepack[22m | Storing File: res://.godot/imported/tunnel.wav-31b9814413408a9e70025ee55adc29a5.sample[39m[0m
[  36% ] [90m[1msavepack[22m | Storing File: res://audio/demo/tunnel.wav.import[39m[0m
[  36% ] [90m[1msavepack[22m | Storing File: res://.godot/imported/water.wav-c31dcf17bc2d0e5fc0e44c9572bffdbc.sample[39m[0m
[  36% ] [90m[1msavepack[22m | Storing File: res://audio/demo/water.wav.import[39m[0m
[  36% ] [90m[1msavepack[22m | Storing File: res://data/hexagrams.json[39m[0m
[  37% ] [90m[1msavepack[22m | Storing File: res://lightmaps/backdrop-wash/manifest.json[39m[0m
[  37% ] [90m[1msavepack[22m | Storing File: res://.godot/imported/SITE_stage_MAT_painted_moon-back.png-443744df2b2814afe9e137adff4fb8f4.s3tc.ctex[39m[0m
[  37% ] [90m[1msavepack[22m | Storing File: res://lightmaps/backdrop-wash/SITE_stage_MAT_painted_moon-back.png.import[39m[0m
[  37% ] [90m[1msavepack[22m | Storing File: res://.godot/imported/SITE_stage_MAT_painted_moon-front.png-0c65172e4a655c33282da11bbd33b51e.s3tc.ctex[39m[0m
[  37% ] [90m[1msavepack[22m | Storing File: res://lightmaps/backdrop-wash/SITE_stage_MAT_painted_moon-front.png.import[39m[0m
[  37% ] [90m[1msavepack[22m | Storing File: res://lightmaps/backdrop-wash/SITE_stage_MAT_painted_moon.json[39m[0m
[  37% ] [90m[1msavepack[22m | Storing File: res://.godot/imported/SITE_stage_MAT_painted_mountains_0-back.png-0238f3e756bcb88fa1a9e3d4baae4b13.ctex[39m[0m
[  37% ] [90m[1msavepack[22m | Storing File: res://lightmaps/backdrop-wash/SITE_stage_MAT_painted_mountains_0-back.png.import[39m[0m
[  37% ] [90m[1msavepack[22m | Storing File: res://.godot/imported/SITE_stage_MAT_painted_mountains_0-front.png-cfedaec46541dc9b91060cdd831ee2c3.ctex[39m[0m
[  37% ] [90m[1msavepack[22m | Storing File: res://lightmaps/backdrop-wash/SITE_stage_MAT_painted_mountains_0-front.png.import[39m[0m
[  37% ] [90m[1msavepack[22m | Storing File: res://lightmaps/backdrop-wash/SITE_stage_MAT_painted_mountains_0.json[39m[0m
[  37% ] [90m[1msavepack[22m | Storing File: res://.godot/imported/SITE_stage_MAT_painted_mountains_1-back.png-e991285388d707c45e87654d0ac758c3.ctex[39m[0m
[  37% ] [90m[1msavepack[22m | Storing File: res://lightmaps/backdrop-wash/SITE_stage_MAT_painted_mountains_1-back.png.import[39m[0m
[  37% ] [90m[1msavepack[22m | Storing File: res://.godot/imported/SITE_stage_MAT_painted_mountains_1-front.png-ab32e09e656fa3b5f7b936817b6349eb.ctex[39m[0m
[  37% ] [90m[1msavepack[22m | Storing File: res://lightmaps/backdrop-wash/SITE_stage_MAT_painted_mountains_1-front.png.import[39m[0m
[  38% ] [90m[1msavepack[22m | Storing File: res://lightmaps/backdrop-wash/SITE_stage_MAT_painted_mountains_1.json[39m[0m
[  38% ] [90m[1msavepack[22m | Storing File: res://.godot/imported/SITE_stage_MAT_painted_mountains_2-back.png-135d283264d48aec1bcf977cadc76a44.ctex[39m[0m
[  38% ] [90m[1msavepack[22m | Storing File: res://lightmaps/backdrop-wash/SITE_stage_MAT_painted_mountains_2-back.png.import[39m[0m
[  38% ] [90m[1msavepack[22m | Storing File: res://.godot/imported/SITE_stage_MAT_painted_mountains_2-front.png-6a233d6669d90f23db94764cf26b9931.ctex[39m[0m
[  38% ] [90m[1msavepack[22m | Storing File: res://lightmaps/backdrop-wash/SITE_stage_MAT_painted_mountains_2-front.png.import[39m[0m
[  38% ] [90m[1msavepack[22m | Storing File: res://lightmaps/backdrop-wash/SITE_stage_MAT_painted_mountains_2.json[39m[0m
[  38% ] [90m[1msavepack[22m | Storing File: res://.godot/imported/SITE_stage_MAT_stage_cyclorama_moonlit_MAT_stage_atlas-front.png-f898c34f515e81073c1b719717e78c53.s3tc.ctex[39m[0m
[  38% ] [90m[1msavepack[22m | Storing File: res://lightmaps/backdrop-wash/SITE_stage_MAT_stage_cyclorama_moonlit_MAT_stage_atlas-front.png.import[39m[0m
[  38% ] [90m[1msavepack[22m | Storing File: res://lightmaps/backdrop-wash/SITE_stage_MAT_stage_cyclorama_moonlit_MAT_stage_atlas.json[39m[0m
[  38% ] [90m[1msavepack[22m | Storing File: res://lightmaps/terminal-spill/manifest.json[39m[0m
[  38% ] [90m[1msavepack[22m | Storing File: res://lightmaps/terminal-spill/SITE_terminal-cells_MAT_backstage.json[39m[0m
[  38% ] [90m[1msavepack[22m | Storing File: res://.godot/imported/SITE_terminal-cells_MAT_backstage.png-49a9aa745b64ea542191d0fc986e9dce.s3tc.ctex[39m[0m
[  38% ] [90m[1msavepack[22m | Storing File: res://lightmaps/terminal-spill/SITE_terminal-cells_MAT_backstage.png.import[39m[0m
[  39% ] [90m[1msavepack[22m | Storing File: res://lightmaps/terminal-spill/SITE_terminal-cells_MAT_lattice_wood.json[39m[0m
[  39% ] [90m[1msavepack[22m | Storing File: res://.godot/imported/SITE_terminal-cells_MAT_lattice_wood.png-53a05e1b8060b5fa52cd4a5048a78163.s3tc.ctex[39m[0m
[  39% ] [90m[1msavepack[22m | Storing File: res://lightmaps/terminal-spill/SITE_terminal-cells_MAT_lattice_wood.png.import[39m[0m
[  39% ] [90m[1msavepack[22m | Storing File: res://lightmaps/terminal-spill/SITE_terminal-cells_MAT_plaster_rock.json[39m[0m
[  39% ] [90m[1msavepack[22m | Storing File: res://.godot/imported/SITE_terminal-cells_MAT_plaster_rock.png-f2f330f91409f25cac09e2415398e868.s3tc.ctex[39m[0m
[  39% ] [90m[1msavepack[22m | Storing File: res://lightmaps/terminal-spill/SITE_terminal-cells_MAT_plaster_rock.png.import[39m[0m
[  39% ] [90m[1msavepack[22m | Storing File: res://lightmaps/terminal-spill/SITE_terminal-cells_MAT_props_atlas.json[39m[0m
[  39% ] [90m[1msavepack[22m | Storing File: res://.godot/imported/SITE_terminal-cells_MAT_props_atlas.png-fb358f58bf99dbf034335f0ebc1d9d1a.s3tc.ctex[39m[0m
[  39% ] [90m[1msavepack[22m | Storing File: res://lightmaps/terminal-spill/SITE_terminal-cells_MAT_props_atlas.png.import[39m[0m
[  39% ] [90m[1msavepack[22m | Storing File: res://lightmaps/terminal-spill/SITE_terminal-cells_MAT_stage_atlas.json[39m[0m
[  39% ] [90m[1msavepack[22m | Storing File: res://.godot/imported/SITE_terminal-cells_MAT_stage_atlas.png-a53ae51378b76754671ba9adfbf05df4.s3tc.ctex[39m[0m
[  39% ] [90m[1msavepack[22m | Storing File: res://lightmaps/terminal-spill/SITE_terminal-cells_MAT_stage_atlas.png.import[39m[0m
[  39% ] [90m[1msavepack[22m | Storing File: res://lightmaps/terminal-spill/SITE_terminal-cells_MAT_tech_atlas.json[39m[0m
[  40% ] [90m[1msavepack[22m | Storing File: res://.godot/imported/SITE_terminal-cells_MAT_tech_atlas.png-fe3ad1c6f66af3a92b9814ae5320b892.s3tc.ctex[39m[0m
[  40% ] [90m[1msavepack[22m | Storing File: res://lightmaps/terminal-spill/SITE_terminal-cells_MAT_tech_atlas.png.import[39m[0m
[  40% ] [90m[1msavepack[22m | Storing File: res://lightmaps/terminal-spill/SITE_terminal-cells_MAT_terminal_scroll.json[39m[0m
[  40% ] [90m[1msavepack[22m | Storing File: res://.godot/imported/SITE_terminal-cells_MAT_terminal_scroll.png-0d0eb89b718eb2cba6e555e7a290ddfd.s3tc.ctex[39m[0m
[  40% ] [90m[1msavepack[22m | Storing File: res://lightmaps/terminal-spill/SITE_terminal-cells_MAT_terminal_scroll.png.import[39m[0m
[  40% ] [90m[1msavepack[22m | Storing File: res://lightmaps/backdrop-wash-index.json[39m[0m
[  40% ] [90m[1msavepack[22m | Storing File: res://lightmaps/demo-index.json[39m[0m
[  40% ] [90m[1msavepack[22m | Storing File: res://lightmaps/full-index.json[39m[0m
[  40% ] [90m[1msavepack[22m | Storing File: res://lightmaps/HERO_gate_water_drips.001.json[39m[0m
[  40% ] [90m[1msavepack[22m | Storing File: res://.godot/imported/HERO_gate_water_drips.001.png-29702b77ec2dc95618e1fe017be8ac6c.s3tc.ctex[39m[0m
[  40% ] [90m[1msavepack[22m | Storing File: res://lightmaps/HERO_gate_water_drips.001.png.import[39m[0m
[  40% ] [90m[1msavepack[22m | Storing File: res://lightmaps/HERO_qinfang_bridge.001.json[39m[0m
[  41% ] [90m[1msavepack[22m | Storing File: res://.godot/imported/HERO_qinfang_bridge.001.png-3148b86689ff4e1683df15370a654c0b.s3tc.ctex[39m[0m
[  41% ] [90m[1msavepack[22m | Storing File: res://lightmaps/HERO_qinfang_bridge.001.png.import[39m[0m
[  41% ] [90m[1msavepack[22m | Storing File: res://lightmaps/HERO_study_scroll_bamboo.001.json[39m[0m
[  41% ] [90m[1msavepack[22m | Storing File: res://.godot/imported/HERO_study_scroll_bamboo.001.png-dc30abb33065fd3169ab2aef05df198c.s3tc.ctex[39m[0m
[  41% ] [90m[1msavepack[22m | Storing File: res://lightmaps/HERO_study_scroll_bamboo.001.png.import[39m[0m
[  41% ] [90m[1msavepack[22m | Storing File: res://lightmaps/HERO_study_scroll_plum.001.json[39m[0m
[  41% ] [90m[1msavepack[22m | Storing File: res://.godot/imported/HERO_study_scroll_plum.001.png-f48b4635b15bd253f4ad5e508ac9cc5c.s3tc.ctex[39m[0m
[  41% ] [90m[1msavepack[22m | Storing File: res://lightmaps/HERO_study_scroll_plum.001.png.import[39m[0m
[  41% ] [90m[1msavepack[22m | Storing File: res://lightmaps/HERO_table_hexagram.001.json[39m[0m
[  41% ] [90m[1msavepack[22m | Storing File: res://.godot/imported/HERO_table_hexagram.001.png-a33628f027dac17c0d5499262f62fc72.s3tc.ctex[39m[0m
[  41% ] [90m[1msavepack[22m | Storing File: res://lightmaps/HERO_table_hexagram.001.png.import[39m[0m
[  41% ] [90m[1msavepack[22m | Storing File: res://lightmaps/HERO_table_line_1_broken.001.json[39m[0m
[  41% ] [90m[1msavepack[22m | Storing File: res://.godot/imported/HERO_table_line_1_broken.001.png-bac6aac817e1a257ccc4133eb0d2a5f5.s3tc.ctex[39m[0m
[  41% ] [90m[1msavepack[22m | Storing File: res://lightmaps/HERO_table_line_1_broken.001.png.import[39m[0m
[  42% ] [90m[1msavepack[22m | Storing File: res://lightmaps/HERO_table_line_1_solid.001.json[39m[0m
[  42% ] [90m[1msavepack[22m | Storing File: res://.godot/imported/HERO_table_line_1_solid.001.png-bed262009c944443b59daa6b041d4306.s3tc.ctex[39m[0m
[  42% ] [90m[1msavepack[22m | Storing File: res://lightmaps/HERO_table_line_1_solid.001.png.import[39m[0m
[  42% ] [90m[1msavepack[22m | Storing File: res://lightmaps/HERO_table_line_2_broken.001.json[39m[0m
[  42% ] [90m[1msavepack[22m | Storing File: res://.godot/imported/HERO_table_line_2_broken.001.png-ff5d7aa439f9739d0f4ac0a69fffc424.s3tc.ctex[39m[0m
[  42% ] [90m[1msavepack[22m | Storing File: res://lightmaps/HERO_table_line_2_broken.001.png.import[39m[0m
[  42% ] [90m[1msavepack[22m | Storing File: res://lightmaps/HERO_table_line_2_solid.001.json[39m[0m
[  42% ] [90m[1msavepack[22m | Storing File: res://.godot/imported/HERO_table_line_2_solid.001.png-0d4788e20179126a8755f15dc92de031.s3tc.ctex[39m[0m
[  42% ] [90m[1msavepack[22m | Storing File: res://lightmaps/HERO_table_line_2_solid.001.png.import[39m[0m
[  42% ] [90m[1msavepack[22m | Storing File: res://lightmaps/HERO_table_line_3_broken.001.json[39m[0m
[  42% ] [90m[1msavepack[22m | Storing File: res://.godot/imported/HERO_table_line_3_broken.001.png-b570b66ec66a5e94833f1b54164de8ee.s3tc.ctex[39m[0m
[  42% ] [90m[1msavepack[22m | Storing File: res://lightmaps/HERO_table_line_3_broken.001.png.import[39m[0m
[  42% ] [90m[1msavepack[22m | Storing File: res://lightmaps/HERO_table_line_3_solid.001.json[39m[0m
[  43% ] [90m[1msavepack[22m | Storing File: res://.godot/imported/HERO_table_line_3_solid.001.png-080da83f57cccc3aa1532bfd87ec6d80.s3tc.ctex[39m[0m
[  43% ] [90m[1msavepack[22m | Storing File: res://lightmaps/HERO_table_line_3_solid.001.png.import[39m[0m
[  43% ] [90m[1msavepack[22m | Storing File: res://lightmaps/HERO_table_line_4_broken.001.json[39m[0m
[  43% ] [90m[1msavepack[22m | Storing File: res://.godot/imported/HERO_table_line_4_broken.001.png-1928a13985794b40973f53bc0675499c.s3tc.ctex[39m[0m
[  43% ] [90m[1msavepack[22m | Storing File: res://lightmaps/HERO_table_line_4_broken.001.png.import[39m[0m
[  43% ] [90m[1msavepack[22m | Storing File: res://lightmaps/HERO_table_line_4_solid.001.json[39m[0m
[  43% ] [90m[1msavepack[22m | Storing File: res://.godot/imported/HERO_table_line_4_solid.001.png-f886dfa24933ea027f78e9ed848fa372.s3tc.ctex[39m[0m
[  43% ] [90m[1msavepack[22m | Storing File: res://lightmaps/HERO_table_line_4_solid.001.png.import[39m[0m
[  43% ] [90m[1msavepack[22m | Storing File: res://lightmaps/HERO_table_line_5_broken.001.json[39m[0m
[  43% ] [90m[1msavepack[22m | Storing File: res://.godot/imported/HERO_table_line_5_broken.001.png-aa0fe80bee698e8e75bb12ea903e9fb4.s3tc.ctex[39m[0m
[  43% ] [90m[1msavepack[22m | Storing File: res://lightmaps/HERO_table_line_5_broken.001.png.import[39m[0m
[  43% ] [90m[1msavepack[22m | Storing File: res://lightmaps/HERO_table_line_5_solid.001.json[39m[0m
[  43% ] [90m[1msavepack[22m | Storing File: res://.godot/imported/HERO_table_line_5_solid.001.png-3cecbe55e57dbf3fc30d1b48731b1d5c.s3tc.ctex[39m[0m
[  43% ] [90m[1msavepack[22m | Storing File: res://lightmaps/HERO_table_line_5_solid.001.png.import[39m[0m
[  44% ] [90m[1msavepack[22m | Storing File: res://lightmaps/HERO_table_line_6_broken.001.json[39m[0m
[  44% ] [90m[1msavepack[22m | Storing File: res://.godot/imported/HERO_table_line_6_broken.001.png-75f89b44086df54f5efa8773961b1c52.s3tc.ctex[39m[0m
[  44% ] [90m[1msavepack[22m | Storing File: res://lightmaps/HERO_table_line_6_broken.001.png.import[39m[0m
[  44% ] [90m[1msavepack[22m | Storing File: res://lightmaps/HERO_table_line_6_solid.001.json[39m[0m
[  44% ] [90m[1msavepack[22m | Storing File: res://.godot/imported/HERO_table_line_6_solid.001.png-90e951fa6dcbdb31d4c97ad5fbe3799c.s3tc.ctex[39m[0m
[  44% ] [90m[1msavepack[22m | Storing File: res://lightmaps/HERO_table_line_6_solid.001.png.import[39m[0m
[  44% ] [90m[1msavepack[22m | Storing File: res://lightmaps/HERO_table_pedestal.001.json[39m[0m
[  44% ] [90m[1msavepack[22m | Storing File: res://.godot/imported/HERO_table_pedestal.001.png-f7fb6027d0fc86378eb7dec608a1b590.s3tc.ctex[39m[0m
[  44% ] [90m[1msavepack[22m | Storing File: res://lightmaps/HERO_table_pedestal.001.png.import[39m[0m
[  44% ] [90m[1msavepack[22m | Storing File: res://lightmaps/HERO_tubi_terrace_stair.016.json[39m[0m
[  44% ] [90m[1msavepack[22m | Storing File: res://.godot/imported/HERO_tubi_terrace_stair.016.png-a5ebcac34f09a1a0b718180ad576e72f.s3tc.ctex[39m[0m
[  44% ] [90m[1msavepack[22m | Storing File: res://lightmaps/HERO_tubi_terrace_stair.016.png.import[39m[0m
[  44% ] [90m[1msavepack[22m | Storing File: res://lightmaps/HERO_tubi_terrace_stair.017.json[39m[0m
[  45% ] [90m[1msavepack[22m | Storing File: res://.godot/imported/HERO_tubi_terrace_stair.017.png-66124f087971a8d341ffb4c3a64a0f3b.s3tc.ctex[39m[0m
[  45% ] [90m[1msavepack[22m | Storing File: res://lightmaps/HERO_tubi_terrace_stair.017.png.import[39m[0m
[  45% ] [90m[1msavepack[22m | Storing File: res://lightmaps/HERO_tubi_terrace_stair.018.json[39m[0m
[  45% ] [90m[1msavepack[22m | Storing File: res://.godot/imported/HERO_tubi_terrace_stair.018.png-a15a8108925e6e2250edfe93600c105c.s3tc.ctex[39m[0m
[  45% ] [90m[1msavepack[22m | Storing File: res://lightmaps/HERO_tubi_terrace_stair.018.png.import[39m[0m
[  45% ] [90m[1msavepack[22m | Storing File: res://lightmaps/HERO_tubi_terrace_stair.019.json[39m[0m
[  45% ] [90m[1msavepack[22m | Storing File: res://.godot/imported/HERO_tubi_terrace_stair.019.png-f954c17e60956d54815a508902d5767a.s3tc.ctex[39m[0m
[  45% ] [90m[1msavepack[22m | Storing File: res://lightmaps/HERO_tubi_terrace_stair.019.png.import[39m[0m
[  45% ] [90m[1msavepack[22m | Storing File: res://lightmaps/HERO_tubi_terrace_stair.020.json[39m[0m
[  45% ] [90m[1msavepack[22m | Storing File: res://.godot/imported/HERO_tubi_terrace_stair.020.png-8c0777d0af3c8aab78fb736cbab2d31b.s3tc.ctex[39m[0m
[  45% ] [90m[1msavepack[22m | Storing File: res://lightmaps/HERO_tubi_terrace_stair.020.png.import[39m[0m
[  45% ] [90m[1msavepack[22m | Storing File: res://lightmaps/HERO_tubi_terrace_stair.021.json[39m[0m
[  45% ] [90m[1msavepack[22m | Storing File: res://.godot/imported/HERO_tubi_terrace_stair.021.png-39fb8c311de15f20150f98f0c8cf36c5.s3tc.ctex[39m[0m
[  45% ] [90m[1msavepack[22m | Storing File: res://lightmaps/HERO_tubi_terrace_stair.021.png.import[39m[0m
[  46% ] [90m[1msavepack[22m | Storing File: res://lightmaps/HERO_tubi_terrace_stair.022.json[39m[0m
[  46% ] [90m[1msavepack[22m | Storing File: res://.godot/imported/HERO_tubi_terrace_stair.022.png-5b499331de7189e5ea2cad35a0f91269.s3tc.ctex[39m[0m
[  46% ] [90m[1msavepack[22m | Storing File: res://lightmaps/HERO_tubi_terrace_stair.022.png.import[39m[0m
[  46% ] [90m[1msavepack[22m | Storing File: res://lightmaps/HERO_tubi_terrace_stair.023.json[39m[0m
[  46% ] [90m[1msavepack[22m | Storing File: res://.godot/imported/HERO_tubi_terrace_stair.023.png-091fb2f086446041ecda615fcbdafbb0.s3tc.ctex[39m[0m
[  46% ] [90m[1msavepack[22m | Storing File: res://lightmaps/HERO_tubi_terrace_stair.023.png.import[39m[0m
[  46% ] [90m[1msavepack[22m | Storing File: res://lightmaps/HERO_tubi_terrace_stair.024.json[39m[0m
[  46% ] [90m[1msavepack[22m | Storing File: res://.godot/imported/HERO_tubi_terrace_stair.024.png-61235a247cbbd5a0ecc0a5cf9bb4640c.s3tc.ctex[39m[0m
[  46% ] [90m[1msavepack[22m | Storing File: res://lightmaps/HERO_tubi_terrace_stair.024.png.import[39m[0m
[  46% ] [90m[1msavepack[22m | Storing File: res://lightmaps/HERO_tubi_terrace_stair.025.json[39m[0m
[  46% ] [90m[1msavepack[22m | Storing File: res://.godot/imported/HERO_tubi_terrace_stair.025.png-710ca66e0594e7f1688e0013167795e7.s3tc.ctex[39m[0m
[  46% ] [90m[1msavepack[22m | Storing File: res://lightmaps/HERO_tubi_terrace_stair.025.png.import[39m[0m
[  46% ] [90m[1msavepack[22m | Storing File: res://lightmaps/HERO_tubi_terrace_stair.026.json[39m[0m
[  47% ] [90m[1msavepack[22m | Storing File: res://.godot/imported/HERO_tubi_terrace_stair.026.png-0e14928232860a7a2e6b03dcd3a7dbcb.s3tc.ctex[39m[0m
[  47% ] [90m[1msavepack[22m | Storing File: res://lightmaps/HERO_tubi_terrace_stair.026.png.import[39m[0m
[  47% ] [90m[1msavepack[22m | Storing File: res://lightmaps/HERO_tubi_terrace_stair.027.json[39m[0m
[  47% ] [90m[1msavepack[22m | Storing File: res://.godot/imported/HERO_tubi_terrace_stair.027.png-96cc72cda179f7664ae5205297949182.s3tc.ctex[39m[0m
[  47% ] [90m[1msavepack[22m | Storing File: res://lightmaps/HERO_tubi_terrace_stair.027.png.import[39m[0m
[  47% ] [90m[1msavepack[22m | Storing File: res://lightmaps/HERO_tubi_terrace_stair.028.json[39m[0m
[  47% ] [90m[1msavepack[22m | Storing File: res://.godot/imported/HERO_tubi_terrace_stair.028.png-f5bbfcce6bdf23a9c6365cb0c9c3fc1d.s3tc.ctex[39m[0m
[  47% ] [90m[1msavepack[22m | Storing File: res://lightmaps/HERO_tubi_terrace_stair.028.png.import[39m[0m
[  47% ] [90m[1msavepack[22m | Storing File: res://lightmaps/HERO_tubi_terrace_stair.029.json[39m[0m
[  47% ] [90m[1msavepack[22m | Storing File: res://.godot/imported/HERO_tubi_terrace_stair.029.png-dc0cbe223d9b1525d31140db358da74d.s3tc.ctex[39m[0m
[  47% ] [90m[1msavepack[22m | Storing File: res://lightmaps/HERO_tubi_terrace_stair.029.png.import[39m[0m
[  47% ] [90m[1msavepack[22m | Storing File: res://lightmaps/HERO_tubi_terrace_stair.030.json[39m[0m
[  47% ] [90m[1msavepack[22m | Storing File: res://.godot/imported/HERO_tubi_terrace_stair.030.png-ff5d7786d58796fec30c338bfb67684d.s3tc.ctex[39m[0m
[  47% ] [90m[1msavepack[22m | Storing File: res://lightmaps/HERO_tubi_terrace_stair.030.png.import[39m[0m
[  48% ] [90m[1msavepack[22m | Storing File: res://lightmaps/HERO_tubi_terrace_stair.031.json[39m[0m
[  48% ] [90m[1msavepack[22m | Storing File: res://.godot/imported/HERO_tubi_terrace_stair.031.png-5c47412e9a66a830157e5926a3a781af.s3tc.ctex[39m[0m
[  48% ] [90m[1msavepack[22m | Storing File: res://lightmaps/HERO_tubi_terrace_stair.031.png.import[39m[0m
[  48% ] [90m[1msavepack[22m | Storing File: res://lightmaps/index.json[39m[0m
[  48% ] [90m[1msavepack[22m | Storing File: res://lightmaps/priority2-index.json[39m[0m
[  48% ] [90m[1msavepack[22m | Storing File: res://lightmaps/SITE_aojing-guan_MAT_backstage.json[39m[0m
[  48% ] [90m[1msavepack[22m | Storing File: res://.godot/imported/SITE_aojing-guan_MAT_backstage.png-571e34bd2232b8dfd14a34bc07ecd411.s3tc.ctex[39m[0m
[  48% ] [90m[1msavepack[22m | Storing File: res://lightmaps/SITE_aojing-guan_MAT_backstage.png.import[39m[0m
[  48% ] [90m[1msavepack[22m | Storing File: res://lightmaps/SITE_aojing-guan_MAT_bronze.json[39m[0m
[  48% ] [90m[1msavepack[22m | Storing File: res://.godot/imported/SITE_aojing-guan_MAT_bronze.png-5a57772b593c13f857146111bae1fc98.s3tc.ctex[39m[0m
[  48% ] [90m[1msavepack[22m | Storing File: res://lightmaps/SITE_aojing-guan_MAT_bronze.png.import[39m[0m
[  48% ] [90m[1msavepack[22m | Storing File: res://lightmaps/SITE_aojing-guan_MAT_crt_amber.json[39m[0m
[  49% ] [90m[1msavepack[22m | Storing File: res://.godot/imported/SITE_aojing-guan_MAT_crt_amber.png-32bb4fb59ee1dc8cfffc4ee4694a0e2f.s3tc.ctex[39m[0m
[  49% ] [90m[1msavepack[22m | Storing File: res://lightmaps/SITE_aojing-guan_MAT_crt_amber.png.import[39m[0m
[  49% ] [90m[1msavepack[22m | Storing File: res://lightmaps/SITE_aojing-guan_MAT_lantern.json[39m[0m
[  49% ] [90m[1msavepack[22m | Storing File: res://.godot/imported/SITE_aojing-guan_MAT_lantern.png-f4d0a091a39e123cc87e3312545c7d99.s3tc.ctex[39m[0m
[  49% ] [90m[1msavepack[22m | Storing File: res://lightmaps/SITE_aojing-guan_MAT_lantern.png.import[39m[0m
[  49% ] [90m[1msavepack[22m | Storing File: res://lightmaps/SITE_aojing-guan_MAT_lattice_wood.json[39m[0m
[  49% ] [90m[1msavepack[22m | Storing File: res://.godot/imported/SITE_aojing-guan_MAT_lattice_wood.png-9fd13e11a9bf90dd79348a4ed0cff4b6.s3tc.ctex[39m[0m
[  49% ] [90m[1msavepack[22m | Storing File: res://lightmaps/SITE_aojing-guan_MAT_lattice_wood.png.import[39m[0m
[  49% ] [90m[1msavepack[22m | Storing File: res://lightmaps/SITE_aojing-guan_MAT_plaster_rock.json[39m[0m
[  49% ] [90m[1msavepack[22m | Storing File: res://.godot/imported/SITE_aojing-guan_MAT_plaster_rock.png-3f3d7c7b03a331c31e78aa6920789e96.s3tc.ctex[39m[0m
[  49% ] [90m[1msavepack[22m | Storing File: res://lightmaps/SITE_aojing-guan_MAT_plaster_rock.png.import[39m[0m
[  49% ] [90m[1msavepack[22m | Storing File: res://lightmaps/SITE_aojing-guan_MAT_rooftile.json[39m[0m
[  49% ] [90m[1msavepack[22m | Storing File: res://.godot/imported/SITE_aojing-guan_MAT_rooftile.png-058c6f83804c84b22f8b27098c885ec7.s3tc.ctex[39m[0m
[  49% ] [90m[1msavepack[22m | Storing File: res://lightmaps/SITE_aojing-guan_MAT_rooftile.png.import[39m[0m
[  50% ] [90m[1msavepack[22m | Storing File: res://lightmaps/SITE_aojing-guan_MAT_whitewash.json[39m[0m
[  50% ] [90m[1msavepack[22m | Storing File: res://.godot/imported/SITE_aojing-guan_MAT_whitewash.png-fa44bc7ab161fd924afbfc0d61dec1a5.s3tc.ctex[39m[0m
[  50% ] [90m[1msavepack[22m | Storing File: res://lightmaps/SITE_aojing-guan_MAT_whitewash.png.import[39m[0m
[  50% ] [90m[1msavepack[22m | Storing File: res://lightmaps/SITE_daguan-lou_MAT_backstage.json[39m[0m
[  50% ] [90m[1msavepack[22m | Storing File: res://.godot/imported/SITE_daguan-lou_MAT_backstage.png-1c5c2f6430c6ee434c60cbf6349d5666.s3tc.ctex[39m[0m
[  50% ] [90m[1msavepack[22m | Storing File: res://lightmaps/SITE_daguan-lou_MAT_backstage.png.import[39m[0m
[  50% ] [90m[1msavepack[22m | Storing File: res://lightmaps/SITE_daguan-lou_MAT_bronze.json[39m[0m
[  50% ] [90m[1msavepack[22m | Storing File: res://.godot/imported/SITE_daguan-lou_MAT_bronze.png-458f67a780b4d8fb9f7a39fe9ea4c32c.s3tc.ctex[39m[0m
[  50% ] [90m[1msavepack[22m | Storing File: res://lightmaps/SITE_daguan-lou_MAT_bronze.png.import[39m[0m
[  50% ] [90m[1msavepack[22m | Storing File: res://lightmaps/SITE_daguan-lou_MAT_crt_amber.json[39m[0m
[  50% ] [90m[1msavepack[22m | Storing File: res://.godot/imported/SITE_daguan-lou_MAT_crt_amber.png-f49feda8fd6933a5847062566d5b7494.s3tc.ctex[39m[0m
[  50% ] [90m[1msavepack[22m | Storing File: res://lightmaps/SITE_daguan-lou_MAT_crt_amber.png.import[39m[0m
[  50% ] [90m[1msavepack[22m | Storing File: res://lightmaps/SITE_daguan-lou_MAT_daguan_lacquer.json[39m[0m
[  50% ] [90m[1msavepack[22m | Storing File: res://.godot/imported/SITE_daguan-lou_MAT_daguan_lacquer.png-6d648aa9ecd76cc56cc499ebe6191ef3.s3tc.ctex[39m[0m
[  50% ] [90m[1msavepack[22m | Storing File: res://lightmaps/SITE_daguan-lou_MAT_daguan_lacquer.png.import[39m[0m
[  51% ] [90m[1msavepack[22m | Storing File: res://lightmaps/SITE_daguan-lou_MAT_daguan_recess.json[39m[0m
[  51% ] [90m[1msavepack[22m | Storing File: res://.godot/imported/SITE_daguan-lou_MAT_daguan_recess.png-037cae5d3cdae6accfe51068385aa0f9.s3tc.ctex[39m[0m
[  51% ] [90m[1msavepack[22m | Storing File: res://lightmaps/SITE_daguan-lou_MAT_daguan_recess.png.import[39m[0m
[  51% ] [90m[1msavepack[22m | Storing File: res://lightmaps/SITE_daguan-lou_MAT_lantern.json[39m[0m
[  51% ] [90m[1msavepack[22m | Storing File: res://.godot/imported/SITE_daguan-lou_MAT_lantern.png-477db104cc9b22aa8c77fd5c84115c44.s3tc.ctex[39m[0m
[  51% ] [90m[1msavepack[22m | Storing File: res://lightmaps/SITE_daguan-lou_MAT_lantern.png.import[39m[0m
[  51% ] [90m[1msavepack[22m | Storing File: res://lightmaps/SITE_daguan-lou_MAT_lattice_wood.json[39m[0m
[  51% ] [90m[1msavepack[22m | Storing File: res://.godot/imported/SITE_daguan-lou_MAT_lattice_wood.png-cb9028e95729187f5ccc377f26aaf2a4.s3tc.ctex[39m[0m
[  51% ] [90m[1msavepack[22m | Storing File: res://lightmaps/SITE_daguan-lou_MAT_lattice_wood.png.import[39m[0m
[  51% ] [90m[1msavepack[22m | Storing File: res://lightmaps/SITE_daguan-lou_MAT_plaster_rock.json[39m[0m
[  51% ] [90m[1msavepack[22m | Storing File: res://.godot/imported/SITE_daguan-lou_MAT_plaster_rock.png-2ea3c85b56d96e4556fed589ef6446b9.s3tc.ctex[39m[0m
[  51% ] [90m[1msavepack[22m | Storing File: res://lightmaps/SITE_daguan-lou_MAT_plaster_rock.png.import[39m[0m
[  51% ] [90m[1msavepack[22m | Storing File: res://lightmaps/SITE_daguan-lou_MAT_rooftile.json[39m[0m
[  52% ] [90m[1msavepack[22m | Storing File: res://.godot/imported/SITE_daguan-lou_MAT_rooftile.png-031e1cbe15f7a989bdc180d765eeddd8.s3tc.ctex[39m[0m
[  52% ] [90m[1msavepack[22m | Storing File: res://lightmaps/SITE_daguan-lou_MAT_rooftile.png.import[39m[0m
[  52% ] [90m[1msavepack[22m | Storing File: res://lightmaps/SITE_daguan-lou_MAT_whitewash.json[39m[0m
[  52% ] [90m[1msavepack[22m | Storing File: res://.godot/imported/SITE_daguan-lou_MAT_whitewash.png-80f96f8b4eab19a1d7ea6eb813b4d1c1.s3tc.ctex[39m[0m
[  52% ] [90m[1msavepack[22m | Storing File: res://lightmaps/SITE_daguan-lou_MAT_whitewash.png.import[39m[0m
[  52% ] [90m[1msavepack[22m | Storing File: res://lightmaps/SITE_daoxiang-cun_MAT_backstage.json[39m[0m
[  52% ] [90m[1msavepack[22m | Storing File: res://.godot/imported/SITE_daoxiang-cun_MAT_backstage.png-57a7747a284467d257e8b17209bfc1ab.s3tc.ctex[39m[0m
[  52% ] [90m[1msavepack[22m | Storing File: res://lightmaps/SITE_daoxiang-cun_MAT_backstage.png.import[39m[0m
[  52% ] [90m[1msavepack[22m | Storing File: res://lightmaps/SITE_daoxiang-cun_MAT_bronze.json[39m[0m
[  52% ] [90m[1msavepack[22m | Storing File: res://.godot/imported/SITE_daoxiang-cun_MAT_bronze.png-a74a0a73a1e4163d4763bcc68df0fdc0.s3tc.ctex[39m[0m
[  52% ] [90m[1msavepack[22m | Storing File: res://lightmaps/SITE_daoxiang-cun_MAT_bronze.png.import[39m[0m
[  52% ] [90m[1msavepack[22m | Storing File: res://lightmaps/SITE_daoxiang-cun_MAT_crt_amber.json[39m[0m
[  52% ] [90m[1msavepack[22m | Storing File: res://.godot/imported/SITE_daoxiang-cun_MAT_crt_amber.png-b918b52caa8352b97d928c15e1939b8c.s3tc.ctex[39m[0m
[  52% ] [90m[1msavepack[22m | Storing File: res://lightmaps/SITE_daoxiang-cun_MAT_crt_amber.png.import[39m[0m
[  53% ] [90m[1msavepack[22m | Storing File: res://lightmaps/SITE_daoxiang-cun_MAT_lantern.json[39m[0m
[  53% ] [90m[1msavepack[22m | Storing File: res://.godot/imported/SITE_daoxiang-cun_MAT_lantern.png-d21d03537f83de6bf0c5c1c852f2939f.s3tc.ctex[39m[0m
[  53% ] [90m[1msavepack[22m | Storing File: res://lightmaps/SITE_daoxiang-cun_MAT_lantern.png.import[39m[0m
[  53% ] [90m[1msavepack[22m | Storing File: res://lightmaps/SITE_daoxiang-cun_MAT_lattice_wood.json[39m[0m
[  53% ] [90m[1msavepack[22m | Storing File: res://.godot/imported/SITE_daoxiang-cun_MAT_lattice_wood.png-9b02f30ef06954e196937ca10ac47b73.s3tc.ctex[39m[0m
[  53% ] [90m[1msavepack[22m | Storing File: res://lightmaps/SITE_daoxiang-cun_MAT_lattice_wood.png.import[39m[0m
[  53% ] [90m[1msavepack[22m | Storing File: res://lightmaps/SITE_daoxiang-cun_MAT_paddy_painted_texture.json[39m[0m
[  53% ] [90m[1msavepack[22m | Storing File: res://.godot/imported/SITE_daoxiang-cun_MAT_paddy_painted_texture.png-9a1e0cca77ca57ee24c475bf31538478.s3tc.ctex[39m[0m
[  53% ] [90m[1msavepack[22m | Storing File: res://lightmaps/SITE_daoxiang-cun_MAT_paddy_painted_texture.png.import[39m[0m
[  53% ] [90m[1msavepack[22m | Storing File: res://lightmaps/SITE_daoxiang-cun_MAT_plaster_rock.json[39m[0m
[  53% ] [90m[1msavepack[22m | Storing File: res://.godot/imported/SITE_daoxiang-cun_MAT_plaster_rock.png-c75bdb9caaa8725dbe654e9841adb22a.s3tc.ctex[39m[0m
[  53% ] [90m[1msavepack[22m | Storing File: res://lightmaps/SITE_daoxiang-cun_MAT_plaster_rock.png.import[39m[0m
[  53% ] [90m[1msavepack[22m | Storing File: res://lightmaps/SITE_daoxiang-cun_MAT_rooftile.json[39m[0m
[  54% ] [90m[1msavepack[22m | Storing File: res://.godot/imported/SITE_daoxiang-cun_MAT_rooftile.png-8ea6cd158bb7622e06f1f3bce0b82c22.s3tc.ctex[39m[0m
[  54% ] [90m[1msavepack[22m | Storing File: res://lightmaps/SITE_daoxiang-cun_MAT_rooftile.png.import[39m[0m
[  54% ] [90m[1msavepack[22m | Storing File: res://lightmaps/SITE_daoxiang-cun_MAT_thatch.json[39m[0m
[  54% ] [90m[1msavepack[22m | Storing File: res://.godot/imported/SITE_daoxiang-cun_MAT_thatch.png-3bdbc49f3ceb271e65e8e814a678fe83.s3tc.ctex[39m[0m
[  54% ] [90m[1msavepack[22m | Storing File: res://lightmaps/SITE_daoxiang-cun_MAT_thatch.png.import[39m[0m
[  54% ] [90m[1msavepack[22m | Storing File: res://lightmaps/SITE_daoxiang-cun_MAT_whitewash.json[39m[0m
[  54% ] [90m[1msavepack[22m | Storing File: res://.godot/imported/SITE_daoxiang-cun_MAT_whitewash.png-557bf478c816691f645d9eb1b960d902.s3tc.ctex[39m[0m
[  54% ] [90m[1msavepack[22m | Storing File: res://lightmaps/SITE_daoxiang-cun_MAT_whitewash.png.import[39m[0m
[  54% ] [90m[1msavepack[22m | Storing File: res://lightmaps/SITE_hengwu-yuan_MAT_backstage.json[39m[0m
[  54% ] [90m[1msavepack[22m | Storing File: res://.godot/imported/SITE_hengwu-yuan_MAT_backstage.png-e57aa9a2e6ea08c22d114c23b3ab891f.s3tc.ctex[39m[0m
[  54% ] [90m[1msavepack[22m | Storing File: res://lightmaps/SITE_hengwu-yuan_MAT_backstage.png.import[39m[0m
[  54% ] [90m[1msavepack[22m | Storing File: res://lightmaps/SITE_hengwu-yuan_MAT_bronze.json[39m[0m
[  54% ] [90m[1msavepack[22m | Storing File: res://.godot/imported/SITE_hengwu-yuan_MAT_bronze.png-b4a3a07e7b658ce82ed6b7e3b496b781.s3tc.ctex[39m[0m
[  54% ] [90m[1msavepack[22m | Storing File: res://lightmaps/SITE_hengwu-yuan_MAT_bronze.png.import[39m[0m
[  55% ] [90m[1msavepack[22m | Storing File: res://lightmaps/SITE_hengwu-yuan_MAT_crt_amber.json[39m[0m
[  55% ] [90m[1msavepack[22m | Storing File: res://.godot/imported/SITE_hengwu-yuan_MAT_crt_amber.png-971c98e98596838fbfd2bff258b991c4.s3tc.ctex[39m[0m
[  55% ] [90m[1msavepack[22m | Storing File: res://lightmaps/SITE_hengwu-yuan_MAT_crt_amber.png.import[39m[0m
[  55% ] [90m[1msavepack[22m | Storing File: res://lightmaps/SITE_hengwu-yuan_MAT_foliage_card.json[39m[0m
[  55% ] [90m[1msavepack[22m | Storing File: res://.godot/imported/SITE_hengwu-yuan_MAT_foliage_card.png-a5ebee56676a7ad68b00dbeb0c1af44d.s3tc.ctex[39m[0m
[  55% ] [90m[1msavepack[22m | Storing File: res://lightmaps/SITE_hengwu-yuan_MAT_foliage_card.png.import[39m[0m
[  55% ] [90m[1msavepack[22m | Storing File: res://lightmaps/SITE_hengwu-yuan_MAT_lantern.json[39m[0m
[  55% ] [90m[1msavepack[22m | Storing File: res://.godot/imported/SITE_hengwu-yuan_MAT_lantern.png-940dd2da72f1ff95a4372e6eb9acd71d.s3tc.ctex[39m[0m
[  55% ] [90m[1msavepack[22m | Storing File: res://lightmaps/SITE_hengwu-yuan_MAT_lantern.png.import[39m[0m
[  55% ] [90m[1msavepack[22m | Storing File: res://lightmaps/SITE_hengwu-yuan_MAT_lattice_wood.json[39m[0m
[  55% ] [90m[1msavepack[22m | Storing File: res://.godot/imported/SITE_hengwu-yuan_MAT_lattice_wood.png-1d3cb9c052b58e3fa1c13b7a7ba13996.s3tc.ctex[39m[0m
[  55% ] [90m[1msavepack[22m | Storing File: res://lightmaps/SITE_hengwu-yuan_MAT_lattice_wood.png.import[39m[0m
[  55% ] [90m[1msavepack[22m | Storing File: res://lightmaps/SITE_hengwu-yuan_MAT_plaster_rock.json[39m[0m
[  56% ] [90m[1msavepack[22m | Storing File: res://.godot/imported/SITE_hengwu-yuan_MAT_plaster_rock.png-198d67585baa9be54736fe8cacf3a8fd.s3tc.ctex[39m[0m
[  56% ] [90m[1msavepack[22m | Storing File: res://lightmaps/SITE_hengwu-yuan_MAT_plaster_rock.png.import[39m[0m
[  56% ] [90m[1msavepack[22m | Storing File: res://lightmaps/SITE_hengwu-yuan_MAT_props_atlas.json[39m[0m
[  56% ] [90m[1msavepack[22m | Storing File: res://.godot/imported/SITE_hengwu-yuan_MAT_props_atlas.png-1f61c78825ae2a932aa64cf9d8817f4c.s3tc.ctex[39m[0m
[  56% ] [90m[1msavepack[22m | Storing File: res://lightmaps/SITE_hengwu-yuan_MAT_props_atlas.png.import[39m[0m
[  56% ] [90m[1msavepack[22m | Storing File: res://lightmaps/SITE_hengwu-yuan_MAT_rooftile.json[39m[0m
[  56% ] [90m[1msavepack[22m | Storing File: res://.godot/imported/SITE_hengwu-yuan_MAT_rooftile.png-0d18d05972442543a358f568807bd682.s3tc.ctex[39m[0m
[  56% ] [90m[1msavepack[22m | Storing File: res://lightmaps/SITE_hengwu-yuan_MAT_rooftile.png.import[39m[0m
[  56% ] [90m[1msavepack[22m | Storing File: res://lightmaps/SITE_hengwu-yuan_MAT_wall_atlas.json[39m[0m
[  56% ] [90m[1msavepack[22m | Storing File: res://.godot/imported/SITE_hengwu-yuan_MAT_wall_atlas.png-c6ffaf313c0d407bf857e2cc991b9150.s3tc.ctex[39m[0m
[  56% ] [90m[1msavepack[22m | Storing File: res://lightmaps/SITE_hengwu-yuan_MAT_wall_atlas.png.import[39m[0m
[  56% ] [90m[1msavepack[22m | Storing File: res://lightmaps/SITE_hengwu-yuan_MAT_whitewash.json[39m[0m
[  56% ] [90m[1msavepack[22m | Storing File: res://.godot/imported/SITE_hengwu-yuan_MAT_whitewash.png-098f016038f7a34f55fb8ba8aa718af0.s3tc.ctex[39m[0m
[  56% ] [90m[1msavepack[22m | Storing File: res://lightmaps/SITE_hengwu-yuan_MAT_whitewash.png.import[39m[0m
[  57% ] [90m[1msavepack[22m | Storing File: res://lightmaps/SITE_longcui-an_MAT_backstage.json[39m[0m
[  57% ] [90m[1msavepack[22m | Storing File: res://.godot/imported/SITE_longcui-an_MAT_backstage.png-c41c6f67257a4a419f365db5cf2d8a48.s3tc.ctex[39m[0m
[  57% ] [90m[1msavepack[22m | Storing File: res://lightmaps/SITE_longcui-an_MAT_backstage.png.import[39m[0m
[  57% ] [90m[1msavepack[22m | Storing File: res://lightmaps/SITE_longcui-an_MAT_bronze.json[39m[0m
[  57% ] [90m[1msavepack[22m | Storing File: res://.godot/imported/SITE_longcui-an_MAT_bronze.png-f96b293dc04075ad6af3f158ca9d1f44.s3tc.ctex[39m[0m
[  57% ] [90m[1msavepack[22m | Storing File: res://lightmaps/SITE_longcui-an_MAT_bronze.png.import[39m[0m
[  57% ] [90m[1msavepack[22m | Storing File: res://lightmaps/SITE_longcui-an_MAT_crt_amber.json[39m[0m
[  57% ] [90m[1msavepack[22m | Storing File: res://.godot/imported/SITE_longcui-an_MAT_crt_amber.png-cb029dfba30b840545040aae05ede067.s3tc.ctex[39m[0m
[  57% ] [90m[1msavepack[22m | Storing File: res://lightmaps/SITE_longcui-an_MAT_crt_amber.png.import[39m[0m
[  57% ] [90m[1msavepack[22m | Storing File: res://lightmaps/SITE_longcui-an_MAT_foliage_card.json[39m[0m
[  57% ] [90m[1msavepack[22m | Storing File: res://.godot/imported/SITE_longcui-an_MAT_foliage_card.png-0a9842ffd1c7bf7a694ddc9c3d0cd51e.s3tc.ctex[39m[0m
[  57% ] [90m[1msavepack[22m | Storing File: res://lightmaps/SITE_longcui-an_MAT_foliage_card.png.import[39m[0m
[  57% ] [90m[1msavepack[22m | Storing File: res://lightmaps/SITE_longcui-an_MAT_lantern.json[39m[0m
[  58% ] [90m[1msavepack[22m | Storing File: res://.godot/imported/SITE_longcui-an_MAT_lantern.png-eae727c802da3a6d25091379cfead9e6.s3tc.ctex[39m[0m
[  58% ] [90m[1msavepack[22m | Storing File: res://lightmaps/SITE_longcui-an_MAT_lantern.png.import[39m[0m
[  58% ] [90m[1msavepack[22m | Storing File: res://lightmaps/SITE_longcui-an_MAT_lattice_wood.json[39m[0m
[  58% ] [90m[1msavepack[22m | Storing File: res://.godot/imported/SITE_longcui-an_MAT_lattice_wood.png-c2855db11f11f66c8dd47830cc69ef8f.s3tc.ctex[39m[0m
[  58% ] [90m[1msavepack[22m | Storing File: res://lightmaps/SITE_longcui-an_MAT_lattice_wood.png.import[39m[0m
[  58% ] [90m[1msavepack[22m | Storing File: res://lightmaps/SITE_longcui-an_MAT_plaster_rock.json[39m[0m
[  58% ] [90m[1msavepack[22m | Storing File: res://.godot/imported/SITE_longcui-an_MAT_plaster_rock.png-15de1fff7254c09233c1c8f304207e53.s3tc.ctex[39m[0m
[  58% ] [90m[1msavepack[22m | Storing File: res://lightmaps/SITE_longcui-an_MAT_plaster_rock.png.import[39m[0m
[  58% ] [90m[1msavepack[22m | Storing File: res://lightmaps/SITE_longcui-an_MAT_props_atlas.json[39m[0m
[  58% ] [90m[1msavepack[22m | Storing File: res://.godot/imported/SITE_longcui-an_MAT_props_atlas.png-135732133c64cefab361e9da484ba802.s3tc.ctex[39m[0m
[  58% ] [90m[1msavepack[22m | Storing File: res://lightmaps/SITE_longcui-an_MAT_props_atlas.png.import[39m[0m
[  58% ] [90m[1msavepack[22m | Storing File: res://lightmaps/SITE_longcui-an_MAT_rooftile.json[39m[0m
[  58% ] [90m[1msavepack[22m | Storing File: res://.godot/imported/SITE_longcui-an_MAT_rooftile.png-952382cd2937f20b4ca0af1098db3cba.s3tc.ctex[39m[0m
[  58% ] [90m[1msavepack[22m | Storing File: res://lightmaps/SITE_longcui-an_MAT_rooftile.png.import[39m[0m
[  59% ] [90m[1msavepack[22m | Storing File: res://lightmaps/SITE_longcui-an_MAT_whitewash.json[39m[0m
[  59% ] [90m[1msavepack[22m | Storing File: res://.godot/imported/SITE_longcui-an_MAT_whitewash.png-0d2c922df71af84d5841498a2b7dfb03.s3tc.ctex[39m[0m
[  59% ] [90m[1msavepack[22m | Storing File: res://lightmaps/SITE_longcui-an_MAT_whitewash.png.import[39m[0m
[  59% ] [90m[1msavepack[22m | Storing File: res://lightmaps/SITE_ouxiang-xie_MAT_bronze.json[39m[0m
[  59% ] [90m[1msavepack[22m | Storing File: res://.godot/imported/SITE_ouxiang-xie_MAT_bronze.png-9a75a7b33232e940de396a3bdd048118.s3tc.ctex[39m[0m
[  59% ] [90m[1msavepack[22m | Storing File: res://lightmaps/SITE_ouxiang-xie_MAT_bronze.png.import[39m[0m
[  59% ] [90m[1msavepack[22m | Storing File: res://lightmaps/SITE_ouxiang-xie_MAT_foliage_card.json[39m[0m
[  59% ] [90m[1msavepack[22m | Storing File: res://.godot/imported/SITE_ouxiang-xie_MAT_foliage_card.png-f113e578a440bb8470bd41df64e5bbcd.s3tc.ctex[39m[0m
[  59% ] [90m[1msavepack[22m | Storing File: res://lightmaps/SITE_ouxiang-xie_MAT_foliage_card.png.import[39m[0m
[  59% ] [90m[1msavepack[22m | Storing File: res://lightmaps/SITE_ouxiang-xie_MAT_lantern.json[39m[0m
[  59% ] [90m[1msavepack[22m | Storing File: res://.godot/imported/SITE_ouxiang-xie_MAT_lantern.png-36d05665ed083ceaee7d28da9a0948e8.s3tc.ctex[39m[0m
[  59% ] [90m[1msavepack[22m | Storing File: res://lightmaps/SITE_ouxiang-xie_MAT_lantern.png.import[39m[0m
[  59% ] [90m[1msavepack[22m | Storing File: res://lightmaps/SITE_ouxiang-xie_MAT_lattice_wood.json[39m[0m
[  60% ] [90m[1msavepack[22m | Storing File: res://.godot/imported/SITE_ouxiang-xie_MAT_lattice_wood.png-09515d93e77b28d7741789275b91f028.s3tc.ctex[39m[0m
[  60% ] [90m[1msavepack[22m | Storing File: res://lightmaps/SITE_ouxiang-xie_MAT_lattice_wood.png.import[39m[0m
[  60% ] [90m[1msavepack[22m | Storing File: res://lightmaps/SITE_ouxiang-xie_MAT_plaster_rock.json[39m[0m
[  60% ] [90m[1msavepack[22m | Storing File: res://.godot/imported/SITE_ouxiang-xie_MAT_plaster_rock.png-1dd70e2dd8f2f35e92cecfc73141bbca.s3tc.ctex[39m[0m
[  60% ] [90m[1msavepack[22m | Storing File: res://lightmaps/SITE_ouxiang-xie_MAT_plaster_rock.png.import[39m[0m
[  60% ] [90m[1msavepack[22m | Storing File: res://lightmaps/SITE_ouxiang-xie_MAT_props_atlas.json[39m[0m
[  60% ] [90m[1msavepack[22m | Storing File: res://.godot/imported/SITE_ouxiang-xie_MAT_props_atlas.png-289147bdf4f88c58f70d00c942c5c4ec.s3tc.ctex[39m[0m
[  60% ] [90m[1msavepack[22m | Storing File: res://lightmaps/SITE_ouxiang-xie_MAT_props_atlas.png.import[39m[0m
[  60% ] [90m[1msavepack[22m | Storing File: res://lightmaps/SITE_ouxiang-xie_MAT_rooftile.json[39m[0m
[  60% ] [90m[1msavepack[22m | Storing File: res://.godot/imported/SITE_ouxiang-xie_MAT_rooftile.png-e7f43f473f1daab1ec32e10883f508a3.s3tc.ctex[39m[0m
[  60% ] [90m[1msavepack[22m | Storing File: res://lightmaps/SITE_ouxiang-xie_MAT_rooftile.png.import[39m[0m
[  60% ] [90m[1msavepack[22m | Storing File: res://lightmaps/SITE_qinfang-ting_MAT_bronze.json[39m[0m
[  60% ] [90m[1msavepack[22m | Storing File: res://.godot/imported/SITE_qinfang-ting_MAT_bronze.png-44e0d0444ff2e511a496d0213b4aa36f.s3tc.ctex[39m[0m
[  60% ] [90m[1msavepack[22m | Storing File: res://lightmaps/SITE_qinfang-ting_MAT_bronze.png.import[39m[0m
[  61% ] [90m[1msavepack[22m | Storing File: res://lightmaps/SITE_qinfang-ting_MAT_foliage_card.json[39m[0m
[  61% ] [90m[1msavepack[22m | Storing File: res://.godot/imported/SITE_qinfang-ting_MAT_foliage_card.png-f878367577e5b69a62b80a2734dbe714.s3tc.ctex[39m[0m
[  61% ] [90m[1msavepack[22m | Storing File: res://lightmaps/SITE_qinfang-ting_MAT_foliage_card.png.import[39m[0m
[  61% ] [90m[1msavepack[22m | Storing File: res://lightmaps/SITE_qinfang-ting_MAT_lantern.json[39m[0m
[  61% ] [90m[1msavepack[22m | Storing File: res://.godot/imported/SITE_qinfang-ting_MAT_lantern.png-622f5214e148587393a61f5d8ba75534.s3tc.ctex[39m[0m
[  61% ] [90m[1msavepack[22m | Storing File: res://lightmaps/SITE_qinfang-ting_MAT_lantern.png.import[39m[0m
[  61% ] [90m[1msavepack[22m | Storing File: res://lightmaps/SITE_qinfang-ting_MAT_lattice_wood.json[39m[0m
[  61% ] [90m[1msavepack[22m | Storing File: res://.godot/imported/SITE_qinfang-ting_MAT_lattice_wood.png-0516fb597d0b0357f7d83f27b85aa299.s3tc.ctex[39m[0m
[  61% ] [90m[1msavepack[22m | Storing File: res://lightmaps/SITE_qinfang-ting_MAT_lattice_wood.png.import[39m[0m
[  61% ] [90m[1msavepack[22m | Storing File: res://lightmaps/SITE_qinfang-ting_MAT_pavilion_atlas.json[39m[0m
[  61% ] [90m[1msavepack[22m | Storing File: res://.godot/imported/SITE_qinfang-ting_MAT_pavilion_atlas.png-e4078c122a2ac2ec9401ebfabd295385.s3tc.ctex[39m[0m
[  61% ] [90m[1msavepack[22m | Storing File: res://lightmaps/SITE_qinfang-ting_MAT_pavilion_atlas.png.import[39m[0m
[  61% ] [90m[1msavepack[22m | Storing File: res://lightmaps/SITE_qinfang-ting_MAT_plaster_rock.json[39m[0m
[  62% ] [90m[1msavepack[22m | Storing File: res://.godot/imported/SITE_qinfang-ting_MAT_plaster_rock.png-76e58adf54a19dbe637247db1acc6652.s3tc.ctex[39m[0m
[  62% ] [90m[1msavepack[22m | Storing File: res://lightmaps/SITE_qinfang-ting_MAT_plaster_rock.png.import[39m[0m
[  62% ] [90m[1msavepack[22m | Storing File: res://lightmaps/SITE_qinfang-ting_MAT_props_atlas.json[39m[0m
[  62% ] [90m[1msavepack[22m | Storing File: res://.godot/imported/SITE_qinfang-ting_MAT_props_atlas.png-74a37910c5f12919dc0fe2f1dc9cb86c.s3tc.ctex[39m[0m
[  62% ] [90m[1msavepack[22m | Storing File: res://lightmaps/SITE_qinfang-ting_MAT_props_atlas.png.import[39m[0m
[  62% ] [90m[1msavepack[22m | Storing File: res://lightmaps/SITE_qinfang-ting_MAT_rooftile.json[39m[0m
[  62% ] [90m[1msavepack[22m | Storing File: res://.godot/imported/SITE_qinfang-ting_MAT_rooftile.png-d2caf8395778c856fba23b2dabe516cc.s3tc.ctex[39m[0m
[  62% ] [90m[1msavepack[22m | Storing File: res://lightmaps/SITE_qinfang-ting_MAT_rooftile.png.import[39m[0m
[  62% ] [90m[1msavepack[22m | Storing File: res://lightmaps/SITE_qiushuang-zhai_MAT_backstage.json[39m[0m
[  62% ] [90m[1msavepack[22m | Storing File: res://.godot/imported/SITE_qiushuang-zhai_MAT_backstage.png-9dea100b871d161950230edb897c954e.s3tc.ctex[39m[0m
[  62% ] [90m[1msavepack[22m | Storing File: res://lightmaps/SITE_qiushuang-zhai_MAT_backstage.png.import[39m[0m
[  62% ] [90m[1msavepack[22m | Storing File: res://lightmaps/SITE_qiushuang-zhai_MAT_bronze.json[39m[0m
[  62% ] [90m[1msavepack[22m | Storing File: res://.godot/imported/SITE_qiushuang-zhai_MAT_bronze.png-5da45d1665d4eec84e3c3294a2bcc6f3.s3tc.ctex[39m[0m
[  62% ] [90m[1msavepack[22m | Storing File: res://lightmaps/SITE_qiushuang-zhai_MAT_bronze.png.import[39m[0m
[  63% ] [90m[1msavepack[22m | Storing File: res://lightmaps/SITE_qiushuang-zhai_MAT_crt_amber.json[39m[0m
[  63% ] [90m[1msavepack[22m | Storing File: res://.godot/imported/SITE_qiushuang-zhai_MAT_crt_amber.png-837091614a844323bd79f5a1c4698010.s3tc.ctex[39m[0m
[  63% ] [90m[1msavepack[22m | Storing File: res://lightmaps/SITE_qiushuang-zhai_MAT_crt_amber.png.import[39m[0m
[  63% ] [90m[1msavepack[22m | Storing File: res://lightmaps/SITE_qiushuang-zhai_MAT_lantern.json[39m[0m
[  63% ] [90m[1msavepack[22m | Storing File: res://.godot/imported/SITE_qiushuang-zhai_MAT_lantern.png-ef8b44d334e1f9033a2ed514d1e5f358.s3tc.ctex[39m[0m
[  63% ] [90m[1msavepack[22m | Storing File: res://lightmaps/SITE_qiushuang-zhai_MAT_lantern.png.import[39m[0m
[  63% ] [90m[1msavepack[22m | Storing File: res://lightmaps/SITE_qiushuang-zhai_MAT_lattice_wood.json[39m[0m
[  63% ] [90m[1msavepack[22m | Storing File: res://.godot/imported/SITE_qiushuang-zhai_MAT_lattice_wood.png-a097c45cc128471f62e868d62f92da03.s3tc.ctex[39m[0m
[  63% ] [90m[1msavepack[22m | Storing File: res://lightmaps/SITE_qiushuang-zhai_MAT_lattice_wood.png.import[39m[0m
[  63% ] [90m[1msavepack[22m | Storing File: res://lightmaps/SITE_qiushuang-zhai_MAT_plaster_rock.json[39m[0m
[  63% ] [90m[1msavepack[22m | Storing File: res://.godot/imported/SITE_qiushuang-zhai_MAT_plaster_rock.png-35c866afeb6de2dec9c1319a9fa3c5f0.s3tc.ctex[39m[0m
[  63% ] [90m[1msavepack[22m | Storing File: res://lightmaps/SITE_qiushuang-zhai_MAT_plaster_rock.png.import[39m[0m
[  63% ] [90m[1msavepack[22m | Storing File: res://lightmaps/SITE_qiushuang-zhai_MAT_props_atlas.json[39m[0m
[  64% ] [90m[1msavepack[22m | Storing File: res://.godot/imported/SITE_qiushuang-zhai_MAT_props_atlas.png-77864e39542f399a809b062ff3836c3b.s3tc.ctex[39m[0m
[  64% ] [90m[1msavepack[22m | Storing File: res://lightmaps/SITE_qiushuang-zhai_MAT_props_atlas.png.import[39m[0m
[  64% ] [90m[1msavepack[22m | Storing File: res://lightmaps/SITE_qiushuang-zhai_MAT_rooftile.json[39m[0m
[  64% ] [90m[1msavepack[22m | Storing File: res://.godot/imported/SITE_qiushuang-zhai_MAT_rooftile.png-55e6409697ce24552186f77d32488606.s3tc.ctex[39m[0m
[  64% ] [90m[1msavepack[22m | Storing File: res://lightmaps/SITE_qiushuang-zhai_MAT_rooftile.png.import[39m[0m
[  64% ] [90m[1msavepack[22m | Storing File: res://lightmaps/SITE_qiushuang-zhai_MAT_tech_atlas.json[39m[0m
[  64% ] [90m[1msavepack[22m | Storing File: res://.godot/imported/SITE_qiushuang-zhai_MAT_tech_atlas.png-266a8aaa16734fb0a33f614b8eb64453.s3tc.ctex[39m[0m
[  64% ] [90m[1msavepack[22m | Storing File: res://lightmaps/SITE_qiushuang-zhai_MAT_tech_atlas.png.import[39m[0m
[  64% ] [90m[1msavepack[22m | Storing File: res://lightmaps/SITE_qiushuang-zhai_MAT_whitewash.json[39m[0m
[  64% ] [90m[1msavepack[22m | Storing File: res://.godot/imported/SITE_qiushuang-zhai_MAT_whitewash.png-7c0bf24fc35bd5029f8d3066464eef02.s3tc.ctex[39m[0m
[  64% ] [90m[1msavepack[22m | Storing File: res://lightmaps/SITE_qiushuang-zhai_MAT_whitewash.png.import[39m[0m
[  64% ] [90m[1msavepack[22m | Storing File: res://lightmaps/SITE_rockery-gate_MAT_bronze.json[39m[0m
[  64% ] [90m[1msavepack[22m | Storing File: res://.godot/imported/SITE_rockery-gate_MAT_bronze.png-abae4d107ab6df023d8e1ca4fca5fe2e.s3tc.ctex[39m[0m
[  64% ] [90m[1msavepack[22m | Storing File: res://lightmaps/SITE_rockery-gate_MAT_bronze.png.import[39m[0m
[  65% ] [90m[1msavepack[22m | Storing File: res://lightmaps/SITE_rockery-gate_MAT_foliage_card.json[39m[0m
[  65% ] [90m[1msavepack[22m | Storing File: res://.godot/imported/SITE_rockery-gate_MAT_foliage_card.png-85a6448765e14d61a434714f2e761bee.s3tc.ctex[39m[0m
[  65% ] [90m[1msavepack[22m | Storing File: res://lightmaps/SITE_rockery-gate_MAT_foliage_card.png.import[39m[0m
[  65% ] [90m[1msavepack[22m | Storing File: res://lightmaps/SITE_rockery-gate_MAT_lantern.json[39m[0m
[  65% ] [90m[1msavepack[22m | Storing File: res://.godot/imported/SITE_rockery-gate_MAT_lantern.png-6600d51500c123ef932a77479eab06a0.s3tc.ctex[39m[0m
[  65% ] [90m[1msavepack[22m | Storing File: res://lightmaps/SITE_rockery-gate_MAT_lantern.png.import[39m[0m
[  65% ] [90m[1msavepack[22m | Storing File: res://lightmaps/SITE_rockery-gate_MAT_lattice_wood.json[39m[0m
[  65% ] [90m[1msavepack[22m | Storing File: res://.godot/imported/SITE_rockery-gate_MAT_lattice_wood.png-fb746792e645b02ba688e04ce2963e73.s3tc.ctex[39m[0m
[  65% ] [90m[1msavepack[22m | Storing File: res://lightmaps/SITE_rockery-gate_MAT_lattice_wood.png.import[39m[0m
[  65% ] [90m[1msavepack[22m | Storing File: res://lightmaps/SITE_rockery-gate_MAT_pavilion_atlas.json[39m[0m
[  65% ] [90m[1msavepack[22m | Storing File: res://.godot/imported/SITE_rockery-gate_MAT_pavilion_atlas.png-fcce0cde62e480aeea375a981871cb9a.s3tc.ctex[39m[0m
[  65% ] [90m[1msavepack[22m | Storing File: res://lightmaps/SITE_rockery-gate_MAT_pavilion_atlas.png.import[39m[0m
[  65% ] [90m[1msavepack[22m | Storing File: res://lightmaps/SITE_rockery-gate_MAT_plaster_rock.json[39m[0m
[  66% ] [90m[1msavepack[22m | Storing File: res://.godot/imported/SITE_rockery-gate_MAT_plaster_rock.png-fb0424d4fe4783c5752090dca5d10c13.s3tc.ctex[39m[0m
[  66% ] [90m[1msavepack[22m | Storing File: res://lightmaps/SITE_rockery-gate_MAT_plaster_rock.png.import[39m[0m
[  66% ] [90m[1msavepack[22m | Storing File: res://lightmaps/SITE_rockery-gate_MAT_props_atlas.json[39m[0m
[  66% ] [90m[1msavepack[22m | Storing File: res://.godot/imported/SITE_rockery-gate_MAT_props_atlas.png-3d284879ee90976f77bc1253ea2e4085.s3tc.ctex[39m[0m
[  66% ] [90m[1msavepack[22m | Storing File: res://lightmaps/SITE_rockery-gate_MAT_props_atlas.png.import[39m[0m
[  66% ] [90m[1msavepack[22m | Storing File: res://lightmaps/SITE_stage_MAT_backstage.json[39m[0m
[  66% ] [90m[1msavepack[22m | Storing File: res://.godot/imported/SITE_stage_MAT_backstage.png-a5825ed486a7c45881c4b54cfbcfa6c3.s3tc.ctex[39m[0m
[  66% ] [90m[1msavepack[22m | Storing File: res://lightmaps/SITE_stage_MAT_backstage.png.import[39m[0m
[  66% ] [90m[1msavepack[22m | Storing File: res://lightmaps/SITE_stage_MAT_cyclorama.json[39m[0m
[  66% ] [90m[1msavepack[22m | Storing File: res://.godot/imported/SITE_stage_MAT_cyclorama.png-535f38e8a118385b7dfb7c02ac870b22.s3tc.ctex[39m[0m
[  66% ] [90m[1msavepack[22m | Storing File: res://lightmaps/SITE_stage_MAT_cyclorama.png.import[39m[0m
[  66% ] [90m[1msavepack[22m | Storing File: res://lightmaps/SITE_stage_MAT_lattice_wood.json[39m[0m
[  66% ] [90m[1msavepack[22m | Storing File: res://.godot/imported/SITE_stage_MAT_lattice_wood.png-35759af3661589cbd0b10e3c1c918c22.s3tc.ctex[39m[0m
[  66% ] [90m[1msavepack[22m | Storing File: res://lightmaps/SITE_stage_MAT_lattice_wood.png.import[39m[0m
[  66% ] [90m[1msavepack[22m | Storing File: res://lightmaps/SITE_stage_MAT_painted_moon.json[39m[0m
[  66% ] [90m[1msavepack[22m | Storing File: res://.godot/imported/SITE_stage_MAT_painted_moon.png-fcc0480ae545f76f5fbcf30d5d04317a.s3tc.ctex[39m[0m
[  66% ] [90m[1msavepack[22m | Storing File: res://lightmaps/SITE_stage_MAT_painted_moon.png.import[39m[0m
[  66% ] [90m[1msavepack[22m | Storing File: res://lightmaps/SITE_stage_MAT_painted_mountains_0.json[39m[0m
[  66% ] [90m[1msavepack[22m | Storing File: res://.godot/imported/SITE_stage_MAT_painted_mountains_0.png-1de1d43d650067c73174747bfa7ded96.ctex[39m[0m
[  66% ] [90m[1msavepack[22m | Storing File: res://lightmaps/SITE_stage_MAT_painted_mountains_0.png.import[39m[0m
[  66% ] [90m[1msavepack[22m | Storing File: res://lightmaps/SITE_stage_MAT_painted_mountains_1.json[39m[0m
[  66% ] [90m[1msavepack[22m | Storing File: res://.godot/imported/SITE_stage_MAT_painted_mountains_1.png-62302be8b1f44f81fbf1f50a7ac2e98b.ctex[39m[0m
[  66% ] [90m[1msavepack[22m | Storing File: res://lightmaps/SITE_stage_MAT_painted_mountains_1.png.import[39m[0m
[  66% ] [90m[1msavepack[22m | Storing File: res://lightmaps/SITE_stage_MAT_painted_mountains_2.json[39m[0m
[  66% ] [90m[1msavepack[22m | Storing File: res://.godot/imported/SITE_stage_MAT_painted_mountains_2.png-b81b5898b148e8bfd9330a0a5a84e0db.ctex[39m[0m
[  66% ] [90m[1msavepack[22m | Storing File: res://lightmaps/SITE_stage_MAT_painted_mountains_2.png.import[39m[0m
[  66% ] [90m[1msavepack[22m | Storing File: res://lightmaps/SITE_stage_MAT_plaster_rock.json[39m[0m
[  66% ] [90m[1msavepack[22m | Storing File: res://.godot/imported/SITE_stage_MAT_plaster_rock.png-5da5f98f4a49a9e485e24721a3cb51bc.s3tc.ctex[39m[0m
[  66% ] [90m[1msavepack[22m | Storing File: res://lightmaps/SITE_stage_MAT_plaster_rock.png.import[39m[0m
[  67% ] [90m[1msavepack[22m | Storing File: res://lightmaps/SITE_stage_MAT_stage_canvas.json[39m[0m
[  67% ] [90m[1msavepack[22m | Storing File: res://.godot/imported/SITE_stage_MAT_stage_canvas.png-520dab80157e5b017008b05e41f6b1e5.s3tc.ctex[39m[0m
[  67% ] [90m[1msavepack[22m | Storing File: res://lightmaps/SITE_stage_MAT_stage_canvas.png.import[39m[0m
[  67% ] [90m[1msavepack[22m | Storing File: res://lightmaps/SITE_terminal-cells_MAT_backstage.json[39m[0m
[  67% ] [90m[1msavepack[22m | Storing File: res://.godot/imported/SITE_terminal-cells_MAT_backstage.png-05f8fd478d77a8faa7606e17623eef22.s3tc.ctex[39m[0m
[  67% ] [90m[1msavepack[22m | Storing File: res://lightmaps/SITE_terminal-cells_MAT_backstage.png.import[39m[0m
[  67% ] [90m[1msavepack[22m | Storing File: res://lightmaps/SITE_terminal-cells_MAT_crt_green.json[39m[0m
[  67% ] [90m[1msavepack[22m | Storing File: res://.godot/imported/SITE_terminal-cells_MAT_crt_green.png-c221ef51d082c9d838730d73f5f66614.s3tc.ctex[39m[0m
[  67% ] [90m[1msavepack[22m | Storing File: res://lightmaps/SITE_terminal-cells_MAT_crt_green.png.import[39m[0m
[  67% ] [90m[1msavepack[22m | Storing File: res://lightmaps/SITE_terminal-cells_MAT_lantern.json[39m[0m
[  67% ] [90m[1msavepack[22m | Storing File: res://.godot/imported/SITE_terminal-cells_MAT_lantern.png-20c3f68524cb99387b08c30eab65fa19.s3tc.ctex[39m[0m
[  67% ] [90m[1msavepack[22m | Storing File: res://lightmaps/SITE_terminal-cells_MAT_lantern.png.import[39m[0m
[  67% ] [90m[1msavepack[22m | Storing File: res://lightmaps/SITE_terminal-cells_MAT_lattice_wood.json[39m[0m
[  68% ] [90m[1msavepack[22m | Storing File: res://.godot/imported/SITE_terminal-cells_MAT_lattice_wood.png-836c55c51e4bcaca4208511df1b91683.s3tc.ctex[39m[0m
[  68% ] [90m[1msavepack[22m | Storing File: res://lightmaps/SITE_terminal-cells_MAT_lattice_wood.png.import[39m[0m
[  68% ] [90m[1msavepack[22m | Storing File: res://lightmaps/SITE_terminal-cells_MAT_plaster_rock.json[39m[0m
[  68% ] [90m[1msavepack[22m | Storing File: res://.godot/imported/SITE_terminal-cells_MAT_plaster_rock.png-8415488ef26c6317779eb9e45708c8d5.s3tc.ctex[39m[0m
[  68% ] [90m[1msavepack[22m | Storing File: res://lightmaps/SITE_terminal-cells_MAT_plaster_rock.png.import[39m[0m
[  68% ] [90m[1msavepack[22m | Storing File: res://lightmaps/SITE_terminal-cells_MAT_props_atlas.json[39m[0m
[  68% ] [90m[1msavepack[22m | Storing File: res://.godot/imported/SITE_terminal-cells_MAT_props_atlas.png-b98b505f44165d5f8a12a6633bd69634.s3tc.ctex[39m[0m
[  68% ] [90m[1msavepack[22m | Storing File: res://lightmaps/SITE_terminal-cells_MAT_props_atlas.png.import[39m[0m
[  68% ] [90m[1msavepack[22m | Storing File: res://lightmaps/SITE_terminal-cells_MAT_stage_atlas.json[39m[0m
[  68% ] [90m[1msavepack[22m | Storing File: res://.godot/imported/SITE_terminal-cells_MAT_stage_atlas.png-7855f29e26c257ec1f5ca9c757392ef7.s3tc.ctex[39m[0m
[  68% ] [90m[1msavepack[22m | Storing File: res://lightmaps/SITE_terminal-cells_MAT_stage_atlas.png.import[39m[0m
[  68% ] [90m[1msavepack[22m | Storing File: res://lightmaps/SITE_terminal-cells_MAT_tech_atlas.json[39m[0m
[  68% ] [90m[1msavepack[22m | Storing File: res://.godot/imported/SITE_terminal-cells_MAT_tech_atlas.png-e07a019c7c641d6c41b831d993f34d00.s3tc.ctex[39m[0m
[  68% ] [90m[1msavepack[22m | Storing File: res://lightmaps/SITE_terminal-cells_MAT_tech_atlas.png.import[39m[0m
[  69% ] [90m[1msavepack[22m | Storing File: res://lightmaps/SITE_terminal-cells_MAT_terminal_scroll.json[39m[0m
[  69% ] [90m[1msavepack[22m | Storing File: res://.godot/imported/SITE_terminal-cells_MAT_terminal_scroll.png-4f5d298cf78d89ec2d1f956bcad99318.s3tc.ctex[39m[0m
[  69% ] [90m[1msavepack[22m | Storing File: res://lightmaps/SITE_terminal-cells_MAT_terminal_scroll.png.import[39m[0m
[  69% ] [90m[1msavepack[22m | Storing File: res://lightmaps/SITE_tubi-tang_MAT_backstage.json[39m[0m
[  69% ] [90m[1msavepack[22m | Storing File: res://.godot/imported/SITE_tubi-tang_MAT_backstage.png-ec4f1cb5806e33e59404bf3f9acf4986.s3tc.ctex[39m[0m
[  69% ] [90m[1msavepack[22m | Storing File: res://lightmaps/SITE_tubi-tang_MAT_backstage.png.import[39m[0m
[  69% ] [90m[1msavepack[22m | Storing File: res://lightmaps/SITE_tubi-tang_MAT_bronze.json[39m[0m
[  69% ] [90m[1msavepack[22m | Storing File: res://.godot/imported/SITE_tubi-tang_MAT_bronze.png-64914de1e139f7cc18767a3d02b7e8b9.s3tc.ctex[39m[0m
[  69% ] [90m[1msavepack[22m | Storing File: res://lightmaps/SITE_tubi-tang_MAT_bronze.png.import[39m[0m
[  69% ] [90m[1msavepack[22m | Storing File: res://lightmaps/SITE_tubi-tang_MAT_crt_amber.json[39m[0m
[  69% ] [90m[1msavepack[22m | Storing File: res://.godot/imported/SITE_tubi-tang_MAT_crt_amber.png-dc8abc44078ed9823a33ba658010d26f.s3tc.ctex[39m[0m
[  69% ] [90m[1msavepack[22m | Storing File: res://lightmaps/SITE_tubi-tang_MAT_crt_amber.png.import[39m[0m
[  69% ] [90m[1msavepack[22m | Storing File: res://lightmaps/SITE_tubi-tang_MAT_lantern.json[39m[0m
[  70% ] [90m[1msavepack[22m | Storing File: res://.godot/imported/SITE_tubi-tang_MAT_lantern.png-f29287ef8ac3986b4e200b5efc8f0aa7.s3tc.ctex[39m[0m
[  70% ] [90m[1msavepack[22m | Storing File: res://lightmaps/SITE_tubi-tang_MAT_lantern.png.import[39m[0m
[  70% ] [90m[1msavepack[22m | Storing File: res://lightmaps/SITE_tubi-tang_MAT_lattice_wood.json[39m[0m
[  70% ] [90m[1msavepack[22m | Storing File: res://.godot/imported/SITE_tubi-tang_MAT_lattice_wood.png-5150c55e8d5cda52b2c4ae652975cb45.s3tc.ctex[39m[0m
[  70% ] [90m[1msavepack[22m | Storing File: res://lightmaps/SITE_tubi-tang_MAT_lattice_wood.png.import[39m[0m
[  70% ] [90m[1msavepack[22m | Storing File: res://lightmaps/SITE_tubi-tang_MAT_plaster_rock.json[39m[0m
[  70% ] [90m[1msavepack[22m | Storing File: res://.godot/imported/SITE_tubi-tang_MAT_plaster_rock.png-4ce9cdf21d57f9cb9818eda4ed3bf972.s3tc.ctex[39m[0m
[  70% ] [90m[1msavepack[22m | Storing File: res://lightmaps/SITE_tubi-tang_MAT_plaster_rock.png.import[39m[0m
[  70% ] [90m[1msavepack[22m | Storing File: res://lightmaps/SITE_tubi-tang_MAT_props_atlas.json[39m[0m
[  70% ] [90m[1msavepack[22m | Storing File: res://.godot/imported/SITE_tubi-tang_MAT_props_atlas.png-795fdeffb278d80879f6ae3833132245.s3tc.ctex[39m[0m
[  70% ] [90m[1msavepack[22m | Storing File: res://lightmaps/SITE_tubi-tang_MAT_props_atlas.png.import[39m[0m
[  70% ] [90m[1msavepack[22m | Storing File: res://lightmaps/SITE_tubi-tang_MAT_rooftile.json[39m[0m
[  70% ] [90m[1msavepack[22m | Storing File: res://.godot/imported/SITE_tubi-tang_MAT_rooftile.png-a419a015b34ebedf99ebf5f9aaf12170.s3tc.ctex[39m[0m
[  70% ] [90m[1msavepack[22m | Storing File: res://lightmaps/SITE_tubi-tang_MAT_rooftile.png.import[39m[0m
[  71% ] [90m[1msavepack[22m | Storing File: res://lightmaps/SITE_tubi-tang_MAT_tubi_terrace_plaster.json[39m[0m
[  71% ] [90m[1msavepack[22m | Storing File: res://.godot/imported/SITE_tubi-tang_MAT_tubi_terrace_plaster.png-f7c172d1f47da90c089c6eee611eda77.s3tc.ctex[39m[0m
[  71% ] [90m[1msavepack[22m | Storing File: res://lightmaps/SITE_tubi-tang_MAT_tubi_terrace_plaster.png.import[39m[0m
[  71% ] [90m[1msavepack[22m | Storing File: res://lightmaps/SITE_tubi-tang_MAT_whitewash.json[39m[0m
[  71% ] [90m[1msavepack[22m | Storing File: res://.godot/imported/SITE_tubi-tang_MAT_whitewash.png-143af477c29fe4924ee2d1da9abbffd1.s3tc.ctex[39m[0m
[  71% ] [90m[1msavepack[22m | Storing File: res://lightmaps/SITE_tubi-tang_MAT_whitewash.png.import[39m[0m
[  71% ] [90m[1msavepack[22m | Storing File: res://lightmaps/SITE_xiaoxiang-guan_MAT_backstage.json[39m[0m
[  71% ] [90m[1msavepack[22m | Storing File: res://.godot/imported/SITE_xiaoxiang-guan_MAT_backstage.png-ba8de710ecfd6a4a03fd51f6732699a9.s3tc.ctex[39m[0m
[  71% ] [90m[1msavepack[22m | Storing File: res://lightmaps/SITE_xiaoxiang-guan_MAT_backstage.png.import[39m[0m
[  71% ] [90m[1msavepack[22m | Storing File: res://lightmaps/SITE_xiaoxiang-guan_MAT_bronze.json[39m[0m
[  71% ] [90m[1msavepack[22m | Storing File: res://.godot/imported/SITE_xiaoxiang-guan_MAT_bronze.png-0ecac93c3b16890c4a7949e26bf91ee7.s3tc.ctex[39m[0m
[  71% ] [90m[1msavepack[22m | Storing File: res://lightmaps/SITE_xiaoxiang-guan_MAT_bronze.png.import[39m[0m
[  71% ] [90m[1msavepack[22m | Storing File: res://lightmaps/SITE_xiaoxiang-guan_MAT_crt_amber.json[39m[0m
[  72% ] [90m[1msavepack[22m | Storing File: res://.godot/imported/SITE_xiaoxiang-guan_MAT_crt_amber.png-b870a821869b869285bebdc13c801110.s3tc.ctex[39m[0m
[  72% ] [90m[1msavepack[22m | Storing File: res://lightmaps/SITE_xiaoxiang-guan_MAT_crt_amber.png.import[39m[0m
[  72% ] [90m[1msavepack[22m | Storing File: res://lightmaps/SITE_xiaoxiang-guan_MAT_foliage_card.json[39m[0m
[  72% ] [90m[1msavepack[22m | Storing File: res://.godot/imported/SITE_xiaoxiang-guan_MAT_foliage_card.png-812abfe97eb68d29a072284f42f99798.s3tc.ctex[39m[0m
[  72% ] [90m[1msavepack[22m | Storing File: res://lightmaps/SITE_xiaoxiang-guan_MAT_foliage_card.png.import[39m[0m
[  72% ] [90m[1msavepack[22m | Storing File: res://lightmaps/SITE_xiaoxiang-guan_MAT_lantern.json[39m[0m
[  72% ] [90m[1msavepack[22m | Storing File: res://.godot/imported/SITE_xiaoxiang-guan_MAT_lantern.png-071ba11209588ab7622258b76686e267.s3tc.ctex[39m[0m
[  72% ] [90m[1msavepack[22m | Storing File: res://lightmaps/SITE_xiaoxiang-guan_MAT_lantern.png.import[39m[0m
[  72% ] [90m[1msavepack[22m | Storing File: res://lightmaps/SITE_xiaoxiang-guan_MAT_lattice_wood.json[39m[0m
[  72% ] [90m[1msavepack[22m | Storing File: res://.godot/imported/SITE_xiaoxiang-guan_MAT_lattice_wood.png-ad0241b4c4ce059b33cf62e5dca1f473.s3tc.ctex[39m[0m
[  72% ] [90m[1msavepack[22m | Storing File: res://lightmaps/SITE_xiaoxiang-guan_MAT_lattice_wood.png.import[39m[0m
[  72% ] [90m[1msavepack[22m | Storing File: res://lightmaps/SITE_xiaoxiang-guan_MAT_plaster_rock.json[39m[0m
[  72% ] [90m[1msavepack[22m | Storing File: res://.godot/imported/SITE_xiaoxiang-guan_MAT_plaster_rock.png-dbaddd514559dd08880911d68c9aa5c0.s3tc.ctex[39m[0m
[  72% ] [90m[1msavepack[22m | Storing File: res://lightmaps/SITE_xiaoxiang-guan_MAT_plaster_rock.png.import[39m[0m
[  73% ] [90m[1msavepack[22m | Storing File: res://lightmaps/SITE_xiaoxiang-guan_MAT_rooftile.json[39m[0m
[  73% ] [90m[1msavepack[22m | Storing File: res://.godot/imported/SITE_xiaoxiang-guan_MAT_rooftile.png-2ad2f3bf12499eef36fe606fd93cc3c2.s3tc.ctex[39m[0m
[  73% ] [90m[1msavepack[22m | Storing File: res://lightmaps/SITE_xiaoxiang-guan_MAT_rooftile.png.import[39m[0m
[  73% ] [90m[1msavepack[22m | Storing File: res://lightmaps/SITE_xiaoxiang-guan_MAT_whitewash.json[39m[0m
[  73% ] [90m[1msavepack[22m | Storing File: res://.godot/imported/SITE_xiaoxiang-guan_MAT_whitewash.png-05d3e5e039c295e28c3c96cc68a76c86.s3tc.ctex[39m[0m
[  73% ] [90m[1msavepack[22m | Storing File: res://lightmaps/SITE_xiaoxiang-guan_MAT_whitewash.png.import[39m[0m
[  73% ] [90m[1msavepack[22m | Storing File: res://lightmaps/SITE_yihong-yuan_MAT_backstage.json[39m[0m
[  73% ] [90m[1msavepack[22m | Storing File: res://.godot/imported/SITE_yihong-yuan_MAT_backstage.png-145bddb37f6a516ffdd033dfe30e26a0.s3tc.ctex[39m[0m
[  73% ] [90m[1msavepack[22m | Storing File: res://lightmaps/SITE_yihong-yuan_MAT_backstage.png.import[39m[0m
[  73% ] [90m[1msavepack[22m | Storing File: res://lightmaps/SITE_yihong-yuan_MAT_bronze.json[39m[0m
[  73% ] [90m[1msavepack[22m | Storing File: res://.godot/imported/SITE_yihong-yuan_MAT_bronze.png-0ff16a0270c0a8b6298a54476aadfdd6.s3tc.ctex[39m[0m
[  73% ] [90m[1msavepack[22m | Storing File: res://lightmaps/SITE_yihong-yuan_MAT_bronze.png.import[39m[0m
[  73% ] [90m[1msavepack[22m | Storing File: res://lightmaps/SITE_yihong-yuan_MAT_crt_amber.json[39m[0m
[  74% ] [90m[1msavepack[22m | Storing File: res://.godot/imported/SITE_yihong-yuan_MAT_crt_amber.png-1ab06e828ba6f6f0a07add85a9cc64e6.s3tc.ctex[39m[0m
[  74% ] [90m[1msavepack[22m | Storing File: res://lightmaps/SITE_yihong-yuan_MAT_crt_amber.png.import[39m[0m
[  74% ] [90m[1msavepack[22m | Storing File: res://lightmaps/SITE_yihong-yuan_MAT_lantern.json[39m[0m
[  74% ] [90m[1msavepack[22m | Storing File: res://.godot/imported/SITE_yihong-yuan_MAT_lantern.png-37cfdbd16a39183595a96906472d1b8c.s3tc.ctex[39m[0m
[  74% ] [90m[1msavepack[22m | Storing File: res://lightmaps/SITE_yihong-yuan_MAT_lantern.png.import[39m[0m
[  74% ] [90m[1msavepack[22m | Storing File: res://lightmaps/SITE_yihong-yuan_MAT_lattice_wood.json[39m[0m
[  74% ] [90m[1msavepack[22m | Storing File: res://.godot/imported/SITE_yihong-yuan_MAT_lattice_wood.png-2f2c2b098761bb2d3112b01d7a1d6493.s3tc.ctex[39m[0m
[  74% ] [90m[1msavepack[22m | Storing File: res://lightmaps/SITE_yihong-yuan_MAT_lattice_wood.png.import[39m[0m
[  74% ] [90m[1msavepack[22m | Storing File: res://lightmaps/SITE_yihong-yuan_MAT_plaster_rock.json[39m[0m
[  74% ] [90m[1msavepack[22m | Storing File: res://.godot/imported/SITE_yihong-yuan_MAT_plaster_rock.png-4c750985059b745aeeb2ba36e44f5c4b.s3tc.ctex[39m[0m
[  74% ] [90m[1msavepack[22m | Storing File: res://lightmaps/SITE_yihong-yuan_MAT_plaster_rock.png.import[39m[0m
[  74% ] [90m[1msavepack[22m | Storing File: res://lightmaps/SITE_yihong-yuan_MAT_rooftile.json[39m[0m
[  74% ] [90m[1msavepack[22m | Storing File: res://.godot/imported/SITE_yihong-yuan_MAT_rooftile.png-543474504e1af663e912b22bcfcdd135.s3tc.ctex[39m[0m
[  74% ] [90m[1msavepack[22m | Storing File: res://lightmaps/SITE_yihong-yuan_MAT_rooftile.png.import[39m[0m
[  75% ] [90m[1msavepack[22m | Storing File: res://lightmaps/SITE_yihong-yuan_MAT_whitewash.json[39m[0m
[  75% ] [90m[1msavepack[22m | Storing File: res://.godot/imported/SITE_yihong-yuan_MAT_whitewash.png-3941042a55dedbabc9705ce2329fe1ec.s3tc.ctex[39m[0m
[  75% ] [90m[1msavepack[22m | Storing File: res://lightmaps/SITE_yihong-yuan_MAT_whitewash.png.import[39m[0m
[  75% ] [90m[1msavepack[22m | Storing File: res://lightmaps/SITE_yihong-yuan_MAT_yihong_lacquer.json[39m[0m
[  75% ] [90m[1msavepack[22m | Storing File: res://.godot/imported/SITE_yihong-yuan_MAT_yihong_lacquer.png-a41ad7e53f200e5833c60d3b93c3a5b1.s3tc.ctex[39m[0m
[  75% ] [90m[1msavepack[22m | Storing File: res://lightmaps/SITE_yihong-yuan_MAT_yihong_lacquer.png.import[39m[0m
[  75% ] [90m[1msavepack[22m | Storing File: res://lightmaps/SITE_ziling-zhou_MAT_bronze.json[39m[0m
[  75% ] [90m[1msavepack[22m | Storing File: res://.godot/imported/SITE_ziling-zhou_MAT_bronze.png-1894a4cfd036a41311fbe8207a7b889f.s3tc.ctex[39m[0m
[  75% ] [90m[1msavepack[22m | Storing File: res://lightmaps/SITE_ziling-zhou_MAT_bronze.png.import[39m[0m
[  75% ] [90m[1msavepack[22m | Storing File: res://lightmaps/SITE_ziling-zhou_MAT_foliage_card.json[39m[0m
[  75% ] [90m[1msavepack[22m | Storing File: res://.godot/imported/SITE_ziling-zhou_MAT_foliage_card.png-cbd5e654ad69caa3ef7c532c712eb573.s3tc.ctex[39m[0m
[  75% ] [90m[1msavepack[22m | Storing File: res://lightmaps/SITE_ziling-zhou_MAT_foliage_card.png.import[39m[0m
[  75% ] [90m[1msavepack[22m | Storing File: res://lightmaps/SITE_ziling-zhou_MAT_lattice_wood.json[39m[0m
[  76% ] [90m[1msavepack[22m | Storing File: res://.godot/imported/SITE_ziling-zhou_MAT_lattice_wood.png-dd3fe0eec9ef0861155cbe2349378ce4.s3tc.ctex[39m[0m
[  76% ] [90m[1msavepack[22m | Storing File: res://lightmaps/SITE_ziling-zhou_MAT_lattice_wood.png.import[39m[0m
[  76% ] [90m[1msavepack[22m | Storing File: res://lightmaps/SITE_ziling-zhou_MAT_pavilion_atlas.json[39m[0m
[  76% ] [90m[1msavepack[22m | Storing File: res://.godot/imported/SITE_ziling-zhou_MAT_pavilion_atlas.png-afb321b383c5a1f452e42b7bf6ed1e01.s3tc.ctex[39m[0m
[  76% ] [90m[1msavepack[22m | Storing File: res://lightmaps/SITE_ziling-zhou_MAT_pavilion_atlas.png.import[39m[0m
[  76% ] [90m[1msavepack[22m | Storing File: res://lightmaps/SITE_ziling-zhou_MAT_plaster_rock.json[39m[0m
[  76% ] [90m[1msavepack[22m | Storing File: res://.godot/imported/SITE_ziling-zhou_MAT_plaster_rock.png-338b6091c88b96212c8b73410b350897.s3tc.ctex[39m[0m
[  76% ] [90m[1msavepack[22m | Storing File: res://lightmaps/SITE_ziling-zhou_MAT_plaster_rock.png.import[39m[0m
[  76% ] [90m[1msavepack[22m | Storing File: res://lightmaps/terminal-spill-index.json[39m[0m
[  76% ] [90m[1msavepack[22m | Storing File: res://.godot/exported/133200997/export-26cb77601102870bd7fe692af26be25d-atlas.res[39m[0m
[  76% ] [90m[1msavepack[22m | Storing File: res://.godot/exported/133200997/export-0249fd472df73a3bab578170acc9bdb4-backstage.res[39m[0m
[  76% ] [90m[1msavepack[22m | Storing File: res://.godot/imported/cyclorama-dusk.png-8b735e8848ae56adeeb3d259d6f9d5da.s3tc.ctex[39m[0m
[  76% ] [90m[1msavepack[22m | Storing File: res://materials/stage/cyclorama-dusk.png.import[39m[0m
[  77% ] [90m[1msavepack[22m | Storing File: res://.godot/imported/cyclorama-mist.png-d7087ca2156eb9f67873e356a9cb9b85.s3tc.ctex[39m[0m
[  77% ] [90m[1msavepack[22m | Storing File: res://materials/stage/cyclorama-mist.png.import[39m[0m
[  77% ] [90m[1msavepack[22m | Storing File: res://.godot/imported/cyclorama-moonlit.png-b459b3b94ebdeb19caf31d6e7c4eca5c.s3tc.ctex[39m[0m
[  77% ] [90m[1msavepack[22m | Storing File: res://materials/stage/cyclorama-moonlit.png.import[39m[0m
[  77% ] [90m[1msavepack[22m | Storing File: res://.godot/exported/133200997/export-4af80d61b8445afb905c9b5361905f59-cyclorama_dusk.res[39m[0m
[  77% ] [90m[1msavepack[22m | Storing File: res://.godot/exported/133200997/export-dd6f7a3b80a5b714598baadfe2174e86-cyclorama_mist.res[39m[0m
[  77% ] [90m[1msavepack[22m | Storing File: res://.godot/exported/133200997/export-ca34d99b2104e6ab6dd1a2c7226e2b69-cyclorama_moonlit.res[39m[0m
[  77% ] [90m[1msavepack[22m | Storing File: res://.godot/exported/133200997/export-f2ffccb8d985805538c8a6c0ea6f166e-fog.res[39m[0m
[  77% ] [90m[1msavepack[22m | Storing File: res://.godot/exported/133200997/export-d419ac1f7e0f52ab1512e96d7659ff6e-gel.res[39m[0m
[  77% ] [90m[1msavepack[22m | Storing File: res://.godot/imported/mountain-paint.png-9d315343231b7fe2aea5f14cb34e7204.ctex[39m[0m
[  77% ] [90m[1msavepack[22m | Storing File: res://materials/stage/mountain-paint.png.import[39m[0m
[  77% ] [90m[1msavepack[22m | Storing File: res://.godot/exported/133200997/export-0cebff76f4b5f900da99be3793abf17c-painted_mountains.res[39m[0m
[  78% ] [90m[1msavepack[22m | Storing File: res://.godot/imported/stage-basecolor.png-fe0f01481c5e6a1a0a75536b73f83015.s3tc.ctex[39m[0m
[  78% ] [90m[1msavepack[22m | Storing File: res://materials/stage/stage-basecolor.png.import[39m[0m
[  78% ] [90m[1msavepack[22m | Storing File: res://.godot/imported/stage-orm.png-672c216064ff4af854877519c7ec8574.s3tc.ctex[39m[0m
[  78% ] [90m[1msavepack[22m | Storing File: res://materials/stage/stage-orm.png.import[39m[0m
[  78% ] [90m[1msavepack[22m | Storing File: res://.godot/exported/133200997/export-7bc15acf956196db83be81e7408b4dea-floor_fog.res[39m[0m
[  78% ] [90m[1msavepack[22m | Storing File: res://.godot/exported/133200997/export-0f78a5f9cb7070dcf580c65f2708abe9-flora_atlas.res[39m[0m
[  78% ] [90m[1msavepack[22m | Storing File: res://.godot/imported/fog-mask.png-2f6cb9a2f2f5400142829b0d24be08b6.s3tc.ctex[39m[0m
[  78% ] [90m[1msavepack[22m | Storing File: res://materials/fog-mask.png.import[39m[0m
[  78% ] [90m[1msavepack[22m | Storing File: res://.godot/exported/133200997/export-c80f98e3495facc12b3affa974d51ccc-props_atlas.res[39m[0m
[  78% ] [90m[1msavepack[22m | Storing File: res://.godot/imported/tech-noir-atlas.png-ed944e62d92edda29a1c86e785d1fc01.ctex[39m[0m
[  78% ] [90m[1msavepack[22m | Storing File: res://materials/tech-noir-atlas.png.import[39m[0m
[  78% ] [90m[1msavepack[22m | Storing File: res://.godot/exported/133200997/export-4a2ef9b6a9f37603cf4bbc394e758a5c-tech_atlas.res[39m[0m
[  78% ] [90m[1msavepack[22m | Storing File: res://.godot/exported/133200997/export-5dff9367920b059bd7c8bab7aa0aaf3a-terminal_scroll.res[39m[0m
[  79% ] [90m[1msavepack[22m | Storing File: res://.godot/imported/water-normal.png-059b9f623fa9a804a15e42c18e01fa66.s3tc.ctex[39m[0m
[  79% ] [90m[1msavepack[22m | Storing File: res://materials/water-normal.png.import[39m[0m
[  79% ] [90m[1msavepack[22m | Storing File: res://.godot/exported/133200997/export-127b97e2f90ed0aea73ab3f48e9a4cc9-water.res[39m[0m
[  79% ] [90m[1msavepack[22m | Storing File: res://runtime/backdrop_wash.gdc[39m[0m
[  79% ] [90m[1msavepack[22m | Storing File: res://runtime/baked_materials.gdc[39m[0m
[  79% ] [90m[1msavepack[22m | Storing File: res://.godot/exported/133200997/export-452c0e013ca98c8d39e20e5e6b366a67-color_grade.scn[39m[0m
[  79% ] [90m[1msavepack[22m | Storing File: res://runtime/demo_audio.gdc[39m[0m
[  79% ] [90m[1msavepack[22m | Storing File: res://runtime/demo_finale.gdc[39m[0m
[  79% ] [90m[1msavepack[22m | Storing File: res://runtime/entry_route.gdc[39m[0m
[  79% ] [90m[1msavepack[22m | Storing File: res://.godot/exported/133200997/export-6c35807b40b4566427350b1910b9dbad-entry_route.scn[39m[0m
[  80% ] [90m[1msavepack[22m | Storing File: res://.godot/exported/133200997/export-d32d0683f88ad8b8c3a8b6eb426f3a32-first_reading_demo.scn[39m[0m
[  80% ] [90m[1msavepack[22m | Storing File: res://runtime/flora_lod.gdc[39m[0m
[  80% ] [90m[1msavepack[22m | Storing File: res://runtime/hexagram_table.gdc[39m[0m
[  80% ] [90m[1msavepack[22m | Storing File: res://runtime/local_cast.gdc[39m[0m
[  80% ] [90m[1msavepack[22m | Storing File: res://runtime/pond_reflection.gdc[39m[0m
[  80% ] [90m[1msavepack[22m | Storing File: res://runtime/practical_lights.gdc[39m[0m
[  80% ] [90m[1msavepack[22m | Storing File: res://runtime/reading_result.gdc[39m[0m
[  80% ] [90m[1msavepack[22m | Storing File: res://runtime/terminal_spill.gdc[39m[0m
[  80% ] [90m[1msavepack[22m | Storing File: res://runtime/topic_browser.gdc[39m[0m
[  81% ] [90m[1msavepack[22m | Storing File: res://services/topics.gdc[39m[0m
[  81% ] [90m[1msavepack[22m | Storing File: res://shaders/baked_diffuse.gdshader[39m[0m
[  81% ] [90m[1msavepack[22m | Storing File: res://shaders/color_grade.gdshader[39m[0m
[  81% ] [90m[1msavepack[22m | Storing File: res://shaders/floor_fog.gdshader[39m[0m
[  81% ] [90m[1msavepack[22m | Storing File: res://shaders/pond_reflection.gdshader[39m[0m
[  81% ] [90m[1msavepack[22m | Storing File: res://shaders/water.gdshader[39m[0m
[  81% ] [90m[1msavepack[22m | Storing File: res://tests/fixtures/cycles-unit-sun.json[39m[0m
[  81% ] [90m[1msavepack[22m | Storing File: res://.godot/imported/cycles-unit-sun.png-a5db106682472e1a3af3332d196bebdd.ctex[39m[0m
[  81% ] [90m[1msavepack[22m | Storing File: res://tests/fixtures/cycles-unit-sun.png.import[39m[0m
[  81% ] [90m[1msavepack[22m | Storing File: res://tests/audit_runtime_textures.gdc[39m[0m
[  82% ] [90m[1msavepack[22m | Storing File: res://tests/capture_first_reading_demo.gdc[39m[0m
[  82% ] [90m[1msavepack[22m | Storing File: res://tests/capture_normal_atlas_candidate.gdc[39m[0m
[  82% ] [90m[1msavepack[22m | Storing File: res://tests/diagnose_imperial_bake.gdc[39m[0m
[  82% ] [90m[1msavepack[22m | Storing File: res://tests/diagnose_imperial_light.gdc[39m[0m
[  82% ] [90m[1msavepack[22m | Storing File: res://tests/diagnose_paddy_camera.gdc[39m[0m
[  82% ] [90m[1msavepack[22m | Storing File: res://tests/diagnose_pavilion_framing.gdc[39m[0m
[  82% ] [90m[1msavepack[22m | Storing File: res://tests/diagnose_pavilion_roof.gdc[39m[0m
[  82% ] [90m[1msavepack[22m | Storing File: res://tests/diagnose_static_shadow_cost.gdc[39m[0m
[  82% ] [90m[1msavepack[22m | Storing File: res://tests/inspect_bake_names.gdc[39m[0m
[  82% ] [90m[1msavepack[22m | Storing File: res://tests/inspect_stage_framing.gdc[39m[0m
[  83% ] [90m[1msavepack[22m | Storing File: res://tests/measure_pond_composition.gdc[39m[0m
[  83% ] [90m[1msavepack[22m | Storing File: res://tests/profile_android.gdc[39m[0m
[  83% ] [90m[1msavepack[22m | Storing File: res://tests/profile_first_reading_demo.gdc[39m[0m
[  83% ] [90m[1msavepack[22m | Storing File: res://tests/profile_garden.gdc[39m[0m
[  83% ] [90m[1msavepack[22m | Storing File: res://tests/profile_pavilion_atlas.gdc[39m[0m
[  83% ] [90m[1msavepack[22m | Storing File: res://tests/profile_reflection.gdc[39m[0m
[  83% ] [90m[1msavepack[22m | Storing File: res://tests/profile_viewport_allocation.gdc[39m[0m
[  83% ] [90m[1msavepack[22m | Storing File: res://tests/render_backstage_wall.gdc[39m[0m
[  83% ] [90m[1msavepack[22m | Storing File: res://tests/render_baked_garden.gdc[39m[0m
[  84% ] [90m[1msavepack[22m | Storing File: res://tests/render_baked_traversal.gdc[39m[0m
[  84% ] [90m[1msavepack[22m | Storing File: res://tests/render_bamboo.gdc[39m[0m
[  84% ] [90m[1msavepack[22m | Storing File: res://tests/render_courtyard.gdc[39m[0m
[  84% ] [90m[1msavepack[22m | Storing File: res://tests/render_demo_reading.gdc[39m[0m
[  84% ] [90m[1msavepack[22m | Storing File: res://tests/render_entry_route.gdc[39m[0m
[  84% ] [90m[1msavepack[22m | Storing File: res://tests/render_farmhouse.gdc[39m[0m
[  84% ] [90m[1msavepack[22m | Storing File: res://tests/render_first_reading_demo.gdc[39m[0m
[  84% ] [90m[1msavepack[22m | Storing File: res://tests/render_flora_kit.gdc[39m[0m
[  84% ] [90m[1msavepack[22m | Storing File: res://tests/render_folding_chair.gdc[39m[0m
[  85% ] [90m[1msavepack[22m | Storing File: res://tests/render_garden_signs.gdc[39m[0m
[  85% ] [90m[1msavepack[22m | Storing File: res://tests/render_gate_dressing.gdc[39m[0m
[  85% ] [90m[1msavepack[22m | Storing File: res://tests/render_gate_inscription.gdc[39m[0m
[  85% ] [90m[1msavepack[22m | Storing File: res://tests/render_gate_kit.gdc[39m[0m
[  85% ] [90m[1msavepack[22m | Storing File: res://tests/render_gate_reveal.gdc[39m[0m
[  85% ] [90m[1msavepack[22m | Storing File: res://tests/render_grade.gdc[39m[0m
[  85% ] [90m[1msavepack[22m | Storing File: res://tests/render_hengwu_kit.gdc[39m[0m
[  85% ] [90m[1msavepack[22m | Storing File: res://tests/render_hexagram_table.gdc[39m[0m
[  85% ] [90m[1msavepack[22m | Storing File: res://tests/render_hilltop.gdc[39m[0m
[  86% ] [90m[1msavepack[22m | Storing File: res://tests/render_imperial.gdc[39m[0m
[  86% ] [90m[1msavepack[22m | Storing File: res://tests/render_lightmap.gdc[39m[0m
[  86% ] [90m[1msavepack[22m | Storing File: res://tests/render_nunnery.gdc[39m[0m
[  86% ] [90m[1msavepack[22m | Storing File: res://tests/render_props_kit.gdc[39m[0m
[  86% ] [90m[1msavepack[22m | Storing File: res://tests/render_prop_placements.gdc[39m[0m
[  86% ] [90m[1msavepack[22m | Storing File: res://tests/render_qinfang_kit.gdc[39m[0m
[  86% ] [90m[1msavepack[22m | Storing File: res://tests/render_red_court.gdc[39m[0m
[  86% ] [90m[1msavepack[22m | Storing File: res://tests/render_reflection.gdc[39m[0m
[  86% ] [90m[1msavepack[22m | Storing File: res://tests/render_reflection_validation.gdc[39m[0m
[  87% ] [90m[1msavepack[22m | Storing File: res://tests/render_stage_enclosure.gdc[39m[0m
[  87% ] [90m[1msavepack[22m | Storing File: res://tests/render_stage_kit.gdc[39m[0m
[  87% ] [90m[1msavepack[22m | Storing File: res://tests/render_study.gdc[39m[0m
[  87% ] [90m[1msavepack[22m | Storing File: res://tests/render_surfaces.gdc[39m[0m
[  87% ] [90m[1msavepack[22m | Storing File: res://tests/render_table_action.gdc[39m[0m
[  87% ] [90m[1msavepack[22m | Storing File: res://tests/render_tech_kit.gdc[39m[0m
[  87% ] [90m[1msavepack[22m | Storing File: res://tests/render_terminal_chairs.gdc[39m[0m
[  87% ] [90m[1msavepack[22m | Storing File: res://tests/render_terminal_scrolls.gdc[39m[0m
[  87% ] [90m[1msavepack[22m | Storing File: res://tests/render_topics.gdc[39m[0m
[  88% ] [90m[1msavepack[22m | Storing File: res://tests/render_western_kit.gdc[39m[0m
[  88% ] [90m[1msavepack[22m | Storing File: res://tests/test_backdrop_wash.gdc[39m[0m
[  88% ] [90m[1msavepack[22m | Storing File: res://tests/test_backdrop_wash_sides.gdc[39m[0m
[  88% ] [90m[1msavepack[22m | Storing File: res://tests/test_baked_backdrop_layers.gdc[39m[0m
[  88% ] [90m[1msavepack[22m | Storing File: res://tests/test_baked_backdrop_wash.gdc[39m[0m
[  88% ] [90m[1msavepack[22m | Storing File: res://tests/test_baked_normal_response.gdc[39m[0m
[  88% ] [90m[1msavepack[22m | Storing File: res://tests/test_baked_pbr_render.gdc[39m[0m
[  88% ] [90m[1msavepack[22m | Storing File: res://tests/test_baked_pbr_textures.gdc[39m[0m
[  88% ] [90m[1msavepack[22m | Storing File: res://tests/test_bake_adapter.gdc[39m[0m
[  89% ] [90m[1msavepack[22m | Storing File: res://tests/test_bake_transfer.gdc[39m[0m
[  89% ] [90m[1msavepack[22m | Storing File: res://tests/test_bamboo_route.gdc[39m[0m
[  89% ] [90m[1msavepack[22m | Storing File: res://tests/test_corridor_integration.gdc[39m[0m
[  89% ] [90m[1msavepack[22m | Storing File: res://tests/test_corridor_kit.gdc[39m[0m
[  89% ] [90m[1msavepack[22m | Storing File: res://tests/test_courtyard_route.gdc[39m[0m
[  89% ] [90m[1msavepack[22m | Storing File: res://tests/test_demo_input_acceptance.gdc[39m[0m
[  89% ] [90m[1msavepack[22m | Storing File: res://tests/test_demo_reading.gdc[39m[0m
[  89% ] [90m[1msavepack[22m | Storing File: res://tests/test_entry_route.gdc[39m[0m
[  89% ] [90m[1msavepack[22m | Storing File: res://tests/test_farmhouse_route.gdc[39m[0m
[  90% ] [90m[1msavepack[22m | Storing File: res://tests/test_first_reading_demo.gdc[39m[0m
[  90% ] [90m[1msavepack[22m | Storing File: res://tests/test_flora_kit.gdc[39m[0m
[  90% ] [90m[1msavepack[22m | Storing File: res://tests/test_flora_placements.gdc[39m[0m
[  90% ] [90m[1msavepack[22m | Storing File: res://tests/test_full_scene_lighting.gdc[39m[0m
[  90% ] [90m[1msavepack[22m | Storing File: res://tests/test_gate_inscription_texture.gdc[39m[0m
[  90% ] [90m[1msavepack[22m | Storing File: res://tests/test_gate_reveal.gdc[39m[0m
[  90% ] [90m[1msavepack[22m | Storing File: res://tests/test_hexagram_table.gdc[39m[0m
[  90% ] [90m[1msavepack[22m | Storing File: res://tests/test_hilltop_route.gdc[39m[0m
[  90% ] [90m[1msavepack[22m | Storing File: res://tests/test_imperial_route.gdc[39m[0m
[  91% ] [90m[1msavepack[22m | Storing File: res://tests/test_import_source_contract.gdc[39m[0m
[  91% ] [90m[1msavepack[22m | Storing File: res://tests/test_local_cast.gdc[39m[0m
[  91% ] [90m[1msavepack[22m | Storing File: res://tests/test_mobile_ui_scaling.gdc[39m[0m
[  91% ] [90m[1msavepack[22m | Storing File: res://tests/test_mountain_lightmap_filtering.gdc[39m[0m
[  91% ] [90m[1msavepack[22m | Storing File: res://tests/test_mountain_paint.gdc[39m[0m
[  91% ] [90m[1msavepack[22m | Storing File: res://tests/test_mountain_paint_opt_in.gdc[39m[0m
[  91% ] [90m[1msavepack[22m | Storing File: res://tests/test_nunnery_route.gdc[39m[0m
[  91% ] [90m[1msavepack[22m | Storing File: res://tests/test_pavilion_atlas.gdc[39m[0m
[  91% ] [90m[1msavepack[22m | Storing File: res://tests/test_pavilion_kit.gdc[39m[0m
[  92% ] [90m[1msavepack[22m | Storing File: res://tests/test_pavilion_portrait_framing.gdc[39m[0m
[  92% ] [90m[1msavepack[22m | Storing File: res://tests/test_planar_reflection.gdc[39m[0m
[  92% ] [90m[1msavepack[22m | Storing File: res://tests/test_pond_view.gdc[39m[0m
[  92% ] [90m[1msavepack[22m | Storing File: res://tests/test_practical_lights.gdc[39m[0m
[  92% ] [90m[1msavepack[22m | Storing File: res://tests/test_props_bake_adapter.gdc[39m[0m
[  92% ] [90m[1msavepack[22m | Storing File: res://tests/test_props_kit.gdc[39m[0m
[  92% ] [90m[1msavepack[22m | Storing File: res://tests/test_prop_placements.gdc[39m[0m
[  92% ] [90m[1msavepack[22m | Storing File: res://tests/test_qinfang_action_layout.gdc[39m[0m
[  92% ] [90m[1msavepack[22m | Storing File: res://tests/test_qinfang_kit_integration.gdc[39m[0m
[  93% ] [90m[1msavepack[22m | Storing File: res://tests/test_red_court_route.gdc[39m[0m
[  93% ] [90m[1msavepack[22m | Storing File: res://tests/test_reflection_camera_alignment.gdc[39m[0m
[  93% ] [90m[1msavepack[22m | Storing File: res://tests/test_reflection_route.gdc[39m[0m
[  93% ] [90m[1msavepack[22m | Storing File: res://tests/test_rockery_kit.gdc[39m[0m
[  93% ] [90m[1msavepack[22m | Storing File: res://tests/test_site_key_import.gdc[39m[0m
[  93% ] [90m[1msavepack[22m | Storing File: res://tests/test_stage_enclosure.gdc[39m[0m
[  93% ] [90m[1msavepack[22m | Storing File: res://tests/test_stage_kit.gdc[39m[0m
[  93% ] [90m[1msavepack[22m | Storing File: res://tests/test_stage_placements.gdc[39m[0m
[  93% ] [90m[1msavepack[22m | Storing File: res://tests/test_study_lighting.gdc[39m[0m
[  94% ] [90m[1msavepack[22m | Storing File: res://tests/test_study_route.gdc[39m[0m
[  94% ] [90m[1msavepack[22m | Storing File: res://tests/test_surface_materials.gdc[39m[0m
[  94% ] [90m[1msavepack[22m | Storing File: res://tests/test_tech_kit.gdc[39m[0m
[  94% ] [90m[1msavepack[22m | Storing File: res://tests/test_tech_placements.gdc[39m[0m
[  94% ] [90m[1msavepack[22m | Storing File: res://tests/test_terminal_chair_placements.gdc[39m[0m
[  94% ] [90m[1msavepack[22m | Storing File: res://tests/test_terminal_scroll_placements.gdc[39m[0m
[  94% ] [90m[1msavepack[22m | Storing File: res://tests/test_terminal_spill.gdc[39m[0m
[  94% ] [90m[1msavepack[22m | Storing File: res://tests/test_topics.gdc[39m[0m
[  94% ] [90m[1msavepack[22m | Storing File: res://tests/test_topic_filter.gdc[39m[0m
[  95% ] [90m[1msavepack[22m | Storing File: res://tests/test_wall_kit.gdc[39m[0m
[  95% ] [90m[1msavepack[22m | Storing File: res://tests/test_water_kit.gdc[39m[0m
[  95% ] [90m[1msavepack[22m | Storing File: res://tests/test_western_route.gdc[39m[0m
[  95% ] [90m[1msavepack[22m | Storing File: res://tests/texture_binding_inventory.gdc[39m[0m
[  95% ] [90m[1msavepack[22m | Storing File: res://bake-render-validation.json[39m[0m
[  95% ] [90m[1msavepack[22m | Storing File: res://baked-traversal-validation.json[39m[0m
[  95% ] [90m[1msavepack[22m | Storing File: res://build_preview.gdc[39m[0m
[  95% ] [90m[1msavepack[22m | Storing File: res://demo-profile-desktop.json[39m[0m
[  95% ] [90m[1msavepack[22m | Storing File: res://flora_kit_import.gdc[39m[0m
[  96% ] [90m[1msavepack[22m | Storing File: res://garden_import.gdc[39m[0m
[  96% ] [90m[1msavepack[22m | Storing File: res://.godot/exported/133200997/export-100588ee1bdd0c8c92474db7704b51d0-garden_preview.scn[39m[0m
[  96% ] [90m[1msavepack[22m | Storing File: res://grade-validation.json[39m[0m
[  96% ] [90m[1msavepack[22m | Storing File: res://imperial-bake-diagnosis.json[39m[0m
[  96% ] [90m[1msavepack[22m | Storing File: res://imperial-bake-transfer-comparison.json[39m[0m
[  96% ] [90m[1msavepack[22m | Storing File: res://import-validation.json[39m[0m
[  96% ] [90m[1msavepack[22m | Storing File: res://inspect_lighting.gdc[39m[0m
[  96% ] [90m[1msavepack[22m | Storing File: res://lightmap-compression-comparison.json[39m[0m
[  96% ] [90m[1msavepack[22m | Storing File: res://pavilion-atlas-compressed.json[39m[0m
[  97% ] [90m[1msavepack[22m | Storing File: res://pavilion-atlas-uncompressed.json[39m[0m
[  97% ] [90m[1msavepack[22m | Storing File: res://pond-composition.json[39m[0m
[  97% ] [90m[1msavepack[22m | Storing File: res://pond-lighting-diagnosis.json[39m[0m
[  97% ] [90m[1msavepack[22m | Storing File: res://profile-desktop-baked-compressed-512.json[39m[0m
[  97% ] [90m[1msavepack[22m | Storing File: res://profile-desktop-baked-compressed-1024.json[39m[0m
[  97% ] [90m[1msavepack[22m | Storing File: res://profile-desktop-baked.json[39m[0m
[  97% ] [90m[1msavepack[22m | Storing File: res://profile-desktop-before-light-budget.json[39m[0m
[  97% ] [90m[1msavepack[22m | Storing File: res://profile-desktop-no-lights.json[39m[0m
[  97% ] [90m[1msavepack[22m | Storing File: res://profile-desktop-no-shadows.json[39m[0m
[  98% ] [90m[1msavepack[22m | Storing File: res://profile-desktop.json[39m[0m
[  98% ] [90m[1msavepack[22m | Storing File: res://profile-portrait.json[39m[0m
[  98% ] [90m[1msavepack[22m | Storing File: res://profile-reflection.json[39m[0m
[  98% ] [90m[1msavepack[22m | Storing File: res://props_kit_import.gdc[39m[0m
[  98% ] [90m[1msavepack[22m | Storing File: res://reflection-capture-region.json[39m[0m
[  98% ] [90m[1msavepack[22m | Storing File: res://reflection-validation.json[39m[0m
[  98% ] [90m[1msavepack[22m | Storing File: res://stage_kit_import.gdc[39m[0m
[  98% ] [90m[1msavepack[22m | Storing File: res://surface-validation.json[39m[0m
[  98% ] [90m[1msavepack[22m | Storing File: res://tech_kit_import.gdc[39m[0m
[  98% ] [90m[1msavepack[22m | Storing File: res://materials/stage/atlas.tres.remap[39m[0m
[  98% ] [90m[1msavepack[22m | Storing File: res://materials/stage/backstage.tres.remap[39m[0m
[  98% ] [90m[1msavepack[22m | Storing File: res://materials/stage/cyclorama_dusk.tres.remap[39m[0m
[  98% ] [90m[1msavepack[22m | Storing File: res://materials/stage/cyclorama_mist.tres.remap[39m[0m
[  98% ] [90m[1msavepack[22m | Storing File: res://materials/stage/cyclorama_moonlit.tres.remap[39m[0m
[  98% ] [90m[1msavepack[22m | Storing File: res://materials/stage/fog.tres.remap[39m[0m
[  98% ] [90m[1msavepack[22m | Storing File: res://materials/stage/gel.tres.remap[39m[0m
[  98% ] [90m[1msavepack[22m | Storing File: res://materials/stage/painted_mountains.tres.remap[39m[0m
[  98% ] [90m[1msavepack[22m | Storing File: res://materials/floor_fog.tres.remap[39m[0m
[  98% ] [90m[1msavepack[22m | Storing File: res://materials/flora_atlas.tres.remap[39m[0m
[  98% ] [90m[1msavepack[22m | Storing File: res://materials/props_atlas.tres.remap[39m[0m
[  98% ] [90m[1msavepack[22m | Storing File: res://materials/tech_atlas.tres.remap[39m[0m
[  98% ] [90m[1msavepack[22m | Storing File: res://materials/terminal_scroll.tres.remap[39m[0m
[  98% ] [90m[1msavepack[22m | Storing File: res://materials/water.tres.remap[39m[0m
[  98% ] [90m[1msavepack[22m | Storing File: res://runtime/backdrop_wash.gd.remap[39m[0m
[  98% ] [90m[1msavepack[22m | Storing File: res://runtime/baked_materials.gd.remap[39m[0m
[  98% ] [90m[1msavepack[22m | Storing File: res://runtime/color_grade.tscn.remap[39m[0m
[  98% ] [90m[1msavepack[22m | Storing File: res://runtime/demo_audio.gd.remap[39m[0m
[  98% ] [90m[1msavepack[22m | Storing File: res://runtime/demo_finale.gd.remap[39m[0m
[  98% ] [90m[1msavepack[22m | Storing File: res://runtime/entry_route.gd.remap[39m[0m
[  98% ] [90m[1msavepack[22m | Storing File: res://runtime/entry_route.tscn.remap[39m[0m
[  98% ] [90m[1msavepack[22m | Storing File: res://runtime/first_reading_demo.tscn.remap[39m[0m
[  98% ] [90m[1msavepack[22m | Storing File: res://runtime/flora_lod.gd.remap[39m[0m
[  98% ] [90m[1msavepack[22m | Storing File: res://runtime/hexagram_table.gd.remap[39m[0m
[  98% ] [90m[1msavepack[22m | Storing File: res://runtime/local_cast.gd.remap[39m[0m
[  98% ] [90m[1msavepack[22m | Storing File: res://runtime/pond_reflection.gd.remap[39m[0m
[  98% ] [90m[1msavepack[22m | Storing File: res://runtime/practical_lights.gd.remap[39m[0m
[  98% ] [90m[1msavepack[22m | Storing File: res://runtime/reading_result.gd.remap[39m[0m
[  98% ] [90m[1msavepack[22m | Storing File: res://runtime/terminal_spill.gd.remap[39m[0m
[  98% ] [90m[1msavepack[22m | Storing File: res://runtime/topic_browser.gd.remap[39m[0m
[  98% ] [90m[1msavepack[22m | Storing File: res://services/topics.gd.remap[39m[0m
[  98% ] [90m[1msavepack[22m | Storing File: res://tests/audit_runtime_textures.gd.remap[39m[0m
[  98% ] [90m[1msavepack[22m | Storing File: res://tests/capture_first_reading_demo.gd.remap[39m[0m
[  98% ] [90m[1msavepack[22m | Storing File: res://tests/capture_normal_atlas_candidate.gd.remap[39m[0m
[  98% ] [90m[1msavepack[22m | Storing File: res://tests/diagnose_imperial_bake.gd.remap[39m[0m
[  98% ] [90m[1msavepack[22m | Storing File: res://tests/diagnose_imperial_light.gd.remap[39m[0m
[  98% ] [90m[1msavepack[22m | Storing File: res://tests/diagnose_paddy_camera.gd.remap[39m[0m
[  98% ] [90m[1msavepack[22m | Storing File: res://tests/diagnose_pavilion_framing.gd.remap[39m[0m
[  98% ] [90m[1msavepack[22m | Storing File: res://tests/diagnose_pavilion_roof.gd.remap[39m[0m
[  98% ] [90m[1msavepack[22m | Storing File: res://tests/diagnose_static_shadow_cost.gd.remap[39m[0m
[  98% ] [90m[1msavepack[22m | Storing File: res://tests/inspect_bake_names.gd.remap[39m[0m
[  98% ] [90m[1msavepack[22m | Storing File: res://tests/inspect_stage_framing.gd.remap[39m[0m
[  98% ] [90m[1msavepack[22m | Storing File: res://tests/measure_pond_composition.gd.remap[39m[0m
[  98% ] [90m[1msavepack[22m | Storing File: res://tests/profile_android.gd.remap[39m[0m
[  98% ] [90m[1msavepack[22m | Storing File: res://tests/profile_first_reading_demo.gd.remap[39m[0m
[  98% ] [90m[1msavepack[22m | Storing File: res://tests/profile_garden.gd.remap[39m[0m
[  98% ] [90m[1msavepack[22m | Storing File: res://tests/profile_pavilion_atlas.gd.remap[39m[0m
[  98% ] [90m[1msavepack[22m | Storing File: res://tests/profile_reflection.gd.remap[39m[0m
[  98% ] [90m[1msavepack[22m | Storing File: res://tests/profile_viewport_allocation.gd.remap[39m[0m
[  98% ] [90m[1msavepack[22m | Storing File: res://tests/render_backstage_wall.gd.remap[39m[0m
[  98% ] [90m[1msavepack[22m | Storing File: res://tests/render_baked_garden.gd.remap[39m[0m
[  98% ] [90m[1msavepack[22m | Storing File: res://tests/render_baked_traversal.gd.remap[39m[0m
[  98% ] [90m[1msavepack[22m | Storing File: res://tests/render_bamboo.gd.remap[39m[0m
[  98% ] [90m[1msavepack[22m | Storing File: res://tests/render_courtyard.gd.remap[39m[0m
[  98% ] [90m[1msavepack[22m | Storing File: res://tests/render_demo_reading.gd.remap[39m[0m
[  98% ] [90m[1msavepack[22m | Storing File: res://tests/render_entry_route.gd.remap[39m[0m
[  98% ] [90m[1msavepack[22m | Storing File: res://tests/render_farmhouse.gd.remap[39m[0m
[  98% ] [90m[1msavepack[22m | Storing File: res://tests/render_first_reading_demo.gd.remap[39m[0m
[  98% ] [90m[1msavepack[22m | Storing File: res://tests/render_flora_kit.gd.remap[39m[0m
[  98% ] [90m[1msavepack[22m | Storing File: res://tests/render_folding_chair.gd.remap[39m[0m
[  98% ] [90m[1msavepack[22m | Storing File: res://tests/render_garden_signs.gd.remap[39m[0m
[  98% ] [90m[1msavepack[22m | Storing File: res://tests/render_gate_dressing.gd.remap[39m[0m
[  98% ] [90m[1msavepack[22m | Storing File: res://tests/render_gate_inscription.gd.remap[39m[0m
[  98% ] [90m[1msavepack[22m | Storing File: res://tests/render_gate_kit.gd.remap[39m[0m
[  98% ] [90m[1msavepack[22m | Storing File: res://tests/render_gate_reveal.gd.remap[39m[0m
[  98% ] [90m[1msavepack[22m | Storing File: res://tests/render_grade.gd.remap[39m[0m
[  98% ] [90m[1msavepack[22m | Storing File: res://tests/render_hengwu_kit.gd.remap[39m[0m
[  98% ] [90m[1msavepack[22m | Storing File: res://tests/render_hexagram_table.gd.remap[39m[0m
[  98% ] [90m[1msavepack[22m | Storing File: res://tests/render_hilltop.gd.remap[39m[0m
[  98% ] [90m[1msavepack[22m | Storing File: res://tests/render_imperial.gd.remap[39m[0m
[  98% ] [90m[1msavepack[22m | Storing File: res://tests/render_lightmap.gd.remap[39m[0m
[  98% ] [90m[1msavepack[22m | Storing File: res://tests/render_nunnery.gd.remap[39m[0m
[  98% ] [90m[1msavepack[22m | Storing File: res://tests/render_props_kit.gd.remap[39m[0m
[  98% ] [90m[1msavepack[22m | Storing File: res://tests/render_prop_placements.gd.remap[39m[0m
[  98% ] [90m[1msavepack[22m | Storing File: res://tests/render_qinfang_kit.gd.remap[39m[0m
[  98% ] [90m[1msavepack[22m | Storing File: res://tests/render_red_court.gd.remap[39m[0m
[  98% ] [90m[1msavepack[22m | Storing File: res://tests/render_reflection.gd.remap[39m[0m
[  98% ] [90m[1msavepack[22m | Storing File: res://tests/render_reflection_validation.gd.remap[39m[0m
[  98% ] [90m[1msavepack[22m | Storing File: res://tests/render_stage_enclosure.gd.remap[39m[0m
[  98% ] [90m[1msavepack[22m | Storing File: res://tests/render_stage_kit.gd.remap[39m[0m
[  98% ] [90m[1msavepack[22m | Storing File: res://tests/render_study.gd.remap[39m[0m
[  98% ] [90m[1msavepack[22m | Storing File: res://tests/render_surfaces.gd.remap[39m[0m
[  98% ] [90m[1msavepack[22m | Storing File: res://tests/render_table_action.gd.remap[39m[0m
[  98% ] [90m[1msavepack[22m | Storing File: res://tests/render_tech_kit.gd.remap[39m[0m
[  98% ] [90m[1msavepack[22m | Storing File: res://tests/render_terminal_chairs.gd.remap[39m[0m
[  98% ] [90m[1msavepack[22m | Storing File: res://tests/render_terminal_scrolls.gd.remap[39m[0m
[  98% ] [90m[1msavepack[22m | Storing File: res://tests/render_topics.gd.remap[39m[0m
[  98% ] [90m[1msavepack[22m | Storing File: res://tests/render_western_kit.gd.remap[39m[0m
[  98% ] [90m[1msavepack[22m | Storing File: res://tests/test_backdrop_wash.gd.remap[39m[0m
[  98% ] [90m[1msavepack[22m | Storing File: res://tests/test_backdrop_wash_sides.gd.remap[39m[0m
[  98% ] [90m[1msavepack[22m | Storing File: res://tests/test_baked_backdrop_layers.gd.remap[39m[0m
[  98% ] [90m[1msavepack[22m | Storing File: res://tests/test_baked_backdrop_wash.gd.remap[39m[0m
[  98% ] [90m[1msavepack[22m | Storing File: res://tests/test_baked_normal_response.gd.remap[39m[0m
[  98% ] [90m[1msavepack[22m | Storing File: res://tests/test_baked_pbr_render.gd.remap[39m[0m
[  98% ] [90m[1msavepack[22m | Storing File: res://tests/test_baked_pbr_textures.gd.remap[39m[0m
[  98% ] [90m[1msavepack[22m | Storing File: res://tests/test_bake_adapter.gd.remap[39m[0m
[  98% ] [90m[1msavepack[22m | Storing File: res://tests/test_bake_transfer.gd.remap[39m[0m
[  98% ] [90m[1msavepack[22m | Storing File: res://tests/test_bamboo_route.gd.remap[39m[0m
[  98% ] [90m[1msavepack[22m | Storing File: res://tests/test_corridor_integration.gd.remap[39m[0m
[  98% ] [90m[1msavepack[22m | Storing File: res://tests/test_corridor_kit.gd.remap[39m[0m
[  98% ] [90m[1msavepack[22m | Storing File: res://tests/test_courtyard_route.gd.remap[39m[0m
[  98% ] [90m[1msavepack[22m | Storing File: res://tests/test_demo_input_acceptance.gd.remap[39m[0m
[  98% ] [90m[1msavepack[22m | Storing File: res://tests/test_demo_reading.gd.remap[39m[0m
[  98% ] [90m[1msavepack[22m | Storing File: res://tests/test_entry_route.gd.remap[39m[0m
[  98% ] [90m[1msavepack[22m | Storing File: res://tests/test_farmhouse_route.gd.remap[39m[0m
[  98% ] [90m[1msavepack[22m | Storing File: res://tests/test_first_reading_demo.gd.remap[39m[0m
[  98% ] [90m[1msavepack[22m | Storing File: res://tests/test_flora_kit.gd.remap[39m[0m
[  98% ] [90m[1msavepack[22m | Storing File: res://tests/test_flora_placements.gd.remap[39m[0m
[  98% ] [90m[1msavepack[22m | Storing File: res://tests/test_full_scene_lighting.gd.remap[39m[0m
[  98% ] [90m[1msavepack[22m | Storing File: res://tests/test_gate_inscription_texture.gd.remap[39m[0m
[  98% ] [90m[1msavepack[22m | Storing File: res://tests/test_gate_reveal.gd.remap[39m[0m
[  98% ] [90m[1msavepack[22m | Storing File: res://tests/test_hexagram_table.gd.remap[39m[0m
[  98% ] [90m[1msavepack[22m | Storing File: res://tests/test_hilltop_route.gd.remap[39m[0m
[  98% ] [90m[1msavepack[22m | Storing File: res://tests/test_imperial_route.gd.remap[39m[0m
[  98% ] [90m[1msavepack[22m | Storing File: res://tests/test_import_source_contract.gd.remap[39m[0m
[  98% ] [90m[1msavepack[22m | Storing File: res://tests/test_local_cast.gd.remap[39m[0m
[  98% ] [90m[1msavepack[22m | Storing File: res://tests/test_mobile_ui_scaling.gd.remap[39m[0m
[  98% ] [90m[1msavepack[22m | Storing File: res://tests/test_mountain_lightmap_filtering.gd.remap[39m[0m
[  98% ] [90m[1msavepack[22m | Storing File: res://tests/test_mountain_paint.gd.remap[39m[0m
[  98% ] [90m[1msavepack[22m | Storing File: res://tests/test_mountain_paint_opt_in.gd.remap[39m[0m
[  98% ] [90m[1msavepack[22m | Storing File: res://tests/test_nunnery_route.gd.remap[39m[0m
[  98% ] [90m[1msavepack[22m | Storing File: res://tests/test_pavilion_atlas.gd.remap[39m[0m
[  98% ] [90m[1msavepack[22m | Storing File: res://tests/test_pavilion_kit.gd.remap[39m[0m
[  98% ] [90m[1msavepack[22m | Storing File: res://tests/test_pavilion_portrait_framing.gd.remap[39m[0m
[  98% ] [90m[1msavepack[22m | Storing File: res://tests/test_planar_reflection.gd.remap[39m[0m
[  98% ] [90m[1msavepack[22m | Storing File: res://tests/test_pond_view.gd.remap[39m[0m
[  98% ] [90m[1msavepack[22m | Storing File: res://tests/test_practical_lights.gd.remap[39m[0m
[  98% ] [90m[1msavepack[22m | Storing File: res://tests/test_props_bake_adapter.gd.remap[39m[0m
[  98% ] [90m[1msavepack[22m | Storing File: res://tests/test_props_kit.gd.remap[39m[0m
[  98% ] [90m[1msavepack[22m | Storing File: res://tests/test_prop_placements.gd.remap[39m[0m
[  98% ] [90m[1msavepack[22m | Storing File: res://tests/test_qinfang_action_layout.gd.remap[39m[0m
[  98% ] [90m[1msavepack[22m | Storing File: res://tests/test_qinfang_kit_integration.gd.remap[39m[0m
[  98% ] [90m[1msavepack[22m | Storing File: res://tests/test_red_court_route.gd.remap[39m[0m
[  98% ] [90m[1msavepack[22m | Storing File: res://tests/test_reflection_camera_alignment.gd.remap[39m[0m
[  98% ] [90m[1msavepack[22m | Storing File: res://tests/test_reflection_route.gd.remap[39m[0m
[  98% ] [90m[1msavepack[22m | Storing File: res://tests/test_rockery_kit.gd.remap[39m[0m
[  98% ] [90m[1msavepack[22m | Storing File: res://tests/test_site_key_import.gd.remap[39m[0m
[  98% ] [90m[1msavepack[22m | Storing File: res://tests/test_stage_enclosure.gd.remap[39m[0m
[  98% ] [90m[1msavepack[22m | Storing File: res://tests/test_stage_kit.gd.remap[39m[0m
[  98% ] [90m[1msavepack[22m | Storing File: res://tests/test_stage_placements.gd.remap[39m[0m
[  98% ] [90m[1msavepack[22m | Storing File: res://tests/test_study_lighting.gd.remap[39m[0m
[  98% ] [90m[1msavepack[22m | Storing File: res://tests/test_study_route.gd.remap[39m[0m
[  98% ] [90m[1msavepack[22m | Storing File: res://tests/test_surface_materials.gd.remap[39m[0m
[  98% ] [90m[1msavepack[22m | Storing File: res://tests/test_tech_kit.gd.remap[39m[0m
[  98% ] [90m[1msavepack[22m | Storing File: res://tests/test_tech_placements.gd.remap[39m[0m
[  98% ] [90m[1msavepack[22m | Storing File: res://tests/test_terminal_chair_placements.gd.remap[39m[0m
[  98% ] [90m[1msavepack[22m | Storing File: res://tests/test_terminal_scroll_placements.gd.remap[39m[0m
[  98% ] [90m[1msavepack[22m | Storing File: res://tests/test_terminal_spill.gd.remap[39m[0m
[  98% ] [90m[1msavepack[22m | Storing File: res://tests/test_topics.gd.remap[39m[0m
[  98% ] [90m[1msavepack[22m | Storing File: res://tests/test_topic_filter.gd.remap[39m[0m
[  98% ] [90m[1msavepack[22m | Storing File: res://tests/test_wall_kit.gd.remap[39m[0m
[  98% ] [90m[1msavepack[22m | Storing File: res://tests/test_water_kit.gd.remap[39m[0m
[  98% ] [90m[1msavepack[22m | Storing File: res://tests/test_western_route.gd.remap[39m[0m
[  98% ] [90m[1msavepack[22m | Storing File: res://tests/texture_binding_inventory.gd.remap[39m[0m
[  98% ] [90m[1msavepack[22m | Storing File: res://build_preview.gd.remap[39m[0m
[  98% ] [90m[1msavepack[22m | Storing File: res://flora_kit_import.gd.remap[39m[0m
[  98% ] [90m[1msavepack[22m | Storing File: res://garden_import.gd.remap[39m[0m
[  98% ] [90m[1msavepack[22m | Storing File: res://garden_preview.tscn.remap[39m[0m
[  98% ] [90m[1msavepack[22m | Storing File: res://inspect_lighting.gd.remap[39m[0m
[  98% ] [90m[1msavepack[22m | Storing File: res://props_kit_import.gd.remap[39m[0m
[  98% ] [90m[1msavepack[22m | Storing File: res://stage_kit_import.gd.remap[39m[0m
[  98% ] [90m[1msavepack[22m | Storing File: res://tech_kit_import.gd.remap[39m[0m
[  98% ] [90m[1msavepack[22m | Storing File: res://.godot/global_script_class_cache.cfg[39m[0m
[  98% ] [90m[1msavepack[22m | Storing File: res://.godot/uid_cache.bin[39m[0m
[  98% ] [90m[1msavepack[22m | Storing File: res://project.binary[39m[0m
[92m[ DONE ][39m [1msavepack[22m
[0m
