00:00.360  blend            | Read blend: "/Users/auchan/projects/garden-of-dreams/.superpowers/sdd/2026-09-23-garden-completion/ziling-source-art/lit-native-review/blender/authoring.blend"
BlenderMCP addon registered
INFO Draco is available, use library at /Applications/Blender.app/Contents/Resources/5.2/scripts/addons_core/io_scene_gltf2/libbf_intern_draco_bridge.dylib
INFO MeshOptimizer is available, use library at /Applications/Blender.app/Contents/Resources/5.2/scripts/addons_core/io_scene_gltf2/libbf_intern_meshopt_bridge.dylib
14:44:24 | INFO: Starting glTF 2.0 export
14:44:24 | INFO: Extracting primitive: COL_aojing_approach.001
14:44:24 | INFO: Primitives created: 1
14:44:24 | INFO: Extracting primitive: COL_aojing_approach.004
14:44:24 | INFO: Primitives created: 1
14:44:24 | INFO: Extracting primitive: COL_aojing_approach_guard.001
14:44:24 | INFO: Primitives created: 1
14:44:24 | INFO: Extracting primitive: COL_aojing_approach_guard.004
14:44:24 | INFO: Primitives created: 1
14:44:24 | INFO: Extracting primitive: COL_aojing_approach_ramp.002
14:44:24 | INFO: Primitives created: 1
14:44:24 | INFO: Extracting primitive: COL_daoxiang_approach.002
14:44:24 | INFO: Primitives created: 1
14:44:24 | INFO: Extracting primitive: COL_daoxiang_approach.003
14:44:24 | INFO: Primitives created: 1
14:44:24 | INFO: Extracting primitive: COL_hengwu_approach.002
14:44:24 | INFO: Primitives created: 1
14:44:24 | INFO: Extracting primitive: COL_hengwu_approach.003
14:44:24 | INFO: Primitives created: 1
14:44:24 | INFO: Extracting primitive: COL_longcui_approach.003
14:44:24 | INFO: Primitives created: 1
14:44:24 | INFO: Extracting primitive: COL_longcui_approach.004
14:44:24 | INFO: Primitives created: 1
14:44:24 | INFO: Extracting primitive: COL_longcui_approach.005
14:44:24 | INFO: Primitives created: 1
14:44:24 | INFO: Extracting primitive: Cube.009
14:44:24 | INFO: Primitives created: 1
14:44:24 | INFO: Extracting primitive: Cube.011
14:44:24 | INFO: Primitives created: 1
14:44:24 | INFO: Extracting primitive: Cube.012
14:44:24 | INFO: Primitives created: 1
14:44:24 | INFO: Extracting primitive: Cube.013
14:44:24 | INFO: Primitives created: 1
14:44:24 | INFO: Extracting primitive: Cube.019
14:44:24 | INFO: Primitives created: 1
14:44:24 | INFO: Extracting primitive: Cube.020
14:44:24 | INFO: Primitives created: 1
14:44:24 | INFO: Extracting primitive: Cube.023
14:44:24 | INFO: Primitives created: 1
14:44:24 | INFO: Extracting primitive: Cube.024
14:44:24 | INFO: Primitives created: 1
14:44:24 | INFO: Extracting primitive: Cube.048
14:44:24 | INFO: Primitives created: 1
14:44:24 | INFO: Extracting primitive: Cube.050
14:44:24 | INFO: Primitives created: 1
14:44:24 | INFO: Extracting primitive: Cube.052
14:44:24 | INFO: Primitives created: 1
14:44:24 | INFO: Extracting primitive: Cube.092
14:44:24 | INFO: Primitives created: 1
14:44:24 | INFO: Extracting primitive: Cube.093
14:44:24 | INFO: Primitives created: 1
14:44:24 | INFO: Extracting primitive: Cube.094
14:44:24 | INFO: Primitives created: 1
14:44:24 | INFO: Extracting primitive: Cube.095
14:44:24 | INFO: Primitives created: 1
14:44:24 | INFO: Extracting primitive: Cube.096
14:44:24 | INFO: Primitives created: 1
14:44:24 | INFO: Extracting primitive: Cube.097
14:44:24 | INFO: Primitives created: 1
14:44:24 | INFO: Extracting primitive: Cube.098
14:44:24 | INFO: Primitives created: 1
14:44:24 | INFO: Extracting primitive: Cube.099
14:44:24 | INFO: Primitives created: 1
14:44:24 | INFO: Extracting primitive: Cube.100
14:44:24 | INFO: Primitives created: 1
14:44:24 | INFO: Extracting primitive: Cube.101
14:44:24 | INFO: Primitives created: 1
14:44:24 | INFO: Extracting primitive: Cube.102
14:44:24 | INFO: Primitives created: 1
14:44:24 | INFO: Extracting primitive: Cube.103
14:44:24 | INFO: Primitives created: 1
14:44:24 | INFO: Extracting primitive: Cube.104
14:44:24 | INFO: Primitives created: 1
14:44:24 | INFO: Extracting primitive: Cube.105
14:44:24 | INFO: Primitives created: 1
14:44:24 | INFO: Extracting primitive: Cube.106
14:44:24 | INFO: Primitives created: 1
14:44:24 | INFO: Extracting primitive: Cube.107
14:44:24 | INFO: Primitives created: 1
14:44:24 | INFO: Extracting primitive: Cube.108
14:44:24 | INFO: Primitives created: 1
14:44:24 | INFO: Extracting primitive: Cube.109
14:44:24 | INFO: Primitives created: 1
14:44:24 | INFO: Extracting primitive: Cube.110
14:44:24 | INFO: Primitives created: 1
14:44:24 | INFO: Extracting primitive: Cube.111
14:44:24 | INFO: Primitives created: 1
14:44:24 | INFO: Extracting primitive: Cube.112
14:44:24 | INFO: Primitives created: 1
14:44:24 | INFO: Extracting primitive: Cube.113
14:44:24 | INFO: Primitives created: 1
14:44:24 | INFO: Extracting primitive: Cube.114
14:44:24 | INFO: Primitives created: 1
14:44:24 | INFO: Extracting primitive: Cube.115
14:44:24 | INFO: Primitives created: 1
14:44:24 | INFO: Extracting primitive: Cube.116
14:44:24 | INFO: Primitives created: 1
14:44:24 | INFO: Extracting primitive: Cube.117
14:44:24 | INFO: Primitives created: 1
14:44:24 | INFO: Extracting primitive: Cube.118
14:44:24 | INFO: Primitives created: 1
14:44:24 | INFO: Extracting primitive: Cube.119
14:44:24 | INFO: Primitives created: 1
14:44:24 | INFO: Extracting primitive: Cube.120
14:44:24 | INFO: Primitives created: 1
14:44:24 | INFO: Extracting primitive: Cube.121
14:44:24 | INFO: Primitives created: 1
14:44:24 | INFO: Extracting primitive: Cube.122
14:44:24 | INFO: Primitives created: 1
14:44:24 | INFO: Extracting primitive: Cube.123
14:44:24 | INFO: Primitives created: 1
14:44:24 | INFO: Extracting primitive: Cube.124
14:44:24 | INFO: Primitives created: 1
14:44:24 | INFO: Extracting primitive: Cube.125
14:44:24 | INFO: Primitives created: 1
14:44:24 | INFO: Extracting primitive: Cube.126
14:44:24 | INFO: Primitives created: 1
14:44:24 | INFO: Extracting primitive: Cube.127
14:44:24 | INFO: Primitives created: 1
14:44:24 | INFO: Extracting primitive: Cube.128
14:44:24 | INFO: Primitives created: 1
14:44:24 | INFO: Extracting primitive: Cube.129
14:44:24 | INFO: Primitives created: 1
14:44:24 | INFO: Extracting primitive: Cube.130
14:44:24 | INFO: Primitives created: 1
14:44:24 | INFO: Extracting primitive: Cube.131
14:44:24 | INFO: Primitives created: 1
14:44:24 | INFO: Extracting primitive: Cube.132
14:44:24 | INFO: Primitives created: 1
14:44:24 | INFO: Extracting primitive: Cube.133
14:44:24 | INFO: Primitives created: 1
14:44:24 | INFO: Extracting primitive: Cube.134
14:44:24 | INFO: Primitives created: 1
14:44:24 | INFO: Extracting primitive: Cube.135
14:44:24 | INFO: Primitives created: 1
14:44:24 | INFO: Extracting primitive: Cube.136
14:44:24 | INFO: Primitives created: 1
14:44:24 | INFO: Extracting primitive: Cube.137
14:44:24 | INFO: Primitives created: 1
14:44:24 | INFO: Extracting primitive: Cube.138
14:44:24 | INFO: Primitives created: 1
14:44:24 | INFO: Extracting primitive: Cube.139
14:44:24 | INFO: Primitives created: 1
14:44:24 | INFO: Extracting primitive: Cube.140
14:44:24 | INFO: Primitives created: 1
14:44:24 | INFO: Extracting primitive: Cube.141
14:44:24 | INFO: Primitives created: 1
14:44:24 | INFO: Extracting primitive: Cube.142
14:44:24 | INFO: Primitives created: 1
14:44:24 | INFO: Extracting primitive: Cube.143
14:44:24 | INFO: Primitives created: 1
14:44:24 | INFO: Extracting primitive: Cube.144
14:44:24 | INFO: Primitives created: 1
14:44:24 | INFO: Extracting primitive: COL_stone_walk.005
14:44:24 | INFO: Primitives created: 1
14:44:24 | INFO: Extracting primitive: COL_stone_walk.008
14:44:24 | INFO: Primitives created: 1
14:44:24 | INFO: Extracting primitive: COL_stone_walk.009
14:44:24 | INFO: Primitives created: 1
14:44:24 | INFO: Extracting primitive: COL_stone_walk.010
14:44:24 | INFO: Primitives created: 1
14:44:24 | INFO: Extracting primitive: COL_stone_walk.011
14:44:24 | INFO: Primitives created: 1
14:44:24 | INFO: Extracting primitive: COL_stone_walk.012
14:44:24 | INFO: Primitives created: 1
14:44:24 | INFO: Extracting primitive: COL_study_approach.002
14:44:24 | INFO: Primitives created: 1
14:44:24 | INFO: Extracting primitive: COL_tubi_approach.001
14:44:24 | INFO: Primitives created: 1
14:44:24 | INFO: Extracting primitive: COL_tubi_approach.002
14:44:24 | INFO: Primitives created: 1
14:44:24 | INFO: Extracting primitive: COL_tubi_approach.007
14:44:24 | INFO: Primitives created: 1
14:44:24 | INFO: Extracting primitive: COL_tubi_approach.008
14:44:24 | INFO: Primitives created: 1
14:44:24 | INFO: Extracting primitive: KIT_stage_floor.001
14:44:24 | INFO: Primitives created: 1
14:44:24 | INFO: Extracting primitive: AOJING_approach_guard.001
14:44:24 | INFO: Primitives created: 1
14:44:24 | INFO: Extracting primitive: KIT_stage_painted_moon.001
14:44:24 | INFO: Primitives created: 1
14:44:24 | INFO: Extracting primitive: KIT_stage_painted_mountain_layer.003
14:44:24 | INFO: Primitives created: 1
14:44:24 | INFO: Extracting primitive: KIT_stage_painted_mountain_layer.004
14:44:24 | INFO: Primitives created: 1
14:44:24 | INFO: Extracting primitive: KIT_stage_painted_mountain_layer.005
14:44:24 | INFO: Primitives created: 1
14:44:24 | INFO: Extracting primitive: KIT_water_stone_walk.005
14:44:24 | INFO: Primitives created: 1
14:44:24 | INFO: Extracting primitive: Painted coved ceiling candidate.001
14:44:24 | INFO: Primitives created: 1
14:44:24 | INFO: Extracting primitive: KIT_stage_painted_canvas.002
14:44:24 | INFO: Primitives created: 1
14:44:24 | INFO: Extracting primitive: Eight painted cyclorama arcs.001
14:44:24 | WARNING: More than one shader node tex image used for a texture. The resulting glTF sampler will behave like the first shader node tex image.
14:44:24 | INFO: Primitives created: 2
14:44:24 | INFO: Extracting primitive: KIT_stage_fog_plane_render.002
14:44:24 | INFO: Primitives created: 1
14:44:24 | INFO: Finished glTF 2.0 export in 0.18930721282958984 s

14:44:28 | INFO: Starting glTF 2.0 export
14:44:28 | INFO: Extracting primitive: Cube.147
14:44:28 | INFO: Primitives created: 1
14:44:28 | INFO: Extracting primitive: Cube.148
14:44:28 | INFO: Primitives created: 1
14:44:28 | INFO: Extracting primitive: Cube.149
14:44:28 | INFO: Primitives created: 1
14:44:28 | INFO: Extracting primitive: Cube.150
14:44:28 | INFO: Primitives created: 1
14:44:28 | INFO: Extracting primitive: COL_bridge_crosswalk.002
14:44:28 | INFO: Primitives created: 1
14:44:28 | INFO: Extracting primitive: COL_bridge_crosswalk.003
14:44:28 | INFO: Primitives created: 1
14:44:28 | INFO: Extracting primitive: COL_floor_joint_pavilion_east_joint.001
14:44:28 | INFO: Primitives created: 1
14:44:28 | INFO: Extracting primitive: COL_floor_joint_pavilion_west_joint.001
14:44:28 | INFO: Primitives created: 1
14:44:28 | INFO: Extracting primitive: Cube.146
14:44:28 | INFO: Primitives created: 1
14:44:28 | INFO: Extracting primitive: Cube.145
14:44:28 | INFO: Primitives created: 1
14:44:28 | INFO: Extracting primitive: COL_corridor_floor.009
14:44:28 | INFO: Primitives created: 1
14:44:28 | INFO: Extracting primitive: COL_corridor_side.015
14:44:28 | INFO: Primitives created: 1
14:44:28 | INFO: Extracting primitive: COL_corridor_side.016
14:44:28 | INFO: Primitives created: 1
14:44:28 | INFO: Extracting primitive: COL_corridor_post.016
14:44:28 | INFO: Primitives created: 1
14:44:28 | INFO: Extracting primitive: COL_corridor_post.017
14:44:28 | INFO: Primitives created: 1
14:44:28 | INFO: Extracting primitive: COL_corridor_floor.010
14:44:28 | INFO: Primitives created: 1
14:44:28 | INFO: Extracting primitive: COL_corridor_side.017
14:44:28 | INFO: Primitives created: 1
14:44:28 | INFO: Extracting primitive: COL_corridor_side.018
14:44:28 | INFO: Primitives created: 1
14:44:28 | INFO: Extracting primitive: COL_corridor_post.018
14:44:28 | INFO: Primitives created: 1
14:44:28 | INFO: Extracting primitive: COL_corridor_post.019
14:44:28 | INFO: Primitives created: 1
14:44:28 | INFO: Extracting primitive: COL_corridor_floor.011
14:44:28 | INFO: Primitives created: 1
14:44:28 | INFO: Extracting primitive: COL_corridor_side.019
14:44:28 | INFO: Primitives created: 1
14:44:28 | INFO: Extracting primitive: COL_corridor_side.020
14:44:28 | INFO: Primitives created: 1
14:44:28 | INFO: Extracting primitive: COL_corridor_post.020
14:44:28 | INFO: Primitives created: 1
14:44:28 | INFO: Extracting primitive: COL_corridor_post.021
14:44:28 | INFO: Primitives created: 1
14:44:28 | INFO: Extracting primitive: COL_corridor_floor.012
14:44:28 | INFO: Primitives created: 1
14:44:28 | INFO: Extracting primitive: COL_corridor_side.021
14:44:28 | INFO: Primitives created: 1
14:44:28 | INFO: Extracting primitive: COL_corridor_side.022
14:44:28 | INFO: Primitives created: 1
14:44:28 | INFO: Extracting primitive: COL_corridor_post.022
14:44:28 | INFO: Primitives created: 1
14:44:28 | INFO: Extracting primitive: COL_corridor_post.023
14:44:28 | INFO: Primitives created: 1
14:44:28 | INFO: Extracting primitive: COL_corridor_floor.001
14:44:28 | INFO: Primitives created: 1
14:44:28 | INFO: Extracting primitive: COL_corridor_side.001
14:44:28 | INFO: Primitives created: 1
14:44:28 | INFO: Extracting primitive: COL_corridor_side.002
14:44:28 | INFO: Primitives created: 1
14:44:28 | INFO: Extracting primitive: COL_corridor_post.001
14:44:28 | INFO: Primitives created: 1
14:44:28 | INFO: Extracting primitive: COL_corridor_post.002
14:44:28 | INFO: Primitives created: 1
14:44:28 | INFO: Extracting primitive: COL_corridor_floor.002
14:44:28 | INFO: Primitives created: 1
14:44:28 | INFO: Extracting primitive: COL_corridor_side.003
14:44:28 | INFO: Primitives created: 1
14:44:28 | INFO: Extracting primitive: COL_corridor_side.004
14:44:28 | INFO: Primitives created: 1
14:44:28 | INFO: Extracting primitive: COL_corridor_post.003
14:44:28 | INFO: Primitives created: 1
14:44:28 | INFO: Extracting primitive: COL_corridor_post.004
14:44:28 | INFO: Primitives created: 1
14:44:28 | INFO: Extracting primitive: COL_corridor_floor.003
14:44:28 | INFO: Primitives created: 1
14:44:28 | INFO: Extracting primitive: COL_corridor_side.005
14:44:28 | INFO: Primitives created: 1
14:44:28 | INFO: Extracting primitive: COL_corridor_side.006
14:44:28 | INFO: Primitives created: 1
14:44:28 | INFO: Extracting primitive: COL_corridor_post.005
14:44:28 | INFO: Primitives created: 1
14:44:28 | INFO: Extracting primitive: COL_corridor_post.006
14:44:28 | INFO: Primitives created: 1
14:44:28 | INFO: Extracting primitive: COL_corridor_floor.004
14:44:28 | INFO: Primitives created: 1
14:44:28 | INFO: Extracting primitive: COL_corridor_side.007
14:44:28 | INFO: Primitives created: 1
14:44:28 | INFO: Extracting primitive: COL_corridor_side.008
14:44:28 | INFO: Primitives created: 1
14:44:28 | INFO: Extracting primitive: COL_corridor_post.007
14:44:28 | INFO: Primitives created: 1
14:44:28 | INFO: Extracting primitive: COL_corridor_post.008
14:44:28 | INFO: Primitives created: 1
14:44:28 | INFO: Extracting primitive: COL_corridor_floor.005
14:44:28 | INFO: Primitives created: 1
14:44:28 | INFO: Extracting primitive: COL_corridor_side.009
14:44:28 | INFO: Primitives created: 1
14:44:28 | INFO: Extracting primitive: COL_corridor_side.010
14:44:28 | INFO: Primitives created: 1
14:44:28 | INFO: Extracting primitive: COL_corridor_post.009
14:44:28 | INFO: Primitives created: 1
14:44:28 | INFO: Extracting primitive: COL_corridor_post.010
14:44:28 | INFO: Primitives created: 1
14:44:28 | INFO: Extracting primitive: COL_corridor_floor.006
14:44:28 | INFO: Primitives created: 1
14:44:28 | INFO: Extracting primitive: COL_corridor_side.011
14:44:28 | INFO: Primitives created: 1
14:44:28 | INFO: Extracting primitive: COL_corridor_post.011
14:44:28 | INFO: Primitives created: 1
14:44:28 | INFO: Extracting primitive: COL_corridor_post.012
14:44:28 | INFO: Primitives created: 1
14:44:28 | INFO: Extracting primitive: COL_corridor_floor.007
14:44:28 | INFO: Primitives created: 1
14:44:28 | INFO: Extracting primitive: COL_corridor_side.012
14:44:28 | INFO: Primitives created: 1
14:44:28 | INFO: Extracting primitive: COL_corridor_post.013
14:44:28 | INFO: Primitives created: 1
14:44:28 | INFO: Extracting primitive: COL_corridor_floor.008
14:44:28 | INFO: Primitives created: 1
14:44:28 | INFO: Extracting primitive: COL_corridor_side.013
14:44:28 | INFO: Primitives created: 1
14:44:28 | INFO: Extracting primitive: COL_corridor_side.014
14:44:28 | INFO: Primitives created: 1
14:44:28 | INFO: Extracting primitive: COL_corridor_post.014
14:44:28 | INFO: Primitives created: 1
14:44:28 | INFO: Extracting primitive: COL_corridor_post.015
14:44:28 | INFO: Primitives created: 1
14:44:28 | INFO: Extracting primitive: COL_corridor_floor.013
14:44:28 | INFO: Primitives created: 1
14:44:28 | INFO: Extracting primitive: COL_corridor_side.023
14:44:28 | INFO: Primitives created: 1
14:44:28 | INFO: Extracting primitive: COL_corridor_side.024
14:44:28 | INFO: Primitives created: 1
14:44:28 | INFO: Extracting primitive: COL_corridor_post.024
14:44:28 | INFO: Primitives created: 1
14:44:28 | INFO: Extracting primitive: COL_corridor_post.025
14:44:28 | INFO: Primitives created: 1
14:44:28 | INFO: Extracting primitive: COL_corridor_floor.014
14:44:28 | INFO: Primitives created: 1
14:44:28 | INFO: Extracting primitive: COL_corridor_side.025
14:44:28 | INFO: Primitives created: 1
14:44:28 | INFO: Extracting primitive: COL_corridor_side.026
14:44:28 | INFO: Primitives created: 1
14:44:28 | INFO: Extracting primitive: COL_corridor_post.026
14:44:28 | INFO: Primitives created: 1
14:44:28 | INFO: Extracting primitive: COL_corridor_post.027
14:44:28 | INFO: Primitives created: 1
14:44:28 | INFO: Extracting primitive: COL_corridor_floor.015
14:44:28 | INFO: Primitives created: 1
14:44:28 | INFO: Extracting primitive: COL_corridor_side.027
14:44:28 | INFO: Primitives created: 1
14:44:28 | INFO: Extracting primitive: COL_corridor_side.028
14:44:28 | INFO: Primitives created: 1
14:44:28 | INFO: Extracting primitive: COL_corridor_post.028
14:44:28 | INFO: Primitives created: 1
14:44:28 | INFO: Extracting primitive: COL_corridor_post.029
14:44:28 | INFO: Primitives created: 1
14:44:28 | INFO: Extracting primitive: COL_corridor_floor.016
14:44:28 | INFO: Primitives created: 1
14:44:28 | INFO: Extracting primitive: COL_corridor_side.029
14:44:28 | INFO: Primitives created: 1
14:44:28 | INFO: Extracting primitive: COL_corridor_side.030
14:44:28 | INFO: Primitives created: 1
14:44:28 | INFO: Extracting primitive: COL_corridor_post.030
14:44:28 | INFO: Primitives created: 1
14:44:28 | INFO: Extracting primitive: COL_corridor_post.031
14:44:28 | INFO: Primitives created: 1
14:44:28 | INFO: Extracting primitive: COL_qinfang_deck.001
14:44:28 | INFO: Primitives created: 1
14:44:28 | INFO: Extracting primitive: COL_pavilion_bench.001
14:44:28 | INFO: Primitives created: 1
14:44:28 | INFO: Extracting primitive: COL_pavilion_bench.002
14:44:28 | INFO: Primitives created: 1
14:44:28 | INFO: Extracting primitive: COL_pavilion_bracket.001
14:44:28 | INFO: Primitives created: 1
14:44:28 | INFO: Extracting primitive: COL_pavilion_bracket.002
14:44:28 | INFO: Primitives created: 1
14:44:28 | INFO: Extracting primitive: COL_pavilion_bracket.003
14:44:28 | INFO: Primitives created: 1
14:44:28 | INFO: Extracting primitive: COL_pavilion_bracket.004
14:44:28 | INFO: Primitives created: 1
14:44:28 | INFO: Extracting primitive: COL_pavilion_bracket.005
14:44:28 | INFO: Primitives created: 1
14:44:28 | INFO: Extracting primitive: COL_pavilion_bracket.006
14:44:28 | INFO: Primitives created: 1
14:44:28 | INFO: Extracting primitive: COL_pavilion_post.001
14:44:28 | INFO: Primitives created: 1
14:44:28 | INFO: Extracting primitive: COL_pavilion_post.002
14:44:28 | INFO: Primitives created: 1
14:44:28 | INFO: Extracting primitive: COL_pavilion_post.003
14:44:28 | INFO: Primitives created: 1
14:44:28 | INFO: Extracting primitive: COL_pavilion_post.004
14:44:28 | INFO: Primitives created: 1
14:44:28 | INFO: Extracting primitive: COL_pavilion_post.005
14:44:28 | INFO: Primitives created: 1
14:44:28 | INFO: Extracting primitive: COL_pavilion_post.006
14:44:28 | INFO: Primitives created: 1
14:44:28 | INFO: Extracting primitive: COL_pavilion_roof.001
14:44:28 | INFO: Primitives created: 1
14:44:28 | INFO: Extracting primitive: KIT_flora_bamboo_large_render.001
14:44:28 | WARNING: More than one shader node tex image used for a texture. The resulting glTF sampler will behave like the first shader node tex image.
14:44:28 | INFO: Primitives created: 1
14:44:28 | INFO: Extracting primitive: KIT_flora_bamboo_large_render.002
14:44:28 | INFO: Primitives created: 1
14:44:28 | INFO: Extracting primitive: KIT_flora_bamboo_small_render.001
14:44:28 | INFO: Primitives created: 1
14:44:28 | INFO: Extracting primitive: KIT_flora_willow_render.001
14:44:28 | INFO: Primitives created: 1
14:44:28 | INFO: Extracting primitive: KIT_flora_willow_render.002
14:44:28 | INFO: Primitives created: 1
14:44:28 | INFO: Extracting primitive: HERO_qinfang-ting_title.002
14:44:28 | WARNING: More than one shader node tex image used for a texture. The resulting glTF sampler will behave like the first shader node tex image.
14:44:28 | INFO: Primitives created: 1
14:44:28 | INFO: Extracting primitive: HERO_qinfang_bridge.001
14:44:28 | INFO: Primitives created: 1
14:44:28 | INFO: Extracting primitive: HERO_table_hexagram.001
14:44:28 | INFO: Primitives created: 1
14:44:28 | INFO: Extracting primitive: line_piece.005
14:44:29 | WARNING: More than one shader node tex image used for a texture. The resulting glTF sampler will behave like the first shader node tex image.
14:44:29 | INFO: Primitives created: 1
14:44:29 | INFO: Extracting primitive: line_piece.002
14:44:29 | INFO: Primitives created: 1
14:44:29 | INFO: Extracting primitive: line_piece.011
14:44:29 | INFO: Primitives created: 1
14:44:29 | INFO: Extracting primitive: line_piece.008
14:44:29 | INFO: Primitives created: 1
14:44:29 | INFO: Extracting primitive: line_piece.017
14:44:29 | INFO: Primitives created: 1
14:44:29 | INFO: Extracting primitive: line_piece.014
14:44:29 | INFO: Primitives created: 1
14:44:29 | INFO: Extracting primitive: line_piece.019
14:44:29 | INFO: Primitives created: 1
14:44:29 | INFO: Extracting primitive: line_piece.018
14:44:29 | INFO: Primitives created: 1
14:44:29 | INFO: Extracting primitive: line_piece.021
14:44:29 | INFO: Primitives created: 1
14:44:29 | INFO: Extracting primitive: line_piece.020
14:44:29 | INFO: Primitives created: 1
14:44:29 | INFO: Extracting primitive: line_piece.023
14:44:29 | INFO: Primitives created: 1
14:44:29 | INFO: Extracting primitive: line_piece.022
14:44:29 | INFO: Primitives created: 1
14:44:29 | INFO: Extracting primitive: HERO_table_pedestal.001
14:44:29 | INFO: Primitives created: 1
14:44:29 | INFO: Extracting primitive: KIT_water_lotus.021
14:44:29 | INFO: Primitives created: 1
14:44:29 | INFO: Extracting primitive: KIT_corridor_rail.008
14:44:29 | INFO: Primitives created: 1
14:44:29 | INFO: Extracting primitive: KIT_pavilion_roof_shell.001
14:44:29 | INFO: Primitives created: 1
14:44:29 | INFO: Extracting primitive: KIT_pavilion_plinth.001
14:44:29 | INFO: Primitives created: 1
14:44:29 | INFO: Extracting primitive: KIT_props_lantern_hanging_render.001
14:44:29 | WARNING: More than one shader node tex image used for a texture. The resulting glTF sampler will behave like the first shader node tex image.
14:44:29 | INFO: Primitives created: 1
14:44:29 | INFO: Extracting primitive: KIT_water_stream.001
14:44:29 | INFO: Primitives created: 1
14:44:29 | INFO: Finished glTF 2.0 export in 0.24361872673034668 s

14:44:29 | INFO: Starting glTF 2.0 export
14:44:29 | INFO: Extracting primitive: COL_GATE_banana_planter.001
14:44:29 | INFO: Primitives created: 1
14:44:29 | INFO: Extracting primitive: KIT_rockery_passage.022
14:44:29 | INFO: Primitives created: 1
14:44:29 | INFO: Extracting primitive: KIT_rockery_passage.024
14:44:29 | INFO: Primitives created: 1
14:44:29 | INFO: Extracting primitive: KIT_rockery_cliff.006
14:44:29 | INFO: Primitives created: 1
14:44:29 | INFO: Extracting primitive: KIT_rockery_cliff.008
14:44:29 | INFO: Primitives created: 1
14:44:29 | INFO: Extracting primitive: KIT_rockery_passage.004
14:44:29 | INFO: Primitives created: 1
14:44:29 | INFO: Extracting primitive: KIT_rockery_passage.016
14:44:29 | INFO: Primitives created: 1
14:44:29 | INFO: Extracting primitive: KIT_rockery_passage.018
14:44:29 | INFO: Primitives created: 1
14:44:29 | INFO: Extracting primitive: KIT_rockery_passage.020
14:44:29 | INFO: Primitives created: 1
14:44:29 | INFO: Extracting primitive: GATE_paving.003
14:44:29 | INFO: Primitives created: 1
14:44:29 | INFO: Extracting primitive: HERO_gate_inscription.001
14:44:29 | WARNING: More than one shader node tex image used for a texture. The resulting glTF sampler will behave like the first shader node tex image.
14:44:29 | INFO: Primitives created: 1
14:44:29 | INFO: Extracting primitive: HERO_gate_water_drips.001
14:44:29 | WARNING: More than one shader node tex image used for a texture. The resulting glTF sampler will behave like the first shader node tex image.
14:44:29 | INFO: Primitives created: 1
14:44:29 | INFO: Extracting primitive: GATE_banana_pseudostem.001
14:44:29 | INFO: Primitives created: 1
14:44:29 | INFO: Extracting primitive: GATE_banana_soil.001
14:44:29 | INFO: Primitives created: 1
14:44:29 | INFO: Extracting primitive: KIT_rockery_passage.001
14:44:29 | WARNING: More than one shader node tex image used for a texture. The resulting glTF sampler will behave like the first shader node tex image.
14:44:29 | INFO: Primitives created: 1
14:44:29 | INFO: Extracting primitive: GATE_paving.002
14:44:29 | INFO: Primitives created: 1
14:44:29 | INFO: Extracting primitive: KIT_props_lantern_hanging_render.008
14:44:29 | WARNING: More than one shader node tex image used for a texture. The resulting glTF sampler will behave like the first shader node tex image.
14:44:29 | INFO: Primitives created: 1
14:44:29 | INFO: Extracting primitive: KIT_stage_fog_plane_render.017
14:44:29 | INFO: Primitives created: 1
14:44:29 | INFO: Finished glTF 2.0 export in 0.07492399215698242 s

14:44:30 | INFO: Starting glTF 2.0 export
14:44:30 | INFO: Extracting primitive: COL_cell_floor.006
14:44:30 | INFO: Primitives created: 1
14:44:30 | INFO: Extracting primitive: COL_cell_floor.007
14:44:30 | INFO: Primitives created: 1
14:44:30 | INFO: Extracting primitive: COL_cell_floor.008
14:44:30 | INFO: Primitives created: 1
14:44:30 | INFO: Extracting primitive: COL_cell_floor.009
14:44:30 | INFO: Primitives created: 1
14:44:30 | INFO: Extracting primitive: COL_cell_floor.010
14:44:30 | INFO: Primitives created: 1
14:44:30 | INFO: Extracting primitive: COL_cell_floor.011
14:44:30 | INFO: Primitives created: 1
14:44:30 | INFO: Extracting primitive: COL_cell_wall.012
14:44:30 | INFO: Primitives created: 1
14:44:30 | INFO: Extracting primitive: COL_cell_wall.013
14:44:30 | INFO: Primitives created: 1
14:44:30 | INFO: Extracting primitive: COL_cell_wall.014
14:44:30 | INFO: Primitives created: 1
14:44:30 | INFO: Extracting primitive: COL_cell_wall.015
14:44:30 | INFO: Primitives created: 1
14:44:30 | INFO: Extracting primitive: COL_cell_wall.016
14:44:30 | INFO: Primitives created: 1
14:44:30 | INFO: Extracting primitive: COL_cell_wall.017
14:44:30 | INFO: Primitives created: 1
14:44:30 | INFO: Extracting primitive: COL_cell_wall.018
14:44:30 | INFO: Primitives created: 1
14:44:30 | INFO: Extracting primitive: COL_cell_wall.019
14:44:30 | INFO: Primitives created: 1
14:44:30 | INFO: Extracting primitive: COL_cell_wall.020
14:44:30 | INFO: Primitives created: 1
14:44:30 | INFO: Extracting primitive: COL_cell_wall.021
14:44:30 | INFO: Primitives created: 1
14:44:30 | INFO: Extracting primitive: COL_cell_wall.022
14:44:30 | INFO: Primitives created: 1
14:44:30 | INFO: Extracting primitive: COL_cell_wall.023
14:44:30 | INFO: Primitives created: 1
14:44:30 | INFO: Extracting primitive: COL_entry_corridor.001
14:44:30 | INFO: Primitives created: 1
14:44:30 | INFO: Extracting primitive: COL_entry_walk.002
14:44:30 | INFO: Primitives created: 1
14:44:30 | INFO: Extracting primitive: COL_entry_walk.003
14:44:30 | INFO: Primitives created: 1
14:44:30 | INFO: Extracting primitive: COL_floor_joint_cell_threshold_0.001
14:44:30 | INFO: Primitives created: 1
14:44:30 | INFO: Extracting primitive: COL_floor_joint_cell_threshold_1.001
14:44:30 | INFO: Primitives created: 1
14:44:30 | INFO: Extracting primitive: COL_floor_joint_cell_threshold_2.001
14:44:30 | INFO: Primitives created: 1
14:44:30 | INFO: Extracting primitive: COL_floor_joint_cell_threshold_3.001
14:44:30 | INFO: Primitives created: 1
14:44:30 | INFO: Extracting primitive: COL_floor_joint_cell_threshold_4.001
14:44:30 | INFO: Primitives created: 1
14:44:30 | INFO: Extracting primitive: COL_floor_joint_cell_threshold_5.001
14:44:30 | INFO: Primitives created: 1
14:44:30 | INFO: Extracting primitive: Cube.193
14:44:30 | INFO: Primitives created: 1
14:44:30 | INFO: Extracting primitive: Cube.194
14:44:30 | INFO: Primitives created: 1
14:44:30 | INFO: Extracting primitive: Cube.195
14:44:30 | INFO: Primitives created: 1
14:44:30 | INFO: Extracting primitive: Cube.196
14:44:30 | INFO: Primitives created: 1
14:44:30 | INFO: Extracting primitive: Cube.197
14:44:30 | INFO: Primitives created: 1
14:44:30 | INFO: Extracting primitive: Cube.198
14:44:30 | INFO: Primitives created: 1
14:44:30 | INFO: Extracting primitive: Cube.199
14:44:30 | INFO: Primitives created: 1
14:44:30 | INFO: Extracting primitive: Cube.200
14:44:30 | INFO: Primitives created: 1
14:44:30 | INFO: Extracting primitive: Cube.151
14:44:30 | INFO: Primitives created: 1
14:44:30 | INFO: Extracting primitive: Cube.152
14:44:30 | INFO: Primitives created: 1
14:44:30 | INFO: Extracting primitive: Cube.153
14:44:30 | INFO: Primitives created: 1
14:44:30 | INFO: Extracting primitive: Cube.154
14:44:30 | INFO: Primitives created: 1
14:44:30 | INFO: Extracting primitive: Cube.155
14:44:30 | INFO: Primitives created: 1
14:44:30 | INFO: Extracting primitive: Cube.156
14:44:30 | INFO: Primitives created: 1
14:44:30 | INFO: Extracting primitive: Cube.157
14:44:30 | INFO: Primitives created: 1
14:44:30 | INFO: Extracting primitive: Cube.158
14:44:30 | INFO: Primitives created: 1
14:44:30 | INFO: Extracting primitive: Cube.159
14:44:30 | INFO: Primitives created: 1
14:44:30 | INFO: Extracting primitive: Cube.160
14:44:30 | INFO: Primitives created: 1
14:44:30 | INFO: Extracting primitive: Cube.161
14:44:30 | INFO: Primitives created: 1
14:44:30 | INFO: Extracting primitive: Cube.162
14:44:30 | INFO: Primitives created: 1
14:44:30 | INFO: Extracting primitive: Cube.163
14:44:30 | INFO: Primitives created: 1
14:44:30 | INFO: Extracting primitive: Cube.164
14:44:30 | INFO: Primitives created: 1
14:44:30 | INFO: Extracting primitive: Cube.165
14:44:30 | INFO: Primitives created: 1
14:44:30 | INFO: Extracting primitive: Cube.166
14:44:30 | INFO: Primitives created: 1
14:44:30 | INFO: Extracting primitive: Cube.167
14:44:30 | INFO: Primitives created: 1
14:44:30 | INFO: Extracting primitive: Cube.168
14:44:30 | INFO: Primitives created: 1
14:44:30 | INFO: Extracting primitive: Cube.169
14:44:30 | INFO: Primitives created: 1
14:44:30 | INFO: Extracting primitive: Cube.170
14:44:30 | INFO: Primitives created: 1
14:44:30 | INFO: Extracting primitive: Cube.171
14:44:30 | INFO: Primitives created: 1
14:44:30 | INFO: Extracting primitive: Cube.172
14:44:30 | INFO: Primitives created: 1
14:44:30 | INFO: Extracting primitive: Cube.173
14:44:30 | INFO: Primitives created: 1
14:44:30 | INFO: Extracting primitive: Cube.174
14:44:30 | INFO: Primitives created: 1
14:44:30 | INFO: Extracting primitive: Cube.175
14:44:30 | INFO: Primitives created: 1
14:44:30 | INFO: Extracting primitive: Cube.176
14:44:30 | INFO: Primitives created: 1
14:44:30 | INFO: Extracting primitive: Cube.177
14:44:30 | INFO: Primitives created: 1
14:44:30 | INFO: Extracting primitive: Cube.178
14:44:30 | INFO: Primitives created: 1
14:44:30 | INFO: Extracting primitive: Cube.179
14:44:30 | INFO: Primitives created: 1
14:44:30 | INFO: Extracting primitive: Cube.180
14:44:30 | INFO: Primitives created: 1
14:44:30 | INFO: Extracting primitive: Cube.181
14:44:30 | INFO: Primitives created: 1
14:44:30 | INFO: Extracting primitive: Cube.182
14:44:30 | INFO: Primitives created: 1
14:44:30 | INFO: Extracting primitive: Cube.183
14:44:30 | INFO: Primitives created: 1
14:44:30 | INFO: Extracting primitive: Cube.184
14:44:30 | INFO: Primitives created: 1
14:44:30 | INFO: Extracting primitive: Cube.185
14:44:30 | INFO: Primitives created: 1
14:44:30 | INFO: Extracting primitive: Cube.186
14:44:30 | INFO: Primitives created: 1
14:44:30 | INFO: Extracting primitive: Cube.187
14:44:30 | INFO: Primitives created: 1
14:44:30 | INFO: Extracting primitive: Cube.188
14:44:30 | INFO: Primitives created: 1
14:44:30 | INFO: Extracting primitive: Cube.189
14:44:30 | INFO: Primitives created: 1
14:44:30 | INFO: Extracting primitive: Cube.190
14:44:30 | INFO: Primitives created: 1
14:44:30 | INFO: Extracting primitive: Cube.191
14:44:30 | INFO: Primitives created: 1
14:44:30 | INFO: Extracting primitive: Cube.192
14:44:30 | INFO: Primitives created: 1
14:44:30 | INFO: Extracting primitive: KIT_tech_cell_side.012
14:44:30 | INFO: Primitives created: 1
14:44:30 | INFO: Extracting primitive: KIT_wall_window_bar.030
14:44:30 | INFO: Primitives created: 1
14:44:30 | INFO: Extracting primitive: KIT_stage_entry_walk.002
14:44:30 | INFO: Primitives created: 1
14:44:30 | INFO: Extracting primitive: KIT_props_folding_chair_render.001
14:44:30 | WARNING: More than one shader node tex image used for a texture. The resulting glTF sampler will behave like the first shader node tex image.
14:44:30 | INFO: Primitives created: 1
14:44:30 | INFO: Extracting primitive: KIT_stage_floor_boards_render.002
14:44:30 | WARNING: More than one shader node tex image used for a texture. The resulting glTF sampler will behave like the first shader node tex image.
14:44:30 | INFO: Primitives created: 1
14:44:30 | INFO: Extracting primitive: KIT_stage_gel_frame_render.002
14:44:30 | INFO: Primitives created: 2
14:44:30 | INFO: Extracting primitive: KIT_stage_studio_wall_render.002
14:44:30 | INFO: Primitives created: 1
14:44:30 | INFO: Extracting primitive: KIT_stage_fog_plane_render.020
14:44:30 | INFO: Primitives created: 1
14:44:30 | INFO: Extracting primitive: KIT_tech_terminal_desk_render.001
14:44:30 | WARNING: More than one shader node tex image used for a texture. The resulting glTF sampler will behave like the first shader node tex image.
14:44:30 | INFO: Primitives created: 1
14:44:30 | INFO: Extracting primitive: KIT_props_scroll_render.001
14:44:30 | WARNING: More than one shader node tex image used for a texture. The resulting glTF sampler will behave like the first shader node tex image.
14:44:30 | INFO: Primitives created: 1
14:44:30 | INFO: Finished glTF 2.0 export in 0.16858816146850586 s

14:44:31 | INFO: Starting glTF 2.0 export
14:44:31 | INFO: Extracting primitive: COL_qiushuang-zhai_floor.001
14:44:31 | INFO: Primitives created: 1
14:44:31 | INFO: Extracting primitive: COL_study_desk_centre.002
14:44:31 | INFO: Primitives created: 1
14:44:31 | INFO: Extracting primitive: COL_study_desk_left.002
14:44:31 | INFO: Primitives created: 1
14:44:31 | INFO: Extracting primitive: COL_study_desk_right.002
14:44:31 | INFO: Primitives created: 1
14:44:31 | INFO: Extracting primitive: COL_study_front_walk.002
14:44:31 | INFO: Primitives created: 1
14:44:31 | INFO: Extracting primitive: COL_study_front_wall.002
14:44:31 | INFO: Primitives created: 1
14:44:31 | INFO: Extracting primitive: COL_study_post.001
14:44:31 | INFO: Primitives created: 1
14:44:31 | INFO: Extracting primitive: COL_study_post.002
14:44:31 | INFO: Primitives created: 1
14:44:31 | INFO: Extracting primitive: COL_study_post.003
14:44:31 | INFO: Primitives created: 1
14:44:31 | INFO: Extracting primitive: COL_study_post.008
14:44:31 | INFO: Primitives created: 1
14:44:31 | INFO: Extracting primitive: Cube.201
14:44:31 | INFO: Primitives created: 1
14:44:31 | INFO: Extracting primitive: Cube.202
14:44:31 | INFO: Primitives created: 1
14:44:31 | INFO: Extracting primitive: Cube.203
14:44:31 | INFO: Primitives created: 1
14:44:31 | INFO: Extracting primitive: HERO_study_scroll_bamboo.002
14:44:31 | INFO: Primitives created: 1
14:44:31 | INFO: Extracting primitive: HERO_study_scroll_plum.002
14:44:31 | INFO: Primitives created: 1
14:44:31 | INFO: Extracting primitive: HERO_study_title.002
14:44:31 | WARNING: More than one shader node tex image used for a texture. The resulting glTF sampler will behave like the first shader node tex image.
14:44:31 | INFO: Primitives created: 1
14:44:31 | INFO: Extracting primitive: SITE_qiushuang-zhai_backstage.001
14:44:31 | INFO: Primitives created: 1
14:44:31 | INFO: Extracting primitive: KIT_pavilion_finial.005
14:44:31 | INFO: Primitives created: 1
14:44:31 | INFO: Extracting primitive: KIT_wall_lattice_vertical.042
14:44:31 | INFO: Primitives created: 1
14:44:31 | INFO: Extracting primitive: SITE_qiushuang-zhai_platform.001
14:44:31 | INFO: Primitives created: 1
14:44:31 | INFO: Extracting primitive: KIT_props_lantern_hanging_render.010
14:44:31 | WARNING: More than one shader node tex image used for a texture. The resulting glTF sampler will behave like the first shader node tex image.
14:44:31 | INFO: Primitives created: 1
14:44:31 | INFO: Extracting primitive: KIT_pavilion_roof.005
14:44:31 | INFO: Primitives created: 1
14:44:31 | INFO: Extracting primitive: KIT_tech_terminal_desk_render.007
14:44:31 | WARNING: More than one shader node tex image used for a texture. The resulting glTF sampler will behave like the first shader node tex image.
14:44:31 | INFO: Primitives created: 1
14:44:31 | INFO: Extracting primitive: SITE_qiushuang-zhai_front.001
14:44:31 | INFO: Primitives created: 1
14:44:31 | INFO: Finished glTF 2.0 export in 0.05121874809265137 s

14:44:32 | INFO: Starting glTF 2.0 export
14:44:32 | INFO: Extracting primitive: COL_tubi-tang_floor.001
14:44:32 | INFO: Primitives created: 1
14:44:32 | INFO: Extracting primitive: COL_tubi_closed_hall.002
14:44:32 | INFO: Primitives created: 1
14:44:32 | INFO: Extracting primitive: COL_tubi_hall_post.001
14:44:32 | INFO: Primitives created: 1
14:44:32 | INFO: Extracting primitive: COL_tubi_hall_post.002
14:44:32 | INFO: Primitives created: 1
14:44:32 | INFO: Extracting primitive: COL_tubi_hall_post.006
14:44:32 | INFO: Primitives created: 1
14:44:32 | INFO: Extracting primitive: COL_tubi_parapet.001
14:44:32 | INFO: Primitives created: 1
14:44:32 | INFO: Extracting primitive: COL_tubi_parapet.002
14:44:32 | INFO: Primitives created: 1
14:44:32 | INFO: Extracting primitive: COL_tubi_parapet.003
14:44:32 | INFO: Primitives created: 1
14:44:32 | INFO: Extracting primitive: COL_tubi_parapet.008
14:44:32 | INFO: Primitives created: 1
14:44:32 | INFO: Extracting primitive: COL_tubi_stair_guard.001
14:44:32 | INFO: Primitives created: 1
14:44:32 | INFO: Extracting primitive: COL_tubi_stair_guard.004
14:44:32 | INFO: Primitives created: 1
14:44:32 | INFO: Extracting primitive: COL_tubi_stair_ramp.002
14:44:32 | INFO: Primitives created: 1
14:44:32 | INFO: Extracting primitive: COL_tubi_terrace.002
14:44:32 | INFO: Primitives created: 1
14:44:32 | INFO: Extracting primitive: COL_tubi_topic_table.002
14:44:32 | INFO: Primitives created: 1
14:44:32 | INFO: Extracting primitive: COL_tubi_view_bench_left.001
14:44:32 | INFO: Primitives created: 1
14:44:32 | INFO: Extracting primitive: COL_tubi_view_bench_right.001
14:44:32 | INFO: Primitives created: 1
14:44:32 | INFO: Extracting primitive: HERO_tubi_title.002
14:44:32 | WARNING: More than one shader node tex image used for a texture. The resulting glTF sampler will behave like the first shader node tex image.
14:44:32 | INFO: Primitives created: 1
14:44:32 | INFO: Extracting primitive: SITE_tubi-tang_backstage.001
14:44:32 | INFO: Primitives created: 1
14:44:32 | INFO: Extracting primitive: KIT_pavilion_finial.007
14:44:32 | INFO: Primitives created: 1
14:44:32 | INFO: Extracting primitive: KIT_wall_amber_window.003
14:44:32 | INFO: Primitives created: 1
14:44:32 | INFO: Extracting primitive: TUBI_topic_line.001
14:44:32 | INFO: Primitives created: 1
14:44:32 | INFO: Extracting primitive: KIT_wall_lattice_vertical.063
14:44:32 | INFO: Primitives created: 1
14:44:32 | INFO: Extracting primitive: SITE_tubi-tang_platform.001
14:44:32 | INFO: Primitives created: 1
14:44:32 | INFO: Extracting primitive: KIT_props_lantern_hanging_render.012
14:44:32 | WARNING: More than one shader node tex image used for a texture. The resulting glTF sampler will behave like the first shader node tex image.
14:44:32 | INFO: Primitives created: 1
14:44:32 | INFO: Extracting primitive: KIT_pavilion_roof.007
14:44:32 | INFO: Primitives created: 1
14:44:32 | INFO: Extracting primitive: TUBI_terrace.002
14:44:32 | INFO: Primitives created: 1
14:44:32 | INFO: Extracting primitive: SITE_tubi-tang_front.001
14:44:32 | INFO: Primitives created: 1
14:44:32 | INFO: Finished glTF 2.0 export in 0.04238629341125488 s

IMPERIAL_JOINED_TOPOLOGY {(16, 26): 2, (16, 28): 576}
14:44:38 | INFO: Starting glTF 2.0 export
14:44:38 | INFO: Extracting primitive: COL_daguan_central_step.003
14:44:38 | INFO: Primitives created: 1
14:44:38 | INFO: Extracting primitive: COL_daguan_central_step.004
14:44:38 | INFO: Primitives created: 1
14:44:38 | INFO: Extracting primitive: COL_daguan_central_step.005
14:44:38 | INFO: Primitives created: 1
14:44:38 | INFO: Extracting primitive: COL_daguan_closed_front.001
14:44:38 | INFO: Primitives created: 1
14:44:38 | INFO: Extracting primitive: COL_daguan_column.006
14:44:38 | INFO: Primitives created: 1
14:44:38 | INFO: Extracting primitive: COL_daguan_column.007
14:44:38 | INFO: Primitives created: 1
14:44:38 | INFO: Extracting primitive: COL_daguan_column.008
14:44:38 | INFO: Primitives created: 1
14:44:38 | INFO: Extracting primitive: COL_daguan_column.009
14:44:38 | INFO: Primitives created: 1
14:44:38 | INFO: Extracting primitive: COL_daguan_column.010
14:44:38 | INFO: Primitives created: 1
14:44:38 | INFO: Extracting primitive: COL_daguan_column.011
14:44:38 | INFO: Primitives created: 1
14:44:38 | INFO: Extracting primitive: COL_daguan_floor.001
14:44:38 | INFO: Primitives created: 1
14:44:38 | INFO: Extracting primitive: COL_daguan_return_wall.002
14:44:38 | INFO: Primitives created: 1
14:44:38 | INFO: Extracting primitive: COL_daguan_return_wall.003
14:44:38 | INFO: Primitives created: 1
14:44:38 | INFO: Extracting primitive: HERO_daguan_title.001
14:44:38 | WARNING: More than one shader node tex image used for a texture. The resulting glTF sampler will behave like the first shader node tex image.
14:44:38 | INFO: Primitives created: 1
14:44:38 | INFO: Extracting primitive: DAGUAN_backstage.001
14:44:38 | INFO: Primitives created: 1
14:44:38 | INFO: Extracting primitive: DAGUAN_door_stud.180
14:44:38 | INFO: Primitives created: 1
14:44:38 | INFO: Extracting primitive: DAGUAN_amber_transom.002
14:44:38 | INFO: Primitives created: 1
14:44:38 | INFO: Extracting primitive: DAGUAN_closed_door.010
14:44:38 | INFO: Primitives created: 1
14:44:38 | INFO: Extracting primitive: DAGUAN_recessed_panel.020
14:44:38 | INFO: Primitives created: 1
14:44:38 | INFO: Extracting primitive: DAGUAN_column.006
14:44:38 | INFO: Primitives created: 1
14:44:38 | INFO: Extracting primitive: DAGUAN_platform.001
14:44:38 | INFO: Primitives created: 1
14:44:38 | INFO: Extracting primitive: DAGUAN_lower_roof.001
14:44:38 | INFO: Primitives created: 1
14:44:38 | INFO: Extracting primitive: DAGUAN_front.001
14:44:38 | INFO: Primitives created: 1
14:44:38 | INFO: Finished glTF 2.0 export in 0.046028852462768555 s

14:44:38 | INFO: Starting glTF 2.0 export
14:44:38 | INFO: Extracting primitive: COL_ouxiang_approach.001
14:44:38 | INFO: Primitives created: 1
14:44:38 | INFO: Extracting primitive: COL_ouxiang_deck.001
14:44:38 | INFO: Primitives created: 1
14:44:38 | INFO: Extracting primitive: COL_ouxiang_post.004
14:44:38 | INFO: Primitives created: 1
14:44:38 | INFO: Extracting primitive: COL_ouxiang_post.005
14:44:38 | INFO: Primitives created: 1
14:44:38 | INFO: Extracting primitive: COL_ouxiang_post.006
14:44:38 | INFO: Primitives created: 1
14:44:38 | INFO: Extracting primitive: COL_ouxiang_post.007
14:44:38 | INFO: Primitives created: 1
14:44:38 | INFO: Extracting primitive: COL_ouxiang_rail.002
14:44:38 | INFO: Primitives created: 1
14:44:38 | INFO: Extracting primitive: COL_ouxiang_rail.003
14:44:38 | INFO: Primitives created: 1
14:44:38 | INFO: Extracting primitive: COL_ouxiang_side_rail.004
14:44:38 | INFO: Primitives created: 1
14:44:38 | INFO: Extracting primitive: COL_ouxiang_side_rail.005
14:44:38 | INFO: Primitives created: 1
14:44:38 | INFO: Extracting primitive: COL_ouxiang_side_rail.006
14:44:38 | INFO: Primitives created: 1
14:44:38 | INFO: Extracting primitive: COL_ouxiang_side_rail.007
14:44:38 | INFO: Primitives created: 1
14:44:38 | INFO: Extracting primitive: COL_ouxiang_table.001
14:44:38 | INFO: Primitives created: 1
14:44:38 | INFO: Extracting primitive: KIT_props_tea_cup.006
14:44:38 | INFO: Primitives created: 1
14:44:38 | INFO: Extracting primitive: KIT_water_lotus_leaf.007
14:44:38 | INFO: Primitives created: 1
14:44:38 | INFO: Extracting primitive: SITE_ouxiang_deck.001
14:44:38 | INFO: Primitives created: 1
14:44:38 | INFO: Extracting primitive: KIT_pavilion_water_pier.004
14:44:38 | INFO: Primitives created: 1
14:44:38 | INFO: Extracting primitive: KIT_props_lantern_hanging_render.013
14:44:38 | WARNING: More than one shader node tex image used for a texture. The resulting glTF sampler will behave like the first shader node tex image.
14:44:38 | INFO: Primitives created: 1
14:44:38 | INFO: Extracting primitive: KIT_pavilion_water_hipped_roof.001
14:44:38 | INFO: Primitives created: 1
14:44:39 | INFO: Finished glTF 2.0 export in 0.0531771183013916 s

14:44:41 | INFO: Starting glTF 2.0 export
14:44:41 | INFO: Extracting primitive: COL_hengwu-yuan_floor.001
14:44:41 | INFO: Primitives created: 1
14:44:41 | INFO: Extracting primitive: COL_hengwu_closed_hall.002
14:44:41 | INFO: Primitives created: 1
14:44:41 | INFO: Extracting primitive: COL_hengwu_court.002
14:44:41 | INFO: Primitives created: 1
14:44:41 | INFO: Extracting primitive: COL_hengwu_hall_post.001
14:44:41 | INFO: Primitives created: 1
14:44:41 | INFO: Extracting primitive: COL_hengwu_hall_post.002
14:44:41 | INFO: Primitives created: 1
14:44:41 | INFO: Extracting primitive: COL_hengwu_hall_post.006
14:44:41 | INFO: Primitives created: 1
14:44:41 | INFO: Extracting primitive: COL_wall_bay.001
14:44:41 | INFO: Primitives created: 1
14:44:41 | INFO: Extracting primitive: COL_wall_bay.002
14:44:41 | INFO: Primitives created: 1
14:44:41 | INFO: Extracting primitive: COL_wall_bay.003
14:44:41 | INFO: Primitives created: 1
14:44:41 | INFO: Extracting primitive: COL_wall_bay.004
14:44:41 | INFO: Primitives created: 1
14:44:41 | INFO: Extracting primitive: COL_wall_bay.005
14:44:41 | INFO: Primitives created: 1
14:44:41 | INFO: Extracting primitive: COL_wall_bay.006
14:44:41 | INFO: Primitives created: 1
14:44:41 | INFO: Extracting primitive: KIT_wall_plaster.002
14:44:41 | INFO: Primitives created: 1
14:44:41 | INFO: Extracting primitive: COL_wall_window.001
14:44:41 | INFO: Primitives created: 1
14:44:41 | INFO: Extracting primitive: COL_wall_window.002
14:44:41 | INFO: Primitives created: 1
14:44:41 | INFO: Extracting primitive: COL_hengwu_rock.001
14:44:41 | INFO: Primitives created: 1
14:44:41 | INFO: Extracting primitive: COL_hengwu_rock.002
14:44:41 | INFO: Primitives created: 1
14:44:41 | INFO: Extracting primitive: COL_hengwu_rock.006
14:44:41 | INFO: Primitives created: 1
14:44:41 | INFO: Extracting primitive: COL_hengwu_stool.001
14:44:41 | INFO: Primitives created: 1
14:44:41 | INFO: Extracting primitive: COL_hengwu_stool.002
14:44:41 | INFO: Primitives created: 1
14:44:41 | INFO: Extracting primitive: COL_hengwu_stool.003
14:44:41 | INFO: Primitives created: 1
14:44:41 | INFO: Extracting primitive: COL_hengwu_stool.008
14:44:41 | INFO: Primitives created: 1
14:44:41 | INFO: Extracting primitive: COL_hengwu_table.002
14:44:41 | INFO: Primitives created: 1
14:44:41 | INFO: Extracting primitive: HERO_hengwu-yuan_title.002
14:44:41 | WARNING: More than one shader node tex image used for a texture. The resulting glTF sampler will behave like the first shader node tex image.
14:44:41 | INFO: Primitives created: 1
14:44:41 | INFO: Extracting primitive: SITE_hengwu-yuan_backstage.001
14:44:41 | INFO: Primitives created: 1
14:44:41 | INFO: Extracting primitive: KIT_pavilion_finial.011
14:44:41 | INFO: Primitives created: 1
14:44:41 | INFO: Extracting primitive: KIT_wall_amber_window.006
14:44:41 | INFO: Primitives created: 1
14:44:41 | INFO: Extracting primitive: HENGWU_herb_leaf.001
14:44:41 | INFO: Primitives created: 1
14:44:41 | INFO: Extracting primitive: KIT_wall_lattice_vertical.105
14:44:41 | INFO: Primitives created: 1
14:44:41 | INFO: Extracting primitive: SITE_hengwu-yuan_platform.001
14:44:41 | INFO: Primitives created: 1
14:44:41 | INFO: Extracting primitive: KIT_props_lantern_hanging_render.015
14:44:41 | WARNING: More than one shader node tex image used for a texture. The resulting glTF sampler will behave like the first shader node tex image.
14:44:41 | INFO: Primitives created: 1
14:44:41 | INFO: Extracting primitive: KIT_pavilion_roof.011
14:44:41 | INFO: Primitives created: 1
14:44:41 | INFO: Extracting primitive: KIT_wall_bay.001
14:44:41 | WARNING: More than one shader node tex image used for a texture. The resulting glTF sampler will behave like the first shader node tex image.
14:44:41 | INFO: Primitives created: 1
14:44:41 | INFO: Extracting primitive: SITE_hengwu-yuan_front.001
14:44:41 | INFO: Primitives created: 1
14:44:41 | INFO: Finished glTF 2.0 export in 0.12400388717651367 s

14:44:41 | INFO: Starting glTF 2.0 export
14:44:41 | INFO: Extracting primitive: COL_yihong_closed_front.002
14:44:41 | INFO: Primitives created: 1
14:44:41 | INFO: Extracting primitive: COL_yihong_court_side.001
14:44:41 | INFO: Primitives created: 1
14:44:41 | INFO: Extracting primitive: COL_yihong_court_side.004
14:44:41 | INFO: Primitives created: 1
14:44:41 | INFO: Extracting primitive: COL_yihong_floor.002
14:44:41 | INFO: Primitives created: 1
14:44:41 | INFO: Extracting primitive: COL_yihong_planter.001
14:44:41 | INFO: Primitives created: 1
14:44:41 | INFO: Extracting primitive: COL_yihong_planter.004
14:44:41 | INFO: Primitives created: 1
14:44:41 | INFO: Extracting primitive: COL_yihong_side_return.001
14:44:41 | INFO: Primitives created: 1
14:44:41 | INFO: Extracting primitive: COL_yihong_side_return.004
14:44:41 | INFO: Primitives created: 1
14:44:41 | INFO: Extracting primitive: COL_yihong_threshold.002
14:44:41 | INFO: Primitives created: 1
14:44:41 | INFO: Extracting primitive: KIT_flora_banana_render.001
14:44:41 | WARNING: More than one shader node tex image used for a texture. The resulting glTF sampler will behave like the first shader node tex image.
14:44:41 | INFO: Primitives created: 1
14:44:41 | INFO: Extracting primitive: KIT_flora_banana_render.002
14:44:41 | INFO: Primitives created: 1
14:44:41 | INFO: Extracting primitive: HERO_yihong-yuan_title.002
14:44:41 | WARNING: More than one shader node tex image used for a texture. The resulting glTF sampler will behave like the first shader node tex image.
14:44:41 | INFO: Primitives created: 1
14:44:41 | INFO: Extracting primitive: YIHONG_backstage.002
14:44:41 | INFO: Primitives created: 1
14:44:41 | INFO: Extracting primitive: YIHONG_door_rail.001
14:44:41 | INFO: Primitives created: 1
14:44:41 | INFO: Extracting primitive: YIHONG_amber_window.002
14:44:41 | INFO: Primitives created: 1
14:44:41 | INFO: Extracting primitive: YIHONG_door_panel.001
14:44:41 | INFO: Primitives created: 1
14:44:41 | INFO: Extracting primitive: YIHONG_paving.002
14:44:41 | INFO: Primitives created: 1
14:44:41 | INFO: Extracting primitive: YIHONG_court_cap.001
14:44:41 | INFO: Primitives created: 1
14:44:41 | INFO: Extracting primitive: YIHONG_closed_front.002
14:44:41 | INFO: Primitives created: 1
14:44:41 | INFO: Finished glTF 2.0 export in 0.030988216400146484 s

14:44:42 | INFO: Starting glTF 2.0 export
14:44:42 | INFO: Extracting primitive: COL_xiaoxiang_bamboo_bed.004
14:44:42 | INFO: Primitives created: 1
14:44:42 | INFO: Extracting primitive: COL_xiaoxiang_bamboo_bed.005
14:44:42 | INFO: Primitives created: 1
14:44:42 | INFO: Extracting primitive: COL_xiaoxiang_bamboo_bed.006
14:44:42 | INFO: Primitives created: 1
14:44:42 | INFO: Extracting primitive: COL_xiaoxiang_bamboo_bed.007
14:44:42 | INFO: Primitives created: 1
14:44:42 | INFO: Extracting primitive: COL_xiaoxiang_closed_front.001
14:44:42 | INFO: Primitives created: 1
14:44:42 | INFO: Extracting primitive: COL_xiaoxiang_floor.001
14:44:42 | INFO: Primitives created: 1
14:44:42 | INFO: Extracting primitive: COL_xiaoxiang_return.002
14:44:42 | INFO: Primitives created: 1
14:44:42 | INFO: Extracting primitive: COL_xiaoxiang_return.003
14:44:42 | INFO: Primitives created: 1
14:44:42 | INFO: Extracting primitive: COL_xiaoxiang_threshold.001
14:44:42 | INFO: Primitives created: 1
14:44:42 | INFO: Extracting primitive: KIT_flora_bamboo_large_render.003
14:44:42 | WARNING: More than one shader node tex image used for a texture. The resulting glTF sampler will behave like the first shader node tex image.
14:44:42 | INFO: Primitives created: 1
14:44:42 | INFO: Extracting primitive: KIT_flora_bamboo_medium_render.001
14:44:42 | INFO: Primitives created: 1
14:44:42 | INFO: Extracting primitive: KIT_flora_bamboo_small_render.002
14:44:42 | INFO: Primitives created: 1
14:44:42 | INFO: Extracting primitive: KIT_flora_bamboo_large_render.004
14:44:42 | INFO: Primitives created: 1
14:44:42 | INFO: Extracting primitive: HERO_xiaoxiang-guan_title.002
14:44:42 | WARNING: More than one shader node tex image used for a texture. The resulting glTF sampler will behave like the first shader node tex image.
14:44:42 | INFO: Primitives created: 1
14:44:42 | INFO: Extracting primitive: XIAOXIANG_black_back.001
14:44:42 | INFO: Primitives created: 1
14:44:42 | INFO: Extracting primitive: XIAOXIANG_gate_pull.002
14:44:42 | INFO: Primitives created: 1
14:44:42 | INFO: Extracting primitive: XIAOXIANG_amber_window.001
14:44:42 | INFO: Primitives created: 1
14:44:42 | INFO: Extracting primitive: XIAOXIANG_gate_leaf.002
14:44:42 | INFO: Primitives created: 1
14:44:42 | INFO: Extracting primitive: XIAOXIANG_paving.001
14:44:42 | INFO: Primitives created: 1
14:44:42 | INFO: Extracting primitive: XIAOXIANG_wall_cap.001
14:44:42 | INFO: Primitives created: 1
14:44:42 | INFO: Extracting primitive: XIAOXIANG_closed_front.001
14:44:42 | INFO: Primitives created: 1
14:44:42 | INFO: Finished glTF 2.0 export in 0.03621506690979004 s

14:44:42 | INFO: Starting glTF 2.0 export
14:44:42 | INFO: Extracting primitive: COL_longcui_burner.001
14:44:42 | INFO: Primitives created: 1
14:44:42 | INFO: Extracting primitive: COL_longcui_closed_front.001
14:44:42 | INFO: Primitives created: 1
14:44:42 | INFO: Extracting primitive: COL_longcui_floor.001
14:44:42 | INFO: Primitives created: 1
14:44:42 | INFO: Extracting primitive: COL_longcui_plum_trunk.002
14:44:42 | INFO: Primitives created: 1
14:44:42 | INFO: Extracting primitive: COL_longcui_plum_trunk.003
14:44:42 | INFO: Primitives created: 1
14:44:42 | INFO: Extracting primitive: COL_longcui_return.002
14:44:42 | INFO: Primitives created: 1
14:44:42 | INFO: Extracting primitive: COL_longcui_return.003
14:44:42 | INFO: Primitives created: 1
14:44:42 | INFO: Extracting primitive: COL_longcui_threshold.001
14:44:42 | INFO: Primitives created: 1
14:44:42 | INFO: Extracting primitive: KIT_flora_plum_render.001
14:44:42 | WARNING: More than one shader node tex image used for a texture. The resulting glTF sampler will behave like the first shader node tex image.
14:44:42 | INFO: Primitives created: 1
14:44:42 | INFO: Extracting primitive: KIT_flora_plum_render.002
14:44:42 | INFO: Primitives created: 1
14:44:42 | INFO: Extracting primitive: HERO_longcui-an_title.002
14:44:42 | WARNING: More than one shader node tex image used for a texture. The resulting glTF sampler will behave like the first shader node tex image.
14:44:42 | INFO: Primitives created: 1
14:44:42 | INFO: Extracting primitive: LONGCUI_backstage.001
14:44:42 | INFO: Primitives created: 1
14:44:42 | INFO: Extracting primitive: LONGCUI_gate_pull.002
14:44:42 | INFO: Primitives created: 1
14:44:42 | INFO: Extracting primitive: LONGCUI_closed_gate.002
14:44:42 | INFO: Primitives created: 1
14:44:42 | INFO: Extracting primitive: LONGCUI_paving.001
14:44:42 | INFO: Primitives created: 1
14:44:42 | INFO: Extracting primitive: KIT_props_lantern_hanging_render.016
14:44:42 | WARNING: More than one shader node tex image used for a texture. The resulting glTF sampler will behave like the first shader node tex image.
14:44:42 | INFO: Primitives created: 1
14:44:42 | INFO: Extracting primitive: LONGCUI_wall_cap.001
14:44:42 | INFO: Primitives created: 1
14:44:42 | INFO: Extracting primitive: LONGCUI_closed_front.001
14:44:42 | INFO: Primitives created: 1
14:44:42 | INFO: Finished glTF 2.0 export in 0.033737897872924805 s

14:44:43 | INFO: Starting glTF 2.0 export
14:44:43 | INFO: Extracting primitive: COL_aojing_closed_front.002
14:44:43 | INFO: Primitives created: 1
14:44:43 | INFO: Extracting primitive: COL_aojing_dry_ledge.002
14:44:43 | INFO: Primitives created: 1
14:44:43 | INFO: Extracting primitive: COL_aojing_hall_floor.002
14:44:43 | INFO: Primitives created: 1
14:44:43 | INFO: Extracting primitive: COL_aojing_ledge_end.002
14:44:43 | INFO: Primitives created: 1
14:44:43 | INFO: Extracting primitive: COL_aojing_ledge_parapet.002
14:44:43 | INFO: Primitives created: 1
14:44:43 | INFO: Extracting primitive: COL_aojing_return.001
14:44:43 | INFO: Primitives created: 1
14:44:43 | INFO: Extracting primitive: COL_aojing_return.004
14:44:43 | INFO: Primitives created: 1
14:44:43 | INFO: Extracting primitive: HERO_aojing-guan_title.002
14:44:43 | WARNING: More than one shader node tex image used for a texture. The resulting glTF sampler will behave like the first shader node tex image.
14:44:43 | INFO: Primitives created: 1
14:44:43 | INFO: Extracting primitive: AOJING_pond.002
14:44:43 | INFO: Primitives created: 1
14:44:43 | INFO: Extracting primitive: AOJING_backstage.002
14:44:43 | INFO: Primitives created: 1
14:44:43 | INFO: Extracting primitive: AOJING_amber_window.002
14:44:43 | INFO: Primitives created: 1
14:44:43 | INFO: Extracting primitive: AOJING_window_lattice.001
14:44:43 | INFO: Primitives created: 1
14:44:43 | INFO: Extracting primitive: AOJING_dry_ledge.002
14:44:43 | INFO: Primitives created: 1
14:44:43 | INFO: Extracting primitive: AOJING_roof.002
14:44:43 | INFO: Primitives created: 1
14:44:43 | INFO: Extracting primitive: AOJING_closed_front.002
14:44:43 | INFO: Primitives created: 1
14:44:43 | INFO: Finished glTF 2.0 export in 0.028707027435302734 s

14:44:44 | INFO: Starting glTF 2.0 export
14:44:44 | INFO: Extracting primitive: COL_daoxiang_closed_front.001
14:44:44 | INFO: Primitives created: 1
14:44:44 | INFO: Extracting primitive: COL_daoxiang_court.001
14:44:44 | INFO: Primitives created: 1
14:44:44 | INFO: Extracting primitive: COL_daoxiang_fence.004
14:44:44 | INFO: Primitives created: 1
14:44:44 | INFO: Extracting primitive: COL_daoxiang_fence.005
14:44:44 | INFO: Primitives created: 1
14:44:44 | INFO: Extracting primitive: COL_daoxiang_fence.006
14:44:44 | INFO: Primitives created: 1
14:44:44 | INFO: Extracting primitive: COL_daoxiang_fence.007
14:44:44 | INFO: Primitives created: 1
14:44:44 | INFO: Extracting primitive: COL_daoxiang_side.002
14:44:44 | INFO: Primitives created: 1
14:44:44 | INFO: Extracting primitive: COL_daoxiang_side.003
14:44:44 | INFO: Primitives created: 1
14:44:44 | INFO: Extracting primitive: HERO_daoxiang-cun_title.002
14:44:44 | WARNING: More than one shader node tex image used for a texture. The resulting glTF sampler will behave like the first shader node tex image.
14:44:44 | INFO: Primitives created: 1
14:44:44 | INFO: Extracting primitive: DAOXIANG_backstage.001
14:44:44 | INFO: Primitives created: 1
14:44:44 | INFO: Extracting primitive: DAOXIANG_door_latch.001
14:44:44 | INFO: Primitives created: 1
14:44:44 | INFO: Extracting primitive: DAOXIANG_warm_sliver.001
14:44:44 | INFO: Primitives created: 1
14:44:44 | INFO: Extracting primitive: DAOXIANG_closed_door.001
14:44:44 | INFO: Primitives created: 1
14:44:44 | INFO: Extracting primitive: DAOXIANG_paddy_painting.001
14:44:44 | INFO: Primitives created: 1
14:44:44 | INFO: Extracting primitive: DAOXIANG_court.001
14:44:44 | INFO: Primitives created: 1
14:44:44 | INFO: Extracting primitive: DAOXIANG_thatch_mass.001
14:44:44 | INFO: Primitives created: 1
14:44:44 | INFO: Extracting primitive: DAOXIANG_front.001
14:44:44 | INFO: Primitives created: 1
14:44:44 | INFO: Finished glTF 2.0 export in 0.03821086883544922 s

14:44:45 | INFO: Starting glTF 2.0 export
14:44:45 | INFO: Extracting primitive: COL_water_bridge_side.001
14:44:45 | INFO: Primitives created: 1
14:44:45 | INFO: Extracting primitive: COL_water_bridge_side.004
14:44:45 | INFO: Primitives created: 1
14:44:45 | INFO: Extracting primitive: COL_water_bridge_deck.002
14:44:45 | INFO: Primitives created: 1
14:44:45 | INFO: Extracting primitive: COL_ziling_landing.001
14:44:45 | INFO: Primitives created: 1
14:44:45 | INFO: Extracting primitive: TEMP_reed_geometry.001
14:44:45 | WARNING: More than one shader node tex image used for a texture. The resulting glTF sampler will behave like the first shader node tex image.
14:44:45 | INFO: Primitives created: 1
14:44:45 | INFO: Extracting primitive: TEMP_reed_geometry.002
14:44:45 | INFO: Primitives created: 1
14:44:45 | INFO: Extracting primitive: TEMP_reed_geometry.003
14:44:45 | INFO: Primitives created: 1
14:44:45 | INFO: Extracting primitive: TEMP_reed_geometry.004
14:44:45 | INFO: Primitives created: 1
14:44:45 | INFO: Extracting primitive: TEMP_reed_geometry.005
14:44:45 | INFO: Primitives created: 1
14:44:45 | INFO: Extracting primitive: TEMP_reed_geometry.006
14:44:45 | INFO: Primitives created: 1
14:44:45 | INFO: Extracting primitive: TEMP_reed_geometry.007
14:44:45 | INFO: Primitives created: 1
14:44:45 | INFO: Extracting primitive: TEMP_reed_geometry.008
14:44:45 | INFO: Primitives created: 1
14:44:45 | INFO: Extracting primitive: TEMP_reed_geometry.009
14:44:45 | INFO: Primitives created: 1
14:44:45 | INFO: Extracting primitive: TEMP_reed_geometry.010
14:44:45 | INFO: Primitives created: 1
14:44:45 | INFO: Extracting primitive: KIT_water_lotus_leaf.011
14:44:45 | INFO: Primitives created: 1
14:44:45 | INFO: Extracting primitive: KIT_water_plank.002
14:44:45 | WARNING: More than one shader node tex image used for a texture. The resulting glTF sampler will behave like the first shader node tex image.
14:44:45 | INFO: Primitives created: 1
14:44:45 | INFO: Extracting primitive: SITE_ziling_island.001
14:44:45 | INFO: Primitives created: 1
14:44:45 | INFO: Finished glTF 2.0 export in 0.04548501968383789 s

14:44:45 | INFO: Starting glTF 2.0 export
14:44:45 | INFO: Extracting primitive: COL_aojing_approach.001
14:44:45 | INFO: Primitives created: 1
14:44:45 | INFO: Extracting primitive: COL_aojing_approach.004
14:44:45 | INFO: Primitives created: 1
14:44:45 | INFO: Extracting primitive: COL_aojing_approach_guard.001
14:44:45 | INFO: Primitives created: 1
14:44:45 | INFO: Extracting primitive: COL_aojing_approach_guard.004
14:44:45 | INFO: Primitives created: 1
14:44:45 | INFO: Extracting primitive: COL_aojing_approach_ramp.002
14:44:45 | INFO: Primitives created: 1
14:44:45 | INFO: Extracting primitive: COL_aojing_closed_front.002
14:44:45 | INFO: Primitives created: 1
14:44:45 | INFO: Extracting primitive: COL_aojing_dry_ledge.002
14:44:45 | INFO: Primitives created: 1
14:44:45 | INFO: Extracting primitive: COL_aojing_hall_floor.002
14:44:45 | INFO: Primitives created: 1
14:44:45 | INFO: Extracting primitive: COL_aojing_ledge_end.002
14:44:45 | INFO: Primitives created: 1
14:44:45 | INFO: Extracting primitive: COL_aojing_ledge_parapet.002
14:44:45 | INFO: Primitives created: 1
14:44:45 | INFO: Extracting primitive: COL_aojing_return.001
14:44:45 | INFO: Primitives created: 1
14:44:45 | INFO: Extracting primitive: COL_aojing_return.004
14:44:45 | INFO: Primitives created: 1
14:44:45 | INFO: Extracting primitive: Cube.147
14:44:45 | INFO: Primitives created: 1
14:44:45 | INFO: Extracting primitive: Cube.148
14:44:45 | INFO: Primitives created: 1
14:44:45 | INFO: Extracting primitive: Cube.149
14:44:45 | INFO: Primitives created: 1
14:44:45 | INFO: Extracting primitive: Cube.150
14:44:45 | INFO: Primitives created: 1
14:44:45 | INFO: Extracting primitive: COL_bridge_crosswalk.002
14:44:45 | INFO: Primitives created: 1
14:44:45 | INFO: Extracting primitive: COL_bridge_crosswalk.003
14:44:45 | INFO: Primitives created: 1
14:44:45 | INFO: Extracting primitive: COL_cell_floor.006
14:44:45 | INFO: Primitives created: 1
14:44:45 | INFO: Extracting primitive: COL_cell_floor.007
14:44:45 | INFO: Primitives created: 1
14:44:45 | INFO: Extracting primitive: COL_cell_floor.008
14:44:45 | INFO: Primitives created: 1
14:44:45 | INFO: Extracting primitive: COL_cell_floor.009
14:44:45 | INFO: Primitives created: 1
14:44:45 | INFO: Extracting primitive: COL_cell_floor.010
14:44:45 | INFO: Primitives created: 1
14:44:45 | INFO: Extracting primitive: COL_cell_floor.011
14:44:45 | INFO: Primitives created: 1
14:44:45 | INFO: Extracting primitive: COL_cell_wall.012
14:44:45 | INFO: Primitives created: 1
14:44:45 | INFO: Extracting primitive: COL_cell_wall.013
14:44:45 | INFO: Primitives created: 1
14:44:45 | INFO: Extracting primitive: COL_cell_wall.014
14:44:45 | INFO: Primitives created: 1
14:44:45 | INFO: Extracting primitive: COL_cell_wall.015
14:44:45 | INFO: Primitives created: 1
14:44:45 | INFO: Extracting primitive: COL_cell_wall.016
14:44:45 | INFO: Primitives created: 1
14:44:45 | INFO: Extracting primitive: COL_cell_wall.017
14:44:45 | INFO: Primitives created: 1
14:44:45 | INFO: Extracting primitive: COL_cell_wall.018
14:44:45 | INFO: Primitives created: 1
14:44:45 | INFO: Extracting primitive: COL_cell_wall.019
14:44:45 | INFO: Primitives created: 1
14:44:45 | INFO: Extracting primitive: COL_cell_wall.020
14:44:45 | INFO: Primitives created: 1
14:44:45 | INFO: Extracting primitive: COL_cell_wall.021
14:44:45 | INFO: Primitives created: 1
14:44:45 | INFO: Extracting primitive: COL_cell_wall.022
14:44:45 | INFO: Primitives created: 1
14:44:45 | INFO: Extracting primitive: COL_cell_wall.023
14:44:45 | INFO: Primitives created: 1
14:44:45 | INFO: Extracting primitive: COL_daguan_central_step.003
14:44:45 | INFO: Primitives created: 1
14:44:45 | INFO: Extracting primitive: COL_daguan_central_step.004
14:44:45 | INFO: Primitives created: 1
14:44:45 | INFO: Extracting primitive: COL_daguan_central_step.005
14:44:45 | INFO: Primitives created: 1
14:44:45 | INFO: Extracting primitive: COL_daguan_closed_front.001
14:44:45 | INFO: Primitives created: 1
14:44:45 | INFO: Extracting primitive: COL_daguan_column.006
14:44:45 | INFO: Primitives created: 1
14:44:45 | INFO: Extracting primitive: COL_daguan_column.007
14:44:45 | INFO: Primitives created: 1
14:44:45 | INFO: Extracting primitive: COL_daguan_column.008
14:44:45 | INFO: Primitives created: 1
14:44:45 | INFO: Extracting primitive: COL_daguan_column.009
14:44:45 | INFO: Primitives created: 1
14:44:45 | INFO: Extracting primitive: COL_daguan_column.010
14:44:45 | INFO: Primitives created: 1
14:44:45 | INFO: Extracting primitive: COL_daguan_column.011
14:44:45 | INFO: Primitives created: 1
14:44:45 | INFO: Extracting primitive: COL_daguan_floor.001
14:44:45 | INFO: Primitives created: 1
14:44:45 | INFO: Extracting primitive: COL_daguan_return_wall.002
14:44:45 | INFO: Primitives created: 1
14:44:45 | INFO: Extracting primitive: COL_daguan_return_wall.003
14:44:45 | INFO: Primitives created: 1
14:44:45 | INFO: Extracting primitive: COL_daoxiang_approach.002
14:44:45 | INFO: Primitives created: 1
14:44:45 | INFO: Extracting primitive: COL_daoxiang_approach.003
14:44:45 | INFO: Primitives created: 1
14:44:45 | INFO: Extracting primitive: COL_daoxiang_closed_front.001
14:44:45 | INFO: Primitives created: 1
14:44:45 | INFO: Extracting primitive: COL_daoxiang_court.001
14:44:45 | INFO: Primitives created: 1
14:44:45 | INFO: Extracting primitive: COL_daoxiang_fence.004
14:44:45 | INFO: Primitives created: 1
14:44:45 | INFO: Extracting primitive: COL_daoxiang_fence.005
14:44:45 | INFO: Primitives created: 1
14:44:45 | INFO: Extracting primitive: COL_daoxiang_fence.006
14:44:45 | INFO: Primitives created: 1
14:44:45 | INFO: Extracting primitive: COL_daoxiang_fence.007
14:44:45 | INFO: Primitives created: 1
14:44:45 | INFO: Extracting primitive: COL_daoxiang_side.002
14:44:45 | INFO: Primitives created: 1
14:44:45 | INFO: Extracting primitive: COL_daoxiang_side.003
14:44:45 | INFO: Primitives created: 1
14:44:45 | INFO: Extracting primitive: COL_entry_corridor.001
14:44:45 | INFO: Primitives created: 1
14:44:45 | INFO: Extracting primitive: COL_entry_walk.002
14:44:45 | INFO: Primitives created: 1
14:44:45 | INFO: Extracting primitive: COL_entry_walk.003
14:44:45 | INFO: Primitives created: 1
14:44:45 | INFO: Extracting primitive: COL_floor_joint_cell_threshold_0.001
14:44:45 | INFO: Primitives created: 1
14:44:45 | INFO: Extracting primitive: COL_floor_joint_cell_threshold_1.001
14:44:45 | INFO: Primitives created: 1
14:44:45 | INFO: Extracting primitive: COL_floor_joint_cell_threshold_2.001
14:44:45 | INFO: Primitives created: 1
14:44:45 | INFO: Extracting primitive: COL_floor_joint_cell_threshold_3.001
14:44:45 | INFO: Primitives created: 1
14:44:45 | INFO: Extracting primitive: COL_floor_joint_cell_threshold_4.001
14:44:45 | INFO: Primitives created: 1
14:44:45 | INFO: Extracting primitive: COL_floor_joint_cell_threshold_5.001
14:44:45 | INFO: Primitives created: 1
14:44:45 | INFO: Extracting primitive: COL_floor_joint_pavilion_east_joint.001
14:44:45 | INFO: Primitives created: 1
14:44:45 | INFO: Extracting primitive: COL_floor_joint_pavilion_west_joint.001
14:44:45 | INFO: Primitives created: 1
14:44:45 | INFO: Extracting primitive: Cube.146
14:44:45 | INFO: Primitives created: 1
14:44:45 | INFO: Extracting primitive: Cube.145
14:44:45 | INFO: Primitives created: 1
14:44:45 | INFO: Extracting primitive: COL_GATE_banana_planter.001
14:44:45 | INFO: Primitives created: 1
14:44:45 | INFO: Extracting primitive: KIT_rockery_passage.022
14:44:45 | INFO: Primitives created: 1
14:44:45 | INFO: Extracting primitive: KIT_rockery_passage.024
14:44:45 | INFO: Primitives created: 1
14:44:45 | INFO: Extracting primitive: KIT_rockery_cliff.006
14:44:45 | INFO: Primitives created: 1
14:44:45 | INFO: Extracting primitive: KIT_rockery_cliff.008
14:44:45 | INFO: Primitives created: 1
14:44:45 | INFO: Extracting primitive: KIT_rockery_passage.004
14:44:45 | INFO: Primitives created: 1
14:44:45 | INFO: Extracting primitive: KIT_rockery_passage.016
14:44:45 | INFO: Primitives created: 1
14:44:45 | INFO: Extracting primitive: KIT_rockery_passage.018
14:44:45 | INFO: Primitives created: 1
14:44:45 | INFO: Extracting primitive: KIT_rockery_passage.020
14:44:45 | INFO: Primitives created: 1
14:44:45 | INFO: Extracting primitive: GATE_paving.003
14:44:45 | INFO: Primitives created: 1
14:44:45 | INFO: Extracting primitive: COL_hengwu-yuan_floor.001
14:44:45 | INFO: Primitives created: 1
14:44:45 | INFO: Extracting primitive: COL_hengwu_approach.002
14:44:45 | INFO: Primitives created: 1
14:44:45 | INFO: Extracting primitive: COL_hengwu_approach.003
14:44:45 | INFO: Primitives created: 1
14:44:45 | INFO: Extracting primitive: COL_hengwu_closed_hall.002
14:44:45 | INFO: Primitives created: 1
14:44:45 | INFO: Extracting primitive: COL_hengwu_court.002
14:44:45 | INFO: Primitives created: 1
14:44:45 | INFO: Extracting primitive: COL_hengwu_hall_post.001
14:44:45 | INFO: Primitives created: 1
14:44:45 | INFO: Extracting primitive: COL_hengwu_hall_post.002
14:44:45 | INFO: Primitives created: 1
14:44:45 | INFO: Extracting primitive: COL_hengwu_hall_post.006
14:44:45 | INFO: Primitives created: 1
14:44:45 | INFO: Extracting primitive: COL_wall_bay.001
14:44:45 | INFO: Primitives created: 1
14:44:45 | INFO: Extracting primitive: COL_wall_bay.002
14:44:45 | INFO: Primitives created: 1
14:44:45 | INFO: Extracting primitive: COL_wall_bay.003
14:44:45 | INFO: Primitives created: 1
14:44:45 | INFO: Extracting primitive: COL_wall_bay.004
14:44:45 | INFO: Primitives created: 1
14:44:45 | INFO: Extracting primitive: COL_wall_bay.005
14:44:45 | INFO: Primitives created: 1
14:44:45 | INFO: Extracting primitive: COL_wall_bay.006
14:44:45 | INFO: Primitives created: 1
14:44:45 | INFO: Extracting primitive: KIT_wall_plaster.002
14:44:45 | INFO: Primitives created: 1
14:44:45 | INFO: Extracting primitive: COL_wall_window.001
14:44:45 | INFO: Primitives created: 1
14:44:45 | INFO: Extracting primitive: COL_wall_window.002
14:44:45 | INFO: Primitives created: 1
14:44:45 | INFO: Extracting primitive: COL_hengwu_rock.001
14:44:45 | INFO: Primitives created: 1
14:44:45 | INFO: Extracting primitive: COL_hengwu_rock.002
14:44:45 | INFO: Primitives created: 1
14:44:45 | INFO: Extracting primitive: COL_hengwu_rock.006
14:44:45 | INFO: Primitives created: 1
14:44:45 | INFO: Extracting primitive: COL_hengwu_stool.001
14:44:45 | INFO: Primitives created: 1
14:44:45 | INFO: Extracting primitive: COL_hengwu_stool.002
14:44:45 | INFO: Primitives created: 1
14:44:45 | INFO: Extracting primitive: COL_hengwu_stool.003
14:44:45 | INFO: Primitives created: 1
14:44:45 | INFO: Extracting primitive: COL_hengwu_stool.008
14:44:45 | INFO: Primitives created: 1
14:44:45 | INFO: Extracting primitive: COL_hengwu_table.002
14:44:45 | INFO: Primitives created: 1
14:44:45 | INFO: Extracting primitive: COL_longcui_approach.003
14:44:45 | INFO: Primitives created: 1
14:44:45 | INFO: Extracting primitive: COL_longcui_approach.004
14:44:45 | INFO: Primitives created: 1
14:44:45 | INFO: Extracting primitive: COL_longcui_approach.005
14:44:45 | INFO: Primitives created: 1
14:44:45 | INFO: Extracting primitive: COL_longcui_burner.001
14:44:45 | INFO: Primitives created: 1
14:44:45 | INFO: Extracting primitive: COL_longcui_closed_front.001
14:44:45 | INFO: Primitives created: 1
14:44:45 | INFO: Extracting primitive: COL_longcui_floor.001
14:44:45 | INFO: Primitives created: 1
14:44:45 | INFO: Extracting primitive: COL_longcui_plum_trunk.002
14:44:45 | INFO: Primitives created: 1
14:44:45 | INFO: Extracting primitive: COL_longcui_plum_trunk.003
14:44:45 | INFO: Primitives created: 1
14:44:45 | INFO: Extracting primitive: COL_longcui_return.002
14:44:45 | INFO: Primitives created: 1
14:44:45 | INFO: Extracting primitive: COL_longcui_return.003
14:44:45 | INFO: Primitives created: 1
14:44:45 | INFO: Extracting primitive: COL_longcui_threshold.001
14:44:45 | INFO: Primitives created: 1
14:44:45 | INFO: Extracting primitive: COL_ouxiang_approach.001
14:44:45 | INFO: Primitives created: 1
14:44:45 | INFO: Extracting primitive: COL_ouxiang_deck.001
14:44:45 | INFO: Primitives created: 1
14:44:45 | INFO: Extracting primitive: COL_ouxiang_post.004
14:44:45 | INFO: Primitives created: 1
14:44:45 | INFO: Extracting primitive: COL_ouxiang_post.005
14:44:45 | INFO: Primitives created: 1
14:44:45 | INFO: Extracting primitive: COL_ouxiang_post.006
14:44:45 | INFO: Primitives created: 1
14:44:45 | INFO: Extracting primitive: COL_ouxiang_post.007
14:44:45 | INFO: Primitives created: 1
14:44:45 | INFO: Extracting primitive: COL_ouxiang_rail.002
14:44:45 | INFO: Primitives created: 1
14:44:45 | INFO: Extracting primitive: COL_ouxiang_rail.003
14:44:45 | INFO: Primitives created: 1
14:44:45 | INFO: Extracting primitive: COL_ouxiang_side_rail.004
14:44:45 | INFO: Primitives created: 1
14:44:45 | INFO: Extracting primitive: COL_ouxiang_side_rail.005
14:44:45 | INFO: Primitives created: 1
14:44:45 | INFO: Extracting primitive: COL_ouxiang_side_rail.006
14:44:45 | INFO: Primitives created: 1
14:44:45 | INFO: Extracting primitive: COL_ouxiang_side_rail.007
14:44:45 | INFO: Primitives created: 1
14:44:45 | INFO: Extracting primitive: COL_ouxiang_table.001
14:44:45 | INFO: Primitives created: 1
14:44:45 | INFO: Extracting primitive: COL_corridor_floor.009
14:44:45 | INFO: Primitives created: 1
14:44:45 | INFO: Extracting primitive: COL_corridor_side.015
14:44:45 | INFO: Primitives created: 1
14:44:45 | INFO: Extracting primitive: COL_corridor_side.016
14:44:45 | INFO: Primitives created: 1
14:44:45 | INFO: Extracting primitive: COL_corridor_post.016
14:44:45 | INFO: Primitives created: 1
14:44:45 | INFO: Extracting primitive: COL_corridor_post.017
14:44:45 | INFO: Primitives created: 1
14:44:45 | INFO: Extracting primitive: COL_corridor_floor.010
14:44:45 | INFO: Primitives created: 1
14:44:45 | INFO: Extracting primitive: COL_corridor_side.017
14:44:45 | INFO: Primitives created: 1
14:44:45 | INFO: Extracting primitive: COL_corridor_side.018
14:44:45 | INFO: Primitives created: 1
14:44:45 | INFO: Extracting primitive: COL_corridor_post.018
14:44:45 | INFO: Primitives created: 1
14:44:45 | INFO: Extracting primitive: COL_corridor_post.019
14:44:45 | INFO: Primitives created: 1
14:44:45 | INFO: Extracting primitive: COL_corridor_floor.011
14:44:45 | INFO: Primitives created: 1
14:44:45 | INFO: Extracting primitive: COL_corridor_side.019
14:44:45 | INFO: Primitives created: 1
14:44:45 | INFO: Extracting primitive: COL_corridor_side.020
14:44:45 | INFO: Primitives created: 1
14:44:45 | INFO: Extracting primitive: COL_corridor_post.020
14:44:45 | INFO: Primitives created: 1
14:44:45 | INFO: Extracting primitive: COL_corridor_post.021
14:44:45 | INFO: Primitives created: 1
14:44:45 | INFO: Extracting primitive: COL_corridor_floor.012
14:44:45 | INFO: Primitives created: 1
14:44:45 | INFO: Extracting primitive: COL_corridor_side.021
14:44:45 | INFO: Primitives created: 1
14:44:45 | INFO: Extracting primitive: COL_corridor_side.022
14:44:45 | INFO: Primitives created: 1
14:44:45 | INFO: Extracting primitive: COL_corridor_post.022
14:44:45 | INFO: Primitives created: 1
14:44:45 | INFO: Extracting primitive: COL_corridor_post.023
14:44:45 | INFO: Primitives created: 1
14:44:45 | INFO: Extracting primitive: COL_corridor_floor.001
14:44:45 | INFO: Primitives created: 1
14:44:45 | INFO: Extracting primitive: COL_corridor_side.001
14:44:45 | INFO: Primitives created: 1
14:44:45 | INFO: Extracting primitive: COL_corridor_side.002
14:44:45 | INFO: Primitives created: 1
14:44:45 | INFO: Extracting primitive: COL_corridor_post.001
14:44:45 | INFO: Primitives created: 1
14:44:45 | INFO: Extracting primitive: COL_corridor_post.002
14:44:45 | INFO: Primitives created: 1
14:44:45 | INFO: Extracting primitive: COL_corridor_floor.002
14:44:45 | INFO: Primitives created: 1
14:44:45 | INFO: Extracting primitive: COL_corridor_side.003
14:44:45 | INFO: Primitives created: 1
14:44:45 | INFO: Extracting primitive: COL_corridor_side.004
14:44:45 | INFO: Primitives created: 1
14:44:45 | INFO: Extracting primitive: COL_corridor_post.003
14:44:45 | INFO: Primitives created: 1
14:44:45 | INFO: Extracting primitive: COL_corridor_post.004
14:44:45 | INFO: Primitives created: 1
14:44:45 | INFO: Extracting primitive: COL_corridor_floor.003
14:44:45 | INFO: Primitives created: 1
14:44:45 | INFO: Extracting primitive: COL_corridor_side.005
14:44:45 | INFO: Primitives created: 1
14:44:45 | INFO: Extracting primitive: COL_corridor_side.006
14:44:45 | INFO: Primitives created: 1
14:44:45 | INFO: Extracting primitive: COL_corridor_post.005
14:44:45 | INFO: Primitives created: 1
14:44:45 | INFO: Extracting primitive: COL_corridor_post.006
14:44:45 | INFO: Primitives created: 1
14:44:45 | INFO: Extracting primitive: COL_corridor_floor.004
14:44:45 | INFO: Primitives created: 1
14:44:45 | INFO: Extracting primitive: COL_corridor_side.007
14:44:45 | INFO: Primitives created: 1
14:44:45 | INFO: Extracting primitive: COL_corridor_side.008
14:44:45 | INFO: Primitives created: 1
14:44:45 | INFO: Extracting primitive: COL_corridor_post.007
14:44:45 | INFO: Primitives created: 1
14:44:45 | INFO: Extracting primitive: COL_corridor_post.008
14:44:45 | INFO: Primitives created: 1
14:44:45 | INFO: Extracting primitive: COL_corridor_floor.005
14:44:45 | INFO: Primitives created: 1
14:44:45 | INFO: Extracting primitive: COL_corridor_side.009
14:44:45 | INFO: Primitives created: 1
14:44:45 | INFO: Extracting primitive: COL_corridor_side.010
14:44:45 | INFO: Primitives created: 1
14:44:45 | INFO: Extracting primitive: COL_corridor_post.009
14:44:45 | INFO: Primitives created: 1
14:44:45 | INFO: Extracting primitive: COL_corridor_post.010
14:44:45 | INFO: Primitives created: 1
14:44:45 | INFO: Extracting primitive: COL_corridor_floor.006
14:44:45 | INFO: Primitives created: 1
14:44:45 | INFO: Extracting primitive: COL_corridor_side.011
14:44:45 | INFO: Primitives created: 1
14:44:45 | INFO: Extracting primitive: COL_corridor_post.011
14:44:45 | INFO: Primitives created: 1
14:44:45 | INFO: Extracting primitive: COL_corridor_post.012
14:44:45 | INFO: Primitives created: 1
14:44:45 | INFO: Extracting primitive: COL_corridor_floor.007
14:44:45 | INFO: Primitives created: 1
14:44:45 | INFO: Extracting primitive: COL_corridor_side.012
14:44:45 | INFO: Primitives created: 1
14:44:45 | INFO: Extracting primitive: COL_corridor_post.013
14:44:45 | INFO: Primitives created: 1
14:44:45 | INFO: Extracting primitive: COL_corridor_floor.008
14:44:45 | INFO: Primitives created: 1
14:44:45 | INFO: Extracting primitive: COL_corridor_side.013
14:44:45 | INFO: Primitives created: 1
14:44:45 | INFO: Extracting primitive: COL_corridor_side.014
14:44:45 | INFO: Primitives created: 1
14:44:45 | INFO: Extracting primitive: COL_corridor_post.014
14:44:45 | INFO: Primitives created: 1
14:44:45 | INFO: Extracting primitive: COL_corridor_post.015
14:44:45 | INFO: Primitives created: 1
14:44:45 | INFO: Extracting primitive: COL_corridor_floor.013
14:44:45 | INFO: Primitives created: 1
14:44:45 | INFO: Extracting primitive: COL_corridor_side.023
14:44:45 | INFO: Primitives created: 1
14:44:45 | INFO: Extracting primitive: COL_corridor_side.024
14:44:45 | INFO: Primitives created: 1
14:44:45 | INFO: Extracting primitive: COL_corridor_post.024
14:44:45 | INFO: Primitives created: 1
14:44:45 | INFO: Extracting primitive: COL_corridor_post.025
14:44:45 | INFO: Primitives created: 1
14:44:45 | INFO: Extracting primitive: COL_corridor_floor.014
14:44:45 | INFO: Primitives created: 1
14:44:45 | INFO: Extracting primitive: COL_corridor_side.025
14:44:45 | INFO: Primitives created: 1
14:44:45 | INFO: Extracting primitive: COL_corridor_side.026
14:44:45 | INFO: Primitives created: 1
14:44:45 | INFO: Extracting primitive: COL_corridor_post.026
14:44:45 | INFO: Primitives created: 1
14:44:45 | INFO: Extracting primitive: COL_corridor_post.027
14:44:45 | INFO: Primitives created: 1
14:44:45 | INFO: Extracting primitive: COL_corridor_floor.015
14:44:45 | INFO: Primitives created: 1
14:44:45 | INFO: Extracting primitive: COL_corridor_side.027
14:44:45 | INFO: Primitives created: 1
14:44:45 | INFO: Extracting primitive: COL_corridor_side.028
14:44:45 | INFO: Primitives created: 1
14:44:45 | INFO: Extracting primitive: COL_corridor_post.028
14:44:45 | INFO: Primitives created: 1
14:44:45 | INFO: Extracting primitive: COL_corridor_post.029
14:44:45 | INFO: Primitives created: 1
14:44:45 | INFO: Extracting primitive: COL_corridor_floor.016
14:44:45 | INFO: Primitives created: 1
14:44:45 | INFO: Extracting primitive: COL_corridor_side.029
14:44:45 | INFO: Primitives created: 1
14:44:45 | INFO: Extracting primitive: COL_corridor_side.030
14:44:45 | INFO: Primitives created: 1
14:44:45 | INFO: Extracting primitive: COL_corridor_post.030
14:44:45 | INFO: Primitives created: 1
14:44:45 | INFO: Extracting primitive: COL_corridor_post.031
14:44:45 | INFO: Primitives created: 1
14:44:45 | INFO: Extracting primitive: COL_qinfang_deck.001
14:44:45 | INFO: Primitives created: 1
14:44:45 | INFO: Extracting primitive: COL_pavilion_bench.001
14:44:45 | INFO: Primitives created: 1
14:44:45 | INFO: Extracting primitive: COL_pavilion_bench.002
14:44:45 | INFO: Primitives created: 1
14:44:45 | INFO: Extracting primitive: COL_pavilion_bracket.001
14:44:45 | INFO: Primitives created: 1
14:44:45 | INFO: Extracting primitive: COL_pavilion_bracket.002
14:44:45 | INFO: Primitives created: 1
14:44:45 | INFO: Extracting primitive: COL_pavilion_bracket.003
14:44:45 | INFO: Primitives created: 1
14:44:45 | INFO: Extracting primitive: COL_pavilion_bracket.004
14:44:45 | INFO: Primitives created: 1
14:44:45 | INFO: Extracting primitive: COL_pavilion_bracket.005
14:44:45 | INFO: Primitives created: 1
14:44:45 | INFO: Extracting primitive: COL_pavilion_bracket.006
14:44:45 | INFO: Primitives created: 1
14:44:45 | INFO: Extracting primitive: COL_pavilion_post.001
14:44:45 | INFO: Primitives created: 1
14:44:45 | INFO: Extracting primitive: COL_pavilion_post.002
14:44:45 | INFO: Primitives created: 1
14:44:45 | INFO: Extracting primitive: COL_pavilion_post.003
14:44:45 | INFO: Primitives created: 1
14:44:45 | INFO: Extracting primitive: COL_pavilion_post.004
14:44:45 | INFO: Primitives created: 1
14:44:45 | INFO: Extracting primitive: COL_pavilion_post.005
14:44:45 | INFO: Primitives created: 1
14:44:45 | INFO: Extracting primitive: COL_pavilion_post.006
14:44:45 | INFO: Primitives created: 1
14:44:45 | INFO: Extracting primitive: COL_pavilion_roof.001
14:44:45 | INFO: Primitives created: 1
14:44:45 | INFO: Extracting primitive: COL_qiushuang-zhai_floor.001
14:44:45 | INFO: Primitives created: 1
14:44:45 | INFO: Extracting primitive: Cube.009
14:44:45 | INFO: Primitives created: 1
14:44:45 | INFO: Extracting primitive: Cube.011
14:44:45 | INFO: Primitives created: 1
14:44:45 | INFO: Extracting primitive: Cube.012
14:44:45 | INFO: Primitives created: 1
14:44:45 | INFO: Extracting primitive: Cube.013
14:44:45 | INFO: Primitives created: 1
14:44:45 | INFO: Extracting primitive: Cube.019
14:44:45 | INFO: Primitives created: 1
14:44:45 | INFO: Extracting primitive: Cube.020
14:44:45 | INFO: Primitives created: 1
14:44:45 | INFO: Extracting primitive: Cube.023
14:44:45 | INFO: Primitives created: 1
14:44:45 | INFO: Extracting primitive: Cube.024
14:44:45 | INFO: Primitives created: 1
14:44:45 | INFO: Extracting primitive: Cube.048
14:44:45 | INFO: Primitives created: 1
14:44:45 | INFO: Extracting primitive: Cube.050
14:44:45 | INFO: Primitives created: 1
14:44:45 | INFO: Extracting primitive: Cube.052
14:44:45 | INFO: Primitives created: 1
14:44:45 | INFO: Extracting primitive: Cube.092
14:44:45 | INFO: Primitives created: 1
14:44:45 | INFO: Extracting primitive: Cube.093
14:44:45 | INFO: Primitives created: 1
14:44:45 | INFO: Extracting primitive: Cube.094
14:44:45 | INFO: Primitives created: 1
14:44:45 | INFO: Extracting primitive: Cube.095
14:44:45 | INFO: Primitives created: 1
14:44:45 | INFO: Extracting primitive: Cube.096
14:44:45 | INFO: Primitives created: 1
14:44:45 | INFO: Extracting primitive: Cube.097
14:44:45 | INFO: Primitives created: 1
14:44:45 | INFO: Extracting primitive: Cube.098
14:44:45 | INFO: Primitives created: 1
14:44:45 | INFO: Extracting primitive: Cube.099
14:44:45 | INFO: Primitives created: 1
14:44:45 | INFO: Extracting primitive: Cube.100
14:44:45 | INFO: Primitives created: 1
14:44:45 | INFO: Extracting primitive: Cube.101
14:44:45 | INFO: Primitives created: 1
14:44:45 | INFO: Extracting primitive: Cube.102
14:44:45 | INFO: Primitives created: 1
14:44:45 | INFO: Extracting primitive: Cube.103
14:44:45 | INFO: Primitives created: 1
14:44:45 | INFO: Extracting primitive: Cube.104
14:44:45 | INFO: Primitives created: 1
14:44:45 | INFO: Extracting primitive: Cube.105
14:44:45 | INFO: Primitives created: 1
14:44:45 | INFO: Extracting primitive: Cube.106
14:44:45 | INFO: Primitives created: 1
14:44:45 | INFO: Extracting primitive: Cube.107
14:44:45 | INFO: Primitives created: 1
14:44:45 | INFO: Extracting primitive: Cube.108
14:44:45 | INFO: Primitives created: 1
14:44:45 | INFO: Extracting primitive: Cube.109
14:44:45 | INFO: Primitives created: 1
14:44:45 | INFO: Extracting primitive: Cube.110
14:44:45 | INFO: Primitives created: 1
14:44:45 | INFO: Extracting primitive: Cube.111
14:44:45 | INFO: Primitives created: 1
14:44:45 | INFO: Extracting primitive: Cube.112
14:44:45 | INFO: Primitives created: 1
14:44:45 | INFO: Extracting primitive: Cube.113
14:44:45 | INFO: Primitives created: 1
14:44:45 | INFO: Extracting primitive: Cube.114
14:44:45 | INFO: Primitives created: 1
14:44:45 | INFO: Extracting primitive: Cube.115
14:44:45 | INFO: Primitives created: 1
14:44:45 | INFO: Extracting primitive: Cube.116
14:44:45 | INFO: Primitives created: 1
14:44:45 | INFO: Extracting primitive: Cube.117
14:44:45 | INFO: Primitives created: 1
14:44:45 | INFO: Extracting primitive: Cube.118
14:44:45 | INFO: Primitives created: 1
14:44:45 | INFO: Extracting primitive: Cube.119
14:44:45 | INFO: Primitives created: 1
14:44:45 | INFO: Extracting primitive: Cube.120
14:44:45 | INFO: Primitives created: 1
14:44:45 | INFO: Extracting primitive: Cube.121
14:44:45 | INFO: Primitives created: 1
14:44:45 | INFO: Extracting primitive: Cube.122
14:44:45 | INFO: Primitives created: 1
14:44:45 | INFO: Extracting primitive: Cube.123
14:44:45 | INFO: Primitives created: 1
14:44:45 | INFO: Extracting primitive: Cube.124
14:44:45 | INFO: Primitives created: 1
14:44:45 | INFO: Extracting primitive: Cube.125
14:44:45 | INFO: Primitives created: 1
14:44:45 | INFO: Extracting primitive: Cube.126
14:44:45 | INFO: Primitives created: 1
14:44:45 | INFO: Extracting primitive: Cube.127
14:44:45 | INFO: Primitives created: 1
14:44:45 | INFO: Extracting primitive: Cube.128
14:44:45 | INFO: Primitives created: 1
14:44:45 | INFO: Extracting primitive: Cube.129
14:44:45 | INFO: Primitives created: 1
14:44:45 | INFO: Extracting primitive: Cube.130
14:44:45 | INFO: Primitives created: 1
14:44:45 | INFO: Extracting primitive: Cube.131
14:44:45 | INFO: Primitives created: 1
14:44:45 | INFO: Extracting primitive: Cube.132
14:44:45 | INFO: Primitives created: 1
14:44:45 | INFO: Extracting primitive: Cube.133
14:44:45 | INFO: Primitives created: 1
14:44:45 | INFO: Extracting primitive: Cube.134
14:44:45 | INFO: Primitives created: 1
14:44:45 | INFO: Extracting primitive: Cube.135
14:44:45 | INFO: Primitives created: 1
14:44:45 | INFO: Extracting primitive: Cube.136
14:44:45 | INFO: Primitives created: 1
14:44:45 | INFO: Extracting primitive: Cube.137
14:44:45 | INFO: Primitives created: 1
14:44:45 | INFO: Extracting primitive: Cube.138
14:44:45 | INFO: Primitives created: 1
14:44:45 | INFO: Extracting primitive: Cube.139
14:44:45 | INFO: Primitives created: 1
14:44:45 | INFO: Extracting primitive: Cube.140
14:44:45 | INFO: Primitives created: 1
14:44:45 | INFO: Extracting primitive: Cube.141
14:44:45 | INFO: Primitives created: 1
14:44:45 | INFO: Extracting primitive: Cube.142
14:44:45 | INFO: Primitives created: 1
14:44:45 | INFO: Extracting primitive: Cube.143
14:44:45 | INFO: Primitives created: 1
14:44:45 | INFO: Extracting primitive: Cube.144
14:44:45 | INFO: Primitives created: 1
14:44:45 | INFO: Extracting primitive: Cube.193
14:44:45 | INFO: Primitives created: 1
14:44:45 | INFO: Extracting primitive: Cube.194
14:44:45 | INFO: Primitives created: 1
14:44:45 | INFO: Extracting primitive: Cube.195
14:44:45 | INFO: Primitives created: 1
14:44:45 | INFO: Extracting primitive: Cube.196
14:44:45 | INFO: Primitives created: 1
14:44:45 | INFO: Extracting primitive: Cube.197
14:44:45 | INFO: Primitives created: 1
14:44:45 | INFO: Extracting primitive: Cube.198
14:44:45 | INFO: Primitives created: 1
14:44:45 | INFO: Extracting primitive: Cube.199
14:44:45 | INFO: Primitives created: 1
14:44:45 | INFO: Extracting primitive: Cube.200
14:44:45 | INFO: Primitives created: 1
14:44:45 | INFO: Extracting primitive: COL_stone_walk.005
14:44:45 | INFO: Primitives created: 1
14:44:45 | INFO: Extracting primitive: COL_stone_walk.008
14:44:45 | INFO: Primitives created: 1
14:44:45 | INFO: Extracting primitive: COL_stone_walk.009
14:44:45 | INFO: Primitives created: 1
14:44:45 | INFO: Extracting primitive: COL_stone_walk.010
14:44:45 | INFO: Primitives created: 1
14:44:45 | INFO: Extracting primitive: COL_stone_walk.011
14:44:45 | INFO: Primitives created: 1
14:44:45 | INFO: Extracting primitive: COL_stone_walk.012
14:44:45 | INFO: Primitives created: 1
14:44:45 | INFO: Extracting primitive: COL_study_approach.002
14:44:45 | INFO: Primitives created: 1
14:44:45 | INFO: Extracting primitive: COL_study_desk_centre.002
14:44:45 | INFO: Primitives created: 1
14:44:45 | INFO: Extracting primitive: COL_study_desk_left.002
14:44:45 | INFO: Primitives created: 1
14:44:45 | INFO: Extracting primitive: COL_study_desk_right.002
14:44:45 | INFO: Primitives created: 1
14:44:45 | INFO: Extracting primitive: COL_study_front_walk.002
14:44:45 | INFO: Primitives created: 1
14:44:45 | INFO: Extracting primitive: COL_study_front_wall.002
14:44:45 | INFO: Primitives created: 1
14:44:45 | INFO: Extracting primitive: COL_study_post.001
14:44:45 | INFO: Primitives created: 1
14:44:45 | INFO: Extracting primitive: COL_study_post.002
14:44:45 | INFO: Primitives created: 1
14:44:45 | INFO: Extracting primitive: COL_study_post.003
14:44:45 | INFO: Primitives created: 1
14:44:45 | INFO: Extracting primitive: COL_study_post.008
14:44:45 | INFO: Primitives created: 1
14:44:45 | INFO: Extracting primitive: Cube.151
14:44:45 | INFO: Primitives created: 1
14:44:45 | INFO: Extracting primitive: Cube.152
14:44:45 | INFO: Primitives created: 1
14:44:45 | INFO: Extracting primitive: Cube.153
14:44:45 | INFO: Primitives created: 1
14:44:45 | INFO: Extracting primitive: Cube.154
14:44:45 | INFO: Primitives created: 1
14:44:45 | INFO: Extracting primitive: Cube.155
14:44:45 | INFO: Primitives created: 1
14:44:45 | INFO: Extracting primitive: Cube.156
14:44:45 | INFO: Primitives created: 1
14:44:45 | INFO: Extracting primitive: Cube.157
14:44:45 | INFO: Primitives created: 1
14:44:45 | INFO: Extracting primitive: Cube.158
14:44:45 | INFO: Primitives created: 1
14:44:45 | INFO: Extracting primitive: Cube.159
14:44:45 | INFO: Primitives created: 1
14:44:45 | INFO: Extracting primitive: Cube.160
14:44:45 | INFO: Primitives created: 1
14:44:45 | INFO: Extracting primitive: Cube.161
14:44:45 | INFO: Primitives created: 1
14:44:45 | INFO: Extracting primitive: Cube.162
14:44:45 | INFO: Primitives created: 1
14:44:45 | INFO: Extracting primitive: Cube.163
14:44:45 | INFO: Primitives created: 1
14:44:45 | INFO: Extracting primitive: Cube.164
14:44:45 | INFO: Primitives created: 1
14:44:45 | INFO: Extracting primitive: Cube.165
14:44:45 | INFO: Primitives created: 1
14:44:45 | INFO: Extracting primitive: Cube.166
14:44:45 | INFO: Primitives created: 1
14:44:45 | INFO: Extracting primitive: Cube.167
14:44:45 | INFO: Primitives created: 1
14:44:45 | INFO: Extracting primitive: Cube.168
14:44:45 | INFO: Primitives created: 1
14:44:45 | INFO: Extracting primitive: Cube.169
14:44:45 | INFO: Primitives created: 1
14:44:45 | INFO: Extracting primitive: Cube.170
14:44:45 | INFO: Primitives created: 1
14:44:45 | INFO: Extracting primitive: Cube.171
14:44:45 | INFO: Primitives created: 1
14:44:45 | INFO: Extracting primitive: Cube.172
14:44:45 | INFO: Primitives created: 1
14:44:45 | INFO: Extracting primitive: Cube.173
14:44:45 | INFO: Primitives created: 1
14:44:45 | INFO: Extracting primitive: Cube.174
14:44:45 | INFO: Primitives created: 1
14:44:45 | INFO: Extracting primitive: Cube.175
14:44:45 | INFO: Primitives created: 1
14:44:45 | INFO: Extracting primitive: Cube.176
14:44:45 | INFO: Primitives created: 1
14:44:45 | INFO: Extracting primitive: Cube.177
14:44:45 | INFO: Primitives created: 1
14:44:45 | INFO: Extracting primitive: Cube.178
14:44:45 | INFO: Primitives created: 1
14:44:45 | INFO: Extracting primitive: Cube.179
14:44:45 | INFO: Primitives created: 1
14:44:45 | INFO: Extracting primitive: Cube.180
14:44:45 | INFO: Primitives created: 1
14:44:45 | INFO: Extracting primitive: Cube.201
14:44:45 | INFO: Primitives created: 1
14:44:45 | INFO: Extracting primitive: Cube.202
14:44:45 | INFO: Primitives created: 1
14:44:45 | INFO: Extracting primitive: Cube.203
14:44:45 | INFO: Primitives created: 1
14:44:45 | INFO: Extracting primitive: Cube.181
14:44:45 | INFO: Primitives created: 1
14:44:45 | INFO: Extracting primitive: Cube.182
14:44:45 | INFO: Primitives created: 1
14:44:45 | INFO: Extracting primitive: Cube.183
14:44:45 | INFO: Primitives created: 1
14:44:45 | INFO: Extracting primitive: Cube.184
14:44:45 | INFO: Primitives created: 1
14:44:45 | INFO: Extracting primitive: Cube.185
14:44:45 | INFO: Primitives created: 1
14:44:45 | INFO: Extracting primitive: Cube.186
14:44:45 | INFO: Primitives created: 1
14:44:45 | INFO: Extracting primitive: Cube.187
14:44:45 | INFO: Primitives created: 1
14:44:45 | INFO: Extracting primitive: Cube.188
14:44:45 | INFO: Primitives created: 1
14:44:45 | INFO: Extracting primitive: Cube.189
14:44:45 | INFO: Primitives created: 1
14:44:45 | INFO: Extracting primitive: Cube.190
14:44:45 | INFO: Primitives created: 1
14:44:45 | INFO: Extracting primitive: Cube.191
14:44:45 | INFO: Primitives created: 1
14:44:45 | INFO: Extracting primitive: Cube.192
14:44:45 | INFO: Primitives created: 1
14:44:45 | INFO: Extracting primitive: COL_tubi-tang_floor.001
14:44:45 | INFO: Primitives created: 1
14:44:45 | INFO: Extracting primitive: COL_tubi_approach.001
14:44:45 | INFO: Primitives created: 1
14:44:45 | INFO: Extracting primitive: COL_tubi_approach.002
14:44:45 | INFO: Primitives created: 1
14:44:45 | INFO: Extracting primitive: COL_tubi_approach.007
14:44:45 | INFO: Primitives created: 1
14:44:45 | INFO: Extracting primitive: COL_tubi_approach.008
14:44:45 | INFO: Primitives created: 1
14:44:45 | INFO: Extracting primitive: COL_tubi_closed_hall.002
14:44:45 | INFO: Primitives created: 1
14:44:45 | INFO: Extracting primitive: COL_tubi_hall_post.001
14:44:45 | INFO: Primitives created: 1
14:44:45 | INFO: Extracting primitive: COL_tubi_hall_post.002
14:44:45 | INFO: Primitives created: 1
14:44:45 | INFO: Extracting primitive: COL_tubi_hall_post.006
14:44:45 | INFO: Primitives created: 1
14:44:45 | INFO: Extracting primitive: COL_tubi_parapet.001
14:44:45 | INFO: Primitives created: 1
14:44:45 | INFO: Extracting primitive: COL_tubi_parapet.002
14:44:45 | INFO: Primitives created: 1
14:44:45 | INFO: Extracting primitive: COL_tubi_parapet.003
14:44:45 | INFO: Primitives created: 1
14:44:45 | INFO: Extracting primitive: COL_tubi_parapet.008
14:44:45 | INFO: Primitives created: 1
14:44:45 | INFO: Extracting primitive: COL_tubi_stair_guard.001
14:44:45 | INFO: Primitives created: 1
14:44:45 | INFO: Extracting primitive: COL_tubi_stair_guard.004
14:44:45 | INFO: Primitives created: 1
14:44:45 | INFO: Extracting primitive: COL_tubi_stair_ramp.002
14:44:45 | INFO: Primitives created: 1
14:44:45 | INFO: Extracting primitive: COL_tubi_terrace.002
14:44:45 | INFO: Primitives created: 1
14:44:45 | INFO: Extracting primitive: COL_tubi_topic_table.002
14:44:45 | INFO: Primitives created: 1
14:44:45 | INFO: Extracting primitive: COL_tubi_view_bench_left.001
14:44:45 | INFO: Primitives created: 1
14:44:45 | INFO: Extracting primitive: COL_tubi_view_bench_right.001
14:44:45 | INFO: Primitives created: 1
14:44:45 | INFO: Extracting primitive: COL_water_bridge_side.001
14:44:45 | INFO: Primitives created: 1
14:44:45 | INFO: Extracting primitive: COL_water_bridge_side.004
14:44:45 | INFO: Primitives created: 1
14:44:45 | INFO: Extracting primitive: COL_water_bridge_deck.002
14:44:45 | INFO: Primitives created: 1
14:44:45 | INFO: Extracting primitive: COL_xiaoxiang_bamboo_bed.004
14:44:45 | INFO: Primitives created: 1
14:44:45 | INFO: Extracting primitive: COL_xiaoxiang_bamboo_bed.005
14:44:45 | INFO: Primitives created: 1
14:44:45 | INFO: Extracting primitive: COL_xiaoxiang_bamboo_bed.006
14:44:45 | INFO: Primitives created: 1
14:44:45 | INFO: Extracting primitive: COL_xiaoxiang_bamboo_bed.007
14:44:45 | INFO: Primitives created: 1
14:44:45 | INFO: Extracting primitive: COL_xiaoxiang_closed_front.001
14:44:45 | INFO: Primitives created: 1
14:44:45 | INFO: Extracting primitive: COL_xiaoxiang_floor.001
14:44:45 | INFO: Primitives created: 1
14:44:45 | INFO: Extracting primitive: COL_xiaoxiang_return.002
14:44:45 | INFO: Primitives created: 1
14:44:45 | INFO: Extracting primitive: COL_xiaoxiang_return.003
14:44:45 | INFO: Primitives created: 1
14:44:45 | INFO: Extracting primitive: COL_xiaoxiang_threshold.001
14:44:45 | INFO: Primitives created: 1
14:44:45 | INFO: Extracting primitive: COL_yihong_closed_front.002
14:44:45 | INFO: Primitives created: 1
14:44:45 | INFO: Extracting primitive: COL_yihong_court_side.001
14:44:45 | INFO: Primitives created: 1
14:44:45 | INFO: Extracting primitive: COL_yihong_court_side.004
14:44:45 | INFO: Primitives created: 1
14:44:45 | INFO: Extracting primitive: COL_yihong_floor.002
14:44:45 | INFO: Primitives created: 1
14:44:45 | INFO: Extracting primitive: COL_yihong_planter.001
14:44:45 | INFO: Primitives created: 1
14:44:45 | INFO: Extracting primitive: COL_yihong_planter.004
14:44:45 | INFO: Primitives created: 1
14:44:45 | INFO: Extracting primitive: COL_yihong_side_return.001
14:44:45 | INFO: Primitives created: 1
14:44:45 | INFO: Extracting primitive: COL_yihong_side_return.004
14:44:45 | INFO: Primitives created: 1
14:44:45 | INFO: Extracting primitive: COL_yihong_threshold.002
14:44:45 | INFO: Primitives created: 1
14:44:45 | INFO: Extracting primitive: COL_ziling_landing.001
14:44:45 | INFO: Primitives created: 1
14:44:45 | INFO: Extracting primitive: HERO_aojing-guan_title.002
14:44:45 | WARNING: More than one shader node tex image used for a texture. The resulting glTF sampler will behave like the first shader node tex image.
14:44:45 | INFO: Primitives created: 1
14:44:45 | INFO: Extracting primitive: HERO_daguan_title.001
14:44:45 | WARNING: More than one shader node tex image used for a texture. The resulting glTF sampler will behave like the first shader node tex image.
14:44:45 | INFO: Primitives created: 1
14:44:45 | INFO: Extracting primitive: HERO_daoxiang-cun_title.002
14:44:45 | WARNING: More than one shader node tex image used for a texture. The resulting glTF sampler will behave like the first shader node tex image.
14:44:45 | INFO: Primitives created: 1
14:44:45 | INFO: Extracting primitive: KIT_flora_plum_render.001
14:44:45 | WARNING: More than one shader node tex image used for a texture. The resulting glTF sampler will behave like the first shader node tex image.
14:44:45 | INFO: Primitives created: 1
14:44:45 | INFO: Extracting primitive: KIT_flora_plum_render.002
14:44:45 | INFO: Primitives created: 1
14:44:45 | INFO: Extracting primitive: KIT_flora_bamboo_large_render.001
14:44:45 | INFO: Primitives created: 1
14:44:45 | INFO: Extracting primitive: KIT_flora_bamboo_large_render.002
14:44:45 | INFO: Primitives created: 1
14:44:45 | INFO: Extracting primitive: KIT_flora_bamboo_small_render.001
14:44:45 | INFO: Primitives created: 1
14:44:45 | INFO: Extracting primitive: KIT_flora_willow_render.001
14:44:45 | INFO: Primitives created: 1
14:44:45 | INFO: Extracting primitive: KIT_flora_willow_render.002
14:44:45 | INFO: Primitives created: 1
14:44:45 | INFO: Extracting primitive: KIT_flora_bamboo_large_render.003
14:44:45 | INFO: Primitives created: 1
14:44:45 | INFO: Extracting primitive: KIT_flora_bamboo_medium_render.001
14:44:45 | INFO: Primitives created: 1
14:44:45 | INFO: Extracting primitive: KIT_flora_bamboo_small_render.002
14:44:45 | INFO: Primitives created: 1
14:44:45 | INFO: Extracting primitive: KIT_flora_bamboo_large_render.004
14:44:45 | INFO: Primitives created: 1
14:44:45 | INFO: Extracting primitive: KIT_flora_banana_render.001
14:44:45 | INFO: Primitives created: 1
14:44:45 | INFO: Extracting primitive: KIT_flora_banana_render.002
14:44:45 | INFO: Primitives created: 1
14:44:45 | INFO: Extracting primitive: TEMP_reed_geometry.001
14:44:45 | INFO: Primitives created: 1
14:44:45 | INFO: Extracting primitive: TEMP_reed_geometry.002
14:44:45 | INFO: Primitives created: 1
14:44:45 | INFO: Extracting primitive: TEMP_reed_geometry.003
14:44:45 | INFO: Primitives created: 1
14:44:45 | INFO: Extracting primitive: TEMP_reed_geometry.004
14:44:45 | INFO: Primitives created: 1
14:44:45 | INFO: Extracting primitive: TEMP_reed_geometry.005
14:44:45 | INFO: Primitives created: 1
14:44:45 | INFO: Extracting primitive: TEMP_reed_geometry.006
14:44:45 | INFO: Primitives created: 1
14:44:45 | INFO: Extracting primitive: TEMP_reed_geometry.007
14:44:45 | INFO: Primitives created: 1
14:44:45 | INFO: Extracting primitive: TEMP_reed_geometry.008
14:44:45 | INFO: Primitives created: 1
14:44:45 | INFO: Extracting primitive: TEMP_reed_geometry.009
14:44:45 | INFO: Primitives created: 1
14:44:45 | INFO: Extracting primitive: TEMP_reed_geometry.010
14:44:45 | INFO: Primitives created: 1
14:44:45 | INFO: Extracting primitive: HERO_gate_inscription.001
14:44:45 | WARNING: More than one shader node tex image used for a texture. The resulting glTF sampler will behave like the first shader node tex image.
14:44:45 | INFO: Primitives created: 1
14:44:45 | INFO: Extracting primitive: HERO_gate_water_drips.001
14:44:45 | WARNING: More than one shader node tex image used for a texture. The resulting glTF sampler will behave like the first shader node tex image.
14:44:45 | INFO: Primitives created: 1
14:44:45 | INFO: Extracting primitive: HERO_hengwu-yuan_title.002
14:44:45 | WARNING: More than one shader node tex image used for a texture. The resulting glTF sampler will behave like the first shader node tex image.
14:44:45 | INFO: Primitives created: 1
14:44:45 | INFO: Extracting primitive: HERO_longcui-an_title.002
14:44:45 | WARNING: More than one shader node tex image used for a texture. The resulting glTF sampler will behave like the first shader node tex image.
14:44:45 | INFO: Primitives created: 1
14:44:45 | INFO: Extracting primitive: HERO_qinfang-ting_title.002
14:44:45 | WARNING: More than one shader node tex image used for a texture. The resulting glTF sampler will behave like the first shader node tex image.
14:44:45 | INFO: Primitives created: 1
14:44:45 | INFO: Extracting primitive: HERO_qinfang_bridge.001
14:44:45 | INFO: Primitives created: 1
14:44:45 | INFO: Extracting primitive: HERO_study_scroll_bamboo.002
14:44:45 | INFO: Primitives created: 1
14:44:45 | INFO: Extracting primitive: HERO_study_scroll_plum.002
14:44:45 | INFO: Primitives created: 1
14:44:45 | INFO: Extracting primitive: HERO_study_title.002
14:44:45 | WARNING: More than one shader node tex image used for a texture. The resulting glTF sampler will behave like the first shader node tex image.
14:44:45 | INFO: Primitives created: 1
14:44:45 | INFO: Extracting primitive: HERO_table_hexagram.001
14:44:45 | INFO: Primitives created: 1
14:44:45 | INFO: Extracting primitive: line_piece.005
14:44:45 | WARNING: More than one shader node tex image used for a texture. The resulting glTF sampler will behave like the first shader node tex image.
14:44:45 | INFO: Primitives created: 1
14:44:45 | INFO: Extracting primitive: line_piece.002
14:44:45 | INFO: Primitives created: 1
14:44:45 | INFO: Extracting primitive: line_piece.011
14:44:45 | INFO: Primitives created: 1
14:44:45 | INFO: Extracting primitive: line_piece.008
14:44:45 | INFO: Primitives created: 1
14:44:45 | INFO: Extracting primitive: line_piece.017
14:44:45 | INFO: Primitives created: 1
14:44:45 | INFO: Extracting primitive: line_piece.014
14:44:45 | INFO: Primitives created: 1
14:44:45 | INFO: Extracting primitive: line_piece.019
14:44:45 | INFO: Primitives created: 1
14:44:45 | INFO: Extracting primitive: line_piece.018
14:44:45 | INFO: Primitives created: 1
14:44:45 | INFO: Extracting primitive: line_piece.021
14:44:45 | INFO: Primitives created: 1
14:44:45 | INFO: Extracting primitive: line_piece.020
14:44:45 | INFO: Primitives created: 1
14:44:45 | INFO: Extracting primitive: line_piece.023
14:44:45 | INFO: Primitives created: 1
14:44:45 | INFO: Extracting primitive: line_piece.022
14:44:45 | INFO: Primitives created: 1
14:44:45 | INFO: Extracting primitive: HERO_table_pedestal.001
14:44:45 | INFO: Primitives created: 1
14:44:45 | INFO: Extracting primitive: HERO_tubi_title.002
14:44:45 | WARNING: More than one shader node tex image used for a texture. The resulting glTF sampler will behave like the first shader node tex image.
14:44:45 | INFO: Primitives created: 1
14:44:45 | INFO: Extracting primitive: HERO_xiaoxiang-guan_title.002
14:44:45 | WARNING: More than one shader node tex image used for a texture. The resulting glTF sampler will behave like the first shader node tex image.
14:44:45 | INFO: Primitives created: 1
14:44:45 | INFO: Extracting primitive: HERO_yihong-yuan_title.002
14:44:45 | WARNING: More than one shader node tex image used for a texture. The resulting glTF sampler will behave like the first shader node tex image.
14:44:45 | INFO: Primitives created: 1
14:44:45 | INFO: Extracting primitive: AOJING_pond.002
14:44:45 | INFO: Primitives created: 1
14:44:45 | INFO: Extracting primitive: AOJING_backstage.002
14:44:45 | INFO: Primitives created: 1
14:44:45 | INFO: Extracting primitive: AOJING_amber_window.002
14:44:45 | INFO: Primitives created: 1
14:44:45 | INFO: Extracting primitive: AOJING_window_lattice.001
14:44:45 | INFO: Primitives created: 1
14:44:45 | INFO: Extracting primitive: AOJING_dry_ledge.002
14:44:45 | INFO: Primitives created: 1
14:44:45 | INFO: Extracting primitive: AOJING_roof.002
14:44:45 | INFO: Primitives created: 1
14:44:45 | INFO: Extracting primitive: AOJING_closed_front.002
14:44:45 | INFO: Primitives created: 1
14:44:45 | INFO: Extracting primitive: DAGUAN_backstage.001
14:44:45 | INFO: Primitives created: 1
14:44:45 | INFO: Extracting primitive: DAGUAN_door_stud.180
14:44:45 | INFO: Primitives created: 1
14:44:45 | INFO: Extracting primitive: DAGUAN_amber_transom.002
14:44:45 | INFO: Primitives created: 1
14:44:45 | INFO: Extracting primitive: DAGUAN_closed_door.010
14:44:45 | INFO: Primitives created: 1
14:44:45 | INFO: Extracting primitive: DAGUAN_recessed_panel.020
14:44:45 | INFO: Primitives created: 1
14:44:45 | INFO: Extracting primitive: DAGUAN_column.006
14:44:45 | INFO: Primitives created: 1
14:44:45 | INFO: Extracting primitive: DAGUAN_platform.001
14:44:45 | INFO: Primitives created: 1
14:44:45 | INFO: Extracting primitive: DAGUAN_lower_roof.001
14:44:45 | INFO: Primitives created: 1
14:44:45 | INFO: Extracting primitive: DAGUAN_front.001
14:44:45 | INFO: Primitives created: 1
14:44:45 | INFO: Extracting primitive: DAOXIANG_backstage.001
14:44:45 | INFO: Primitives created: 1
14:44:45 | INFO: Extracting primitive: DAOXIANG_door_latch.001
14:44:45 | INFO: Primitives created: 1
14:44:45 | INFO: Extracting primitive: DAOXIANG_warm_sliver.001
14:44:45 | INFO: Primitives created: 1
14:44:45 | INFO: Extracting primitive: DAOXIANG_closed_door.001
14:44:45 | INFO: Primitives created: 1
14:44:45 | INFO: Extracting primitive: DAOXIANG_paddy_painting.001
14:44:45 | INFO: Primitives created: 1
14:44:45 | INFO: Extracting primitive: DAOXIANG_court.001
14:44:45 | INFO: Primitives created: 1
14:44:45 | INFO: Extracting primitive: DAOXIANG_thatch_mass.001
14:44:45 | INFO: Primitives created: 1
14:44:45 | INFO: Extracting primitive: DAOXIANG_front.001
14:44:45 | INFO: Primitives created: 1
14:44:45 | INFO: Extracting primitive: SITE_hengwu-yuan_backstage.001
14:44:45 | INFO: Primitives created: 1
14:44:45 | INFO: Extracting primitive: KIT_pavilion_finial.011
14:44:45 | INFO: Primitives created: 1
14:44:45 | INFO: Extracting primitive: KIT_wall_amber_window.006
14:44:45 | INFO: Primitives created: 1
14:44:45 | INFO: Extracting primitive: HENGWU_herb_leaf.001
14:44:45 | INFO: Primitives created: 1
14:44:45 | INFO: Extracting primitive: KIT_wall_lattice_vertical.105
14:44:45 | INFO: Primitives created: 1
14:44:45 | INFO: Extracting primitive: SITE_hengwu-yuan_platform.001
14:44:45 | INFO: Primitives created: 1
14:44:45 | INFO: Extracting primitive: KIT_props_lantern_hanging_render.015
14:44:45 | WARNING: More than one shader node tex image used for a texture. The resulting glTF sampler will behave like the first shader node tex image.
14:44:45 | INFO: Primitives created: 1
14:44:45 | INFO: Extracting primitive: KIT_pavilion_roof.011
14:44:45 | INFO: Primitives created: 1
14:44:45 | INFO: Extracting primitive: KIT_wall_bay.001
14:44:45 | WARNING: More than one shader node tex image used for a texture. The resulting glTF sampler will behave like the first shader node tex image.
14:44:45 | INFO: Primitives created: 1
14:44:45 | INFO: Extracting primitive: SITE_hengwu-yuan_front.001
14:44:45 | INFO: Primitives created: 1
14:44:45 | INFO: Extracting primitive: LONGCUI_backstage.001
14:44:45 | INFO: Primitives created: 1
14:44:45 | INFO: Extracting primitive: LONGCUI_gate_pull.002
14:44:45 | INFO: Primitives created: 1
14:44:45 | INFO: Extracting primitive: LONGCUI_closed_gate.002
14:44:45 | INFO: Primitives created: 1
14:44:45 | INFO: Extracting primitive: LONGCUI_paving.001
14:44:45 | INFO: Primitives created: 1
14:44:45 | INFO: Extracting primitive: KIT_props_lantern_hanging_render.016
14:44:45 | INFO: Primitives created: 1
14:44:45 | INFO: Extracting primitive: LONGCUI_wall_cap.001
14:44:45 | INFO: Primitives created: 1
14:44:45 | INFO: Extracting primitive: LONGCUI_closed_front.001
14:44:45 | INFO: Primitives created: 1
14:44:45 | INFO: Extracting primitive: KIT_props_tea_cup.006
14:44:45 | INFO: Primitives created: 1
14:44:45 | INFO: Extracting primitive: KIT_water_lotus_leaf.007
14:44:45 | INFO: Primitives created: 1
14:44:45 | INFO: Extracting primitive: SITE_ouxiang_deck.001
14:44:45 | INFO: Primitives created: 1
14:44:45 | INFO: Extracting primitive: KIT_pavilion_water_pier.004
14:44:45 | INFO: Primitives created: 1
14:44:45 | INFO: Extracting primitive: KIT_props_lantern_hanging_render.013
14:44:45 | INFO: Primitives created: 1
14:44:45 | INFO: Extracting primitive: KIT_pavilion_water_hipped_roof.001
14:44:45 | INFO: Primitives created: 1
14:44:45 | INFO: Extracting primitive: KIT_water_lotus.021
14:44:45 | INFO: Primitives created: 1
14:44:45 | INFO: Extracting primitive: KIT_corridor_rail.008
14:44:45 | INFO: Primitives created: 1
14:44:45 | INFO: Extracting primitive: KIT_pavilion_roof_shell.001
14:44:45 | INFO: Primitives created: 1
14:44:45 | INFO: Extracting primitive: KIT_pavilion_plinth.001
14:44:45 | INFO: Primitives created: 1
14:44:45 | INFO: Extracting primitive: KIT_props_lantern_hanging_render.001
14:44:45 | INFO: Primitives created: 1
14:44:45 | INFO: Extracting primitive: KIT_water_stream.001
14:44:45 | INFO: Primitives created: 1
14:44:45 | INFO: Extracting primitive: SITE_qiushuang-zhai_backstage.001
14:44:45 | INFO: Primitives created: 1
14:44:45 | INFO: Extracting primitive: KIT_pavilion_finial.005
14:44:45 | INFO: Primitives created: 1
14:44:45 | INFO: Extracting primitive: KIT_wall_lattice_vertical.042
14:44:45 | INFO: Primitives created: 1
14:44:45 | INFO: Extracting primitive: SITE_qiushuang-zhai_platform.001
14:44:45 | INFO: Primitives created: 1
14:44:45 | INFO: Extracting primitive: KIT_props_lantern_hanging_render.010
14:44:45 | INFO: Primitives created: 1
14:44:45 | INFO: Extracting primitive: KIT_pavilion_roof.005
14:44:45 | INFO: Primitives created: 1
14:44:45 | INFO: Extracting primitive: KIT_tech_terminal_desk_render.007
14:44:45 | WARNING: More than one shader node tex image used for a texture. The resulting glTF sampler will behave like the first shader node tex image.
14:44:45 | INFO: Primitives created: 1
14:44:45 | INFO: Extracting primitive: SITE_qiushuang-zhai_front.001
14:44:45 | INFO: Primitives created: 1
14:44:45 | INFO: Extracting primitive: GATE_banana_pseudostem.001
14:44:45 | INFO: Primitives created: 1
14:44:45 | INFO: Extracting primitive: GATE_banana_soil.001
14:44:45 | INFO: Primitives created: 1
14:44:45 | INFO: Extracting primitive: KIT_rockery_passage.001
14:44:45 | INFO: Primitives created: 1
14:44:45 | INFO: Extracting primitive: GATE_paving.002
14:44:45 | INFO: Primitives created: 1
14:44:45 | INFO: Extracting primitive: KIT_props_lantern_hanging_render.008
14:44:45 | INFO: Primitives created: 1
14:44:45 | INFO: Extracting primitive: KIT_stage_fog_plane_render.017
14:44:45 | INFO: Primitives created: 1
14:44:45 | INFO: Extracting primitive: KIT_stage_floor.001
14:44:45 | INFO: Primitives created: 1
14:44:45 | INFO: Extracting primitive: AOJING_approach_guard.001
14:44:45 | INFO: Primitives created: 1
14:44:45 | INFO: Extracting primitive: KIT_stage_painted_moon.001
14:44:45 | INFO: Primitives created: 1
14:44:45 | INFO: Extracting primitive: KIT_stage_painted_mountain_layer.003
14:44:45 | INFO: Primitives created: 1
14:44:45 | INFO: Extracting primitive: KIT_stage_painted_mountain_layer.004
14:44:45 | INFO: Primitives created: 1
14:44:45 | INFO: Extracting primitive: KIT_stage_painted_mountain_layer.005
14:44:45 | INFO: Primitives created: 1
14:44:45 | INFO: Extracting primitive: KIT_water_stone_walk.005
14:44:45 | INFO: Primitives created: 1
14:44:45 | INFO: Extracting primitive: Painted coved ceiling candidate.001
14:44:45 | INFO: Primitives created: 1
14:44:45 | INFO: Extracting primitive: KIT_stage_painted_canvas.002
14:44:45 | INFO: Primitives created: 1
14:44:45 | INFO: Extracting primitive: Eight painted cyclorama arcs.001
14:44:45 | WARNING: More than one shader node tex image used for a texture. The resulting glTF sampler will behave like the first shader node tex image.
14:44:45 | INFO: Primitives created: 2
14:44:45 | INFO: Extracting primitive: KIT_stage_fog_plane_render.002
14:44:45 | INFO: Primitives created: 1
14:44:45 | INFO: Extracting primitive: KIT_tech_cell_side.012
14:44:45 | INFO: Primitives created: 1
14:44:45 | INFO: Extracting primitive: KIT_wall_window_bar.030
14:44:45 | INFO: Primitives created: 1
14:44:45 | INFO: Extracting primitive: KIT_stage_entry_walk.002
14:44:45 | INFO: Primitives created: 1
14:44:45 | INFO: Extracting primitive: KIT_props_folding_chair_render.001
14:44:45 | INFO: Primitives created: 1
14:44:45 | INFO: Extracting primitive: KIT_stage_floor_boards_render.002
14:44:45 | INFO: Primitives created: 1
14:44:45 | INFO: Extracting primitive: KIT_stage_gel_frame_render.002
14:44:45 | INFO: Primitives created: 2
14:44:45 | INFO: Extracting primitive: KIT_stage_studio_wall_render.002
14:44:45 | INFO: Primitives created: 1
14:44:45 | INFO: Extracting primitive: KIT_stage_fog_plane_render.020
14:44:45 | INFO: Primitives created: 1
14:44:45 | INFO: Extracting primitive: KIT_tech_terminal_desk_render.001
14:44:45 | INFO: Primitives created: 1
14:44:45 | INFO: Extracting primitive: KIT_props_scroll_render.001
14:44:45 | WARNING: More than one shader node tex image used for a texture. The resulting glTF sampler will behave like the first shader node tex image.
14:44:45 | INFO: Primitives created: 1
14:44:45 | INFO: Extracting primitive: SITE_tubi-tang_backstage.001
14:44:45 | INFO: Primitives created: 1
14:44:45 | INFO: Extracting primitive: KIT_pavilion_finial.007
14:44:45 | INFO: Primitives created: 1
14:44:45 | INFO: Extracting primitive: KIT_wall_amber_window.003
14:44:45 | INFO: Primitives created: 1
14:44:45 | INFO: Extracting primitive: TUBI_topic_line.001
14:44:45 | INFO: Primitives created: 1
14:44:45 | INFO: Extracting primitive: KIT_wall_lattice_vertical.063
14:44:45 | INFO: Primitives created: 1
14:44:45 | INFO: Extracting primitive: SITE_tubi-tang_platform.001
14:44:45 | INFO: Primitives created: 1
14:44:45 | INFO: Extracting primitive: KIT_props_lantern_hanging_render.012
14:44:45 | INFO: Primitives created: 1
14:44:45 | INFO: Extracting primitive: KIT_pavilion_roof.007
14:44:45 | INFO: Primitives created: 1
14:44:45 | INFO: Extracting primitive: TUBI_terrace.002
14:44:45 | INFO: Primitives created: 1
14:44:45 | INFO: Extracting primitive: SITE_tubi-tang_front.001
14:44:45 | INFO: Primitives created: 1
14:44:45 | INFO: Extracting primitive: XIAOXIANG_black_back.001
14:44:45 | INFO: Primitives created: 1
14:44:45 | INFO: Extracting primitive: XIAOXIANG_gate_pull.002
14:44:45 | INFO: Primitives created: 1
14:44:45 | INFO: Extracting primitive: XIAOXIANG_amber_window.001
14:44:45 | INFO: Primitives created: 1
14:44:45 | INFO: Extracting primitive: XIAOXIANG_gate_leaf.002
14:44:45 | INFO: Primitives created: 1
14:44:45 | INFO: Extracting primitive: XIAOXIANG_paving.001
14:44:45 | INFO: Primitives created: 1
14:44:45 | INFO: Extracting primitive: XIAOXIANG_wall_cap.001
14:44:45 | INFO: Primitives created: 1
14:44:45 | INFO: Extracting primitive: XIAOXIANG_closed_front.001
14:44:45 | INFO: Primitives created: 1
14:44:45 | INFO: Extracting primitive: YIHONG_backstage.002
14:44:45 | INFO: Primitives created: 1
14:44:45 | INFO: Extracting primitive: YIHONG_door_rail.001
14:44:45 | INFO: Primitives created: 1
14:44:45 | INFO: Extracting primitive: YIHONG_amber_window.002
14:44:45 | INFO: Primitives created: 1
14:44:45 | INFO: Extracting primitive: YIHONG_door_panel.001
14:44:45 | INFO: Primitives created: 1
14:44:45 | INFO: Extracting primitive: YIHONG_paving.002
14:44:45 | INFO: Primitives created: 1
14:44:45 | INFO: Extracting primitive: YIHONG_court_cap.001
14:44:45 | INFO: Primitives created: 1
14:44:45 | INFO: Extracting primitive: YIHONG_closed_front.002
14:44:45 | INFO: Primitives created: 1
14:44:45 | INFO: Extracting primitive: KIT_water_lotus_leaf.011
14:44:45 | INFO: Primitives created: 1
14:44:45 | INFO: Extracting primitive: KIT_water_plank.002
14:44:45 | INFO: Primitives created: 1
14:44:45 | INFO: Extracting primitive: SITE_ziling_island.001
14:44:45 | INFO: Primitives created: 1
14:44:45 | INFO: Finished glTF 2.0 export in 0.6802549362182617 s
00:28.779  blend            | Read blend: "/Users/auchan/projects/garden-of-dreams/.superpowers/sdd/2026-09-23-garden-completion/ziling-source-art/lit-native-review/blender/sites/SITE_stage.blend"

{"engine": "Godot", "sites": {"stage": {"objects": 100, "triangles": 11188, "render_meshes": 11, "colliders": 87, "triggers": 0}, "qinfang-ting": {"objects": 145, "triangles": 41324, "render_meshes": 27, "colliders": 103, "triggers": 7}, "rockery-gate": {"objects": 27, "triangles": 15324, "render_meshes": 8, "colliders": 10, "triggers": 3}, "terminal-cells": {"objects": 113, "triangles": 37996, "render_meshes": 10, "colliders": 77, "triggers": 18}, "qiushuang-zhai": {"objects": 36, "triangles": 21754, "render_meshes": 11, "colliders": 13, "triggers": 5}, "tubi-tang": {"objects": 37, "triangles": 11340, "render_meshes": 11, "colliders": 16, "triggers": 5}, "daguan-lou": {"objects": 29, "triangles": 23666, "render_meshes": 10, "colliders": 13, "triggers": 3}, "ouxiang-xie": {"objects": 28, "triangles": 15450, "render_meshes": 6, "colliders": 13, "triggers": 4}, "hengwu-yuan": {"objects": 43, "triangles": 22102, "render_meshes": 11, "colliders": 23, "triggers": 4}, "yihong-yuan": {"objects": 28, "triangles": 2294, "render_meshes": 10, "colliders": 9, "triggers": 4}, "xiaoxiang-guan": {"objects": 30, "triangles": 7478, "render_meshes": 12, "colliders": 9, "triggers": 4}, "longcui-an": {"objects": 27, "triangles": 4638, "render_meshes": 10, "colliders": 8, "triggers": 4}, "aojing-guan": {"objects": 24, "triangles": 2788, "render_meshes": 8, "colliders": 7, "triggers": 3}, "daoxiang-cun": {"objects": 27, "triangles": 10862, "render_meshes": 9, "colliders": 8, "triggers": 4}, "ziling-zhou": {"objects": 23, "triangles": 19904, "render_meshes": 13, "colliders": 4, "triggers": 3}}, "warnings": ["Reference assets, not yet profiled on mobile.", "Lightmap bake remains unfinished; engine import evidence is recorded separately in godot/import-validation.json."], "total_triangles": 248108, "total_render_meshes": 167}
SAVED_GARDEN_CANDIDATE_PASS 1380ceca14ee8bd79723c351a6084438eed4384416aee76a78222802550ca485
BlenderMCP addon unregistered
Blender 5.2.2 LTS (hash d13f752e3b9c built 2026-09-15 01:49:19)

Blender quit
