BlenderMCP addon registered
BlenderMCP addon unregistered
22:52:56 | INFO: Data are loaded, start creating Blender stuff
22:52:56 | INFO: Blender create Mesh node COL_aojing_approach.001
22:52:56 | INFO: Blender create Mesh node COL_aojing_approach.004
22:52:56 | INFO: Blender create Mesh node COL_aojing_approach_guard.001
22:52:56 | INFO: Blender create Mesh node COL_aojing_approach_guard.004
22:52:56 | INFO: Blender create Mesh node COL_aojing_approach_ramp.002
22:52:56 | INFO: Blender create Mesh node COL_aojing_closed_front.002
22:52:56 | INFO: Blender create Mesh node COL_aojing_dry_ledge.002
22:52:56 | INFO: Blender create Mesh node COL_aojing_hall_floor.002
22:52:56 | INFO: Blender create Mesh node COL_aojing_ledge_end.002
22:52:56 | INFO: Blender create Mesh node COL_aojing_ledge_parapet.002
22:52:56 | INFO: Blender create Mesh node COL_aojing_return.001
22:52:56 | INFO: Blender create Mesh node COL_aojing_return.004
22:52:56 | INFO: Blender create Mesh node Cube.147
22:52:56 | INFO: Blender create Mesh node Cube.148
22:52:56 | INFO: Blender create Mesh node Cube.149
22:52:56 | INFO: Blender create Mesh node Cube.150
22:52:56 | INFO: Blender create Mesh node COL_bridge_crosswalk.002
22:52:56 | INFO: Blender create Mesh node COL_bridge_crosswalk.003
22:52:56 | INFO: Blender create Mesh node COL_cell_floor.006
22:52:56 | INFO: Blender create Mesh node COL_cell_floor.007
22:52:56 | INFO: Blender create Mesh node COL_cell_floor.008
22:52:56 | INFO: Blender create Mesh node COL_cell_floor.009
22:52:56 | INFO: Blender create Mesh node COL_cell_floor.010
22:52:56 | INFO: Blender create Mesh node COL_cell_floor.011
22:52:56 | INFO: Blender create Mesh node COL_cell_wall.012
22:52:56 | INFO: Blender create Mesh node COL_cell_wall.013
22:52:56 | INFO: Blender create Mesh node COL_cell_wall.014
22:52:56 | INFO: Blender create Mesh node COL_cell_wall.015
22:52:56 | INFO: Blender create Mesh node COL_cell_wall.016
22:52:56 | INFO: Blender create Mesh node COL_cell_wall.017
22:52:56 | INFO: Blender create Mesh node COL_cell_wall.018
22:52:56 | INFO: Blender create Mesh node COL_cell_wall.019
22:52:56 | INFO: Blender create Mesh node COL_cell_wall.020
22:52:56 | INFO: Blender create Mesh node COL_cell_wall.021
22:52:56 | INFO: Blender create Mesh node COL_cell_wall.022
22:52:56 | INFO: Blender create Mesh node COL_cell_wall.023
22:52:56 | INFO: Blender create Mesh node COL_daguan_central_step.003
22:52:56 | INFO: Blender create Mesh node COL_daguan_central_step.004
22:52:56 | INFO: Blender create Mesh node COL_daguan_central_step.005
22:52:56 | INFO: Blender create Mesh node COL_daguan_closed_front.001
22:52:56 | INFO: Blender create Mesh node COL_daguan_column.006
22:52:56 | INFO: Blender create Mesh node COL_daguan_column.007
22:52:56 | INFO: Blender create Mesh node COL_daguan_column.008
22:52:56 | INFO: Blender create Mesh node COL_daguan_column.009
22:52:56 | INFO: Blender create Mesh node COL_daguan_column.010
22:52:56 | INFO: Blender create Mesh node COL_daguan_column.011
22:52:56 | INFO: Blender create Mesh node COL_daguan_floor.001
22:52:56 | INFO: Blender create Mesh node COL_daguan_return_wall.002
22:52:56 | INFO: Blender create Mesh node COL_daguan_return_wall.003
22:52:56 | INFO: Blender create Mesh node COL_daoxiang_approach.002
22:52:56 | INFO: Blender create Mesh node COL_daoxiang_approach.003
22:52:56 | INFO: Blender create Mesh node COL_daoxiang_closed_front.001
22:52:56 | INFO: Blender create Mesh node COL_daoxiang_court.001
22:52:56 | INFO: Blender create Mesh node COL_daoxiang_fence.004
22:52:56 | INFO: Blender create Mesh node COL_daoxiang_fence.005
22:52:56 | INFO: Blender create Mesh node COL_daoxiang_fence.006
22:52:56 | INFO: Blender create Mesh node COL_daoxiang_fence.007
22:52:56 | INFO: Blender create Mesh node COL_daoxiang_side.002
22:52:56 | INFO: Blender create Mesh node COL_daoxiang_side.003
22:52:56 | INFO: Blender create Mesh node COL_entry_corridor.001
22:52:56 | INFO: Blender create Mesh node COL_entry_walk.002
22:52:56 | INFO: Blender create Mesh node COL_entry_walk.003
22:52:56 | INFO: Blender create Mesh node COL_floor_joint_cell_threshold_0.001
22:52:56 | INFO: Blender create Mesh node COL_floor_joint_cell_threshold_1.001
22:52:56 | INFO: Blender create Mesh node COL_floor_joint_cell_threshold_2.001
22:52:56 | INFO: Blender create Mesh node COL_floor_joint_cell_threshold_3.001
22:52:56 | INFO: Blender create Mesh node COL_floor_joint_cell_threshold_4.001
22:52:56 | INFO: Blender create Mesh node COL_floor_joint_cell_threshold_5.001
22:52:56 | INFO: Blender create Mesh node COL_floor_joint_pavilion_east_joint.001
22:52:56 | INFO: Blender create Mesh node COL_floor_joint_pavilion_west_joint.001
22:52:56 | INFO: Blender create Mesh node Cube.146
22:52:56 | INFO: Blender create Mesh node Cube.145
22:52:56 | INFO: Blender create Mesh node COL_GATE_banana_planter.001
22:52:56 | INFO: Blender create Mesh node KIT_rockery_passage.022
22:52:56 | INFO: Blender create Mesh node KIT_rockery_passage.024
22:52:56 | INFO: Blender create Mesh node KIT_rockery_cliff.006
22:52:56 | INFO: Blender create Mesh node KIT_rockery_cliff.008
22:52:56 | INFO: Blender create Mesh node KIT_rockery_passage.004
22:52:56 | INFO: Blender create Mesh node KIT_rockery_passage.016
22:52:56 | INFO: Blender create Mesh node KIT_rockery_passage.018
22:52:57 | INFO: Blender create Mesh node KIT_rockery_passage.020
22:52:57 | INFO: Blender create Mesh node GATE_paving.003
22:52:57 | INFO: Blender create Mesh node COL_hengwu-yuan_floor.001
22:52:57 | INFO: Blender create Mesh node COL_hengwu_approach.002
22:52:57 | INFO: Blender create Mesh node COL_hengwu_approach.003
22:52:57 | INFO: Blender create Mesh node COL_hengwu_closed_hall.002
22:52:57 | INFO: Blender create Mesh node COL_hengwu_court.002
22:52:57 | INFO: Blender create Mesh node COL_hengwu_hall_post.001
22:52:57 | INFO: Blender create Mesh node COL_hengwu_hall_post.002
22:52:57 | INFO: Blender create Mesh node COL_hengwu_hall_post.006
22:52:57 | INFO: Blender create Mesh node COL_wall_bay.001
22:52:57 | INFO: Blender create Mesh node COL_wall_bay.002
22:52:57 | INFO: Blender create Mesh node COL_wall_bay.003
22:52:57 | INFO: Blender create Mesh node COL_wall_bay.004
22:52:57 | INFO: Blender create Mesh node COL_wall_bay.005
22:52:57 | INFO: Blender create Mesh node COL_wall_bay.006
22:52:57 | INFO: Blender create Mesh node KIT_wall_plaster.002
22:52:57 | INFO: Blender create Mesh node COL_wall_window.001
22:52:57 | INFO: Blender create Mesh node COL_wall_window.002
22:52:57 | INFO: Blender create Mesh node COL_hengwu_rock.001
22:52:57 | INFO: Blender create Mesh node COL_hengwu_rock.002
22:52:57 | INFO: Blender create Mesh node COL_hengwu_rock.006
22:52:57 | INFO: Blender create Mesh node COL_hengwu_stool.001
22:52:57 | INFO: Blender create Mesh node COL_hengwu_stool.002
22:52:57 | INFO: Blender create Mesh node COL_hengwu_stool.003
22:52:57 | INFO: Blender create Mesh node COL_hengwu_stool.008
22:52:57 | INFO: Blender create Mesh node COL_hengwu_table.002
22:52:57 | INFO: Blender create Mesh node COL_longcui_approach.003
22:52:57 | INFO: Blender create Mesh node COL_longcui_approach.004
22:52:57 | INFO: Blender create Mesh node COL_longcui_approach.005
22:52:57 | INFO: Blender create Mesh node COL_longcui_burner.001
22:52:57 | INFO: Blender create Mesh node COL_longcui_closed_front.001
22:52:57 | INFO: Blender create Mesh node COL_longcui_floor.001
22:52:57 | INFO: Blender create Mesh node COL_longcui_plum_trunk.002
22:52:57 | INFO: Blender create Mesh node COL_longcui_plum_trunk.003
22:52:57 | INFO: Blender create Mesh node COL_longcui_return.002
22:52:57 | INFO: Blender create Mesh node COL_longcui_return.003
22:52:57 | INFO: Blender create Mesh node COL_longcui_threshold.001
22:52:57 | INFO: Blender create Mesh node COL_ouxiang_approach.001
22:52:57 | INFO: Blender create Mesh node COL_ouxiang_deck.001
22:52:57 | INFO: Blender create Mesh node COL_ouxiang_post.004
22:52:57 | INFO: Blender create Mesh node COL_ouxiang_post.005
22:52:57 | INFO: Blender create Mesh node COL_ouxiang_post.006
22:52:57 | INFO: Blender create Mesh node COL_ouxiang_post.007
22:52:57 | INFO: Blender create Mesh node COL_ouxiang_rail.002
22:52:57 | INFO: Blender create Mesh node COL_ouxiang_rail.003
22:52:57 | INFO: Blender create Mesh node COL_ouxiang_side_rail.004
22:52:57 | INFO: Blender create Mesh node COL_ouxiang_side_rail.005
22:52:57 | INFO: Blender create Mesh node COL_ouxiang_side_rail.006
22:52:57 | INFO: Blender create Mesh node COL_ouxiang_side_rail.007
22:52:57 | INFO: Blender create Mesh node COL_ouxiang_table.001
22:52:57 | INFO: Blender create Mesh node COL_corridor_floor.009
22:52:57 | INFO: Blender create Mesh node COL_corridor_side.015
22:52:57 | INFO: Blender create Mesh node COL_corridor_side.016
22:52:57 | INFO: Blender create Mesh node COL_corridor_post.016
22:52:57 | INFO: Blender create Mesh node COL_corridor_post.017
22:52:57 | INFO: Blender create Mesh node COL_corridor_floor.010
22:52:57 | INFO: Blender create Mesh node COL_corridor_side.017
22:52:57 | INFO: Blender create Mesh node COL_corridor_side.018
22:52:57 | INFO: Blender create Mesh node COL_corridor_post.018
22:52:57 | INFO: Blender create Mesh node COL_corridor_post.019
22:52:57 | INFO: Blender create Mesh node COL_corridor_floor.011
22:52:57 | INFO: Blender create Mesh node COL_corridor_side.019
22:52:57 | INFO: Blender create Mesh node COL_corridor_side.020
22:52:57 | INFO: Blender create Mesh node COL_corridor_post.020
22:52:57 | INFO: Blender create Mesh node COL_corridor_post.021
22:52:57 | INFO: Blender create Mesh node COL_corridor_floor.012
22:52:57 | INFO: Blender create Mesh node COL_corridor_side.021
22:52:57 | INFO: Blender create Mesh node COL_corridor_side.022
22:52:57 | INFO: Blender create Mesh node COL_corridor_post.022
22:52:57 | INFO: Blender create Mesh node COL_corridor_post.023
22:52:57 | INFO: Blender create Mesh node COL_corridor_floor.001
22:52:57 | INFO: Blender create Mesh node COL_corridor_side.001
22:52:57 | INFO: Blender create Mesh node COL_corridor_side.002
22:52:57 | INFO: Blender create Mesh node COL_corridor_post.001
22:52:57 | INFO: Blender create Mesh node COL_corridor_post.002
22:52:57 | INFO: Blender create Mesh node COL_corridor_floor.002
22:52:57 | INFO: Blender create Mesh node COL_corridor_side.003
22:52:57 | INFO: Blender create Mesh node COL_corridor_side.004
22:52:57 | INFO: Blender create Mesh node COL_corridor_post.003
22:52:57 | INFO: Blender create Mesh node COL_corridor_post.004
22:52:57 | INFO: Blender create Mesh node COL_corridor_floor.003
22:52:57 | INFO: Blender create Mesh node COL_corridor_side.005
22:52:57 | INFO: Blender create Mesh node COL_corridor_side.006
22:52:57 | INFO: Blender create Mesh node COL_corridor_post.005
22:52:57 | INFO: Blender create Mesh node COL_corridor_post.006
22:52:57 | INFO: Blender create Mesh node COL_corridor_floor.004
22:52:57 | INFO: Blender create Mesh node COL_corridor_side.007
22:52:57 | INFO: Blender create Mesh node COL_corridor_side.008
22:52:57 | INFO: Blender create Mesh node COL_corridor_post.007
22:52:57 | INFO: Blender create Mesh node COL_corridor_post.008
22:52:57 | INFO: Blender create Mesh node COL_corridor_floor.005
22:52:57 | INFO: Blender create Mesh node COL_corridor_side.009
22:52:57 | INFO: Blender create Mesh node COL_corridor_side.010
22:52:57 | INFO: Blender create Mesh node COL_corridor_post.009
22:52:57 | INFO: Blender create Mesh node COL_corridor_post.010
22:52:57 | INFO: Blender create Mesh node COL_corridor_floor.006
22:52:57 | INFO: Blender create Mesh node COL_corridor_side.011
22:52:57 | INFO: Blender create Mesh node COL_corridor_post.011
22:52:57 | INFO: Blender create Mesh node COL_corridor_post.012
22:52:57 | INFO: Blender create Mesh node COL_corridor_floor.007
22:52:57 | INFO: Blender create Mesh node COL_corridor_side.012
22:52:57 | INFO: Blender create Mesh node COL_corridor_post.013
22:52:57 | INFO: Blender create Mesh node COL_corridor_floor.008
22:52:57 | INFO: Blender create Mesh node COL_corridor_side.013
22:52:57 | INFO: Blender create Mesh node COL_corridor_side.014
22:52:57 | INFO: Blender create Mesh node COL_corridor_post.014
22:52:57 | INFO: Blender create Mesh node COL_corridor_post.015
22:52:57 | INFO: Blender create Mesh node COL_corridor_floor.013
22:52:57 | INFO: Blender create Mesh node COL_corridor_side.023
22:52:57 | INFO: Blender create Mesh node COL_corridor_side.024
22:52:57 | INFO: Blender create Mesh node COL_corridor_post.024
22:52:57 | INFO: Blender create Mesh node COL_corridor_post.025
22:52:57 | INFO: Blender create Mesh node COL_corridor_floor.014
22:52:57 | INFO: Blender create Mesh node COL_corridor_side.025
22:52:57 | INFO: Blender create Mesh node COL_corridor_side.026
22:52:57 | INFO: Blender create Mesh node COL_corridor_post.026
22:52:57 | INFO: Blender create Mesh node COL_corridor_post.027
22:52:57 | INFO: Blender create Mesh node COL_corridor_floor.015
22:52:57 | INFO: Blender create Mesh node COL_corridor_side.027
22:52:57 | INFO: Blender create Mesh node COL_corridor_side.028
22:52:57 | INFO: Blender create Mesh node COL_corridor_post.028
22:52:57 | INFO: Blender create Mesh node COL_corridor_post.029
22:52:57 | INFO: Blender create Mesh node COL_corridor_floor.016
22:52:57 | INFO: Blender create Mesh node COL_corridor_side.029
22:52:57 | INFO: Blender create Mesh node COL_corridor_side.030
22:52:57 | INFO: Blender create Mesh node COL_corridor_post.030
22:52:57 | INFO: Blender create Mesh node COL_corridor_post.031
22:52:57 | INFO: Blender create Mesh node COL_qinfang_deck.001
22:52:57 | INFO: Blender create Mesh node COL_pavilion_bench.001
22:52:57 | INFO: Blender create Mesh node COL_pavilion_bench.002
22:52:57 | INFO: Blender create Mesh node COL_pavilion_bracket.001
22:52:57 | INFO: Blender create Mesh node COL_pavilion_bracket.002
22:52:57 | INFO: Blender create Mesh node COL_pavilion_bracket.003
22:52:57 | INFO: Blender create Mesh node COL_pavilion_bracket.004
22:52:57 | INFO: Blender create Mesh node COL_pavilion_bracket.005
22:52:57 | INFO: Blender create Mesh node COL_pavilion_bracket.006
22:52:57 | INFO: Blender create Mesh node COL_pavilion_post.001
22:52:57 | INFO: Blender create Mesh node COL_pavilion_post.002
22:52:57 | INFO: Blender create Mesh node COL_pavilion_post.003
22:52:57 | INFO: Blender create Mesh node COL_pavilion_post.004
22:52:57 | INFO: Blender create Mesh node COL_pavilion_post.005
22:52:57 | INFO: Blender create Mesh node COL_pavilion_post.006
22:52:57 | INFO: Blender create Mesh node COL_pavilion_roof.001
22:52:57 | INFO: Blender create Mesh node COL_qiushuang-zhai_floor.001
22:52:57 | INFO: Blender create Mesh node Cube.009
22:52:57 | INFO: Blender create Mesh node Cube.011
22:52:57 | INFO: Blender create Mesh node Cube.012
22:52:57 | INFO: Blender create Mesh node Cube.013
22:52:57 | INFO: Blender create Mesh node Cube.019
22:52:57 | INFO: Blender create Mesh node Cube.020
22:52:57 | INFO: Blender create Mesh node Cube.023
22:52:57 | INFO: Blender create Mesh node Cube.024
22:52:57 | INFO: Blender create Mesh node Cube.048
22:52:57 | INFO: Blender create Mesh node Cube.050
22:52:57 | INFO: Blender create Mesh node Cube.052
22:52:57 | INFO: Blender create Mesh node Cube.092
22:52:57 | INFO: Blender create Mesh node Cube.093
22:52:57 | INFO: Blender create Mesh node Cube.094
22:52:57 | INFO: Blender create Mesh node Cube.095
22:52:57 | INFO: Blender create Mesh node Cube.096
22:52:57 | INFO: Blender create Mesh node Cube.097
22:52:57 | INFO: Blender create Mesh node Cube.098
22:52:57 | INFO: Blender create Mesh node Cube.099
22:52:57 | INFO: Blender create Mesh node Cube.100
22:52:57 | INFO: Blender create Mesh node Cube.101
22:52:57 | INFO: Blender create Mesh node Cube.102
22:52:57 | INFO: Blender create Mesh node Cube.103
22:52:57 | INFO: Blender create Mesh node Cube.104
22:52:57 | INFO: Blender create Mesh node Cube.105
22:52:57 | INFO: Blender create Mesh node Cube.106
22:52:57 | INFO: Blender create Mesh node Cube.107
22:52:57 | INFO: Blender create Mesh node Cube.108
22:52:57 | INFO: Blender create Mesh node Cube.109
22:52:57 | INFO: Blender create Mesh node Cube.110
22:52:57 | INFO: Blender create Mesh node Cube.111
22:52:57 | INFO: Blender create Mesh node Cube.112
22:52:57 | INFO: Blender create Mesh node Cube.113
22:52:57 | INFO: Blender create Mesh node Cube.114
22:52:57 | INFO: Blender create Mesh node Cube.115
22:52:57 | INFO: Blender create Mesh node Cube.116
22:52:57 | INFO: Blender create Mesh node Cube.117
22:52:57 | INFO: Blender create Mesh node Cube.118
22:52:57 | INFO: Blender create Mesh node Cube.119
22:52:57 | INFO: Blender create Mesh node Cube.120
22:52:57 | INFO: Blender create Mesh node Cube.121
22:52:57 | INFO: Blender create Mesh node Cube.122
22:52:57 | INFO: Blender create Mesh node Cube.123
22:52:57 | INFO: Blender create Mesh node Cube.124
22:52:57 | INFO: Blender create Mesh node Cube.125
22:52:57 | INFO: Blender create Mesh node Cube.126
22:52:57 | INFO: Blender create Mesh node Cube.127
22:52:57 | INFO: Blender create Mesh node Cube.128
22:52:57 | INFO: Blender create Mesh node Cube.129
22:52:57 | INFO: Blender create Mesh node Cube.130
22:52:57 | INFO: Blender create Mesh node Cube.131
22:52:57 | INFO: Blender create Mesh node Cube.132
22:52:57 | INFO: Blender create Mesh node Cube.133
22:52:57 | INFO: Blender create Mesh node Cube.134
22:52:57 | INFO: Blender create Mesh node Cube.135
22:52:57 | INFO: Blender create Mesh node Cube.136
22:52:57 | INFO: Blender create Mesh node Cube.137
22:52:57 | INFO: Blender create Mesh node Cube.138
22:52:57 | INFO: Blender create Mesh node Cube.139
22:52:57 | INFO: Blender create Mesh node Cube.140
22:52:57 | INFO: Blender create Mesh node Cube.141
22:52:57 | INFO: Blender create Mesh node Cube.142
22:52:57 | INFO: Blender create Mesh node Cube.143
22:52:57 | INFO: Blender create Mesh node Cube.144
22:52:57 | INFO: Blender create Mesh node Cube.193
22:52:57 | INFO: Blender create Mesh node Cube.194
22:52:57 | INFO: Blender create Mesh node Cube.195
22:52:57 | INFO: Blender create Mesh node Cube.196
22:52:57 | INFO: Blender create Mesh node Cube.197
22:52:57 | INFO: Blender create Mesh node Cube.198
22:52:57 | INFO: Blender create Mesh node Cube.199
22:52:57 | INFO: Blender create Mesh node Cube.200
22:52:57 | INFO: Blender create Mesh node COL_stone_walk.005
22:52:57 | INFO: Blender create Mesh node COL_stone_walk.008
22:52:57 | INFO: Blender create Mesh node COL_stone_walk.009
22:52:57 | INFO: Blender create Mesh node COL_stone_walk.010
22:52:57 | INFO: Blender create Mesh node COL_stone_walk.011
22:52:57 | INFO: Blender create Mesh node COL_stone_walk.012
22:52:57 | INFO: Blender create Mesh node COL_study_approach.002
22:52:57 | INFO: Blender create Mesh node COL_study_desk_centre.002
22:52:57 | INFO: Blender create Mesh node COL_study_desk_left.002
22:52:57 | INFO: Blender create Mesh node COL_study_desk_right.002
22:52:57 | INFO: Blender create Mesh node COL_study_front_walk.002
22:52:57 | INFO: Blender create Mesh node COL_study_front_wall.002
22:52:57 | INFO: Blender create Mesh node COL_study_post.001
22:52:57 | INFO: Blender create Mesh node COL_study_post.002
22:52:57 | INFO: Blender create Mesh node COL_study_post.003
22:52:57 | INFO: Blender create Mesh node COL_study_post.008
22:52:57 | INFO: Blender create Mesh node Cube.151
22:52:57 | INFO: Blender create Mesh node Cube.152
22:52:57 | INFO: Blender create Mesh node Cube.153
22:52:57 | INFO: Blender create Mesh node Cube.154
22:52:57 | INFO: Blender create Mesh node Cube.155
22:52:57 | INFO: Blender create Mesh node Cube.156
22:52:57 | INFO: Blender create Mesh node Cube.157
22:52:57 | INFO: Blender create Mesh node Cube.158
22:52:57 | INFO: Blender create Mesh node Cube.159
22:52:57 | INFO: Blender create Mesh node Cube.160
22:52:57 | INFO: Blender create Mesh node Cube.161
22:52:57 | INFO: Blender create Mesh node Cube.162
22:52:57 | INFO: Blender create Mesh node Cube.163
22:52:57 | INFO: Blender create Mesh node Cube.164
22:52:57 | INFO: Blender create Mesh node Cube.165
22:52:57 | INFO: Blender create Mesh node Cube.166
22:52:57 | INFO: Blender create Mesh node Cube.167
22:52:57 | INFO: Blender create Mesh node Cube.168
22:52:57 | INFO: Blender create Mesh node Cube.169
22:52:57 | INFO: Blender create Mesh node Cube.170
22:52:57 | INFO: Blender create Mesh node Cube.171
22:52:57 | INFO: Blender create Mesh node Cube.172
22:52:57 | INFO: Blender create Mesh node Cube.173
22:52:57 | INFO: Blender create Mesh node Cube.174
22:52:57 | INFO: Blender create Mesh node Cube.175
22:52:57 | INFO: Blender create Mesh node Cube.176
22:52:57 | INFO: Blender create Mesh node Cube.177
22:52:57 | INFO: Blender create Mesh node Cube.178
22:52:57 | INFO: Blender create Mesh node Cube.179
22:52:57 | INFO: Blender create Mesh node Cube.180
22:52:57 | INFO: Blender create Mesh node Cube.201
22:52:57 | INFO: Blender create Mesh node Cube.202
22:52:57 | INFO: Blender create Mesh node Cube.203
22:52:57 | INFO: Blender create Mesh node Cube.181
22:52:57 | INFO: Blender create Mesh node Cube.182
22:52:57 | INFO: Blender create Mesh node Cube.183
22:52:57 | INFO: Blender create Mesh node Cube.184
22:52:57 | INFO: Blender create Mesh node Cube.185
22:52:57 | INFO: Blender create Mesh node Cube.186
22:52:57 | INFO: Blender create Mesh node Cube.187
22:52:57 | INFO: Blender create Mesh node Cube.188
22:52:57 | INFO: Blender create Mesh node Cube.189
22:52:57 | INFO: Blender create Mesh node Cube.190
22:52:57 | INFO: Blender create Mesh node Cube.191
22:52:57 | INFO: Blender create Mesh node Cube.192
22:52:57 | INFO: Blender create Mesh node COL_tubi-tang_floor.001
22:52:57 | INFO: Blender create Mesh node COL_tubi_approach.001
22:52:57 | INFO: Blender create Mesh node COL_tubi_approach.002
22:52:57 | INFO: Blender create Mesh node COL_tubi_approach.007
22:52:57 | INFO: Blender create Mesh node COL_tubi_approach.008
22:52:57 | INFO: Blender create Mesh node COL_tubi_closed_hall.002
22:52:57 | INFO: Blender create Mesh node COL_tubi_hall_post.001
22:52:57 | INFO: Blender create Mesh node COL_tubi_hall_post.002
22:52:57 | INFO: Blender create Mesh node COL_tubi_hall_post.006
22:52:57 | INFO: Blender create Mesh node COL_tubi_parapet.001
22:52:57 | INFO: Blender create Mesh node COL_tubi_parapet.002
22:52:57 | INFO: Blender create Mesh node COL_tubi_parapet.003
22:52:57 | INFO: Blender create Mesh node COL_tubi_parapet.008
22:52:57 | INFO: Blender create Mesh node COL_tubi_stair_guard.001
22:52:57 | INFO: Blender create Mesh node COL_tubi_stair_guard.004
22:52:57 | INFO: Blender create Mesh node COL_tubi_stair_ramp.002
22:52:57 | INFO: Blender create Mesh node COL_tubi_terrace.002
22:52:57 | INFO: Blender create Mesh node COL_tubi_topic_table.002
22:52:57 | INFO: Blender create Mesh node COL_tubi_view_bench_left.001
22:52:57 | INFO: Blender create Mesh node COL_tubi_view_bench_right.001
22:52:57 | INFO: Blender create Mesh node COL_water_bridge_side.001
22:52:57 | INFO: Blender create Mesh node COL_water_bridge_side.004
22:52:57 | INFO: Blender create Mesh node COL_water_bridge_deck.002
22:52:57 | INFO: Blender create Mesh node COL_xiaoxiang_bamboo_bed.004
22:52:57 | INFO: Blender create Mesh node COL_xiaoxiang_bamboo_bed.005
22:52:57 | INFO: Blender create Mesh node COL_xiaoxiang_bamboo_bed.006
22:52:57 | INFO: Blender create Mesh node COL_xiaoxiang_bamboo_bed.007
22:52:57 | INFO: Blender create Mesh node COL_xiaoxiang_closed_front.001
22:52:57 | INFO: Blender create Mesh node COL_xiaoxiang_floor.001
22:52:57 | INFO: Blender create Mesh node COL_xiaoxiang_return.002
22:52:57 | INFO: Blender create Mesh node COL_xiaoxiang_return.003
22:52:57 | INFO: Blender create Mesh node COL_xiaoxiang_threshold.001
22:52:57 | INFO: Blender create Mesh node COL_yihong_closed_front.002
22:52:57 | INFO: Blender create Mesh node COL_yihong_court_side.001
22:52:57 | INFO: Blender create Mesh node COL_yihong_court_side.004
22:52:57 | INFO: Blender create Mesh node COL_yihong_floor.002
22:52:57 | INFO: Blender create Mesh node COL_yihong_planter.001
22:52:57 | INFO: Blender create Mesh node COL_yihong_planter.004
22:52:57 | INFO: Blender create Mesh node COL_yihong_side_return.001
22:52:57 | INFO: Blender create Mesh node COL_yihong_side_return.004
22:52:57 | INFO: Blender create Mesh node COL_yihong_threshold.002
22:52:57 | INFO: Blender create Mesh node COL_ziling_landing.001
22:52:57 | INFO: Blender create Mesh node HERO_aojing-guan_title.002
22:52:57 | INFO: Blender create Mesh node HERO_daguan_title.001
22:52:57 | INFO: Blender create Mesh node HERO_daoxiang-cun_title.002
22:52:57 | INFO: Blender create Mesh node KIT_flora_plum_render.001
22:52:57 | INFO: Blender create Mesh node KIT_flora_plum_render.002
22:52:57 | INFO: Blender create Mesh node KIT_flora_bamboo_large_render.001
22:52:57 | INFO: Blender create Mesh node KIT_flora_bamboo_large_render.002
22:52:57 | INFO: Blender create Mesh node KIT_flora_bamboo_small_render.001
22:52:57 | INFO: Blender create Mesh node KIT_flora_willow_render.001
22:52:57 | INFO: Blender create Mesh node KIT_flora_willow_render.002
22:52:57 | INFO: Blender create Mesh node KIT_flora_bamboo_large_render.003
22:52:57 | INFO: Blender create Mesh node KIT_flora_bamboo_medium_render.001
22:52:57 | INFO: Blender create Mesh node KIT_flora_bamboo_small_render.002
22:52:57 | INFO: Blender create Mesh node KIT_flora_bamboo_large_render.004
22:52:57 | INFO: Blender create Mesh node KIT_flora_banana_render.001
22:52:57 | INFO: Blender create Mesh node KIT_flora_banana_render.002
22:52:57 | INFO: Blender create Mesh node KIT_flora_reed_render.001
22:52:57 | INFO: Blender create Mesh node KIT_flora_reed_render.002
22:52:57 | INFO: Blender create Mesh node KIT_flora_reed_render.003
22:52:57 | INFO: Blender create Mesh node KIT_flora_reed_render.004
22:52:57 | INFO: Blender create Mesh node KIT_flora_reed_render.005
22:52:57 | INFO: Blender create Mesh node KIT_flora_reed_render.006
22:52:57 | INFO: Blender create Mesh node KIT_flora_reed_render.007
22:52:57 | INFO: Blender create Mesh node KIT_flora_reed_render.008
22:52:57 | INFO: Blender create Mesh node KIT_flora_reed_render.009
22:52:57 | INFO: Blender create Mesh node KIT_flora_reed_render.010
22:52:57 | INFO: Blender create Mesh node HERO_gate_inscription.001
22:52:57 | INFO: Blender create Mesh node HERO_gate_water_drips.001
22:52:57 | INFO: Blender create Mesh node HERO_hengwu-yuan_title.002
22:52:57 | INFO: Blender create Mesh node HERO_longcui-an_title.002
22:52:57 | INFO: Blender create Mesh node HERO_qinfang-ting_title.002
22:52:57 | INFO: Blender create Mesh node HERO_qinfang_bridge.001
22:52:57 | INFO: Blender create Mesh node HERO_study_scroll_bamboo.002
22:52:57 | INFO: Blender create Mesh node HERO_study_scroll_plum.002
22:52:57 | INFO: Blender create Mesh node HERO_study_title.002
22:52:57 | INFO: Blender create Mesh node HERO_table_hexagram.001
22:52:57 | INFO: Blender create Mesh node line_piece.005
22:52:57 | INFO: Blender create Mesh node line_piece.002
22:52:57 | INFO: Blender create Mesh node line_piece.011
22:52:57 | INFO: Blender create Mesh node line_piece.008
22:52:57 | INFO: Blender create Mesh node line_piece.017
22:52:57 | INFO: Blender create Mesh node line_piece.014
22:52:57 | INFO: Blender create Mesh node line_piece.019
22:52:57 | INFO: Blender create Mesh node line_piece.018
22:52:57 | INFO: Blender create Mesh node line_piece.021
22:52:57 | INFO: Blender create Mesh node line_piece.020
22:52:57 | INFO: Blender create Mesh node line_piece.023
22:52:57 | INFO: Blender create Mesh node line_piece.022
22:52:57 | INFO: Blender create Mesh node HERO_table_pedestal.001
22:52:57 | INFO: Blender create Mesh node HERO_tubi_title.002
22:52:57 | INFO: Blender create Mesh node HERO_xiaoxiang-guan_title.002
22:52:57 | INFO: Blender create Mesh node HERO_yihong-yuan_title.002
22:52:57 | INFO: Blender create Mesh node AOJING_pond.002
22:52:57 | INFO: Blender create Mesh node AOJING_backstage.002
22:52:57 | INFO: Blender create Mesh node AOJING_amber_window.002
22:52:57 | INFO: Blender create Mesh node AOJING_window_lattice.001
22:52:57 | INFO: Blender create Mesh node AOJING_dry_ledge.002
22:52:57 | INFO: Blender create Mesh node AOJING_roof.002
22:52:57 | INFO: Blender create Mesh node AOJING_closed_front.002
22:52:57 | INFO: Blender create Mesh node DAGUAN_backstage.001
22:52:57 | INFO: Blender create Mesh node DAGUAN_door_stud.180
22:52:57 | INFO: Blender create Mesh node DAGUAN_amber_transom.002
22:52:57 | INFO: Blender create Mesh node DAGUAN_closed_door.010
22:52:57 | INFO: Blender create Mesh node DAGUAN_recessed_panel.020
22:52:57 | INFO: Blender create Mesh node DAGUAN_column.006
22:52:57 | INFO: Blender create Mesh node DAGUAN_platform.001
22:52:57 | INFO: Blender create Mesh node DAGUAN_lower_roof.001
22:52:57 | INFO: Blender create Mesh node DAGUAN_front.001
22:52:57 | INFO: Blender create Mesh node DAOXIANG_backstage.001
22:52:57 | INFO: Blender create Mesh node DAOXIANG_door_latch.001
22:52:57 | INFO: Blender create Mesh node DAOXIANG_warm_sliver.001
22:52:57 | INFO: Blender create Mesh node DAOXIANG_closed_door.001
22:52:57 | INFO: Blender create Mesh node DAOXIANG_paddy_painting.001
22:52:57 | INFO: Blender create Mesh node DAOXIANG_court.001
22:52:57 | INFO: Blender create Mesh node DAOXIANG_thatch_mass.001
22:52:57 | INFO: Blender create Mesh node DAOXIANG_front.001
22:52:57 | INFO: Blender create Mesh node SITE_hengwu-yuan_backstage.001
22:52:57 | INFO: Blender create Mesh node KIT_pavilion_finial.011
22:52:57 | INFO: Blender create Mesh node KIT_wall_amber_window.006
22:52:57 | INFO: Blender create Mesh node HENGWU_herb_leaf.001
22:52:57 | INFO: Blender create Mesh node KIT_wall_lattice_vertical.105
22:52:57 | INFO: Blender create Mesh node SITE_hengwu-yuan_platform.001
22:52:57 | INFO: Blender create Mesh node KIT_props_lantern_hanging_render.015
22:52:57 | INFO: Blender create Mesh node KIT_pavilion_roof.011
22:52:57 | INFO: Blender create Mesh node KIT_wall_bay.001
22:52:57 | INFO: Blender create Mesh node SITE_hengwu-yuan_front.001
22:52:57 | INFO: Blender create Mesh node LONGCUI_backstage.001
22:52:57 | INFO: Blender create Mesh node LONGCUI_gate_pull.002
22:52:57 | INFO: Blender create Mesh node LONGCUI_closed_gate.002
22:52:57 | INFO: Blender create Mesh node LONGCUI_paving.001
22:52:57 | INFO: Blender create Mesh node KIT_props_lantern_hanging_render.016
22:52:57 | INFO: Blender create Mesh node LONGCUI_wall_cap.001
22:52:57 | INFO: Blender create Mesh node LONGCUI_closed_front.001
22:52:57 | INFO: Blender create Mesh node KIT_props_tea_cup.006
22:52:57 | INFO: Blender create Mesh node KIT_water_lotus_leaf.007
22:52:57 | INFO: Blender create Mesh node SITE_ouxiang_deck.001
22:52:57 | INFO: Blender create Mesh node KIT_pavilion_water_pier.004
22:52:57 | INFO: Blender create Mesh node KIT_props_lantern_hanging_render.013
22:52:57 | INFO: Blender create Mesh node KIT_pavilion_water_hipped_roof.001
22:52:57 | INFO: Blender create Mesh node KIT_water_lotus.021
22:52:57 | INFO: Blender create Mesh node KIT_corridor_rail.008
22:52:57 | INFO: Blender create Mesh node KIT_pavilion_roof_shell.001
22:52:57 | INFO: Blender create Mesh node KIT_pavilion_plinth.001
22:52:57 | INFO: Blender create Mesh node KIT_props_lantern_hanging_render.001
22:52:57 | INFO: Blender create Mesh node KIT_water_stream.001
22:52:57 | INFO: Blender create Mesh node SITE_qiushuang-zhai_backstage.001
22:52:57 | INFO: Blender create Mesh node KIT_pavilion_finial.005
22:52:57 | INFO: Blender create Mesh node KIT_wall_lattice_vertical.042
22:52:57 | INFO: Blender create Mesh node SITE_qiushuang-zhai_platform.001
22:52:57 | INFO: Blender create Mesh node KIT_props_lantern_hanging_render.010
22:52:57 | INFO: Blender create Mesh node KIT_pavilion_roof.005
22:52:57 | INFO: Blender create Mesh node KIT_tech_terminal_desk_render.007
22:52:57 | INFO: Blender create Mesh node SITE_qiushuang-zhai_front.001
22:52:57 | INFO: Blender create Mesh node GATE_banana_pseudostem.001
22:52:57 | INFO: Blender create Mesh node GATE_banana_soil.001
22:52:57 | INFO: Blender create Mesh node KIT_rockery_passage.001
22:52:57 | INFO: Blender create Mesh node GATE_paving.002
22:52:57 | INFO: Blender create Mesh node KIT_props_lantern_hanging_render.008
22:52:57 | INFO: Blender create Mesh node KIT_stage_fog_plane_render.017
22:52:57 | INFO: Blender create Mesh node KIT_stage_floor.001
22:52:57 | INFO: Blender create Mesh node AOJING_approach_guard.001
22:52:57 | INFO: Blender create Mesh node KIT_stage_painted_moon.001
22:52:57 | INFO: Blender create Mesh node KIT_stage_painted_mountain_layer.003
22:52:57 | INFO: Blender create Mesh node KIT_stage_painted_mountain_layer.004
22:52:57 | INFO: Blender create Mesh node KIT_stage_painted_mountain_layer.005
22:52:57 | INFO: Blender create Mesh node KIT_water_stone_walk.005
22:52:57 | INFO: Blender create Mesh node Painted coved ceiling candidate.001
22:52:58 | INFO: Blender create Mesh node KIT_stage_painted_canvas.002
22:52:58 | INFO: Blender create Mesh node Eight painted cyclorama arcs.001
22:52:58 | INFO: Blender create Mesh node KIT_stage_fog_plane_render.002
22:52:58 | INFO: Blender create Mesh node KIT_tech_cell_side.012
22:52:58 | INFO: Blender create Mesh node KIT_wall_window_bar.030
22:52:58 | INFO: Blender create Mesh node KIT_stage_entry_walk.002
22:52:58 | INFO: Blender create Mesh node KIT_props_folding_chair_render.001
22:52:58 | INFO: Blender create Mesh node KIT_stage_floor_boards_render.002
22:52:58 | INFO: Blender create Mesh node KIT_stage_gel_frame_render.002
22:52:58 | INFO: Blender create Mesh node KIT_stage_studio_wall_render.002
22:52:58 | INFO: Blender create Mesh node KIT_stage_fog_plane_render.020
22:52:58 | INFO: Blender create Mesh node KIT_tech_terminal_desk_render.001
22:52:58 | INFO: Blender create Mesh node KIT_props_scroll_render.001
22:52:58 | INFO: Blender create Mesh node SITE_tubi-tang_backstage.001
22:52:58 | INFO: Blender create Mesh node KIT_pavilion_finial.007
22:52:58 | INFO: Blender create Mesh node KIT_wall_amber_window.003
22:52:58 | INFO: Blender create Mesh node TUBI_topic_line.001
22:52:58 | INFO: Blender create Mesh node KIT_wall_lattice_vertical.063
22:52:58 | INFO: Blender create Mesh node SITE_tubi-tang_platform.001
22:52:58 | INFO: Blender create Mesh node KIT_props_lantern_hanging_render.012
22:52:58 | INFO: Blender create Mesh node KIT_pavilion_roof.007
22:52:58 | INFO: Blender create Mesh node TUBI_terrace.002
22:52:58 | INFO: Blender create Mesh node SITE_tubi-tang_front.001
22:52:58 | INFO: Blender create Mesh node XIAOXIANG_black_back.001
22:52:58 | INFO: Blender create Mesh node XIAOXIANG_gate_pull.002
22:52:58 | INFO: Blender create Mesh node XIAOXIANG_amber_window.001
22:52:58 | INFO: Blender create Mesh node XIAOXIANG_gate_leaf.002
22:52:58 | INFO: Blender create Mesh node XIAOXIANG_paving.001
22:52:58 | INFO: Blender create Mesh node XIAOXIANG_wall_cap.001
22:52:58 | INFO: Blender create Mesh node XIAOXIANG_closed_front.001
22:52:58 | INFO: Blender create Mesh node YIHONG_backstage.002
22:52:58 | INFO: Blender create Mesh node YIHONG_door_rail.001
22:52:58 | INFO: Blender create Mesh node YIHONG_amber_window.002
22:52:58 | INFO: Blender create Mesh node YIHONG_door_panel.001
22:52:58 | INFO: Blender create Mesh node YIHONG_paving.002
22:52:58 | INFO: Blender create Mesh node YIHONG_court_cap.001
22:52:58 | INFO: Blender create Mesh node YIHONG_closed_front.002
22:52:58 | INFO: Blender create Mesh node KIT_water_lotus_leaf.011
22:52:58 | INFO: Blender create Mesh node KIT_water_plank.002
22:52:58 | INFO: Blender create Mesh node SITE_ziling_island.001
22:52:58 | INFO: glTF import finished in 1.46s
BAKE_SHADOW_INTENT {"source_glb_sha256": "5ae484f9154861df0f5b0a43865f59ae549d1d9c5cbb255192f0d73f6c4c905f", "explicit_meshes": {"SITE_stage_MAT_stage_canopy_paint": false}, "unchanged_unflagged_meshes": 566}
/private/var/folders/gf/s_g2zvzj3jxbylz3ylbc7k4c0000gn/T/garden-neutral-path-full-source-qerzvuc4/scripts/bake_lightmaps.py:25: DeprecationWarning: 'World.use_nodes' is expected to be removed in Blender 6.0
  world=bpy.data.worlds.new('Bake stage ambient');world.use_nodes=True
BAKE_SKIPPED_ALPHA HERO_aojing-guan_title.001
BAKE_TARGET SITE_aojing-guan_MAT_backstage
/private/var/folders/gf/s_g2zvzj3jxbylz3ylbc7k4c0000gn/T/garden-neutral-path-full-source-qerzvuc4/scripts/bake_lightmaps.py:75: DeprecationWarning: 'Material.use_nodes' is expected to be removed in Blender 6.0
  material.use_nodes=True
Info: Baking map saved to internal image, save it externally or pack it
LIGHTMAP_BAKED {"mesh": "SITE_aojing-guan_MAT_backstage", "site": "aojing-guan", "texture": "SITE_aojing-guan_MAT_backstage.png", "scale": 1.980783224105835, "size": 1024, "samples": 128, "uv_channel": 1, "uv_sha256": "fb0593e55c4b9b4f09b4575a48543b88daa4a04b1f566d71d9b94955bf8f34ca", "source_glb_sha256": "5ae484f9154861df0f5b0a43865f59ae549d1d9c5cbb255192f0d73f6c4c905f", "shadow_intent": {"SITE_stage_MAT_stage_canopy_paint": false}, "nonzero_fraction": 0.8531723022460938, "point_lights_baked": false, "status": "Cycles bake produced; engine look verification pending"}
BAKE_TARGET SITE_aojing-guan_MAT_crt_amber
Info: Baking map saved to internal image, save it externally or pack it
LIGHTMAP_BAKED {"mesh": "SITE_aojing-guan_MAT_crt_amber", "site": "aojing-guan", "texture": "SITE_aojing-guan_MAT_crt_amber.png", "scale": 1.8986999988555908, "size": 256, "samples": 128, "uv_channel": 1, "uv_sha256": "475fafb280fdb0953c46714129341820a011f77a7c659ca10ce53cfa003bcfe3", "source_glb_sha256": "5ae484f9154861df0f5b0a43865f59ae549d1d9c5cbb255192f0d73f6c4c905f", "shadow_intent": {"SITE_stage_MAT_stage_canopy_paint": false}, "nonzero_fraction": 0.824066162109375, "point_lights_baked": false, "status": "Cycles bake produced; engine look verification pending"}
BAKE_TARGET SITE_aojing-guan_MAT_lattice_wood
Info: Baking map saved to internal image, save it externally or pack it
LIGHTMAP_BAKED {"mesh": "SITE_aojing-guan_MAT_lattice_wood", "site": "aojing-guan", "texture": "SITE_aojing-guan_MAT_lattice_wood.png", "scale": 3.597756862640381, "size": 1024, "samples": 128, "uv_channel": 1, "uv_sha256": "b2d868670be745bda153418c4f2f6e7dd24cf73d291b1cf464015a3b860f6988", "source_glb_sha256": "5ae484f9154861df0f5b0a43865f59ae549d1d9c5cbb255192f0d73f6c4c905f", "shadow_intent": {"SITE_stage_MAT_stage_canopy_paint": false}, "nonzero_fraction": 0.5380659103393555, "point_lights_baked": false, "status": "Cycles bake produced; engine look verification pending"}
BAKE_TARGET SITE_aojing-guan_MAT_plaster_rock
Info: Baking map saved to internal image, save it externally or pack it
LIGHTMAP_BAKED {"mesh": "SITE_aojing-guan_MAT_plaster_rock", "site": "aojing-guan", "texture": "SITE_aojing-guan_MAT_plaster_rock.png", "scale": 1.0, "size": 1024, "samples": 128, "uv_channel": 1, "uv_sha256": "60a751ff12613835c3ea629fa36ff200c40710ea7de3a89959d7bc6522d89d79", "source_glb_sha256": "5ae484f9154861df0f5b0a43865f59ae549d1d9c5cbb255192f0d73f6c4c905f", "shadow_intent": {"SITE_stage_MAT_stage_canopy_paint": false}, "nonzero_fraction": 0.4825716018676758, "point_lights_baked": false, "status": "Cycles bake produced; engine look verification pending"}
BAKE_TARGET SITE_aojing-guan_MAT_rooftile
Info: Baking map saved to internal image, save it externally or pack it
LIGHTMAP_BAKED {"mesh": "SITE_aojing-guan_MAT_rooftile", "site": "aojing-guan", "texture": "SITE_aojing-guan_MAT_rooftile.png", "scale": 1.0, "size": 1024, "samples": 128, "uv_channel": 1, "uv_sha256": "36011194e4440e870117b36d68b95c44e09b76d3954e665a249812933562097d", "source_glb_sha256": "5ae484f9154861df0f5b0a43865f59ae549d1d9c5cbb255192f0d73f6c4c905f", "shadow_intent": {"SITE_stage_MAT_stage_canopy_paint": false}, "nonzero_fraction": 0.37040138244628906, "point_lights_baked": false, "status": "Cycles bake produced; engine look verification pending"}
BAKE_TARGET SITE_aojing-guan_MAT_whitewash
Info: Baking map saved to internal image, save it externally or pack it
LIGHTMAP_BAKED {"mesh": "SITE_aojing-guan_MAT_whitewash", "site": "aojing-guan", "texture": "SITE_aojing-guan_MAT_whitewash.png", "scale": 5.090676784515381, "size": 1024, "samples": 128, "uv_channel": 1, "uv_sha256": "84c2a0351029f36d5c1982c91533062d2573863b70cf7f6ef28322d496f4cd63", "source_glb_sha256": "5ae484f9154861df0f5b0a43865f59ae549d1d9c5cbb255192f0d73f6c4c905f", "shadow_intent": {"SITE_stage_MAT_stage_canopy_paint": false}, "nonzero_fraction": 0.5919208526611328, "point_lights_baked": false, "status": "Cycles bake produced; engine look verification pending"}
BAKE_SKIPPED_ALPHA HERO_daguan_title.001
BAKE_TARGET SITE_daguan-lou_MAT_backstage
Info: Baking map saved to internal image, save it externally or pack it
LIGHTMAP_BAKED {"mesh": "SITE_daguan-lou_MAT_backstage", "site": "daguan-lou", "texture": "SITE_daguan-lou_MAT_backstage.png", "scale": 3.3845927715301514, "size": 1024, "samples": 128, "uv_channel": 1, "uv_sha256": "c5e348485f1837af2088d96274b4d5048e8cab079447ed66b9b90a27136fa751", "source_glb_sha256": "5ae484f9154861df0f5b0a43865f59ae549d1d9c5cbb255192f0d73f6c4c905f", "shadow_intent": {"SITE_stage_MAT_stage_canopy_paint": false}, "nonzero_fraction": 0.49947166442871094, "point_lights_baked": false, "status": "Cycles bake produced; engine look verification pending"}
BAKE_TARGET SITE_daguan-lou_MAT_bronze
Info: Baking map saved to internal image, save it externally or pack it
LIGHTMAP_BAKED {"mesh": "SITE_daguan-lou_MAT_bronze", "site": "daguan-lou", "texture": "SITE_daguan-lou_MAT_bronze.png", "scale": 1.0, "size": 1024, "samples": 128, "uv_channel": 1, "uv_sha256": "0a5e2b89b2107fecd84bdf49dfdcbc19973746210f7732fdb481e2128d6ce728", "source_glb_sha256": "5ae484f9154861df0f5b0a43865f59ae549d1d9c5cbb255192f0d73f6c4c905f", "shadow_intent": {"SITE_stage_MAT_stage_canopy_paint": false}, "nonzero_fraction": 0.14432334899902344, "point_lights_baked": false, "status": "Cycles bake produced; engine look verification pending"}
BAKE_TARGET SITE_daguan-lou_MAT_crt_amber
Info: Baking map saved to internal image, save it externally or pack it
LIGHTMAP_BAKED {"mesh": "SITE_daguan-lou_MAT_crt_amber", "site": "daguan-lou", "texture": "SITE_daguan-lou_MAT_crt_amber.png", "scale": 1.0992721319198608, "size": 1024, "samples": 128, "uv_channel": 1, "uv_sha256": "17d83c2159e840cf37fe3d1ecd7416bc9a75bfde6969f13531022d3b3bf4c15e", "source_glb_sha256": "5ae484f9154861df0f5b0a43865f59ae549d1d9c5cbb255192f0d73f6c4c905f", "shadow_intent": {"SITE_stage_MAT_stage_canopy_paint": false}, "nonzero_fraction": 0.8979921340942383, "point_lights_baked": false, "status": "Cycles bake produced; engine look verification pending"}
BAKE_TARGET SITE_daguan-lou_MAT_daguan_lacquer
Info: Baking map saved to internal image, save it externally or pack it
LIGHTMAP_BAKED {"mesh": "SITE_daguan-lou_MAT_daguan_lacquer", "site": "daguan-lou", "texture": "SITE_daguan-lou_MAT_daguan_lacquer.png", "scale": 1.871424674987793, "size": 1024, "samples": 128, "uv_channel": 1, "uv_sha256": "6e84e0c7918b3eaf50f22f87ed7983dbd3d46064208c693a00307661a5023282", "source_glb_sha256": "5ae484f9154861df0f5b0a43865f59ae549d1d9c5cbb255192f0d73f6c4c905f", "shadow_intent": {"SITE_stage_MAT_stage_canopy_paint": false}, "nonzero_fraction": 0.3377056121826172, "point_lights_baked": false, "status": "Cycles bake produced; engine look verification pending"}
BAKE_TARGET SITE_daguan-lou_MAT_daguan_recess
Info: Baking map saved to internal image, save it externally or pack it
LIGHTMAP_BAKED {"mesh": "SITE_daguan-lou_MAT_daguan_recess", "site": "daguan-lou", "texture": "SITE_daguan-lou_MAT_daguan_recess.png", "scale": 1.0, "size": 1024, "samples": 128, "uv_channel": 1, "uv_sha256": "29352f9545302017b457af0a4854025f5c06236f0e27072197373886143e9bfe", "source_glb_sha256": "5ae484f9154861df0f5b0a43865f59ae549d1d9c5cbb255192f0d73f6c4c905f", "shadow_intent": {"SITE_stage_MAT_stage_canopy_paint": false}, "nonzero_fraction": 0.3992595672607422, "point_lights_baked": false, "status": "Cycles bake produced; engine look verification pending"}
BAKE_TARGET SITE_daguan-lou_MAT_lattice_wood
Info: Baking map saved to internal image, save it externally or pack it
LIGHTMAP_BAKED {"mesh": "SITE_daguan-lou_MAT_lattice_wood", "site": "daguan-lou", "texture": "SITE_daguan-lou_MAT_lattice_wood.png", "scale": 3.6166083812713623, "size": 1024, "samples": 128, "uv_channel": 1, "uv_sha256": "15970d62432771e48d00f81bb3c55877299a2468890a48cd5a98b9ffcae6d345", "source_glb_sha256": "5ae484f9154861df0f5b0a43865f59ae549d1d9c5cbb255192f0d73f6c4c905f", "shadow_intent": {"SITE_stage_MAT_stage_canopy_paint": false}, "nonzero_fraction": 0.3416433334350586, "point_lights_baked": false, "status": "Cycles bake produced; engine look verification pending"}
BAKE_TARGET SITE_daguan-lou_MAT_plaster_rock
Info: Baking map saved to internal image, save it externally or pack it
LIGHTMAP_BAKED {"mesh": "SITE_daguan-lou_MAT_plaster_rock", "site": "daguan-lou", "texture": "SITE_daguan-lou_MAT_plaster_rock.png", "scale": 1.0, "size": 1024, "samples": 128, "uv_channel": 1, "uv_sha256": "4029d67bffe8cd995c8302aedc7ab2c83156645a656a2c92a1db1552f899cc30", "source_glb_sha256": "5ae484f9154861df0f5b0a43865f59ae549d1d9c5cbb255192f0d73f6c4c905f", "shadow_intent": {"SITE_stage_MAT_stage_canopy_paint": false}, "nonzero_fraction": 0.31256961822509766, "point_lights_baked": false, "status": "Cycles bake produced; engine look verification pending"}
BAKE_TARGET SITE_daguan-lou_MAT_rooftile
Info: Baking map saved to internal image, save it externally or pack it
LIGHTMAP_BAKED {"mesh": "SITE_daguan-lou_MAT_rooftile", "site": "daguan-lou", "texture": "SITE_daguan-lou_MAT_rooftile.png", "scale": 1.0393640995025635, "size": 1024, "samples": 128, "uv_channel": 1, "uv_sha256": "001c6e9d40bd62cabdb887995a624e9ae5c7edcfddc0351f4016e59fc06f3989", "source_glb_sha256": "5ae484f9154861df0f5b0a43865f59ae549d1d9c5cbb255192f0d73f6c4c905f", "shadow_intent": {"SITE_stage_MAT_stage_canopy_paint": false}, "nonzero_fraction": 0.6164464950561523, "point_lights_baked": false, "status": "Cycles bake produced; engine look verification pending"}
BAKE_TARGET SITE_daguan-lou_MAT_whitewash
Info: Baking map saved to internal image, save it externally or pack it
LIGHTMAP_BAKED {"mesh": "SITE_daguan-lou_MAT_whitewash", "site": "daguan-lou", "texture": "SITE_daguan-lou_MAT_whitewash.png", "scale": 3.1871838569641113, "size": 1024, "samples": 128, "uv_channel": 1, "uv_sha256": "b83cb5aa8e3044cad7aaee2c7710006af8242909ee0a942ab4559fdbff05adae", "source_glb_sha256": "5ae484f9154861df0f5b0a43865f59ae549d1d9c5cbb255192f0d73f6c4c905f", "shadow_intent": {"SITE_stage_MAT_stage_canopy_paint": false}, "nonzero_fraction": 0.3512744903564453, "point_lights_baked": false, "status": "Cycles bake produced; engine look verification pending"}
BAKE_SKIPPED_ALPHA HERO_daoxiang-cun_title.001
BAKE_TARGET SITE_daoxiang-cun_MAT_backstage
Info: Baking map saved to internal image, save it externally or pack it
LIGHTMAP_BAKED {"mesh": "SITE_daoxiang-cun_MAT_backstage", "site": "daoxiang-cun", "texture": "SITE_daoxiang-cun_MAT_backstage.png", "scale": 36.87541198730469, "size": 1024, "samples": 128, "uv_channel": 1, "uv_sha256": "123c999bf60b3bca5873dcf7c1cc9e9a2011128eccd6bb73d302300371d383de", "source_glb_sha256": "5ae484f9154861df0f5b0a43865f59ae549d1d9c5cbb255192f0d73f6c4c905f", "shadow_intent": {"SITE_stage_MAT_stage_canopy_paint": false}, "nonzero_fraction": 0.5206451416015625, "point_lights_baked": false, "status": "Cycles bake produced; engine look verification pending"}
BAKE_TARGET SITE_daoxiang-cun_MAT_bronze
Info: Baking map saved to internal image, save it externally or pack it
LIGHTMAP_BAKED {"mesh": "SITE_daoxiang-cun_MAT_bronze", "site": "daoxiang-cun", "texture": "SITE_daoxiang-cun_MAT_bronze.png", "scale": 1.0, "size": 256, "samples": 128, "uv_channel": 1, "uv_sha256": "6b18ce1b0fa497200bba1e8023a8312a342b11cc8dd68d76c57ff186013f80de", "source_glb_sha256": "5ae484f9154861df0f5b0a43865f59ae549d1d9c5cbb255192f0d73f6c4c905f", "shadow_intent": {"SITE_stage_MAT_stage_canopy_paint": false}, "nonzero_fraction": 0.8539581298828125, "point_lights_baked": false, "status": "Cycles bake produced; engine look verification pending"}
BAKE_TARGET SITE_daoxiang-cun_MAT_crt_amber
Info: Baking map saved to internal image, save it externally or pack it
LIGHTMAP_BAKED {"mesh": "SITE_daoxiang-cun_MAT_crt_amber", "site": "daoxiang-cun", "texture": "SITE_daoxiang-cun_MAT_crt_amber.png", "scale": 1.0, "size": 256, "samples": 128, "uv_channel": 1, "uv_sha256": "240be06a97ce8b240514774e6c92b94243b9e5bc1c0cd04af50c87406a32c520", "source_glb_sha256": "5ae484f9154861df0f5b0a43865f59ae549d1d9c5cbb255192f0d73f6c4c905f", "shadow_intent": {"SITE_stage_MAT_stage_canopy_paint": false}, "nonzero_fraction": 0.1321258544921875, "point_lights_baked": false, "status": "Cycles bake produced; engine look verification pending"}
BAKE_TARGET SITE_daoxiang-cun_MAT_lattice_wood
Info: Baking map saved to internal image, save it externally or pack it
LIGHTMAP_BAKED {"mesh": "SITE_daoxiang-cun_MAT_lattice_wood", "site": "daoxiang-cun", "texture": "SITE_daoxiang-cun_MAT_lattice_wood.png", "scale": 2.503871202468872, "size": 1024, "samples": 128, "uv_channel": 1, "uv_sha256": "32484ecc2a16d79a3d42d7b25449de8c56111d0da1feea12043542db7989b13e", "source_glb_sha256": "5ae484f9154861df0f5b0a43865f59ae549d1d9c5cbb255192f0d73f6c4c905f", "shadow_intent": {"SITE_stage_MAT_stage_canopy_paint": false}, "nonzero_fraction": 0.3177804946899414, "point_lights_baked": false, "status": "Cycles bake produced; engine look verification pending"}
BAKE_TARGET SITE_daoxiang-cun_MAT_paddy_painted_texture
Info: Baking map saved to internal image, save it externally or pack it
LIGHTMAP_BAKED {"mesh": "SITE_daoxiang-cun_MAT_paddy_painted_texture", "site": "daoxiang-cun", "texture": "SITE_daoxiang-cun_MAT_paddy_painted_texture.png", "scale": 1.0, "size": 256, "samples": 128, "uv_channel": 1, "uv_sha256": "932e11204b38850e6497576577dff788746dd3dd3e33f9d64b3eb5898dfbd191", "source_glb_sha256": "5ae484f9154861df0f5b0a43865f59ae549d1d9c5cbb255192f0d73f6c4c905f", "shadow_intent": {"SITE_stage_MAT_stage_canopy_paint": false}, "nonzero_fraction": 0.0859375, "point_lights_baked": false, "status": "Cycles bake produced; engine look verification pending"}
BAKE_TARGET SITE_daoxiang-cun_MAT_plaster_rock
Info: Baking map saved to internal image, save it externally or pack it
LIGHTMAP_BAKED {"mesh": "SITE_daoxiang-cun_MAT_plaster_rock", "site": "daoxiang-cun", "texture": "SITE_daoxiang-cun_MAT_plaster_rock.png", "scale": 2.7924745082855225, "size": 1024, "samples": 128, "uv_channel": 1, "uv_sha256": "045f0862014979ec56f6d134f58cec0055f2652ba570f2c12348c2f74f7cda2a", "source_glb_sha256": "5ae484f9154861df0f5b0a43865f59ae549d1d9c5cbb255192f0d73f6c4c905f", "shadow_intent": {"SITE_stage_MAT_stage_canopy_paint": false}, "nonzero_fraction": 0.3794994354248047, "point_lights_baked": false, "status": "Cycles bake produced; engine look verification pending"}
BAKE_TARGET SITE_daoxiang-cun_MAT_thatch
Info: Baking map saved to internal image, save it externally or pack it
LIGHTMAP_BAKED {"mesh": "SITE_daoxiang-cun_MAT_thatch", "site": "daoxiang-cun", "texture": "SITE_daoxiang-cun_MAT_thatch.png", "scale": 1.0, "size": 1024, "samples": 128, "uv_channel": 1, "uv_sha256": "258ea08e4910c9b620f5ca093db082e9a38abd691ad3b2579e4f3641bb9b9437", "source_glb_sha256": "5ae484f9154861df0f5b0a43865f59ae549d1d9c5cbb255192f0d73f6c4c905f", "shadow_intent": {"SITE_stage_MAT_stage_canopy_paint": false}, "nonzero_fraction": 0.16036128997802734, "point_lights_baked": false, "status": "Cycles bake produced; engine look verification pending"}
BAKE_TARGET SITE_daoxiang-cun_MAT_whitewash
Info: Baking map saved to internal image, save it externally or pack it
LIGHTMAP_BAKED {"mesh": "SITE_daoxiang-cun_MAT_whitewash", "site": "daoxiang-cun", "texture": "SITE_daoxiang-cun_MAT_whitewash.png", "scale": 1.0, "size": 1024, "samples": 128, "uv_channel": 1, "uv_sha256": "48353ff176ccd944ba40fe8f1ea6fb9192376b85585c015819d21437cf21a7c5", "source_glb_sha256": "5ae484f9154861df0f5b0a43865f59ae549d1d9c5cbb255192f0d73f6c4c905f", "shadow_intent": {"SITE_stage_MAT_stage_canopy_paint": false}, "nonzero_fraction": 0.6986713409423828, "point_lights_baked": false, "status": "Cycles bake produced; engine look verification pending"}
BAKE_SKIPPED_ALPHA HERO_hengwu-yuan_title.001
BAKE_TARGET SITE_hengwu-yuan_MAT_backstage
Info: Baking map saved to internal image, save it externally or pack it
LIGHTMAP_BAKED {"mesh": "SITE_hengwu-yuan_MAT_backstage", "site": "hengwu-yuan", "texture": "SITE_hengwu-yuan_MAT_backstage.png", "scale": 5.460887908935547, "size": 1024, "samples": 128, "uv_channel": 1, "uv_sha256": "16b01ed656a1912973fd0bfb90bb9e9d6006f2c36d2ac8a93e9c57d5a58d5cb6", "source_glb_sha256": "5ae484f9154861df0f5b0a43865f59ae549d1d9c5cbb255192f0d73f6c4c905f", "shadow_intent": {"SITE_stage_MAT_stage_canopy_paint": false}, "nonzero_fraction": 0.2898826599121094, "point_lights_baked": false, "status": "Cycles bake produced; engine look verification pending"}
BAKE_TARGET SITE_hengwu-yuan_MAT_bronze
Info: Baking map saved to internal image, save it externally or pack it
LIGHTMAP_BAKED {"mesh": "SITE_hengwu-yuan_MAT_bronze", "site": "hengwu-yuan", "texture": "SITE_hengwu-yuan_MAT_bronze.png", "scale": 1.0, "size": 256, "samples": 128, "uv_channel": 1, "uv_sha256": "984196704bb77894eb689ce1577a9fd49e0ea67b0f5d320df4cda990b1f60bad", "source_glb_sha256": "5ae484f9154861df0f5b0a43865f59ae549d1d9c5cbb255192f0d73f6c4c905f", "shadow_intent": {"SITE_stage_MAT_stage_canopy_paint": false}, "nonzero_fraction": 0.7356719970703125, "point_lights_baked": false, "status": "Cycles bake produced; engine look verification pending"}
BAKE_TARGET SITE_hengwu-yuan_MAT_crt_amber
Info: Baking map saved to internal image, save it externally or pack it
LIGHTMAP_BAKED {"mesh": "SITE_hengwu-yuan_MAT_crt_amber", "site": "hengwu-yuan", "texture": "SITE_hengwu-yuan_MAT_crt_amber.png", "scale": 1.0, "size": 1024, "samples": 128, "uv_channel": 1, "uv_sha256": "3cfb5660fe858ea5751225ab6cb212960a7fceabddeb13cab60d91b8dba4c4cd", "source_glb_sha256": "5ae484f9154861df0f5b0a43865f59ae549d1d9c5cbb255192f0d73f6c4c905f", "shadow_intent": {"SITE_stage_MAT_stage_canopy_paint": false}, "nonzero_fraction": 0.7232208251953125, "point_lights_baked": false, "status": "Cycles bake produced; engine look verification pending"}
BAKE_TARGET SITE_hengwu-yuan_MAT_foliage_card
Info: Baking map saved to internal image, save it externally or pack it
LIGHTMAP_BAKED {"mesh": "SITE_hengwu-yuan_MAT_foliage_card", "site": "hengwu-yuan", "texture": "SITE_hengwu-yuan_MAT_foliage_card.png", "scale": 1.0, "size": 1024, "samples": 128, "uv_channel": 1, "uv_sha256": "13fe572a87c3a3c06c22611a0419b507712c09e22877aafb4131c3f46b436146", "source_glb_sha256": "5ae484f9154861df0f5b0a43865f59ae549d1d9c5cbb255192f0d73f6c4c905f", "shadow_intent": {"SITE_stage_MAT_stage_canopy_paint": false}, "nonzero_fraction": 0.2800912857055664, "point_lights_baked": false, "status": "Cycles bake produced; engine look verification pending"}
BAKE_TARGET SITE_hengwu-yuan_MAT_lattice_wood
Info: Baking map saved to internal image, save it externally or pack it
LIGHTMAP_BAKED {"mesh": "SITE_hengwu-yuan_MAT_lattice_wood", "site": "hengwu-yuan", "texture": "SITE_hengwu-yuan_MAT_lattice_wood.png", "scale": 2.7001802921295166, "size": 1024, "samples": 128, "uv_channel": 1, "uv_sha256": "6c33f4dfd17af4c905eca8b9680236981c4f4cc2ae8f544568087858e6badadc", "source_glb_sha256": "5ae484f9154861df0f5b0a43865f59ae549d1d9c5cbb255192f0d73f6c4c905f", "shadow_intent": {"SITE_stage_MAT_stage_canopy_paint": false}, "nonzero_fraction": 0.4165925979614258, "point_lights_baked": false, "status": "Cycles bake produced; engine look verification pending"}
BAKE_TARGET SITE_hengwu-yuan_MAT_plaster_rock
Info: Baking map saved to internal image, save it externally or pack it
LIGHTMAP_BAKED {"mesh": "SITE_hengwu-yuan_MAT_plaster_rock", "site": "hengwu-yuan", "texture": "SITE_hengwu-yuan_MAT_plaster_rock.png", "scale": 1.0, "size": 1024, "samples": 128, "uv_channel": 1, "uv_sha256": "911333a3c99cd4a86f19f7f41810e4117e3edcecd37422e2deb94ea4dd6f7c9f", "source_glb_sha256": "5ae484f9154861df0f5b0a43865f59ae549d1d9c5cbb255192f0d73f6c4c905f", "shadow_intent": {"SITE_stage_MAT_stage_canopy_paint": false}, "nonzero_fraction": 0.27752685546875, "point_lights_baked": false, "status": "Cycles bake produced; engine look verification pending"}
BAKE_TARGET SITE_hengwu-yuan_MAT_props_atlas
Info: Baking map saved to internal image, save it externally or pack it
LIGHTMAP_BAKED {"mesh": "SITE_hengwu-yuan_MAT_props_atlas", "site": "hengwu-yuan", "texture": "SITE_hengwu-yuan_MAT_props_atlas.png", "scale": 2.5135176181793213, "size": 1024, "samples": 128, "uv_channel": 1, "uv_sha256": "772aa695016f0660415948c3bab71cc370781777df276511c98e58b327f65011", "source_glb_sha256": "5ae484f9154861df0f5b0a43865f59ae549d1d9c5cbb255192f0d73f6c4c905f", "shadow_intent": {"SITE_stage_MAT_stage_canopy_paint": false}, "nonzero_fraction": 0.3079366683959961, "point_lights_baked": false, "status": "Cycles bake produced; engine look verification pending"}
BAKE_TARGET SITE_hengwu-yuan_MAT_rooftile
Info: Baking map saved to internal image, save it externally or pack it
LIGHTMAP_BAKED {"mesh": "SITE_hengwu-yuan_MAT_rooftile", "site": "hengwu-yuan", "texture": "SITE_hengwu-yuan_MAT_rooftile.png", "scale": 1.0, "size": 1024, "samples": 128, "uv_channel": 1, "uv_sha256": "f9f50e0cfe6cc63cb262dcba5d52ed8cfdc10d514ba2a8624bc8190e7af07d02", "source_glb_sha256": "5ae484f9154861df0f5b0a43865f59ae549d1d9c5cbb255192f0d73f6c4c905f", "shadow_intent": {"SITE_stage_MAT_stage_canopy_paint": false}, "nonzero_fraction": 0.2103862762451172, "point_lights_baked": false, "status": "Cycles bake produced; engine look verification pending"}
BAKE_TARGET SITE_hengwu-yuan_MAT_wall_atlas
Info: Baking map saved to internal image, save it externally or pack it
LIGHTMAP_BAKED {"mesh": "SITE_hengwu-yuan_MAT_wall_atlas", "site": "hengwu-yuan", "texture": "SITE_hengwu-yuan_MAT_wall_atlas.png", "scale": 1.0, "size": 1024, "samples": 128, "uv_channel": 1, "uv_sha256": "79ddc629e481769c6a774b1d9e59fbea45fb2bfc24b6419890e80e6173db85b3", "source_glb_sha256": "5ae484f9154861df0f5b0a43865f59ae549d1d9c5cbb255192f0d73f6c4c905f", "shadow_intent": {"SITE_stage_MAT_stage_canopy_paint": false}, "nonzero_fraction": 0.16655540466308594, "point_lights_baked": false, "status": "Cycles bake produced; engine look verification pending"}
BAKE_TARGET SITE_hengwu-yuan_MAT_whitewash
Info: Baking map saved to internal image, save it externally or pack it
LIGHTMAP_BAKED {"mesh": "SITE_hengwu-yuan_MAT_whitewash", "site": "hengwu-yuan", "texture": "SITE_hengwu-yuan_MAT_whitewash.png", "scale": 1.018768072128296, "size": 1024, "samples": 128, "uv_channel": 1, "uv_sha256": "157f5293763d8eb0ec9765f949efc6bb5cad15a71112fe6b786c574a8b0a3fa1", "source_glb_sha256": "5ae484f9154861df0f5b0a43865f59ae549d1d9c5cbb255192f0d73f6c4c905f", "shadow_intent": {"SITE_stage_MAT_stage_canopy_paint": false}, "nonzero_fraction": 0.41211605072021484, "point_lights_baked": false, "status": "Cycles bake produced; engine look verification pending"}
BAKE_SKIPPED_ALPHA HERO_flora_longcui_an_6.001
BAKE_SKIPPED_ALPHA HERO_flora_longcui_an_7.001
BAKE_SKIPPED_ALPHA HERO_longcui-an_title.001
BAKE_TARGET SITE_longcui-an_MAT_backstage
Info: Baking map saved to internal image, save it externally or pack it
LIGHTMAP_BAKED {"mesh": "SITE_longcui-an_MAT_backstage", "site": "longcui-an", "texture": "SITE_longcui-an_MAT_backstage.png", "scale": 1.0, "size": 256, "samples": 128, "uv_channel": 1, "uv_sha256": "8d72c55aa29203f04b0aa543ef15ca0dd4ec07c9bf5fed8214a54e2807b5438d", "source_glb_sha256": "5ae484f9154861df0f5b0a43865f59ae549d1d9c5cbb255192f0d73f6c4c905f", "shadow_intent": {"SITE_stage_MAT_stage_canopy_paint": false}, "nonzero_fraction": 0.7958221435546875, "point_lights_baked": false, "status": "Cycles bake produced; engine look verification pending"}
BAKE_TARGET SITE_longcui-an_MAT_bronze
Info: Baking map saved to internal image, save it externally or pack it
LIGHTMAP_BAKED {"mesh": "SITE_longcui-an_MAT_bronze", "site": "longcui-an", "texture": "SITE_longcui-an_MAT_bronze.png", "scale": 1.0, "size": 256, "samples": 128, "uv_channel": 1, "uv_sha256": "3e799fc68ab65ae61affccd282a1eb33ada5bd62eb937398704b449036cc9686", "source_glb_sha256": "5ae484f9154861df0f5b0a43865f59ae549d1d9c5cbb255192f0d73f6c4c905f", "shadow_intent": {"SITE_stage_MAT_stage_canopy_paint": false}, "nonzero_fraction": 0.7836761474609375, "point_lights_baked": false, "status": "Cycles bake produced; engine look verification pending"}
BAKE_TARGET SITE_longcui-an_MAT_lattice_wood
Info: Baking map saved to internal image, save it externally or pack it
LIGHTMAP_BAKED {"mesh": "SITE_longcui-an_MAT_lattice_wood", "site": "longcui-an", "texture": "SITE_longcui-an_MAT_lattice_wood.png", "scale": 1.0, "size": 256, "samples": 128, "uv_channel": 1, "uv_sha256": "d3b25446eb25020e0f93da1617b335554159e73ea99618eabe0e284dc3ff1981", "source_glb_sha256": "5ae484f9154861df0f5b0a43865f59ae549d1d9c5cbb255192f0d73f6c4c905f", "shadow_intent": {"SITE_stage_MAT_stage_canopy_paint": false}, "nonzero_fraction": 0.6104278564453125, "point_lights_baked": false, "status": "Cycles bake produced; engine look verification pending"}
BAKE_TARGET SITE_longcui-an_MAT_plaster_rock
Info: Baking map saved to internal image, save it externally or pack it
LIGHTMAP_BAKED {"mesh": "SITE_longcui-an_MAT_plaster_rock", "site": "longcui-an", "texture": "SITE_longcui-an_MAT_plaster_rock.png", "scale": 1.0, "size": 1024, "samples": 128, "uv_channel": 1, "uv_sha256": "209587572092e52cef5f66f6ab6c9042585682fb0ae4396c95cbbb90f3fc42ac", "source_glb_sha256": "5ae484f9154861df0f5b0a43865f59ae549d1d9c5cbb255192f0d73f6c4c905f", "shadow_intent": {"SITE_stage_MAT_stage_canopy_paint": false}, "nonzero_fraction": 0.34624290466308594, "point_lights_baked": false, "status": "Cycles bake produced; engine look verification pending"}
BAKE_TARGET SITE_longcui-an_MAT_props_atlas
Info: Baking map saved to internal image, save it externally or pack it
LIGHTMAP_BAKED {"mesh": "SITE_longcui-an_MAT_props_atlas", "site": "longcui-an", "texture": "SITE_longcui-an_MAT_props_atlas.png", "scale": 1.2251472473144531, "size": 1024, "samples": 128, "uv_channel": 1, "uv_sha256": "a491ef1d6b2056416cb96d1cf9318480c3cdb64c519a3f1be2be55f05cee2a95", "source_glb_sha256": "5ae484f9154861df0f5b0a43865f59ae549d1d9c5cbb255192f0d73f6c4c905f", "shadow_intent": {"SITE_stage_MAT_stage_canopy_paint": false}, "nonzero_fraction": 0.46161460876464844, "point_lights_baked": false, "status": "Cycles bake produced; engine look verification pending"}
BAKE_TARGET SITE_longcui-an_MAT_rooftile
Info: Baking map saved to internal image, save it externally or pack it
LIGHTMAP_BAKED {"mesh": "SITE_longcui-an_MAT_rooftile", "site": "longcui-an", "texture": "SITE_longcui-an_MAT_rooftile.png", "scale": 1.0, "size": 1024, "samples": 128, "uv_channel": 1, "uv_sha256": "f1d58a0f729de2f96de086a1871398f777c6b96384d3692a5a92d31074018979", "source_glb_sha256": "5ae484f9154861df0f5b0a43865f59ae549d1d9c5cbb255192f0d73f6c4c905f", "shadow_intent": {"SITE_stage_MAT_stage_canopy_paint": false}, "nonzero_fraction": 0.44927024841308594, "point_lights_baked": false, "status": "Cycles bake produced; engine look verification pending"}
BAKE_TARGET SITE_longcui-an_MAT_whitewash
Info: Baking map saved to internal image, save it externally or pack it
LIGHTMAP_BAKED {"mesh": "SITE_longcui-an_MAT_whitewash", "site": "longcui-an", "texture": "SITE_longcui-an_MAT_whitewash.png", "scale": 1.0, "size": 1024, "samples": 128, "uv_channel": 1, "uv_sha256": "b9fca10b807d711b03b3a9cce8fd2015846aafd0a950dbb385ddb2652462e399", "source_glb_sha256": "5ae484f9154861df0f5b0a43865f59ae549d1d9c5cbb255192f0d73f6c4c905f", "shadow_intent": {"SITE_stage_MAT_stage_canopy_paint": false}, "nonzero_fraction": 0.563136100769043, "point_lights_baked": false, "status": "Cycles bake produced; engine look verification pending"}
BAKE_TARGET SITE_ouxiang-xie_MAT_bronze
Info: Baking map saved to internal image, save it externally or pack it
LIGHTMAP_BAKED {"mesh": "SITE_ouxiang-xie_MAT_bronze", "site": "ouxiang-xie", "texture": "SITE_ouxiang-xie_MAT_bronze.png", "scale": 1.0, "size": 256, "samples": 128, "uv_channel": 1, "uv_sha256": "ed3a18a1857a0f023b087e88f554a691d355f5b8256d2b2bbe5c498937caa657", "source_glb_sha256": "5ae484f9154861df0f5b0a43865f59ae549d1d9c5cbb255192f0d73f6c4c905f", "shadow_intent": {"SITE_stage_MAT_stage_canopy_paint": false}, "nonzero_fraction": 0.76019287109375, "point_lights_baked": false, "status": "Cycles bake produced; engine look verification pending"}
BAKE_TARGET SITE_ouxiang-xie_MAT_foliage_card
Info: Baking map saved to internal image, save it externally or pack it
LIGHTMAP_BAKED {"mesh": "SITE_ouxiang-xie_MAT_foliage_card", "site": "ouxiang-xie", "texture": "SITE_ouxiang-xie_MAT_foliage_card.png", "scale": 1.0, "size": 1024, "samples": 128, "uv_channel": 1, "uv_sha256": "e8b73f87cf437ccc93f923298d64abe8738d89e21fca9b89aee23170374cf960", "source_glb_sha256": "5ae484f9154861df0f5b0a43865f59ae549d1d9c5cbb255192f0d73f6c4c905f", "shadow_intent": {"SITE_stage_MAT_stage_canopy_paint": false}, "nonzero_fraction": 0.39623165130615234, "point_lights_baked": false, "status": "Cycles bake produced; engine look verification pending"}
BAKE_TARGET SITE_ouxiang-xie_MAT_lattice_wood
Info: Baking map saved to internal image, save it externally or pack it
LIGHTMAP_BAKED {"mesh": "SITE_ouxiang-xie_MAT_lattice_wood", "site": "ouxiang-xie", "texture": "SITE_ouxiang-xie_MAT_lattice_wood.png", "scale": 1.0, "size": 1024, "samples": 128, "uv_channel": 1, "uv_sha256": "663b1b4dfdf4a2fde258fa6a6b8e0c1b770ed41766e27ab75149b6d562104362", "source_glb_sha256": "5ae484f9154861df0f5b0a43865f59ae549d1d9c5cbb255192f0d73f6c4c905f", "shadow_intent": {"SITE_stage_MAT_stage_canopy_paint": false}, "nonzero_fraction": 0.4131793975830078, "point_lights_baked": false, "status": "Cycles bake produced; engine look verification pending"}
BAKE_TARGET SITE_ouxiang-xie_MAT_plaster_rock
Info: Baking map saved to internal image, save it externally or pack it
LIGHTMAP_BAKED {"mesh": "SITE_ouxiang-xie_MAT_plaster_rock", "site": "ouxiang-xie", "texture": "SITE_ouxiang-xie_MAT_plaster_rock.png", "scale": 1.0, "size": 1024, "samples": 128, "uv_channel": 1, "uv_sha256": "73f049896715c6398f0d9ab3f6b43f788bb9901e45c8d430abb4da3bbc51d88f", "source_glb_sha256": "5ae484f9154861df0f5b0a43865f59ae549d1d9c5cbb255192f0d73f6c4c905f", "shadow_intent": {"SITE_stage_MAT_stage_canopy_paint": false}, "nonzero_fraction": 0.4916505813598633, "point_lights_baked": false, "status": "Cycles bake produced; engine look verification pending"}
BAKE_TARGET SITE_ouxiang-xie_MAT_props_atlas
Info: Baking map saved to internal image, save it externally or pack it
LIGHTMAP_BAKED {"mesh": "SITE_ouxiang-xie_MAT_props_atlas", "site": "ouxiang-xie", "texture": "SITE_ouxiang-xie_MAT_props_atlas.png", "scale": 1.2320973873138428, "size": 1024, "samples": 128, "uv_channel": 1, "uv_sha256": "45b133b4254d528db1aeff6b37ca2a28109f9d2f74d7d9accc0ff0c73b14b998", "source_glb_sha256": "5ae484f9154861df0f5b0a43865f59ae549d1d9c5cbb255192f0d73f6c4c905f", "shadow_intent": {"SITE_stage_MAT_stage_canopy_paint": false}, "nonzero_fraction": 0.2474956512451172, "point_lights_baked": false, "status": "Cycles bake produced; engine look verification pending"}
BAKE_TARGET SITE_ouxiang-xie_MAT_rooftile
Info: Baking map saved to internal image, save it externally or pack it
LIGHTMAP_BAKED {"mesh": "SITE_ouxiang-xie_MAT_rooftile", "site": "ouxiang-xie", "texture": "SITE_ouxiang-xie_MAT_rooftile.png", "scale": 1.0, "size": 1024, "samples": 128, "uv_channel": 1, "uv_sha256": "e68faad7e479997944aef30ab9248732bc34ab3f10e65c7f569e9b59baea1dd5", "source_glb_sha256": "5ae484f9154861df0f5b0a43865f59ae549d1d9c5cbb255192f0d73f6c4c905f", "shadow_intent": {"SITE_stage_MAT_stage_canopy_paint": false}, "nonzero_fraction": 0.6276264190673828, "point_lights_baked": false, "status": "Cycles bake produced; engine look verification pending"}
BAKE_SKIPPED_ALPHA HERO_flora_qinfang_ting_18.001
BAKE_SKIPPED_ALPHA HERO_flora_qinfang_ting_19.001
BAKE_SKIPPED_ALPHA HERO_flora_qinfang_ting_20.001
BAKE_SKIPPED_ALPHA HERO_flora_qinfang_ting_21.001
BAKE_SKIPPED_ALPHA HERO_flora_qinfang_ting_22.001
BAKE_SKIPPED_ALPHA HERO_qinfang-ting_title.001
BAKE_TARGET HERO_qinfang_bridge.001
Info: Baking map saved to internal image, save it externally or pack it
LIGHTMAP_BAKED {"mesh": "HERO_qinfang_bridge.001", "site": "qinfang-ting", "texture": "HERO_qinfang_bridge.001.png", "scale": 1.0, "size": 1024, "samples": 128, "uv_channel": 1, "uv_sha256": "c6c19647f02b21baff22508a9dfc29c32becd64e3b9728ece3680c57e8e325ac", "source_glb_sha256": "5ae484f9154861df0f5b0a43865f59ae549d1d9c5cbb255192f0d73f6c4c905f", "shadow_intent": {"SITE_stage_MAT_stage_canopy_paint": false}, "nonzero_fraction": 0.13985919952392578, "point_lights_baked": false, "status": "Cycles bake produced; engine look verification pending"}
BAKE_TARGET HERO_table_hexagram.001
Info: Baking map saved to internal image, save it externally or pack it
LIGHTMAP_BAKED {"mesh": "HERO_table_hexagram.001", "site": "qinfang-ting", "texture": "HERO_table_hexagram.001.png", "scale": 1.0, "size": 256, "samples": 128, "uv_channel": 1, "uv_sha256": "20bb60092b4b9fdb5ec0e5d3f6708881bd0a72ae1a113f872db2f346b212bda0", "source_glb_sha256": "5ae484f9154861df0f5b0a43865f59ae549d1d9c5cbb255192f0d73f6c4c905f", "shadow_intent": {"SITE_stage_MAT_stage_canopy_paint": false}, "nonzero_fraction": 0.4801025390625, "point_lights_baked": false, "status": "Cycles bake produced; engine look verification pending"}
BAKE_TARGET HERO_table_line_1_broken.001
Info: Baking map saved to internal image, save it externally or pack it
LIGHTMAP_BAKED {"mesh": "HERO_table_line_1_broken.001", "site": "qinfang-ting", "texture": "HERO_table_line_1_broken.001.png", "scale": 1.0, "size": 256, "samples": 128, "uv_channel": 1, "uv_sha256": "6f6174e984309170dabd8a1ff74eec6ed73e67be9dfdd445c77aed073d8367a2", "source_glb_sha256": "5ae484f9154861df0f5b0a43865f59ae549d1d9c5cbb255192f0d73f6c4c905f", "shadow_intent": {"SITE_stage_MAT_stage_canopy_paint": false}, "nonzero_fraction": 0.64703369140625, "point_lights_baked": false, "status": "Cycles bake produced; engine look verification pending"}
BAKE_TARGET HERO_table_line_1_solid.001
Info: Baking map saved to internal image, save it externally or pack it
LIGHTMAP_BAKED {"mesh": "HERO_table_line_1_solid.001", "site": "qinfang-ting", "texture": "HERO_table_line_1_solid.001.png", "scale": 1.0, "size": 256, "samples": 128, "uv_channel": 1, "uv_sha256": "b47022744429fdcd00cd333e8345ca9a3a689ff66fd96361170218ea1e612b14", "source_glb_sha256": "5ae484f9154861df0f5b0a43865f59ae549d1d9c5cbb255192f0d73f6c4c905f", "shadow_intent": {"SITE_stage_MAT_stage_canopy_paint": false}, "nonzero_fraction": 0.2080078125, "point_lights_baked": false, "status": "Cycles bake produced; engine look verification pending"}
BAKE_TARGET HERO_table_line_2_broken.001
Info: Baking map saved to internal image, save it externally or pack it
LIGHTMAP_BAKED {"mesh": "HERO_table_line_2_broken.001", "site": "qinfang-ting", "texture": "HERO_table_line_2_broken.001.png", "scale": 1.0, "size": 256, "samples": 128, "uv_channel": 1, "uv_sha256": "dd57b3be817417476d783ce805d3572b2f6094b7238b25ab0442ee932b66a7f9", "source_glb_sha256": "5ae484f9154861df0f5b0a43865f59ae549d1d9c5cbb255192f0d73f6c4c905f", "shadow_intent": {"SITE_stage_MAT_stage_canopy_paint": false}, "nonzero_fraction": 0.6437835693359375, "point_lights_baked": false, "status": "Cycles bake produced; engine look verification pending"}
BAKE_TARGET HERO_table_line_2_solid.001
Info: Baking map saved to internal image, save it externally or pack it
LIGHTMAP_BAKED {"mesh": "HERO_table_line_2_solid.001", "site": "qinfang-ting", "texture": "HERO_table_line_2_solid.001.png", "scale": 1.0, "size": 256, "samples": 128, "uv_channel": 1, "uv_sha256": "c0b69abdf918cc335695abc6ba247ec2927bcaf2aec1f1b04d56d800c69cf798", "source_glb_sha256": "5ae484f9154861df0f5b0a43865f59ae549d1d9c5cbb255192f0d73f6c4c905f", "shadow_intent": {"SITE_stage_MAT_stage_canopy_paint": false}, "nonzero_fraction": 0.207855224609375, "point_lights_baked": false, "status": "Cycles bake produced; engine look verification pending"}
BAKE_TARGET HERO_table_line_3_broken.001
Info: Baking map saved to internal image, save it externally or pack it
LIGHTMAP_BAKED {"mesh": "HERO_table_line_3_broken.001", "site": "qinfang-ting", "texture": "HERO_table_line_3_broken.001.png", "scale": 1.0, "size": 256, "samples": 128, "uv_channel": 1, "uv_sha256": "4bbf40e07748432b0270923f0c6fbfa21a909b14566f7d92113a940ca6c08fe7", "source_glb_sha256": "5ae484f9154861df0f5b0a43865f59ae549d1d9c5cbb255192f0d73f6c4c905f", "shadow_intent": {"SITE_stage_MAT_stage_canopy_paint": false}, "nonzero_fraction": 0.6408538818359375, "point_lights_baked": false, "status": "Cycles bake produced; engine look verification pending"}
BAKE_TARGET HERO_table_line_3_solid.001
Info: Baking map saved to internal image, save it externally or pack it
LIGHTMAP_BAKED {"mesh": "HERO_table_line_3_solid.001", "site": "qinfang-ting", "texture": "HERO_table_line_3_solid.001.png", "scale": 1.0, "size": 256, "samples": 128, "uv_channel": 1, "uv_sha256": "15ebc63f3b88f9ac8a8d450543c23360460713b9cdea111d0230012d36fa19e5", "source_glb_sha256": "5ae484f9154861df0f5b0a43865f59ae549d1d9c5cbb255192f0d73f6c4c905f", "shadow_intent": {"SITE_stage_MAT_stage_canopy_paint": false}, "nonzero_fraction": 0.2073974609375, "point_lights_baked": false, "status": "Cycles bake produced; engine look verification pending"}
BAKE_TARGET HERO_table_line_4_broken.001
Info: Baking map saved to internal image, save it externally or pack it
LIGHTMAP_BAKED {"mesh": "HERO_table_line_4_broken.001", "site": "qinfang-ting", "texture": "HERO_table_line_4_broken.001.png", "scale": 1.0, "size": 256, "samples": 128, "uv_channel": 1, "uv_sha256": "61ab839728069cb41b63ae1e2459f6fa881112af0917ecae314230abe7391864", "source_glb_sha256": "5ae484f9154861df0f5b0a43865f59ae549d1d9c5cbb255192f0d73f6c4c905f", "shadow_intent": {"SITE_stage_MAT_stage_canopy_paint": false}, "nonzero_fraction": 0.6416778564453125, "point_lights_baked": false, "status": "Cycles bake produced; engine look verification pending"}
BAKE_TARGET HERO_table_line_4_solid.001
Info: Baking map saved to internal image, save it externally or pack it
LIGHTMAP_BAKED {"mesh": "HERO_table_line_4_solid.001", "site": "qinfang-ting", "texture": "HERO_table_line_4_solid.001.png", "scale": 1.0, "size": 256, "samples": 128, "uv_channel": 1, "uv_sha256": "6d259666e690e3847d6375dccf8f70cd980ac0df4e080af0c9e227633b83c549", "source_glb_sha256": "5ae484f9154861df0f5b0a43865f59ae549d1d9c5cbb255192f0d73f6c4c905f", "shadow_intent": {"SITE_stage_MAT_stage_canopy_paint": false}, "nonzero_fraction": 0.20703125, "point_lights_baked": false, "status": "Cycles bake produced; engine look verification pending"}
BAKE_TARGET HERO_table_line_5_broken.001
Info: Baking map saved to internal image, save it externally or pack it
LIGHTMAP_BAKED {"mesh": "HERO_table_line_5_broken.001", "site": "qinfang-ting", "texture": "HERO_table_line_5_broken.001.png", "scale": 1.0, "size": 256, "samples": 128, "uv_channel": 1, "uv_sha256": "95b626be343312a7d6b92b7aed5148b3a927d7cd407e08b2de7361766cc078c0", "source_glb_sha256": "5ae484f9154861df0f5b0a43865f59ae549d1d9c5cbb255192f0d73f6c4c905f", "shadow_intent": {"SITE_stage_MAT_stage_canopy_paint": false}, "nonzero_fraction": 0.6419677734375, "point_lights_baked": false, "status": "Cycles bake produced; engine look verification pending"}
BAKE_TARGET HERO_table_line_5_solid.001
Info: Baking map saved to internal image, save it externally or pack it
LIGHTMAP_BAKED {"mesh": "HERO_table_line_5_solid.001", "site": "qinfang-ting", "texture": "HERO_table_line_5_solid.001.png", "scale": 1.0, "size": 256, "samples": 128, "uv_channel": 1, "uv_sha256": "fde6d6aea5da570ab0173f10ed671bdea72d72ea32ae2d22b1199fb2734423fc", "source_glb_sha256": "5ae484f9154861df0f5b0a43865f59ae549d1d9c5cbb255192f0d73f6c4c905f", "shadow_intent": {"SITE_stage_MAT_stage_canopy_paint": false}, "nonzero_fraction": 0.207122802734375, "point_lights_baked": false, "status": "Cycles bake produced; engine look verification pending"}
BAKE_TARGET HERO_table_line_6_broken.001
Info: Baking map saved to internal image, save it externally or pack it
LIGHTMAP_BAKED {"mesh": "HERO_table_line_6_broken.001", "site": "qinfang-ting", "texture": "HERO_table_line_6_broken.001.png", "scale": 1.0, "size": 256, "samples": 128, "uv_channel": 1, "uv_sha256": "3fe73b650d84e00483156ba5a91ce69d3fd2494e581a970bf6d2dfc4e41db625", "source_glb_sha256": "5ae484f9154861df0f5b0a43865f59ae549d1d9c5cbb255192f0d73f6c4c905f", "shadow_intent": {"SITE_stage_MAT_stage_canopy_paint": false}, "nonzero_fraction": 0.646331787109375, "point_lights_baked": false, "status": "Cycles bake produced; engine look verification pending"}
BAKE_TARGET HERO_table_line_6_solid.001
Info: Baking map saved to internal image, save it externally or pack it
LIGHTMAP_BAKED {"mesh": "HERO_table_line_6_solid.001", "site": "qinfang-ting", "texture": "HERO_table_line_6_solid.001.png", "scale": 1.0, "size": 256, "samples": 128, "uv_channel": 1, "uv_sha256": "b47022744429fdcd00cd333e8345ca9a3a689ff66fd96361170218ea1e612b14", "source_glb_sha256": "5ae484f9154861df0f5b0a43865f59ae549d1d9c5cbb255192f0d73f6c4c905f", "shadow_intent": {"SITE_stage_MAT_stage_canopy_paint": false}, "nonzero_fraction": 0.20782470703125, "point_lights_baked": false, "status": "Cycles bake produced; engine look verification pending"}
BAKE_TARGET HERO_table_pedestal.001
Info: Baking map saved to internal image, save it externally or pack it
LIGHTMAP_BAKED {"mesh": "HERO_table_pedestal.001", "site": "qinfang-ting", "texture": "HERO_table_pedestal.001.png", "scale": 1.0, "size": 256, "samples": 128, "uv_channel": 1, "uv_sha256": "9136541f3055dd18fef1ceb9ae12697795bbd6032096ce9d7e8ccdd37c8ff18f", "source_glb_sha256": "5ae484f9154861df0f5b0a43865f59ae549d1d9c5cbb255192f0d73f6c4c905f", "shadow_intent": {"SITE_stage_MAT_stage_canopy_paint": false}, "nonzero_fraction": 0.537322998046875, "point_lights_baked": false, "status": "Cycles bake produced; engine look verification pending"}
BAKE_TARGET SITE_qinfang-ting_MAT_foliage_card
Info: Baking map saved to internal image, save it externally or pack it
LIGHTMAP_BAKED {"mesh": "SITE_qinfang-ting_MAT_foliage_card", "site": "qinfang-ting", "texture": "SITE_qinfang-ting_MAT_foliage_card.png", "scale": 1.0, "size": 1024, "samples": 128, "uv_channel": 1, "uv_sha256": "624b9435f97628814b579fb7c7e58f1be92fdc9f5c1695a494cd9550fbe0a2d6", "source_glb_sha256": "5ae484f9154861df0f5b0a43865f59ae549d1d9c5cbb255192f0d73f6c4c905f", "shadow_intent": {"SITE_stage_MAT_stage_canopy_paint": false}, "nonzero_fraction": 0.47576904296875, "point_lights_baked": false, "status": "Cycles bake produced; engine look verification pending"}
BAKE_TARGET SITE_qinfang-ting_MAT_lattice_wood
Info: Baking map saved to internal image, save it externally or pack it
LIGHTMAP_BAKED {"mesh": "SITE_qinfang-ting_MAT_lattice_wood", "site": "qinfang-ting", "texture": "SITE_qinfang-ting_MAT_lattice_wood.png", "scale": 1.0, "size": 1024, "samples": 128, "uv_channel": 1, "uv_sha256": "f5ea9620533bb99c5ce0d4e8ec73ecbe040a62ad4ea37e7346f5a17141602997", "source_glb_sha256": "5ae484f9154861df0f5b0a43865f59ae549d1d9c5cbb255192f0d73f6c4c905f", "shadow_intent": {"SITE_stage_MAT_stage_canopy_paint": false}, "nonzero_fraction": 0.4192342758178711, "point_lights_baked": false, "status": "Cycles bake produced; engine look verification pending"}
BAKE_TARGET SITE_qinfang-ting_MAT_pavilion_atlas
Info: Baking map saved to internal image, save it externally or pack it
LIGHTMAP_BAKED {"mesh": "SITE_qinfang-ting_MAT_pavilion_atlas", "site": "qinfang-ting", "texture": "SITE_qinfang-ting_MAT_pavilion_atlas.png", "scale": 1.0, "size": 1024, "samples": 128, "uv_channel": 1, "uv_sha256": "b42f8cf38e5c4ade7f32740f4543dc3a3a611ff9d8d905b25ed8cfb9376085d2", "source_glb_sha256": "5ae484f9154861df0f5b0a43865f59ae549d1d9c5cbb255192f0d73f6c4c905f", "shadow_intent": {"SITE_stage_MAT_stage_canopy_paint": false}, "nonzero_fraction": 0.12747955322265625, "point_lights_baked": false, "status": "Cycles bake produced; engine look verification pending"}
BAKE_TARGET SITE_qinfang-ting_MAT_plaster_rock
Info: Baking map saved to internal image, save it externally or pack it
LIGHTMAP_BAKED {"mesh": "SITE_qinfang-ting_MAT_plaster_rock", "site": "qinfang-ting", "texture": "SITE_qinfang-ting_MAT_plaster_rock.png", "scale": 1.0, "size": 1024, "samples": 128, "uv_channel": 1, "uv_sha256": "ffc1411b641538c4091e8dd584abed38559d64f64ba7eac0435266cc06bf4b5c", "source_glb_sha256": "5ae484f9154861df0f5b0a43865f59ae549d1d9c5cbb255192f0d73f6c4c905f", "shadow_intent": {"SITE_stage_MAT_stage_canopy_paint": false}, "nonzero_fraction": 0.08752727508544922, "point_lights_baked": false, "status": "Cycles bake produced; engine look verification pending"}
BAKE_TARGET SITE_qinfang-ting_MAT_props_atlas
Info: Baking map saved to internal image, save it externally or pack it
LIGHTMAP_BAKED {"mesh": "SITE_qinfang-ting_MAT_props_atlas", "site": "qinfang-ting", "texture": "SITE_qinfang-ting_MAT_props_atlas.png", "scale": 1.2309736013412476, "size": 1024, "samples": 128, "uv_channel": 1, "uv_sha256": "54fe35e2ac1b4a5cc0d6417d7b04ce918b18b5990cbb659123ba03317ea47d2d", "source_glb_sha256": "5ae484f9154861df0f5b0a43865f59ae549d1d9c5cbb255192f0d73f6c4c905f", "shadow_intent": {"SITE_stage_MAT_stage_canopy_paint": false}, "nonzero_fraction": 0.19446849822998047, "point_lights_baked": false, "status": "Cycles bake produced; engine look verification pending"}
BAKE_TARGET HERO_study_scroll_bamboo.001
Info: Baking map saved to internal image, save it externally or pack it
LIGHTMAP_BAKED {"mesh": "HERO_study_scroll_bamboo.001", "site": "qiushuang-zhai", "texture": "HERO_study_scroll_bamboo.001.png", "scale": 1.1420224905014038, "size": 256, "samples": 128, "uv_channel": 1, "uv_sha256": "82551706e5383928abe83859cb2955d33351a601d409d3301b3f13d0d78e2951", "source_glb_sha256": "5ae484f9154861df0f5b0a43865f59ae549d1d9c5cbb255192f0d73f6c4c905f", "shadow_intent": {"SITE_stage_MAT_stage_canopy_paint": false}, "nonzero_fraction": 0.135040283203125, "point_lights_baked": false, "status": "Cycles bake produced; engine look verification pending"}
BAKE_TARGET HERO_study_scroll_plum.001
Info: Baking map saved to internal image, save it externally or pack it
LIGHTMAP_BAKED {"mesh": "HERO_study_scroll_plum.001", "site": "qiushuang-zhai", "texture": "HERO_study_scroll_plum.001.png", "scale": 1.3793450593948364, "size": 256, "samples": 128, "uv_channel": 1, "uv_sha256": "3539cbc3ad9ee3d4f17ad09a2d4e812b8dfa9c050f43d33ab2a6b0c93e5930c4", "source_glb_sha256": "5ae484f9154861df0f5b0a43865f59ae549d1d9c5cbb255192f0d73f6c4c905f", "shadow_intent": {"SITE_stage_MAT_stage_canopy_paint": false}, "nonzero_fraction": 0.135040283203125, "point_lights_baked": false, "status": "Cycles bake produced; engine look verification pending"}
BAKE_SKIPPED_ALPHA HERO_study_title.001
BAKE_TARGET SITE_qiushuang-zhai_MAT_backstage
Info: Baking map saved to internal image, save it externally or pack it
LIGHTMAP_BAKED {"mesh": "SITE_qiushuang-zhai_MAT_backstage", "site": "qiushuang-zhai", "texture": "SITE_qiushuang-zhai_MAT_backstage.png", "scale": 3.2528624534606934, "size": 1024, "samples": 128, "uv_channel": 1, "uv_sha256": "378499f7f1b9d6b991b4b088b50358d210746b929372671acfa19f763147e1d4", "source_glb_sha256": "5ae484f9154861df0f5b0a43865f59ae549d1d9c5cbb255192f0d73f6c4c905f", "shadow_intent": {"SITE_stage_MAT_stage_canopy_paint": false}, "nonzero_fraction": 0.4422636032104492, "point_lights_baked": false, "status": "Cycles bake produced; engine look verification pending"}
BAKE_TARGET SITE_qiushuang-zhai_MAT_bronze
Info: Baking map saved to internal image, save it externally or pack it
LIGHTMAP_BAKED {"mesh": "SITE_qiushuang-zhai_MAT_bronze", "site": "qiushuang-zhai", "texture": "SITE_qiushuang-zhai_MAT_bronze.png", "scale": 1.2285877466201782, "size": 1024, "samples": 128, "uv_channel": 1, "uv_sha256": "0b15c52f1e27584226859dd2f99852285e11fcd9d6e6183a3730743e3ff7c8cd", "source_glb_sha256": "5ae484f9154861df0f5b0a43865f59ae549d1d9c5cbb255192f0d73f6c4c905f", "shadow_intent": {"SITE_stage_MAT_stage_canopy_paint": false}, "nonzero_fraction": 0.2972879409790039, "point_lights_baked": false, "status": "Cycles bake produced; engine look verification pending"}
BAKE_TARGET SITE_qiushuang-zhai_MAT_lattice_wood
Info: Baking map saved to internal image, save it externally or pack it
LIGHTMAP_BAKED {"mesh": "SITE_qiushuang-zhai_MAT_lattice_wood", "site": "qiushuang-zhai", "texture": "SITE_qiushuang-zhai_MAT_lattice_wood.png", "scale": 1.5534778833389282, "size": 1024, "samples": 128, "uv_channel": 1, "uv_sha256": "0c859282c526711d06765f28c8f00da7767e8d3029435d8e643bbb90a0a9e43b", "source_glb_sha256": "5ae484f9154861df0f5b0a43865f59ae549d1d9c5cbb255192f0d73f6c4c905f", "shadow_intent": {"SITE_stage_MAT_stage_canopy_paint": false}, "nonzero_fraction": 0.36444091796875, "point_lights_baked": false, "status": "Cycles bake produced; engine look verification pending"}
BAKE_TARGET SITE_qiushuang-zhai_MAT_plaster_rock
Info: Baking map saved to internal image, save it externally or pack it
LIGHTMAP_BAKED {"mesh": "SITE_qiushuang-zhai_MAT_plaster_rock", "site": "qiushuang-zhai", "texture": "SITE_qiushuang-zhai_MAT_plaster_rock.png", "scale": 1.0, "size": 1024, "samples": 128, "uv_channel": 1, "uv_sha256": "a4169cb9ddc626d616919ac9e40f09a10f37d4fbf4b8b987600f669877a998ae", "source_glb_sha256": "5ae484f9154861df0f5b0a43865f59ae549d1d9c5cbb255192f0d73f6c4c905f", "shadow_intent": {"SITE_stage_MAT_stage_canopy_paint": false}, "nonzero_fraction": 0.2285165786743164, "point_lights_baked": false, "status": "Cycles bake produced; engine look verification pending"}
BAKE_TARGET SITE_qiushuang-zhai_MAT_props_atlas
Info: Baking map saved to internal image, save it externally or pack it
LIGHTMAP_BAKED {"mesh": "SITE_qiushuang-zhai_MAT_props_atlas", "site": "qiushuang-zhai", "texture": "SITE_qiushuang-zhai_MAT_props_atlas.png", "scale": 1.218483567237854, "size": 1024, "samples": 128, "uv_channel": 1, "uv_sha256": "60e09cc5594f6aeb38c41767c6eb24616421a894798693076707106d25f62c0a", "source_glb_sha256": "5ae484f9154861df0f5b0a43865f59ae549d1d9c5cbb255192f0d73f6c4c905f", "shadow_intent": {"SITE_stage_MAT_stage_canopy_paint": false}, "nonzero_fraction": 0.4398794174194336, "point_lights_baked": false, "status": "Cycles bake produced; engine look verification pending"}
BAKE_TARGET SITE_qiushuang-zhai_MAT_rooftile
Info: Baking map saved to internal image, save it externally or pack it
LIGHTMAP_BAKED {"mesh": "SITE_qiushuang-zhai_MAT_rooftile", "site": "qiushuang-zhai", "texture": "SITE_qiushuang-zhai_MAT_rooftile.png", "scale": 1.0, "size": 1024, "samples": 128, "uv_channel": 1, "uv_sha256": "059843d05b9fbd8678a75d725a9cfbedcc1c121138a0fa1261a9ec2b05cc402e", "source_glb_sha256": "5ae484f9154861df0f5b0a43865f59ae549d1d9c5cbb255192f0d73f6c4c905f", "shadow_intent": {"SITE_stage_MAT_stage_canopy_paint": false}, "nonzero_fraction": 0.21035289764404297, "point_lights_baked": false, "status": "Cycles bake produced; engine look verification pending"}
BAKE_TARGET SITE_qiushuang-zhai_MAT_tech_atlas
Info: Baking map saved to internal image, save it externally or pack it
LIGHTMAP_BAKED {"mesh": "SITE_qiushuang-zhai_MAT_tech_atlas", "site": "qiushuang-zhai", "texture": "SITE_qiushuang-zhai_MAT_tech_atlas.png", "scale": 1.8847912549972534, "size": 1024, "samples": 128, "uv_channel": 1, "uv_sha256": "c7b15f4ffc11682ece918d6f1d98db7dedc9b40dde3fc6ee7bdfffee74c1b8c2", "source_glb_sha256": "5ae484f9154861df0f5b0a43865f59ae549d1d9c5cbb255192f0d73f6c4c905f", "shadow_intent": {"SITE_stage_MAT_stage_canopy_paint": false}, "nonzero_fraction": 0.08591842651367188, "point_lights_baked": false, "status": "Cycles bake produced; engine look verification pending"}
BAKE_TARGET SITE_qiushuang-zhai_MAT_whitewash
Info: Baking map saved to internal image, save it externally or pack it
LIGHTMAP_BAKED {"mesh": "SITE_qiushuang-zhai_MAT_whitewash", "site": "qiushuang-zhai", "texture": "SITE_qiushuang-zhai_MAT_whitewash.png", "scale": 1.0, "size": 1024, "samples": 128, "uv_channel": 1, "uv_sha256": "6216ac10ac88f61facd3d98bfe36214c7de5ca5e26b82374bbc74373e314f5e0", "source_glb_sha256": "5ae484f9154861df0f5b0a43865f59ae549d1d9c5cbb255192f0d73f6c4c905f", "shadow_intent": {"SITE_stage_MAT_stage_canopy_paint": false}, "nonzero_fraction": 0.4801654815673828, "point_lights_baked": false, "status": "Cycles bake produced; engine look verification pending"}
BAKE_SKIPPED_ALPHA HERO_gate_inscription.001
BAKE_TARGET HERO_gate_water_drips.001
Info: Baking map saved to internal image, save it externally or pack it
LIGHTMAP_BAKED {"mesh": "HERO_gate_water_drips.001", "site": "rockery-gate", "texture": "HERO_gate_water_drips.001.png", "scale": 3.3055782318115234, "size": 1024, "samples": 128, "uv_channel": 1, "uv_sha256": "1d845a7194ba525c10483a78a0160d15d7004b408737c618f4729f64ca442f59", "source_glb_sha256": "5ae484f9154861df0f5b0a43865f59ae549d1d9c5cbb255192f0d73f6c4c905f", "shadow_intent": {"SITE_stage_MAT_stage_canopy_paint": false}, "nonzero_fraction": 0.29288387298583984, "point_lights_baked": false, "status": "Cycles bake produced; engine look verification pending"}
BAKE_TARGET SITE_rockery-gate_MAT_foliage_card
Info: Baking map saved to internal image, save it externally or pack it
LIGHTMAP_BAKED {"mesh": "SITE_rockery-gate_MAT_foliage_card", "site": "rockery-gate", "texture": "SITE_rockery-gate_MAT_foliage_card.png", "scale": 1.0, "size": 1024, "samples": 128, "uv_channel": 1, "uv_sha256": "b91f9b39657888877b01312adcfcaac4e5489b8ea986e41c963833dc80798b91", "source_glb_sha256": "5ae484f9154861df0f5b0a43865f59ae549d1d9c5cbb255192f0d73f6c4c905f", "shadow_intent": {"SITE_stage_MAT_stage_canopy_paint": false}, "nonzero_fraction": 0.19046688079833984, "point_lights_baked": false, "status": "Cycles bake produced; engine look verification pending"}
BAKE_TARGET SITE_rockery-gate_MAT_lattice_wood
Info: Baking map saved to internal image, save it externally or pack it
LIGHTMAP_BAKED {"mesh": "SITE_rockery-gate_MAT_lattice_wood", "site": "rockery-gate", "texture": "SITE_rockery-gate_MAT_lattice_wood.png", "scale": 1.0, "size": 256, "samples": 128, "uv_channel": 1, "uv_sha256": "ec7b2706bf71103483983c8c1ddce6b8f8081afd61ed0d2f0192bc8bd258b8f5", "source_glb_sha256": "5ae484f9154861df0f5b0a43865f59ae549d1d9c5cbb255192f0d73f6c4c905f", "shadow_intent": {"SITE_stage_MAT_stage_canopy_paint": false}, "nonzero_fraction": 0.3898468017578125, "point_lights_baked": false, "status": "Cycles bake produced; engine look verification pending"}
BAKE_TARGET SITE_rockery-gate_MAT_pavilion_atlas
Info: Baking map saved to internal image, save it externally or pack it
LIGHTMAP_BAKED {"mesh": "SITE_rockery-gate_MAT_pavilion_atlas", "site": "rockery-gate", "texture": "SITE_rockery-gate_MAT_pavilion_atlas.png", "scale": 1.0, "size": 1024, "samples": 128, "uv_channel": 1, "uv_sha256": "2301b5115e1457d7d59a0623689a8c0680c1c563cb5f42760f789b550a0bb1ad", "source_glb_sha256": "5ae484f9154861df0f5b0a43865f59ae549d1d9c5cbb255192f0d73f6c4c905f", "shadow_intent": {"SITE_stage_MAT_stage_canopy_paint": false}, "nonzero_fraction": 0.14676952362060547, "point_lights_baked": false, "status": "Cycles bake produced; engine look verification pending"}
BAKE_TARGET SITE_rockery-gate_MAT_plaster_rock
Info: Baking map saved to internal image, save it externally or pack it
LIGHTMAP_BAKED {"mesh": "SITE_rockery-gate_MAT_plaster_rock", "site": "rockery-gate", "texture": "SITE_rockery-gate_MAT_plaster_rock.png", "scale": 1.0, "size": 1024, "samples": 128, "uv_channel": 1, "uv_sha256": "6681a087553952d7afbd42de3ac296dc89b346a5a6e9264d9636c14197b11563", "source_glb_sha256": "5ae484f9154861df0f5b0a43865f59ae549d1d9c5cbb255192f0d73f6c4c905f", "shadow_intent": {"SITE_stage_MAT_stage_canopy_paint": false}, "nonzero_fraction": 0.1702899932861328, "point_lights_baked": false, "status": "Cycles bake produced; engine look verification pending"}
BAKE_TARGET SITE_rockery-gate_MAT_props_atlas
Info: Baking map saved to internal image, save it externally or pack it
LIGHTMAP_BAKED {"mesh": "SITE_rockery-gate_MAT_props_atlas", "site": "rockery-gate", "texture": "SITE_rockery-gate_MAT_props_atlas.png", "scale": 1.3306690454483032, "size": 1024, "samples": 128, "uv_channel": 1, "uv_sha256": "6ca6bb6068fca1727994a218d94a4019063327e38d9b0e72181546b743579ba1", "source_glb_sha256": "5ae484f9154861df0f5b0a43865f59ae549d1d9c5cbb255192f0d73f6c4c905f", "shadow_intent": {"SITE_stage_MAT_stage_canopy_paint": false}, "nonzero_fraction": 0.30623531341552734, "point_lights_baked": false, "status": "Cycles bake produced; engine look verification pending"}
BAKE_SKIPPED_ALPHA SITE_rockery-gate_MAT_stage_fog
BAKE_TARGET SITE_stage_MAT_backstage
Info: Baking map saved to internal image, save it externally or pack it
LIGHTMAP_BAKED {"mesh": "SITE_stage_MAT_backstage", "site": "stage", "texture": "SITE_stage_MAT_backstage.png", "scale": 1.0, "size": 1024, "samples": 128, "uv_channel": 1, "uv_sha256": "25ff8546320cc92c02e55c34aeec66101fc59a2f85c812201bfc7ab41db3f360", "source_glb_sha256": "5ae484f9154861df0f5b0a43865f59ae549d1d9c5cbb255192f0d73f6c4c905f", "shadow_intent": {"SITE_stage_MAT_stage_canopy_paint": false}, "nonzero_fraction": 0.47042083740234375, "point_lights_baked": false, "status": "Cycles bake produced; engine look verification pending"}
BAKE_TARGET SITE_stage_MAT_lattice_wood
Info: Baking map saved to internal image, save it externally or pack it
LIGHTMAP_BAKED {"mesh": "SITE_stage_MAT_lattice_wood", "site": "stage", "texture": "SITE_stage_MAT_lattice_wood.png", "scale": 1.0, "size": 256, "samples": 128, "uv_channel": 1, "uv_sha256": "33cf885a0d6737a49fa33edb47d8f5d322a8c6f45eeee995e7642a7eb383db3e", "source_glb_sha256": "5ae484f9154861df0f5b0a43865f59ae549d1d9c5cbb255192f0d73f6c4c905f", "shadow_intent": {"SITE_stage_MAT_stage_canopy_paint": false}, "nonzero_fraction": 0.282318115234375, "point_lights_baked": false, "status": "Cycles bake produced; engine look verification pending"}
BAKE_TARGET SITE_stage_MAT_painted_moon
Info: Baking map saved to internal image, save it externally or pack it
LIGHTMAP_BAKED {"mesh": "SITE_stage_MAT_painted_moon", "site": "stage", "texture": "SITE_stage_MAT_painted_moon.png", "scale": 1.0, "size": 256, "samples": 128, "uv_channel": 1, "uv_sha256": "5b099e5e3229f0bd447f7af7de01b7d1a6392552f2c0a1b6c6c48a3b32db1ba1", "source_glb_sha256": "5ae484f9154861df0f5b0a43865f59ae549d1d9c5cbb255192f0d73f6c4c905f", "shadow_intent": {"SITE_stage_MAT_stage_canopy_paint": false}, "nonzero_fraction": 0.4378509521484375, "point_lights_baked": false, "status": "Cycles bake produced; engine look verification pending"}
BAKE_TARGET SITE_stage_MAT_painted_mountains_0
Info: Baking map saved to internal image, save it externally or pack it
LIGHTMAP_BAKED {"mesh": "SITE_stage_MAT_painted_mountains_0", "site": "stage", "texture": "SITE_stage_MAT_painted_mountains_0.png", "scale": 1.0, "size": 1024, "samples": 128, "uv_channel": 1, "uv_sha256": "97a93dfe178ec8616ceae899da19646d791a25070984e7e1c52e562db883272c", "source_glb_sha256": "5ae484f9154861df0f5b0a43865f59ae549d1d9c5cbb255192f0d73f6c4c905f", "shadow_intent": {"SITE_stage_MAT_stage_canopy_paint": false}, "nonzero_fraction": 0.2900266647338867, "point_lights_baked": false, "status": "Cycles bake produced; engine look verification pending"}
BAKE_TARGET SITE_stage_MAT_painted_mountains_1
Info: Baking map saved to internal image, save it externally or pack it
LIGHTMAP_BAKED {"mesh": "SITE_stage_MAT_painted_mountains_1", "site": "stage", "texture": "SITE_stage_MAT_painted_mountains_1.png", "scale": 1.0, "size": 1024, "samples": 128, "uv_channel": 1, "uv_sha256": "31ca5f33801766d6233cd69b74f855e6f881dd986167a9859518f6206dc5bef2", "source_glb_sha256": "5ae484f9154861df0f5b0a43865f59ae549d1d9c5cbb255192f0d73f6c4c905f", "shadow_intent": {"SITE_stage_MAT_stage_canopy_paint": false}, "nonzero_fraction": 0.409454345703125, "point_lights_baked": false, "status": "Cycles bake produced; engine look verification pending"}
BAKE_TARGET SITE_stage_MAT_painted_mountains_2
Info: Baking map saved to internal image, save it externally or pack it
LIGHTMAP_BAKED {"mesh": "SITE_stage_MAT_painted_mountains_2", "site": "stage", "texture": "SITE_stage_MAT_painted_mountains_2.png", "scale": 1.0, "size": 1024, "samples": 128, "uv_channel": 1, "uv_sha256": "91e8509c3d646b6172c291d80ea0e0e5c0a5321b8a6a1c587effd0afe71869c5", "source_glb_sha256": "5ae484f9154861df0f5b0a43865f59ae549d1d9c5cbb255192f0d73f6c4c905f", "shadow_intent": {"SITE_stage_MAT_stage_canopy_paint": false}, "nonzero_fraction": 0.5293540954589844, "point_lights_baked": false, "status": "Cycles bake produced; engine look verification pending"}
BAKE_TARGET SITE_stage_MAT_plaster_rock
Info: Baking map saved to internal image, save it externally or pack it
LIGHTMAP_BAKED {"mesh": "SITE_stage_MAT_plaster_rock", "site": "stage", "texture": "SITE_stage_MAT_plaster_rock.png", "scale": 1.0, "size": 1024, "samples": 128, "uv_channel": 1, "uv_sha256": "3d2a7e05476b3d57d30d334bd7a7bbe290f2fdfe7eddf29a2073e5fbb87eebba", "source_glb_sha256": "5ae484f9154861df0f5b0a43865f59ae549d1d9c5cbb255192f0d73f6c4c905f", "shadow_intent": {"SITE_stage_MAT_stage_canopy_paint": false}, "nonzero_fraction": 0.27602100372314453, "point_lights_baked": false, "status": "Cycles bake produced; engine look verification pending"}
BAKE_TARGET SITE_stage_MAT_stage_canvas
Info: Baking map saved to internal image, save it externally or pack it
LIGHTMAP_BAKED {"mesh": "SITE_stage_MAT_stage_canvas", "site": "stage", "texture": "SITE_stage_MAT_stage_canvas.png", "scale": 1.0, "size": 1024, "samples": 128, "uv_channel": 1, "uv_sha256": "fbb4e34bc923776eb626818fdf8f16c0704f28bd4a76b1b1c4bd6a782ba1a80a", "source_glb_sha256": "5ae484f9154861df0f5b0a43865f59ae549d1d9c5cbb255192f0d73f6c4c905f", "shadow_intent": {"SITE_stage_MAT_stage_canopy_paint": false}, "nonzero_fraction": 0.8035001754760742, "point_lights_baked": false, "status": "Cycles bake produced; engine look verification pending"}
BAKE_SKIPPED_ALPHA SITE_stage_MAT_stage_fog
BAKE_TARGET SITE_terminal-cells_MAT_backstage
Info: Baking map saved to internal image, save it externally or pack it
LIGHTMAP_BAKED {"mesh": "SITE_terminal-cells_MAT_backstage", "site": "terminal-cells", "texture": "SITE_terminal-cells_MAT_backstage.png", "scale": 1.0, "size": 1024, "samples": 128, "uv_channel": 1, "uv_sha256": "2dc61fb09bae78c5d0ac53fc6a0b63935ba983f5c154c6b329b0ad1d38efb28a", "source_glb_sha256": "5ae484f9154861df0f5b0a43865f59ae549d1d9c5cbb255192f0d73f6c4c905f", "shadow_intent": {"SITE_stage_MAT_stage_canopy_paint": false}, "nonzero_fraction": 0.31754112243652344, "point_lights_baked": false, "status": "Cycles bake produced; engine look verification pending"}
BAKE_TARGET SITE_terminal-cells_MAT_lattice_wood
Info: Baking map saved to internal image, save it externally or pack it
LIGHTMAP_BAKED {"mesh": "SITE_terminal-cells_MAT_lattice_wood", "site": "terminal-cells", "texture": "SITE_terminal-cells_MAT_lattice_wood.png", "scale": 1.0, "size": 1024, "samples": 128, "uv_channel": 1, "uv_sha256": "89f510a2221bad84a5d540cc40932c7c8c95a9c4c98c62ec877fa6d01b024343", "source_glb_sha256": "5ae484f9154861df0f5b0a43865f59ae549d1d9c5cbb255192f0d73f6c4c905f", "shadow_intent": {"SITE_stage_MAT_stage_canopy_paint": false}, "nonzero_fraction": 0.2167959213256836, "point_lights_baked": false, "status": "Cycles bake produced; engine look verification pending"}
BAKE_TARGET SITE_terminal-cells_MAT_plaster_rock
Info: Baking map saved to internal image, save it externally or pack it
LIGHTMAP_BAKED {"mesh": "SITE_terminal-cells_MAT_plaster_rock", "site": "terminal-cells", "texture": "SITE_terminal-cells_MAT_plaster_rock.png", "scale": 1.0, "size": 1024, "samples": 128, "uv_channel": 1, "uv_sha256": "48541897ab260a3e8610f313aaf23af8a9d2f8abe5f503937709c53c74054b11", "source_glb_sha256": "5ae484f9154861df0f5b0a43865f59ae549d1d9c5cbb255192f0d73f6c4c905f", "shadow_intent": {"SITE_stage_MAT_stage_canopy_paint": false}, "nonzero_fraction": 0.3168487548828125, "point_lights_baked": false, "status": "Cycles bake produced; engine look verification pending"}
BAKE_TARGET SITE_terminal-cells_MAT_props_atlas
Info: Baking map saved to internal image, save it externally or pack it
LIGHTMAP_BAKED {"mesh": "SITE_terminal-cells_MAT_props_atlas", "site": "terminal-cells", "texture": "SITE_terminal-cells_MAT_props_atlas.png", "scale": 1.0, "size": 1024, "samples": 128, "uv_channel": 1, "uv_sha256": "3ab0969c69cdc04aebfe631238118851af0512bb4699e3350f7f5ddf17d9b6b9", "source_glb_sha256": "5ae484f9154861df0f5b0a43865f59ae549d1d9c5cbb255192f0d73f6c4c905f", "shadow_intent": {"SITE_stage_MAT_stage_canopy_paint": false}, "nonzero_fraction": 0.21124649047851562, "point_lights_baked": false, "status": "Cycles bake produced; engine look verification pending"}
BAKE_TARGET SITE_terminal-cells_MAT_stage_atlas
Info: Baking map saved to internal image, save it externally or pack it
LIGHTMAP_BAKED {"mesh": "SITE_terminal-cells_MAT_stage_atlas", "site": "terminal-cells", "texture": "SITE_terminal-cells_MAT_stage_atlas.png", "scale": 1.0, "size": 1024, "samples": 128, "uv_channel": 1, "uv_sha256": "aab1aa9be97fe81faed3c8c80e24eabef56c5cd51ccd7d1011b406e86dce50ac", "source_glb_sha256": "5ae484f9154861df0f5b0a43865f59ae549d1d9c5cbb255192f0d73f6c4c905f", "shadow_intent": {"SITE_stage_MAT_stage_canopy_paint": false}, "nonzero_fraction": 0.048607826232910156, "point_lights_baked": false, "status": "Cycles bake produced; engine look verification pending"}
BAKE_SKIPPED_ALPHA SITE_terminal-cells_MAT_stage_atlas_MAT_stage_gel
BAKE_SKIPPED_ALPHA SITE_terminal-cells_MAT_stage_fog
BAKE_TARGET SITE_terminal-cells_MAT_tech_atlas
Info: Baking map saved to internal image, save it externally or pack it
LIGHTMAP_BAKED {"mesh": "SITE_terminal-cells_MAT_tech_atlas", "site": "terminal-cells", "texture": "SITE_terminal-cells_MAT_tech_atlas.png", "scale": 1.0, "size": 1024, "samples": 128, "uv_channel": 1, "uv_sha256": "54b1b6d76d0e453ebfe7bd703cd56ecf8baf771a6fc2e3551581c89eb866577e", "source_glb_sha256": "5ae484f9154861df0f5b0a43865f59ae549d1d9c5cbb255192f0d73f6c4c905f", "shadow_intent": {"SITE_stage_MAT_stage_canopy_paint": false}, "nonzero_fraction": 0.08685874938964844, "point_lights_baked": false, "status": "Cycles bake produced; engine look verification pending"}
BAKE_TARGET SITE_terminal-cells_MAT_terminal_scroll
Info: Baking map saved to internal image, save it externally or pack it
LIGHTMAP_BAKED {"mesh": "SITE_terminal-cells_MAT_terminal_scroll", "site": "terminal-cells", "texture": "SITE_terminal-cells_MAT_terminal_scroll.png", "scale": 1.0, "size": 1024, "samples": 128, "uv_channel": 1, "uv_sha256": "6b9f932e1affb5c37124d81474285f0e888f6cf6e19341ec71f5de7a94bd9bb9", "source_glb_sha256": "5ae484f9154861df0f5b0a43865f59ae549d1d9c5cbb255192f0d73f6c4c905f", "shadow_intent": {"SITE_stage_MAT_stage_canopy_paint": false}, "nonzero_fraction": 0.2679767608642578, "point_lights_baked": false, "status": "Cycles bake produced; engine look verification pending"}
BAKE_SKIPPED_ALPHA HERO_tubi_title.001
BAKE_TARGET SITE_tubi-tang_MAT_backstage
Info: Baking map saved to internal image, save it externally or pack it
LIGHTMAP_BAKED {"mesh": "SITE_tubi-tang_MAT_backstage", "site": "tubi-tang", "texture": "SITE_tubi-tang_MAT_backstage.png", "scale": 6.1073503494262695, "size": 1024, "samples": 128, "uv_channel": 1, "uv_sha256": "f5c32cbe7bdee434aba053bc9031c00afdd2dde8434b21e3eec36351f5ca0547", "source_glb_sha256": "5ae484f9154861df0f5b0a43865f59ae549d1d9c5cbb255192f0d73f6c4c905f", "shadow_intent": {"SITE_stage_MAT_stage_canopy_paint": false}, "nonzero_fraction": 0.5801277160644531, "point_lights_baked": false, "status": "Cycles bake produced; engine look verification pending"}
BAKE_TARGET SITE_tubi-tang_MAT_bronze
Info: Baking map saved to internal image, save it externally or pack it
LIGHTMAP_BAKED {"mesh": "SITE_tubi-tang_MAT_bronze", "site": "tubi-tang", "texture": "SITE_tubi-tang_MAT_bronze.png", "scale": 1.0, "size": 256, "samples": 128, "uv_channel": 1, "uv_sha256": "2c3c3c5f76fd6228ebbdfeb247cef04f2f5e41a879e2d05ac3a1dbd8af4dc461", "source_glb_sha256": "5ae484f9154861df0f5b0a43865f59ae549d1d9c5cbb255192f0d73f6c4c905f", "shadow_intent": {"SITE_stage_MAT_stage_canopy_paint": false}, "nonzero_fraction": 0.42315673828125, "point_lights_baked": false, "status": "Cycles bake produced; engine look verification pending"}
BAKE_TARGET SITE_tubi-tang_MAT_crt_amber
Info: Baking map saved to internal image, save it externally or pack it
LIGHTMAP_BAKED {"mesh": "SITE_tubi-tang_MAT_crt_amber", "site": "tubi-tang", "texture": "SITE_tubi-tang_MAT_crt_amber.png", "scale": 1.0, "size": 1024, "samples": 128, "uv_channel": 1, "uv_sha256": "70970437a2513e2ff40191af52c94ca216b25ed4c378d5fe6739083f83079007", "source_glb_sha256": "5ae484f9154861df0f5b0a43865f59ae549d1d9c5cbb255192f0d73f6c4c905f", "shadow_intent": {"SITE_stage_MAT_stage_canopy_paint": false}, "nonzero_fraction": 0.7225780487060547, "point_lights_baked": false, "status": "Cycles bake produced; engine look verification pending"}
BAKE_TARGET SITE_tubi-tang_MAT_lantern
Info: Baking map saved to internal image, save it externally or pack it
LIGHTMAP_BAKED {"mesh": "SITE_tubi-tang_MAT_lantern", "site": "tubi-tang", "texture": "SITE_tubi-tang_MAT_lantern.png", "scale": 1.0704931020736694, "size": 256, "samples": 128, "uv_channel": 1, "uv_sha256": "cf1ce045d56fc4e0eb6b7bd2df1a16594026b02a6e256d2d183088f829fafd38", "source_glb_sha256": "5ae484f9154861df0f5b0a43865f59ae549d1d9c5cbb255192f0d73f6c4c905f", "shadow_intent": {"SITE_stage_MAT_stage_canopy_paint": false}, "nonzero_fraction": 0.71453857421875, "point_lights_baked": false, "status": "Cycles bake produced; engine look verification pending"}
BAKE_TARGET SITE_tubi-tang_MAT_lattice_wood
Info: Baking map saved to internal image, save it externally or pack it
LIGHTMAP_BAKED {"mesh": "SITE_tubi-tang_MAT_lattice_wood", "site": "tubi-tang", "texture": "SITE_tubi-tang_MAT_lattice_wood.png", "scale": 2.70117449760437, "size": 1024, "samples": 128, "uv_channel": 1, "uv_sha256": "023c912331603c89ed6e6f97cbe33a0c40a8810adb478cee8bf07c9835ee98d9", "source_glb_sha256": "5ae484f9154861df0f5b0a43865f59ae549d1d9c5cbb255192f0d73f6c4c905f", "shadow_intent": {"SITE_stage_MAT_stage_canopy_paint": false}, "nonzero_fraction": 0.34604549407958984, "point_lights_baked": false, "status": "Cycles bake produced; engine look verification pending"}
BAKE_TARGET SITE_tubi-tang_MAT_plaster_rock
Info: Baking map saved to internal image, save it externally or pack it
LIGHTMAP_BAKED {"mesh": "SITE_tubi-tang_MAT_plaster_rock", "site": "tubi-tang", "texture": "SITE_tubi-tang_MAT_plaster_rock.png", "scale": 1.0, "size": 1024, "samples": 128, "uv_channel": 1, "uv_sha256": "f26269482b15bded0c239d9cb6a701d48fd23f002df53050b9c0d2de1f9a5e88", "source_glb_sha256": "5ae484f9154861df0f5b0a43865f59ae549d1d9c5cbb255192f0d73f6c4c905f", "shadow_intent": {"SITE_stage_MAT_stage_canopy_paint": false}, "nonzero_fraction": 0.2849893569946289, "point_lights_baked": false, "status": "Cycles bake produced; engine look verification pending"}
BAKE_TARGET SITE_tubi-tang_MAT_props_atlas
Info: Baking map saved to internal image, save it externally or pack it
LIGHTMAP_BAKED {"mesh": "SITE_tubi-tang_MAT_props_atlas", "site": "tubi-tang", "texture": "SITE_tubi-tang_MAT_props_atlas.png", "scale": 1.251761794090271, "size": 1024, "samples": 128, "uv_channel": 1, "uv_sha256": "f499b28d129ebb0e165afa0bad937e905fb08095984ed785470fab1c7f701986", "source_glb_sha256": "5ae484f9154861df0f5b0a43865f59ae549d1d9c5cbb255192f0d73f6c4c905f", "shadow_intent": {"SITE_stage_MAT_stage_canopy_paint": false}, "nonzero_fraction": 0.48027515411376953, "point_lights_baked": false, "status": "Cycles bake produced; engine look verification pending"}
BAKE_TARGET SITE_tubi-tang_MAT_rooftile
Info: Baking map saved to internal image, save it externally or pack it
LIGHTMAP_BAKED {"mesh": "SITE_tubi-tang_MAT_rooftile", "site": "tubi-tang", "texture": "SITE_tubi-tang_MAT_rooftile.png", "scale": 1.0, "size": 1024, "samples": 128, "uv_channel": 1, "uv_sha256": "5d51825c81fc8d9277383a2a9b3cee68fe61c7e9d8ab686b14c92cecf14c9c6a", "source_glb_sha256": "5ae484f9154861df0f5b0a43865f59ae549d1d9c5cbb255192f0d73f6c4c905f", "shadow_intent": {"SITE_stage_MAT_stage_canopy_paint": false}, "nonzero_fraction": 0.20698261260986328, "point_lights_baked": false, "status": "Cycles bake produced; engine look verification pending"}
BAKE_TARGET SITE_tubi-tang_MAT_tubi_terrace_plaster
Info: Baking map saved to internal image, save it externally or pack it
LIGHTMAP_BAKED {"mesh": "SITE_tubi-tang_MAT_tubi_terrace_plaster", "site": "tubi-tang", "texture": "SITE_tubi-tang_MAT_tubi_terrace_plaster.png", "scale": 1.0, "size": 1024, "samples": 128, "uv_channel": 1, "uv_sha256": "45261b5282a22dd0b84b9c74ff771504f5063e7aa0228cae4784139fe1eb8982", "source_glb_sha256": "5ae484f9154861df0f5b0a43865f59ae549d1d9c5cbb255192f0d73f6c4c905f", "shadow_intent": {"SITE_stage_MAT_stage_canopy_paint": false}, "nonzero_fraction": 0.43703365325927734, "point_lights_baked": false, "status": "Cycles bake produced; engine look verification pending"}
BAKE_TARGET SITE_tubi-tang_MAT_whitewash
Info: Baking map saved to internal image, save it externally or pack it
LIGHTMAP_BAKED {"mesh": "SITE_tubi-tang_MAT_whitewash", "site": "tubi-tang", "texture": "SITE_tubi-tang_MAT_whitewash.png", "scale": 1.024176001548767, "size": 1024, "samples": 128, "uv_channel": 1, "uv_sha256": "2505ab0eab19e23344d395a433c04205fec4177df36b51652b751c59fd7913e8", "source_glb_sha256": "5ae484f9154861df0f5b0a43865f59ae549d1d9c5cbb255192f0d73f6c4c905f", "shadow_intent": {"SITE_stage_MAT_stage_canopy_paint": false}, "nonzero_fraction": 0.4319419860839844, "point_lights_baked": false, "status": "Cycles bake produced; engine look verification pending"}
BAKE_SKIPPED_ALPHA HERO_flora_xiaoxiang_guan_0.001
BAKE_SKIPPED_ALPHA HERO_flora_xiaoxiang_guan_1.001
BAKE_SKIPPED_ALPHA HERO_flora_xiaoxiang_guan_2.001
BAKE_SKIPPED_ALPHA HERO_flora_xiaoxiang_guan_3.001
BAKE_SKIPPED_ALPHA HERO_xiaoxiang-guan_title.001
BAKE_TARGET SITE_xiaoxiang-guan_MAT_backstage
Info: Baking map saved to internal image, save it externally or pack it
LIGHTMAP_BAKED {"mesh": "SITE_xiaoxiang-guan_MAT_backstage", "site": "xiaoxiang-guan", "texture": "SITE_xiaoxiang-guan_MAT_backstage.png", "scale": 5.269449234008789, "size": 1024, "samples": 128, "uv_channel": 1, "uv_sha256": "c78708a342a8f28464170b372e4e3d7eadb63f3a1b67a1539d6b4661ddc5bcfe", "source_glb_sha256": "5ae484f9154861df0f5b0a43865f59ae549d1d9c5cbb255192f0d73f6c4c905f", "shadow_intent": {"SITE_stage_MAT_stage_canopy_paint": false}, "nonzero_fraction": 0.5664310455322266, "point_lights_baked": false, "status": "Cycles bake produced; engine look verification pending"}
BAKE_TARGET SITE_xiaoxiang-guan_MAT_bronze
Info: Baking map saved to internal image, save it externally or pack it
LIGHTMAP_BAKED {"mesh": "SITE_xiaoxiang-guan_MAT_bronze", "site": "xiaoxiang-guan", "texture": "SITE_xiaoxiang-guan_MAT_bronze.png", "scale": 1.0, "size": 256, "samples": 128, "uv_channel": 1, "uv_sha256": "c7b2aeb8ab7e10025df531278ad99eecc0bd1f687e1e1344009c537af23185ea", "source_glb_sha256": "5ae484f9154861df0f5b0a43865f59ae549d1d9c5cbb255192f0d73f6c4c905f", "shadow_intent": {"SITE_stage_MAT_stage_canopy_paint": false}, "nonzero_fraction": 0.685760498046875, "point_lights_baked": false, "status": "Cycles bake produced; engine look verification pending"}
BAKE_TARGET SITE_xiaoxiang-guan_MAT_crt_amber
Info: Baking map saved to internal image, save it externally or pack it
LIGHTMAP_BAKED {"mesh": "SITE_xiaoxiang-guan_MAT_crt_amber", "site": "xiaoxiang-guan", "texture": "SITE_xiaoxiang-guan_MAT_crt_amber.png", "scale": 5.410636901855469, "size": 256, "samples": 128, "uv_channel": 1, "uv_sha256": "f5acc128ff5c248d739a954a0967d5d28e3b9880e27775de1a0b251e33a3deb7", "source_glb_sha256": "5ae484f9154861df0f5b0a43865f59ae549d1d9c5cbb255192f0d73f6c4c905f", "shadow_intent": {"SITE_stage_MAT_stage_canopy_paint": false}, "nonzero_fraction": 0.5550079345703125, "point_lights_baked": false, "status": "Cycles bake produced; engine look verification pending"}
BAKE_TARGET SITE_xiaoxiang-guan_MAT_lattice_wood
Info: Baking map saved to internal image, save it externally or pack it
LIGHTMAP_BAKED {"mesh": "SITE_xiaoxiang-guan_MAT_lattice_wood", "site": "xiaoxiang-guan", "texture": "SITE_xiaoxiang-guan_MAT_lattice_wood.png", "scale": 15.358697891235352, "size": 256, "samples": 128, "uv_channel": 1, "uv_sha256": "ea69d3bacd82b8b9579afa7f161766917a17bf795d4815e7a80d219b85b78ab3", "source_glb_sha256": "5ae484f9154861df0f5b0a43865f59ae549d1d9c5cbb255192f0d73f6c4c905f", "shadow_intent": {"SITE_stage_MAT_stage_canopy_paint": false}, "nonzero_fraction": 0.701873779296875, "point_lights_baked": false, "status": "Cycles bake produced; engine look verification pending"}
BAKE_TARGET SITE_xiaoxiang-guan_MAT_plaster_rock
Info: Baking map saved to internal image, save it externally or pack it
LIGHTMAP_BAKED {"mesh": "SITE_xiaoxiang-guan_MAT_plaster_rock", "site": "xiaoxiang-guan", "texture": "SITE_xiaoxiang-guan_MAT_plaster_rock.png", "scale": 1.0, "size": 1024, "samples": 128, "uv_channel": 1, "uv_sha256": "62685d3766f2462cd167ef273bf5d1827397cfaaee31a22b3ca88d464d553bb8", "source_glb_sha256": "5ae484f9154861df0f5b0a43865f59ae549d1d9c5cbb255192f0d73f6c4c905f", "shadow_intent": {"SITE_stage_MAT_stage_canopy_paint": false}, "nonzero_fraction": 0.25305938720703125, "point_lights_baked": false, "status": "Cycles bake produced; engine look verification pending"}
BAKE_TARGET SITE_xiaoxiang-guan_MAT_rooftile
Info: Baking map saved to internal image, save it externally or pack it
LIGHTMAP_BAKED {"mesh": "SITE_xiaoxiang-guan_MAT_rooftile", "site": "xiaoxiang-guan", "texture": "SITE_xiaoxiang-guan_MAT_rooftile.png", "scale": 1.0849864482879639, "size": 1024, "samples": 128, "uv_channel": 1, "uv_sha256": "17c711b5d149e52dfaa5fe72400739b0b5d35559d9fbeeec975ec549577fc0aa", "source_glb_sha256": "5ae484f9154861df0f5b0a43865f59ae549d1d9c5cbb255192f0d73f6c4c905f", "shadow_intent": {"SITE_stage_MAT_stage_canopy_paint": false}, "nonzero_fraction": 0.3759880065917969, "point_lights_baked": false, "status": "Cycles bake produced; engine look verification pending"}
BAKE_TARGET SITE_xiaoxiang-guan_MAT_whitewash
Info: Baking map saved to internal image, save it externally or pack it
LIGHTMAP_BAKED {"mesh": "SITE_xiaoxiang-guan_MAT_whitewash", "site": "xiaoxiang-guan", "texture": "SITE_xiaoxiang-guan_MAT_whitewash.png", "scale": 16.46860122680664, "size": 1024, "samples": 128, "uv_channel": 1, "uv_sha256": "d393897b440470028363856c28d17bb5b5a92165172cdb5a3d8cd9fe46d10c4b", "source_glb_sha256": "5ae484f9154861df0f5b0a43865f59ae549d1d9c5cbb255192f0d73f6c4c905f", "shadow_intent": {"SITE_stage_MAT_stage_canopy_paint": false}, "nonzero_fraction": 0.4557218551635742, "point_lights_baked": false, "status": "Cycles bake produced; engine look verification pending"}
BAKE_SKIPPED_ALPHA HERO_flora_yihong_yuan_4.001
BAKE_SKIPPED_ALPHA HERO_flora_yihong_yuan_5.001
BAKE_SKIPPED_ALPHA HERO_yihong-yuan_title.001
BAKE_TARGET SITE_yihong-yuan_MAT_backstage
Info: Baking map saved to internal image, save it externally or pack it
LIGHTMAP_BAKED {"mesh": "SITE_yihong-yuan_MAT_backstage", "site": "yihong-yuan", "texture": "SITE_yihong-yuan_MAT_backstage.png", "scale": 1.433057188987732, "size": 1024, "samples": 128, "uv_channel": 1, "uv_sha256": "04471c4dd25b8b78ecd8f89dde69a62d43cfa83121a679bae38510f4c6f142ef", "source_glb_sha256": "5ae484f9154861df0f5b0a43865f59ae549d1d9c5cbb255192f0d73f6c4c905f", "shadow_intent": {"SITE_stage_MAT_stage_canopy_paint": false}, "nonzero_fraction": 0.7703981399536133, "point_lights_baked": false, "status": "Cycles bake produced; engine look verification pending"}
BAKE_TARGET SITE_yihong-yuan_MAT_bronze
Info: Baking map saved to internal image, save it externally or pack it
LIGHTMAP_BAKED {"mesh": "SITE_yihong-yuan_MAT_bronze", "site": "yihong-yuan", "texture": "SITE_yihong-yuan_MAT_bronze.png", "scale": 1.0, "size": 256, "samples": 128, "uv_channel": 1, "uv_sha256": "d6b6e2af403113998f34b0ad21f43cd4ad4c93312cf6a045e2ce27bfe80e4608", "source_glb_sha256": "5ae484f9154861df0f5b0a43865f59ae549d1d9c5cbb255192f0d73f6c4c905f", "shadow_intent": {"SITE_stage_MAT_stage_canopy_paint": false}, "nonzero_fraction": 0.621124267578125, "point_lights_baked": false, "status": "Cycles bake produced; engine look verification pending"}
BAKE_TARGET SITE_yihong-yuan_MAT_crt_amber
Info: Baking map saved to internal image, save it externally or pack it
LIGHTMAP_BAKED {"mesh": "SITE_yihong-yuan_MAT_crt_amber", "site": "yihong-yuan", "texture": "SITE_yihong-yuan_MAT_crt_amber.png", "scale": 1.2480452060699463, "size": 256, "samples": 128, "uv_channel": 1, "uv_sha256": "0db89bff208df4114fd5d509ab59391aca6b2f3d63cec6fadabf20a6fc230f80", "source_glb_sha256": "5ae484f9154861df0f5b0a43865f59ae549d1d9c5cbb255192f0d73f6c4c905f", "shadow_intent": {"SITE_stage_MAT_stage_canopy_paint": false}, "nonzero_fraction": 0.5587005615234375, "point_lights_baked": false, "status": "Cycles bake produced; engine look verification pending"}
BAKE_TARGET SITE_yihong-yuan_MAT_lattice_wood
Info: Baking map saved to internal image, save it externally or pack it
LIGHTMAP_BAKED {"mesh": "SITE_yihong-yuan_MAT_lattice_wood", "site": "yihong-yuan", "texture": "SITE_yihong-yuan_MAT_lattice_wood.png", "scale": 5.047248840332031, "size": 256, "samples": 128, "uv_channel": 1, "uv_sha256": "12ca1f79facd11d6e7868e4f93e4efdf084c604dffceed5a83c4ba5ac334a2db", "source_glb_sha256": "5ae484f9154861df0f5b0a43865f59ae549d1d9c5cbb255192f0d73f6c4c905f", "shadow_intent": {"SITE_stage_MAT_stage_canopy_paint": false}, "nonzero_fraction": 0.736236572265625, "point_lights_baked": false, "status": "Cycles bake produced; engine look verification pending"}
BAKE_TARGET SITE_yihong-yuan_MAT_plaster_rock
Info: Baking map saved to internal image, save it externally or pack it
LIGHTMAP_BAKED {"mesh": "SITE_yihong-yuan_MAT_plaster_rock", "site": "yihong-yuan", "texture": "SITE_yihong-yuan_MAT_plaster_rock.png", "scale": 1.0, "size": 1024, "samples": 128, "uv_channel": 1, "uv_sha256": "be54bd6ae40885bb218ffb0d5a065801ae58ff8f72388c2fd6b5638bbda5212e", "source_glb_sha256": "5ae484f9154861df0f5b0a43865f59ae549d1d9c5cbb255192f0d73f6c4c905f", "shadow_intent": {"SITE_stage_MAT_stage_canopy_paint": false}, "nonzero_fraction": 0.5528249740600586, "point_lights_baked": false, "status": "Cycles bake produced; engine look verification pending"}
BAKE_TARGET SITE_yihong-yuan_MAT_rooftile
Info: Baking map saved to internal image, save it externally or pack it
LIGHTMAP_BAKED {"mesh": "SITE_yihong-yuan_MAT_rooftile", "site": "yihong-yuan", "texture": "SITE_yihong-yuan_MAT_rooftile.png", "scale": 1.0, "size": 1024, "samples": 128, "uv_channel": 1, "uv_sha256": "184a9e951137e2206d70777283c18d8b5022cb9442fc1757ceb2101abcac4b1e", "source_glb_sha256": "5ae484f9154861df0f5b0a43865f59ae549d1d9c5cbb255192f0d73f6c4c905f", "shadow_intent": {"SITE_stage_MAT_stage_canopy_paint": false}, "nonzero_fraction": 0.4571104049682617, "point_lights_baked": false, "status": "Cycles bake produced; engine look verification pending"}
BAKE_TARGET SITE_yihong-yuan_MAT_yihong_lacquer
Info: Baking map saved to internal image, save it externally or pack it
LIGHTMAP_BAKED {"mesh": "SITE_yihong-yuan_MAT_yihong_lacquer", "site": "yihong-yuan", "texture": "SITE_yihong-yuan_MAT_yihong_lacquer.png", "scale": 4.411762714385986, "size": 1024, "samples": 128, "uv_channel": 1, "uv_sha256": "050e169293a095cc4464368671dc6f13e11aaee24dc16e0d1486c0ec3e5ebef2", "source_glb_sha256": "5ae484f9154861df0f5b0a43865f59ae549d1d9c5cbb255192f0d73f6c4c905f", "shadow_intent": {"SITE_stage_MAT_stage_canopy_paint": false}, "nonzero_fraction": 0.5757932662963867, "point_lights_baked": false, "status": "Cycles bake produced; engine look verification pending"}
BAKE_SKIPPED_ALPHA HERO_flora_ziling_zhou_8.001
BAKE_SKIPPED_ALPHA HERO_flora_ziling_zhou_9.001
BAKE_SKIPPED_ALPHA HERO_flora_ziling_zhou_10.001
BAKE_SKIPPED_ALPHA HERO_flora_ziling_zhou_11.001
BAKE_SKIPPED_ALPHA HERO_flora_ziling_zhou_12.001
BAKE_SKIPPED_ALPHA HERO_flora_ziling_zhou_13.001
BAKE_SKIPPED_ALPHA HERO_flora_ziling_zhou_14.001
BAKE_SKIPPED_ALPHA HERO_flora_ziling_zhou_15.001
BAKE_SKIPPED_ALPHA HERO_flora_ziling_zhou_16.001
BAKE_SKIPPED_ALPHA HERO_flora_ziling_zhou_17.001
BAKE_TARGET SITE_ziling-zhou_MAT_foliage_card
Info: Baking map saved to internal image, save it externally or pack it
LIGHTMAP_BAKED {"mesh": "SITE_ziling-zhou_MAT_foliage_card", "site": "ziling-zhou", "texture": "SITE_ziling-zhou_MAT_foliage_card.png", "scale": 1.0, "size": 1024, "samples": 128, "uv_channel": 1, "uv_sha256": "ad4033013513aed188e42102852e855b28f50e582f203bb2f2366d8939eb4e77", "source_glb_sha256": "5ae484f9154861df0f5b0a43865f59ae549d1d9c5cbb255192f0d73f6c4c905f", "shadow_intent": {"SITE_stage_MAT_stage_canopy_paint": false}, "nonzero_fraction": 0.5434474945068359, "point_lights_baked": false, "status": "Cycles bake produced; engine look verification pending"}
BAKE_TARGET SITE_ziling-zhou_MAT_pavilion_atlas
Info: Baking map saved to internal image, save it externally or pack it
LIGHTMAP_BAKED {"mesh": "SITE_ziling-zhou_MAT_pavilion_atlas", "site": "ziling-zhou", "texture": "SITE_ziling-zhou_MAT_pavilion_atlas.png", "scale": 1.0, "size": 1024, "samples": 128, "uv_channel": 1, "uv_sha256": "c8ff90775844c36703cc3b357eef57b22f4f274ed55087f7741f61e8ed1cc8dd", "source_glb_sha256": "5ae484f9154861df0f5b0a43865f59ae549d1d9c5cbb255192f0d73f6c4c905f", "shadow_intent": {"SITE_stage_MAT_stage_canopy_paint": false}, "nonzero_fraction": 0.3510265350341797, "point_lights_baked": false, "status": "Cycles bake produced; engine look verification pending"}
BAKE_TARGET SITE_ziling-zhou_MAT_plaster_rock
Info: Baking map saved to internal image, save it externally or pack it
LIGHTMAP_BAKED {"mesh": "SITE_ziling-zhou_MAT_plaster_rock", "site": "ziling-zhou", "texture": "SITE_ziling-zhou_MAT_plaster_rock.png", "scale": 1.0, "size": 1024, "samples": 128, "uv_channel": 1, "uv_sha256": "4dbdb795e727d209605b05b76a46f0ae942bc736a84eb3777547e4b562bf3157", "source_glb_sha256": "5ae484f9154861df0f5b0a43865f59ae549d1d9c5cbb255192f0d73f6c4c905f", "shadow_intent": {"SITE_stage_MAT_stage_canopy_paint": false}, "nonzero_fraction": 0.23998451232910156, "point_lights_baked": false, "status": "Cycles bake produced; engine look verification pending"}
Blender 5.2.2 LTS (hash d13f752e3b9c built 2026-09-15 01:49:19)

Blender quit
