00:00.508  blend            | Read blend: "/var/folders/gf/s_g2zvzj3jxbylz3ylbc7k4c0000gn/T/garden-moon-contrast-final-jvk0c3f5/blender/authoring.blend"
BlenderMCP addon registered
INFO Draco is available, use library at /Applications/Blender.app/Contents/Resources/5.2/scripts/addons_core/io_scene_gltf2/libbf_intern_draco_bridge.dylib
INFO MeshOptimizer is available, use library at /Applications/Blender.app/Contents/Resources/5.2/scripts/addons_core/io_scene_gltf2/libbf_intern_meshopt_bridge.dylib
10:07:11 | INFO: Starting glTF 2.0 export
10:07:11 | INFO: Extracting primitive: COL_aojing_approach.001
10:07:11 | INFO: Primitives created: 1
10:07:11 | INFO: Extracting primitive: COL_aojing_approach.004
10:07:11 | INFO: Primitives created: 1
10:07:11 | INFO: Extracting primitive: COL_aojing_approach_guard.001
10:07:11 | INFO: Primitives created: 1
10:07:11 | INFO: Extracting primitive: COL_aojing_approach_guard.004
10:07:11 | INFO: Primitives created: 1
10:07:11 | INFO: Extracting primitive: COL_aojing_approach_ramp.002
10:07:11 | INFO: Primitives created: 1
10:07:11 | INFO: Extracting primitive: COL_daoxiang_approach.002
10:07:11 | INFO: Primitives created: 1
10:07:11 | INFO: Extracting primitive: COL_daoxiang_approach.003
10:07:11 | INFO: Primitives created: 1
10:07:11 | INFO: Extracting primitive: COL_hengwu_approach.002
10:07:11 | INFO: Primitives created: 1
10:07:11 | INFO: Extracting primitive: COL_hengwu_approach.003
10:07:11 | INFO: Primitives created: 1
10:07:11 | INFO: Extracting primitive: COL_longcui_approach.003
10:07:11 | INFO: Primitives created: 1
10:07:11 | INFO: Extracting primitive: COL_longcui_approach.004
10:07:11 | INFO: Primitives created: 1
10:07:11 | INFO: Extracting primitive: COL_longcui_approach.005
10:07:11 | INFO: Primitives created: 1
10:07:11 | INFO: Extracting primitive: Cube.009
10:07:11 | INFO: Primitives created: 1
10:07:11 | INFO: Extracting primitive: Cube.011
10:07:11 | INFO: Primitives created: 1
10:07:11 | INFO: Extracting primitive: Cube.012
10:07:11 | INFO: Primitives created: 1
10:07:11 | INFO: Extracting primitive: Cube.013
10:07:11 | INFO: Primitives created: 1
10:07:11 | INFO: Extracting primitive: Cube.019
10:07:11 | INFO: Primitives created: 1
10:07:11 | INFO: Extracting primitive: Cube.020
10:07:11 | INFO: Primitives created: 1
10:07:11 | INFO: Extracting primitive: Cube.023
10:07:11 | INFO: Primitives created: 1
10:07:11 | INFO: Extracting primitive: Cube.024
10:07:11 | INFO: Primitives created: 1
10:07:11 | INFO: Extracting primitive: Cube.048
10:07:11 | INFO: Primitives created: 1
10:07:11 | INFO: Extracting primitive: Cube.050
10:07:11 | INFO: Primitives created: 1
10:07:11 | INFO: Extracting primitive: Cube.052
10:07:11 | INFO: Primitives created: 1
10:07:11 | INFO: Extracting primitive: Cube.092
10:07:11 | INFO: Primitives created: 1
10:07:11 | INFO: Extracting primitive: Cube.093
10:07:11 | INFO: Primitives created: 1
10:07:11 | INFO: Extracting primitive: Cube.094
10:07:11 | INFO: Primitives created: 1
10:07:11 | INFO: Extracting primitive: Cube.095
10:07:11 | INFO: Primitives created: 1
10:07:11 | INFO: Extracting primitive: Cube.096
10:07:11 | INFO: Primitives created: 1
10:07:11 | INFO: Extracting primitive: Cube.097
10:07:11 | INFO: Primitives created: 1
10:07:11 | INFO: Extracting primitive: Cube.098
10:07:11 | INFO: Primitives created: 1
10:07:11 | INFO: Extracting primitive: Cube.099
10:07:11 | INFO: Primitives created: 1
10:07:11 | INFO: Extracting primitive: Cube.100
10:07:11 | INFO: Primitives created: 1
10:07:11 | INFO: Extracting primitive: Cube.101
10:07:11 | INFO: Primitives created: 1
10:07:11 | INFO: Extracting primitive: Cube.102
10:07:11 | INFO: Primitives created: 1
10:07:11 | INFO: Extracting primitive: Cube.103
10:07:11 | INFO: Primitives created: 1
10:07:11 | INFO: Extracting primitive: Cube.104
10:07:11 | INFO: Primitives created: 1
10:07:11 | INFO: Extracting primitive: Cube.105
10:07:11 | INFO: Primitives created: 1
10:07:11 | INFO: Extracting primitive: Cube.106
10:07:11 | INFO: Primitives created: 1
10:07:11 | INFO: Extracting primitive: Cube.107
10:07:11 | INFO: Primitives created: 1
10:07:11 | INFO: Extracting primitive: Cube.108
10:07:11 | INFO: Primitives created: 1
10:07:11 | INFO: Extracting primitive: Cube.109
10:07:11 | INFO: Primitives created: 1
10:07:11 | INFO: Extracting primitive: Cube.110
10:07:11 | INFO: Primitives created: 1
10:07:11 | INFO: Extracting primitive: Cube.111
10:07:11 | INFO: Primitives created: 1
10:07:11 | INFO: Extracting primitive: Cube.112
10:07:11 | INFO: Primitives created: 1
10:07:11 | INFO: Extracting primitive: Cube.113
10:07:11 | INFO: Primitives created: 1
10:07:11 | INFO: Extracting primitive: Cube.114
10:07:11 | INFO: Primitives created: 1
10:07:11 | INFO: Extracting primitive: Cube.115
10:07:11 | INFO: Primitives created: 1
10:07:11 | INFO: Extracting primitive: Cube.116
10:07:11 | INFO: Primitives created: 1
10:07:11 | INFO: Extracting primitive: Cube.117
10:07:11 | INFO: Primitives created: 1
10:07:11 | INFO: Extracting primitive: Cube.118
10:07:11 | INFO: Primitives created: 1
10:07:11 | INFO: Extracting primitive: Cube.119
10:07:11 | INFO: Primitives created: 1
10:07:11 | INFO: Extracting primitive: Cube.120
10:07:11 | INFO: Primitives created: 1
10:07:11 | INFO: Extracting primitive: Cube.121
10:07:11 | INFO: Primitives created: 1
10:07:11 | INFO: Extracting primitive: Cube.122
10:07:11 | INFO: Primitives created: 1
10:07:11 | INFO: Extracting primitive: Cube.123
10:07:11 | INFO: Primitives created: 1
10:07:11 | INFO: Extracting primitive: Cube.124
10:07:11 | INFO: Primitives created: 1
10:07:11 | INFO: Extracting primitive: Cube.125
10:07:11 | INFO: Primitives created: 1
10:07:11 | INFO: Extracting primitive: Cube.126
10:07:11 | INFO: Primitives created: 1
10:07:11 | INFO: Extracting primitive: Cube.127
10:07:11 | INFO: Primitives created: 1
10:07:11 | INFO: Extracting primitive: Cube.128
10:07:11 | INFO: Primitives created: 1
10:07:11 | INFO: Extracting primitive: Cube.129
10:07:11 | INFO: Primitives created: 1
10:07:11 | INFO: Extracting primitive: Cube.130
10:07:11 | INFO: Primitives created: 1
10:07:11 | INFO: Extracting primitive: Cube.131
10:07:11 | INFO: Primitives created: 1
10:07:11 | INFO: Extracting primitive: Cube.132
10:07:11 | INFO: Primitives created: 1
10:07:11 | INFO: Extracting primitive: Cube.133
10:07:11 | INFO: Primitives created: 1
10:07:11 | INFO: Extracting primitive: Cube.134
10:07:11 | INFO: Primitives created: 1
10:07:11 | INFO: Extracting primitive: Cube.135
10:07:11 | INFO: Primitives created: 1
10:07:11 | INFO: Extracting primitive: Cube.136
10:07:11 | INFO: Primitives created: 1
10:07:11 | INFO: Extracting primitive: Cube.137
10:07:11 | INFO: Primitives created: 1
10:07:11 | INFO: Extracting primitive: Cube.138
10:07:11 | INFO: Primitives created: 1
10:07:11 | INFO: Extracting primitive: Cube.139
10:07:11 | INFO: Primitives created: 1
10:07:11 | INFO: Extracting primitive: Cube.140
10:07:11 | INFO: Primitives created: 1
10:07:11 | INFO: Extracting primitive: Cube.141
10:07:11 | INFO: Primitives created: 1
10:07:11 | INFO: Extracting primitive: Cube.142
10:07:11 | INFO: Primitives created: 1
10:07:11 | INFO: Extracting primitive: Cube.143
10:07:11 | INFO: Primitives created: 1
10:07:11 | INFO: Extracting primitive: Cube.144
10:07:11 | INFO: Primitives created: 1
10:07:11 | INFO: Extracting primitive: COL_stone_walk.005
10:07:11 | INFO: Primitives created: 1
10:07:11 | INFO: Extracting primitive: COL_stone_walk.008
10:07:11 | INFO: Primitives created: 1
10:07:11 | INFO: Extracting primitive: COL_stone_walk.009
10:07:11 | INFO: Primitives created: 1
10:07:11 | INFO: Extracting primitive: COL_stone_walk.010
10:07:11 | INFO: Primitives created: 1
10:07:11 | INFO: Extracting primitive: COL_stone_walk.011
10:07:11 | INFO: Primitives created: 1
10:07:11 | INFO: Extracting primitive: COL_stone_walk.012
10:07:11 | INFO: Primitives created: 1
10:07:11 | INFO: Extracting primitive: COL_study_approach.002
10:07:11 | INFO: Primitives created: 1
10:07:11 | INFO: Extracting primitive: COL_tubi_approach.001
10:07:11 | INFO: Primitives created: 1
10:07:11 | INFO: Extracting primitive: COL_tubi_approach.002
10:07:11 | INFO: Primitives created: 1
10:07:11 | INFO: Extracting primitive: COL_tubi_approach.007
10:07:11 | INFO: Primitives created: 1
10:07:11 | INFO: Extracting primitive: COL_tubi_approach.008
10:07:11 | INFO: Primitives created: 1
10:07:11 | INFO: Extracting primitive: KIT_stage_floor.001
10:07:11 | INFO: Primitives created: 1
10:07:11 | INFO: Extracting primitive: AOJING_approach_guard.001
10:07:11 | INFO: Primitives created: 1
10:07:11 | INFO: Extracting primitive: KIT_stage_painted_moon.001
10:07:11 | INFO: Primitives created: 1
10:07:11 | INFO: Extracting primitive: KIT_stage_painted_mountain_layer.003
10:07:11 | INFO: Primitives created: 1
10:07:11 | INFO: Extracting primitive: KIT_stage_painted_mountain_layer.004
10:07:11 | INFO: Primitives created: 1
10:07:11 | INFO: Extracting primitive: KIT_stage_painted_mountain_layer.005
10:07:11 | INFO: Primitives created: 1
10:07:11 | INFO: Extracting primitive: KIT_water_stone_walk.005
10:07:11 | INFO: Primitives created: 1
10:07:11 | INFO: Extracting primitive: Painted coved ceiling candidate.001
10:07:11 | INFO: Primitives created: 1
10:07:11 | INFO: Extracting primitive: KIT_stage_painted_canvas.002
10:07:11 | INFO: Primitives created: 1
10:07:11 | INFO: Extracting primitive: Eight painted cyclorama arcs.001
10:07:11 | WARNING: More than one shader node tex image used for a texture. The resulting glTF sampler will behave like the first shader node tex image.
10:07:11 | INFO: Primitives created: 2
10:07:11 | INFO: Extracting primitive: KIT_stage_fog_plane_render.002
10:07:11 | INFO: Primitives created: 1
10:07:11 | INFO: Finished glTF 2.0 export in 0.19396591186523438 s

10:07:12 | INFO: Starting glTF 2.0 export
10:07:12 | INFO: Extracting primitive: Cube.147
10:07:12 | INFO: Primitives created: 1
10:07:12 | INFO: Extracting primitive: Cube.148
10:07:12 | INFO: Primitives created: 1
10:07:12 | INFO: Extracting primitive: Cube.149
10:07:12 | INFO: Primitives created: 1
10:07:12 | INFO: Extracting primitive: Cube.150
10:07:12 | INFO: Primitives created: 1
10:07:12 | INFO: Extracting primitive: COL_bridge_crosswalk.002
10:07:12 | INFO: Primitives created: 1
10:07:12 | INFO: Extracting primitive: COL_bridge_crosswalk.003
10:07:12 | INFO: Primitives created: 1
10:07:12 | INFO: Extracting primitive: COL_floor_joint_pavilion_east_joint.001
10:07:12 | INFO: Primitives created: 1
10:07:12 | INFO: Extracting primitive: COL_floor_joint_pavilion_west_joint.001
10:07:12 | INFO: Primitives created: 1
10:07:12 | INFO: Extracting primitive: Cube.146
10:07:12 | INFO: Primitives created: 1
10:07:12 | INFO: Extracting primitive: Cube.145
10:07:12 | INFO: Primitives created: 1
10:07:12 | INFO: Extracting primitive: COL_corridor_floor.009
10:07:12 | INFO: Primitives created: 1
10:07:12 | INFO: Extracting primitive: COL_corridor_side.015
10:07:12 | INFO: Primitives created: 1
10:07:12 | INFO: Extracting primitive: COL_corridor_side.016
10:07:12 | INFO: Primitives created: 1
10:07:12 | INFO: Extracting primitive: COL_corridor_post.016
10:07:12 | INFO: Primitives created: 1
10:07:12 | INFO: Extracting primitive: COL_corridor_post.017
10:07:12 | INFO: Primitives created: 1
10:07:12 | INFO: Extracting primitive: COL_corridor_floor.010
10:07:12 | INFO: Primitives created: 1
10:07:12 | INFO: Extracting primitive: COL_corridor_side.017
10:07:12 | INFO: Primitives created: 1
10:07:12 | INFO: Extracting primitive: COL_corridor_side.018
10:07:12 | INFO: Primitives created: 1
10:07:12 | INFO: Extracting primitive: COL_corridor_post.018
10:07:12 | INFO: Primitives created: 1
10:07:12 | INFO: Extracting primitive: COL_corridor_post.019
10:07:12 | INFO: Primitives created: 1
10:07:12 | INFO: Extracting primitive: COL_corridor_floor.011
10:07:12 | INFO: Primitives created: 1
10:07:12 | INFO: Extracting primitive: COL_corridor_side.019
10:07:12 | INFO: Primitives created: 1
10:07:12 | INFO: Extracting primitive: COL_corridor_side.020
10:07:12 | INFO: Primitives created: 1
10:07:12 | INFO: Extracting primitive: COL_corridor_post.020
10:07:12 | INFO: Primitives created: 1
10:07:12 | INFO: Extracting primitive: COL_corridor_post.021
10:07:12 | INFO: Primitives created: 1
10:07:12 | INFO: Extracting primitive: COL_corridor_floor.012
10:07:12 | INFO: Primitives created: 1
10:07:12 | INFO: Extracting primitive: COL_corridor_side.021
10:07:12 | INFO: Primitives created: 1
10:07:12 | INFO: Extracting primitive: COL_corridor_side.022
10:07:12 | INFO: Primitives created: 1
10:07:12 | INFO: Extracting primitive: COL_corridor_post.022
10:07:12 | INFO: Primitives created: 1
10:07:12 | INFO: Extracting primitive: COL_corridor_post.023
10:07:12 | INFO: Primitives created: 1
10:07:12 | INFO: Extracting primitive: COL_corridor_floor.001
10:07:12 | INFO: Primitives created: 1
10:07:12 | INFO: Extracting primitive: COL_corridor_side.001
10:07:12 | INFO: Primitives created: 1
10:07:12 | INFO: Extracting primitive: COL_corridor_side.002
10:07:12 | INFO: Primitives created: 1
10:07:12 | INFO: Extracting primitive: COL_corridor_post.001
10:07:12 | INFO: Primitives created: 1
10:07:12 | INFO: Extracting primitive: COL_corridor_post.002
10:07:12 | INFO: Primitives created: 1
10:07:12 | INFO: Extracting primitive: COL_corridor_floor.002
10:07:12 | INFO: Primitives created: 1
10:07:12 | INFO: Extracting primitive: COL_corridor_side.003
10:07:12 | INFO: Primitives created: 1
10:07:12 | INFO: Extracting primitive: COL_corridor_side.004
10:07:12 | INFO: Primitives created: 1
10:07:12 | INFO: Extracting primitive: COL_corridor_post.003
10:07:12 | INFO: Primitives created: 1
10:07:12 | INFO: Extracting primitive: COL_corridor_post.004
10:07:12 | INFO: Primitives created: 1
10:07:12 | INFO: Extracting primitive: COL_corridor_floor.003
10:07:12 | INFO: Primitives created: 1
10:07:12 | INFO: Extracting primitive: COL_corridor_side.005
10:07:12 | INFO: Primitives created: 1
10:07:12 | INFO: Extracting primitive: COL_corridor_side.006
10:07:12 | INFO: Primitives created: 1
10:07:12 | INFO: Extracting primitive: COL_corridor_post.005
10:07:12 | INFO: Primitives created: 1
10:07:12 | INFO: Extracting primitive: COL_corridor_post.006
10:07:12 | INFO: Primitives created: 1
10:07:12 | INFO: Extracting primitive: COL_corridor_floor.004
10:07:12 | INFO: Primitives created: 1
10:07:12 | INFO: Extracting primitive: COL_corridor_side.007
10:07:12 | INFO: Primitives created: 1
10:07:12 | INFO: Extracting primitive: COL_corridor_side.008
10:07:12 | INFO: Primitives created: 1
10:07:12 | INFO: Extracting primitive: COL_corridor_post.007
10:07:12 | INFO: Primitives created: 1
10:07:12 | INFO: Extracting primitive: COL_corridor_post.008
10:07:12 | INFO: Primitives created: 1
10:07:12 | INFO: Extracting primitive: COL_corridor_floor.005
10:07:12 | INFO: Primitives created: 1
10:07:12 | INFO: Extracting primitive: COL_corridor_side.009
10:07:12 | INFO: Primitives created: 1
10:07:12 | INFO: Extracting primitive: COL_corridor_side.010
10:07:12 | INFO: Primitives created: 1
10:07:12 | INFO: Extracting primitive: COL_corridor_post.009
10:07:12 | INFO: Primitives created: 1
10:07:12 | INFO: Extracting primitive: COL_corridor_post.010
10:07:12 | INFO: Primitives created: 1
10:07:12 | INFO: Extracting primitive: COL_corridor_floor.006
10:07:12 | INFO: Primitives created: 1
10:07:12 | INFO: Extracting primitive: COL_corridor_side.011
10:07:12 | INFO: Primitives created: 1
10:07:12 | INFO: Extracting primitive: COL_corridor_post.011
10:07:12 | INFO: Primitives created: 1
10:07:12 | INFO: Extracting primitive: COL_corridor_post.012
10:07:12 | INFO: Primitives created: 1
10:07:12 | INFO: Extracting primitive: COL_corridor_floor.007
10:07:12 | INFO: Primitives created: 1
10:07:12 | INFO: Extracting primitive: COL_corridor_side.012
10:07:12 | INFO: Primitives created: 1
10:07:12 | INFO: Extracting primitive: COL_corridor_post.013
10:07:12 | INFO: Primitives created: 1
10:07:12 | INFO: Extracting primitive: COL_corridor_floor.008
10:07:12 | INFO: Primitives created: 1
10:07:12 | INFO: Extracting primitive: COL_corridor_side.013
10:07:12 | INFO: Primitives created: 1
10:07:12 | INFO: Extracting primitive: COL_corridor_side.014
10:07:12 | INFO: Primitives created: 1
10:07:12 | INFO: Extracting primitive: COL_corridor_post.014
10:07:12 | INFO: Primitives created: 1
10:07:12 | INFO: Extracting primitive: COL_corridor_post.015
10:07:12 | INFO: Primitives created: 1
10:07:12 | INFO: Extracting primitive: COL_corridor_floor.013
10:07:12 | INFO: Primitives created: 1
10:07:12 | INFO: Extracting primitive: COL_corridor_side.023
10:07:12 | INFO: Primitives created: 1
10:07:12 | INFO: Extracting primitive: COL_corridor_side.024
10:07:12 | INFO: Primitives created: 1
10:07:12 | INFO: Extracting primitive: COL_corridor_post.024
10:07:12 | INFO: Primitives created: 1
10:07:12 | INFO: Extracting primitive: COL_corridor_post.025
10:07:12 | INFO: Primitives created: 1
10:07:12 | INFO: Extracting primitive: COL_corridor_floor.014
10:07:12 | INFO: Primitives created: 1
10:07:12 | INFO: Extracting primitive: COL_corridor_side.025
10:07:12 | INFO: Primitives created: 1
10:07:12 | INFO: Extracting primitive: COL_corridor_side.026
10:07:12 | INFO: Primitives created: 1
10:07:12 | INFO: Extracting primitive: COL_corridor_post.026
10:07:12 | INFO: Primitives created: 1
10:07:12 | INFO: Extracting primitive: COL_corridor_post.027
10:07:12 | INFO: Primitives created: 1
10:07:12 | INFO: Extracting primitive: COL_corridor_floor.015
10:07:12 | INFO: Primitives created: 1
10:07:12 | INFO: Extracting primitive: COL_corridor_side.027
10:07:12 | INFO: Primitives created: 1
10:07:12 | INFO: Extracting primitive: COL_corridor_side.028
10:07:12 | INFO: Primitives created: 1
10:07:12 | INFO: Extracting primitive: COL_corridor_post.028
10:07:12 | INFO: Primitives created: 1
10:07:12 | INFO: Extracting primitive: COL_corridor_post.029
10:07:12 | INFO: Primitives created: 1
10:07:12 | INFO: Extracting primitive: COL_corridor_floor.016
10:07:12 | INFO: Primitives created: 1
10:07:12 | INFO: Extracting primitive: COL_corridor_side.029
10:07:12 | INFO: Primitives created: 1
10:07:12 | INFO: Extracting primitive: COL_corridor_side.030
10:07:12 | INFO: Primitives created: 1
10:07:12 | INFO: Extracting primitive: COL_corridor_post.030
10:07:12 | INFO: Primitives created: 1
10:07:12 | INFO: Extracting primitive: COL_corridor_post.031
10:07:12 | INFO: Primitives created: 1
10:07:12 | INFO: Extracting primitive: COL_qinfang_deck.001
10:07:12 | INFO: Primitives created: 1
10:07:12 | INFO: Extracting primitive: COL_pavilion_bench.001
10:07:12 | INFO: Primitives created: 1
10:07:12 | INFO: Extracting primitive: COL_pavilion_bench.002
10:07:12 | INFO: Primitives created: 1
10:07:12 | INFO: Extracting primitive: COL_pavilion_bracket.001
10:07:12 | INFO: Primitives created: 1
10:07:12 | INFO: Extracting primitive: COL_pavilion_bracket.002
10:07:12 | INFO: Primitives created: 1
10:07:12 | INFO: Extracting primitive: COL_pavilion_bracket.003
10:07:12 | INFO: Primitives created: 1
10:07:12 | INFO: Extracting primitive: COL_pavilion_bracket.004
10:07:12 | INFO: Primitives created: 1
10:07:12 | INFO: Extracting primitive: COL_pavilion_bracket.005
10:07:12 | INFO: Primitives created: 1
10:07:12 | INFO: Extracting primitive: COL_pavilion_bracket.006
10:07:12 | INFO: Primitives created: 1
10:07:12 | INFO: Extracting primitive: COL_pavilion_post.001
10:07:12 | INFO: Primitives created: 1
10:07:12 | INFO: Extracting primitive: COL_pavilion_post.002
10:07:12 | INFO: Primitives created: 1
10:07:12 | INFO: Extracting primitive: COL_pavilion_post.003
10:07:12 | INFO: Primitives created: 1
10:07:12 | INFO: Extracting primitive: COL_pavilion_post.004
10:07:12 | INFO: Primitives created: 1
10:07:12 | INFO: Extracting primitive: COL_pavilion_post.005
10:07:12 | INFO: Primitives created: 1
10:07:12 | INFO: Extracting primitive: COL_pavilion_post.006
10:07:12 | INFO: Primitives created: 1
10:07:12 | INFO: Extracting primitive: COL_pavilion_roof.001
10:07:12 | INFO: Primitives created: 1
10:07:12 | INFO: Extracting primitive: KIT_flora_bamboo_large_render.001
10:07:12 | WARNING: More than one shader node tex image used for a texture. The resulting glTF sampler will behave like the first shader node tex image.
10:07:12 | INFO: Primitives created: 1
10:07:12 | INFO: Extracting primitive: KIT_flora_bamboo_large_render.002
10:07:12 | INFO: Primitives created: 1
10:07:12 | INFO: Extracting primitive: KIT_flora_bamboo_small_render.001
10:07:12 | INFO: Primitives created: 1
10:07:12 | INFO: Extracting primitive: KIT_flora_willow_render.001
10:07:12 | INFO: Primitives created: 1
10:07:12 | INFO: Extracting primitive: KIT_flora_willow_render.002
10:07:12 | INFO: Primitives created: 1
10:07:12 | INFO: Extracting primitive: HERO_qinfang-ting_title.002
10:07:12 | WARNING: More than one shader node tex image used for a texture. The resulting glTF sampler will behave like the first shader node tex image.
10:07:12 | INFO: Primitives created: 1
10:07:12 | INFO: Extracting primitive: HERO_qinfang_bridge.001
10:07:12 | INFO: Primitives created: 1
10:07:12 | INFO: Extracting primitive: HERO_table_hexagram.001
10:07:12 | INFO: Primitives created: 1
10:07:12 | INFO: Extracting primitive: line_piece.005
10:07:12 | WARNING: More than one shader node tex image used for a texture. The resulting glTF sampler will behave like the first shader node tex image.
10:07:12 | INFO: Primitives created: 1
10:07:12 | INFO: Extracting primitive: line_piece.002
10:07:12 | INFO: Primitives created: 1
10:07:12 | INFO: Extracting primitive: line_piece.011
10:07:12 | INFO: Primitives created: 1
10:07:12 | INFO: Extracting primitive: line_piece.008
10:07:12 | INFO: Primitives created: 1
10:07:12 | INFO: Extracting primitive: line_piece.017
10:07:12 | INFO: Primitives created: 1
10:07:12 | INFO: Extracting primitive: line_piece.014
10:07:12 | INFO: Primitives created: 1
10:07:12 | INFO: Extracting primitive: line_piece.019
10:07:12 | INFO: Primitives created: 1
10:07:12 | INFO: Extracting primitive: line_piece.018
10:07:12 | INFO: Primitives created: 1
10:07:12 | INFO: Extracting primitive: line_piece.021
10:07:12 | INFO: Primitives created: 1
10:07:12 | INFO: Extracting primitive: line_piece.020
10:07:12 | INFO: Primitives created: 1
10:07:12 | INFO: Extracting primitive: line_piece.023
10:07:12 | INFO: Primitives created: 1
10:07:12 | INFO: Extracting primitive: line_piece.022
10:07:12 | INFO: Primitives created: 1
10:07:12 | INFO: Extracting primitive: HERO_table_pedestal.001
10:07:12 | INFO: Primitives created: 1
10:07:12 | INFO: Extracting primitive: KIT_water_lotus.021
10:07:12 | INFO: Primitives created: 1
10:07:12 | INFO: Extracting primitive: KIT_corridor_rail.008
10:07:12 | INFO: Primitives created: 1
10:07:12 | INFO: Extracting primitive: KIT_pavilion_roof_shell.001
10:07:12 | INFO: Primitives created: 1
10:07:12 | INFO: Extracting primitive: KIT_pavilion_plinth.001
10:07:12 | INFO: Primitives created: 1
10:07:12 | INFO: Extracting primitive: KIT_props_lantern_hanging_render.001
10:07:12 | WARNING: More than one shader node tex image used for a texture. The resulting glTF sampler will behave like the first shader node tex image.
10:07:12 | INFO: Primitives created: 1
10:07:12 | INFO: Extracting primitive: KIT_water_stream.001
10:07:12 | INFO: Primitives created: 1
10:07:12 | INFO: Finished glTF 2.0 export in 0.25919103622436523 s

10:07:12 | INFO: Starting glTF 2.0 export
10:07:12 | INFO: Extracting primitive: COL_GATE_banana_planter.001
10:07:12 | INFO: Primitives created: 1
10:07:12 | INFO: Extracting primitive: KIT_rockery_passage.022
10:07:12 | INFO: Primitives created: 1
10:07:12 | INFO: Extracting primitive: KIT_rockery_passage.024
10:07:12 | INFO: Primitives created: 1
10:07:12 | INFO: Extracting primitive: KIT_rockery_cliff.006
10:07:12 | INFO: Primitives created: 1
10:07:12 | INFO: Extracting primitive: KIT_rockery_cliff.008
10:07:12 | INFO: Primitives created: 1
10:07:12 | INFO: Extracting primitive: KIT_rockery_passage.004
10:07:12 | INFO: Primitives created: 1
10:07:12 | INFO: Extracting primitive: KIT_rockery_passage.016
10:07:12 | INFO: Primitives created: 1
10:07:12 | INFO: Extracting primitive: KIT_rockery_passage.018
10:07:12 | INFO: Primitives created: 1
10:07:12 | INFO: Extracting primitive: KIT_rockery_passage.020
10:07:12 | INFO: Primitives created: 1
10:07:12 | INFO: Extracting primitive: GATE_paving.003
10:07:12 | INFO: Primitives created: 1
10:07:12 | INFO: Extracting primitive: HERO_gate_inscription.001
10:07:12 | WARNING: More than one shader node tex image used for a texture. The resulting glTF sampler will behave like the first shader node tex image.
10:07:12 | INFO: Primitives created: 1
10:07:12 | INFO: Extracting primitive: HERO_gate_water_drips.001
10:07:12 | WARNING: More than one shader node tex image used for a texture. The resulting glTF sampler will behave like the first shader node tex image.
10:07:12 | INFO: Primitives created: 1
10:07:12 | INFO: Extracting primitive: GATE_banana_pseudostem.001
10:07:12 | INFO: Primitives created: 1
10:07:12 | INFO: Extracting primitive: GATE_banana_soil.001
10:07:12 | INFO: Primitives created: 1
10:07:12 | INFO: Extracting primitive: KIT_rockery_passage.001
10:07:12 | WARNING: More than one shader node tex image used for a texture. The resulting glTF sampler will behave like the first shader node tex image.
10:07:12 | INFO: Primitives created: 1
10:07:12 | INFO: Extracting primitive: GATE_paving.002
10:07:12 | INFO: Primitives created: 1
10:07:12 | INFO: Extracting primitive: KIT_props_lantern_hanging_render.008
10:07:12 | WARNING: More than one shader node tex image used for a texture. The resulting glTF sampler will behave like the first shader node tex image.
10:07:12 | INFO: Primitives created: 1
10:07:12 | INFO: Extracting primitive: KIT_stage_fog_plane_render.017
10:07:12 | INFO: Primitives created: 1
10:07:13 | INFO: Finished glTF 2.0 export in 0.07536101341247559 s

10:07:13 | INFO: Starting glTF 2.0 export
10:07:13 | INFO: Extracting primitive: COL_cell_floor.006
10:07:13 | INFO: Primitives created: 1
10:07:13 | INFO: Extracting primitive: COL_cell_floor.007
10:07:13 | INFO: Primitives created: 1
10:07:13 | INFO: Extracting primitive: COL_cell_floor.008
10:07:13 | INFO: Primitives created: 1
10:07:13 | INFO: Extracting primitive: COL_cell_floor.009
10:07:13 | INFO: Primitives created: 1
10:07:13 | INFO: Extracting primitive: COL_cell_floor.010
10:07:13 | INFO: Primitives created: 1
10:07:13 | INFO: Extracting primitive: COL_cell_floor.011
10:07:13 | INFO: Primitives created: 1
10:07:13 | INFO: Extracting primitive: COL_cell_wall.012
10:07:13 | INFO: Primitives created: 1
10:07:13 | INFO: Extracting primitive: COL_cell_wall.013
10:07:13 | INFO: Primitives created: 1
10:07:13 | INFO: Extracting primitive: COL_cell_wall.014
10:07:13 | INFO: Primitives created: 1
10:07:13 | INFO: Extracting primitive: COL_cell_wall.015
10:07:13 | INFO: Primitives created: 1
10:07:13 | INFO: Extracting primitive: COL_cell_wall.016
10:07:13 | INFO: Primitives created: 1
10:07:13 | INFO: Extracting primitive: COL_cell_wall.017
10:07:13 | INFO: Primitives created: 1
10:07:13 | INFO: Extracting primitive: COL_cell_wall.018
10:07:13 | INFO: Primitives created: 1
10:07:13 | INFO: Extracting primitive: COL_cell_wall.019
10:07:13 | INFO: Primitives created: 1
10:07:13 | INFO: Extracting primitive: COL_cell_wall.020
10:07:13 | INFO: Primitives created: 1
10:07:13 | INFO: Extracting primitive: COL_cell_wall.021
10:07:13 | INFO: Primitives created: 1
10:07:13 | INFO: Extracting primitive: COL_cell_wall.022
10:07:13 | INFO: Primitives created: 1
10:07:13 | INFO: Extracting primitive: COL_cell_wall.023
10:07:13 | INFO: Primitives created: 1
10:07:13 | INFO: Extracting primitive: COL_entry_corridor.001
10:07:13 | INFO: Primitives created: 1
10:07:13 | INFO: Extracting primitive: COL_entry_walk.002
10:07:13 | INFO: Primitives created: 1
10:07:13 | INFO: Extracting primitive: COL_entry_walk.003
10:07:13 | INFO: Primitives created: 1
10:07:13 | INFO: Extracting primitive: COL_floor_joint_cell_threshold_0.001
10:07:13 | INFO: Primitives created: 1
10:07:13 | INFO: Extracting primitive: COL_floor_joint_cell_threshold_1.001
10:07:13 | INFO: Primitives created: 1
10:07:13 | INFO: Extracting primitive: COL_floor_joint_cell_threshold_2.001
10:07:13 | INFO: Primitives created: 1
10:07:13 | INFO: Extracting primitive: COL_floor_joint_cell_threshold_3.001
10:07:13 | INFO: Primitives created: 1
10:07:13 | INFO: Extracting primitive: COL_floor_joint_cell_threshold_4.001
10:07:13 | INFO: Primitives created: 1
10:07:13 | INFO: Extracting primitive: COL_floor_joint_cell_threshold_5.001
10:07:13 | INFO: Primitives created: 1
10:07:13 | INFO: Extracting primitive: Cube.193
10:07:13 | INFO: Primitives created: 1
10:07:13 | INFO: Extracting primitive: Cube.194
10:07:13 | INFO: Primitives created: 1
10:07:13 | INFO: Extracting primitive: Cube.195
10:07:13 | INFO: Primitives created: 1
10:07:13 | INFO: Extracting primitive: Cube.196
10:07:13 | INFO: Primitives created: 1
10:07:13 | INFO: Extracting primitive: Cube.197
10:07:13 | INFO: Primitives created: 1
10:07:13 | INFO: Extracting primitive: Cube.198
10:07:13 | INFO: Primitives created: 1
10:07:13 | INFO: Extracting primitive: Cube.199
10:07:13 | INFO: Primitives created: 1
10:07:13 | INFO: Extracting primitive: Cube.200
10:07:13 | INFO: Primitives created: 1
10:07:13 | INFO: Extracting primitive: Cube.151
10:07:13 | INFO: Primitives created: 1
10:07:13 | INFO: Extracting primitive: Cube.152
10:07:13 | INFO: Primitives created: 1
10:07:13 | INFO: Extracting primitive: Cube.153
10:07:13 | INFO: Primitives created: 1
10:07:13 | INFO: Extracting primitive: Cube.154
10:07:13 | INFO: Primitives created: 1
10:07:13 | INFO: Extracting primitive: Cube.155
10:07:13 | INFO: Primitives created: 1
10:07:13 | INFO: Extracting primitive: Cube.156
10:07:13 | INFO: Primitives created: 1
10:07:13 | INFO: Extracting primitive: Cube.157
10:07:13 | INFO: Primitives created: 1
10:07:13 | INFO: Extracting primitive: Cube.158
10:07:13 | INFO: Primitives created: 1
10:07:13 | INFO: Extracting primitive: Cube.159
10:07:13 | INFO: Primitives created: 1
10:07:13 | INFO: Extracting primitive: Cube.160
10:07:13 | INFO: Primitives created: 1
10:07:13 | INFO: Extracting primitive: Cube.161
10:07:13 | INFO: Primitives created: 1
10:07:13 | INFO: Extracting primitive: Cube.162
10:07:13 | INFO: Primitives created: 1
10:07:13 | INFO: Extracting primitive: Cube.163
10:07:13 | INFO: Primitives created: 1
10:07:13 | INFO: Extracting primitive: Cube.164
10:07:13 | INFO: Primitives created: 1
10:07:13 | INFO: Extracting primitive: Cube.165
10:07:13 | INFO: Primitives created: 1
10:07:13 | INFO: Extracting primitive: Cube.166
10:07:13 | INFO: Primitives created: 1
10:07:13 | INFO: Extracting primitive: Cube.167
10:07:13 | INFO: Primitives created: 1
10:07:13 | INFO: Extracting primitive: Cube.168
10:07:13 | INFO: Primitives created: 1
10:07:13 | INFO: Extracting primitive: Cube.169
10:07:13 | INFO: Primitives created: 1
10:07:13 | INFO: Extracting primitive: Cube.170
10:07:13 | INFO: Primitives created: 1
10:07:13 | INFO: Extracting primitive: Cube.171
10:07:13 | INFO: Primitives created: 1
10:07:13 | INFO: Extracting primitive: Cube.172
10:07:13 | INFO: Primitives created: 1
10:07:13 | INFO: Extracting primitive: Cube.173
10:07:13 | INFO: Primitives created: 1
10:07:13 | INFO: Extracting primitive: Cube.174
10:07:13 | INFO: Primitives created: 1
10:07:13 | INFO: Extracting primitive: Cube.175
10:07:13 | INFO: Primitives created: 1
10:07:13 | INFO: Extracting primitive: Cube.176
10:07:13 | INFO: Primitives created: 1
10:07:13 | INFO: Extracting primitive: Cube.177
10:07:13 | INFO: Primitives created: 1
10:07:13 | INFO: Extracting primitive: Cube.178
10:07:13 | INFO: Primitives created: 1
10:07:13 | INFO: Extracting primitive: Cube.179
10:07:13 | INFO: Primitives created: 1
10:07:13 | INFO: Extracting primitive: Cube.180
10:07:13 | INFO: Primitives created: 1
10:07:13 | INFO: Extracting primitive: Cube.181
10:07:13 | INFO: Primitives created: 1
10:07:13 | INFO: Extracting primitive: Cube.182
10:07:13 | INFO: Primitives created: 1
10:07:13 | INFO: Extracting primitive: Cube.183
10:07:13 | INFO: Primitives created: 1
10:07:13 | INFO: Extracting primitive: Cube.184
10:07:13 | INFO: Primitives created: 1
10:07:13 | INFO: Extracting primitive: Cube.185
10:07:13 | INFO: Primitives created: 1
10:07:13 | INFO: Extracting primitive: Cube.186
10:07:13 | INFO: Primitives created: 1
10:07:13 | INFO: Extracting primitive: Cube.187
10:07:13 | INFO: Primitives created: 1
10:07:13 | INFO: Extracting primitive: Cube.188
10:07:13 | INFO: Primitives created: 1
10:07:13 | INFO: Extracting primitive: Cube.189
10:07:13 | INFO: Primitives created: 1
10:07:13 | INFO: Extracting primitive: Cube.190
10:07:13 | INFO: Primitives created: 1
10:07:13 | INFO: Extracting primitive: Cube.191
10:07:13 | INFO: Primitives created: 1
10:07:13 | INFO: Extracting primitive: Cube.192
10:07:13 | INFO: Primitives created: 1
10:07:13 | INFO: Extracting primitive: KIT_tech_cell_side.012
10:07:13 | INFO: Primitives created: 1
10:07:13 | INFO: Extracting primitive: KIT_wall_window_bar.030
10:07:13 | INFO: Primitives created: 1
10:07:13 | INFO: Extracting primitive: KIT_stage_entry_walk.002
10:07:13 | INFO: Primitives created: 1
10:07:13 | INFO: Extracting primitive: KIT_props_folding_chair_render.001
10:07:13 | WARNING: More than one shader node tex image used for a texture. The resulting glTF sampler will behave like the first shader node tex image.
10:07:13 | INFO: Primitives created: 1
10:07:13 | INFO: Extracting primitive: KIT_stage_floor_boards_render.002
10:07:13 | WARNING: More than one shader node tex image used for a texture. The resulting glTF sampler will behave like the first shader node tex image.
10:07:13 | INFO: Primitives created: 1
10:07:13 | INFO: Extracting primitive: KIT_stage_gel_frame_render.002
10:07:13 | INFO: Primitives created: 2
10:07:13 | INFO: Extracting primitive: KIT_stage_studio_wall_render.002
10:07:13 | INFO: Primitives created: 1
10:07:13 | INFO: Extracting primitive: KIT_stage_fog_plane_render.020
10:07:13 | INFO: Primitives created: 1
10:07:13 | INFO: Extracting primitive: KIT_tech_terminal_desk_render.001
10:07:13 | WARNING: More than one shader node tex image used for a texture. The resulting glTF sampler will behave like the first shader node tex image.
10:07:13 | INFO: Primitives created: 1
10:07:13 | INFO: Extracting primitive: KIT_props_scroll_render.001
10:07:13 | WARNING: More than one shader node tex image used for a texture. The resulting glTF sampler will behave like the first shader node tex image.
10:07:13 | INFO: Primitives created: 1
10:07:13 | INFO: Finished glTF 2.0 export in 0.1557319164276123 s

10:07:14 | INFO: Starting glTF 2.0 export
10:07:14 | INFO: Extracting primitive: COL_qiushuang-zhai_floor.001
10:07:14 | INFO: Primitives created: 1
10:07:14 | INFO: Extracting primitive: COL_study_desk_centre.002
10:07:14 | INFO: Primitives created: 1
10:07:14 | INFO: Extracting primitive: COL_study_desk_left.002
10:07:14 | INFO: Primitives created: 1
10:07:14 | INFO: Extracting primitive: COL_study_desk_right.002
10:07:14 | INFO: Primitives created: 1
10:07:14 | INFO: Extracting primitive: COL_study_front_walk.002
10:07:14 | INFO: Primitives created: 1
10:07:14 | INFO: Extracting primitive: COL_study_front_wall.002
10:07:14 | INFO: Primitives created: 1
10:07:14 | INFO: Extracting primitive: COL_study_post.001
10:07:14 | INFO: Primitives created: 1
10:07:14 | INFO: Extracting primitive: COL_study_post.002
10:07:14 | INFO: Primitives created: 1
10:07:14 | INFO: Extracting primitive: COL_study_post.003
10:07:14 | INFO: Primitives created: 1
10:07:14 | INFO: Extracting primitive: COL_study_post.008
10:07:14 | INFO: Primitives created: 1
10:07:14 | INFO: Extracting primitive: Cube.201
10:07:14 | INFO: Primitives created: 1
10:07:14 | INFO: Extracting primitive: Cube.202
10:07:14 | INFO: Primitives created: 1
10:07:14 | INFO: Extracting primitive: Cube.203
10:07:14 | INFO: Primitives created: 1
10:07:14 | INFO: Extracting primitive: HERO_study_scroll_bamboo.002
10:07:14 | INFO: Primitives created: 1
10:07:14 | INFO: Extracting primitive: HERO_study_scroll_plum.002
10:07:14 | INFO: Primitives created: 1
10:07:14 | INFO: Extracting primitive: HERO_study_title.002
10:07:14 | WARNING: More than one shader node tex image used for a texture. The resulting glTF sampler will behave like the first shader node tex image.
10:07:14 | INFO: Primitives created: 1
10:07:14 | INFO: Extracting primitive: SITE_qiushuang-zhai_backstage.001
10:07:14 | INFO: Primitives created: 1
10:07:14 | INFO: Extracting primitive: KIT_pavilion_finial.005
10:07:14 | INFO: Primitives created: 1
10:07:14 | INFO: Extracting primitive: KIT_wall_lattice_vertical.042
10:07:14 | INFO: Primitives created: 1
10:07:14 | INFO: Extracting primitive: SITE_qiushuang-zhai_platform.001
10:07:15 | INFO: Primitives created: 1
10:07:15 | INFO: Extracting primitive: KIT_props_lantern_hanging_render.010
10:07:15 | WARNING: More than one shader node tex image used for a texture. The resulting glTF sampler will behave like the first shader node tex image.
10:07:15 | INFO: Primitives created: 1
10:07:15 | INFO: Extracting primitive: KIT_pavilion_roof.005
10:07:15 | INFO: Primitives created: 1
10:07:15 | INFO: Extracting primitive: KIT_tech_terminal_desk_render.007
10:07:15 | WARNING: More than one shader node tex image used for a texture. The resulting glTF sampler will behave like the first shader node tex image.
10:07:15 | INFO: Primitives created: 1
10:07:15 | INFO: Extracting primitive: SITE_qiushuang-zhai_front.001
10:07:15 | INFO: Primitives created: 1
10:07:15 | INFO: Finished glTF 2.0 export in 0.05323290824890137 s

10:07:16 | INFO: Starting glTF 2.0 export
10:07:16 | INFO: Extracting primitive: COL_tubi-tang_floor.001
10:07:16 | INFO: Primitives created: 1
10:07:16 | INFO: Extracting primitive: COL_tubi_closed_hall.002
10:07:16 | INFO: Primitives created: 1
10:07:16 | INFO: Extracting primitive: COL_tubi_hall_post.001
10:07:16 | INFO: Primitives created: 1
10:07:16 | INFO: Extracting primitive: COL_tubi_hall_post.002
10:07:16 | INFO: Primitives created: 1
10:07:16 | INFO: Extracting primitive: COL_tubi_hall_post.006
10:07:16 | INFO: Primitives created: 1
10:07:16 | INFO: Extracting primitive: COL_tubi_parapet.001
10:07:16 | INFO: Primitives created: 1
10:07:16 | INFO: Extracting primitive: COL_tubi_parapet.002
10:07:16 | INFO: Primitives created: 1
10:07:16 | INFO: Extracting primitive: COL_tubi_parapet.003
10:07:16 | INFO: Primitives created: 1
10:07:16 | INFO: Extracting primitive: COL_tubi_parapet.008
10:07:16 | INFO: Primitives created: 1
10:07:16 | INFO: Extracting primitive: COL_tubi_stair_guard.001
10:07:16 | INFO: Primitives created: 1
10:07:16 | INFO: Extracting primitive: COL_tubi_stair_guard.004
10:07:16 | INFO: Primitives created: 1
10:07:16 | INFO: Extracting primitive: COL_tubi_stair_ramp.002
10:07:16 | INFO: Primitives created: 1
10:07:16 | INFO: Extracting primitive: COL_tubi_terrace.002
10:07:16 | INFO: Primitives created: 1
10:07:16 | INFO: Extracting primitive: COL_tubi_topic_table.002
10:07:16 | INFO: Primitives created: 1
10:07:16 | INFO: Extracting primitive: COL_tubi_view_bench_left.001
10:07:16 | INFO: Primitives created: 1
10:07:16 | INFO: Extracting primitive: COL_tubi_view_bench_right.001
10:07:16 | INFO: Primitives created: 1
10:07:16 | INFO: Extracting primitive: HERO_tubi_title.002
10:07:16 | WARNING: More than one shader node tex image used for a texture. The resulting glTF sampler will behave like the first shader node tex image.
10:07:16 | INFO: Primitives created: 1
10:07:16 | INFO: Extracting primitive: SITE_tubi-tang_backstage.001
10:07:16 | INFO: Primitives created: 1
10:07:16 | INFO: Extracting primitive: KIT_pavilion_finial.007
10:07:16 | INFO: Primitives created: 1
10:07:16 | INFO: Extracting primitive: KIT_wall_amber_window.003
10:07:16 | INFO: Primitives created: 1
10:07:16 | INFO: Extracting primitive: TUBI_topic_line.001
10:07:16 | INFO: Primitives created: 1
10:07:16 | INFO: Extracting primitive: KIT_wall_lattice_vertical.063
10:07:16 | INFO: Primitives created: 1
10:07:16 | INFO: Extracting primitive: SITE_tubi-tang_platform.001
10:07:16 | INFO: Primitives created: 1
10:07:16 | INFO: Extracting primitive: KIT_props_lantern_hanging_render.012
10:07:16 | WARNING: More than one shader node tex image used for a texture. The resulting glTF sampler will behave like the first shader node tex image.
10:07:16 | INFO: Primitives created: 1
10:07:16 | INFO: Extracting primitive: KIT_pavilion_roof.007
10:07:16 | INFO: Primitives created: 1
10:07:16 | INFO: Extracting primitive: TUBI_terrace.002
10:07:16 | INFO: Primitives created: 1
10:07:16 | INFO: Extracting primitive: SITE_tubi-tang_front.001
10:07:16 | INFO: Primitives created: 1
10:07:16 | INFO: Finished glTF 2.0 export in 0.042449235916137695 s

10:07:18 | INFO: Starting glTF 2.0 export
10:07:18 | INFO: Extracting primitive: COL_daguan_central_step.003
10:07:18 | INFO: Primitives created: 1
10:07:18 | INFO: Extracting primitive: COL_daguan_central_step.004
10:07:18 | INFO: Primitives created: 1
10:07:18 | INFO: Extracting primitive: COL_daguan_central_step.005
10:07:18 | INFO: Primitives created: 1
10:07:18 | INFO: Extracting primitive: COL_daguan_closed_front.001
10:07:18 | INFO: Primitives created: 1
10:07:18 | INFO: Extracting primitive: COL_daguan_column.006
10:07:18 | INFO: Primitives created: 1
10:07:18 | INFO: Extracting primitive: COL_daguan_column.007
10:07:18 | INFO: Primitives created: 1
10:07:18 | INFO: Extracting primitive: COL_daguan_column.008
10:07:18 | INFO: Primitives created: 1
10:07:18 | INFO: Extracting primitive: COL_daguan_column.009
10:07:18 | INFO: Primitives created: 1
10:07:18 | INFO: Extracting primitive: COL_daguan_column.010
10:07:18 | INFO: Primitives created: 1
10:07:18 | INFO: Extracting primitive: COL_daguan_column.011
10:07:18 | INFO: Primitives created: 1
10:07:18 | INFO: Extracting primitive: COL_daguan_floor.001
10:07:18 | INFO: Primitives created: 1
10:07:18 | INFO: Extracting primitive: COL_daguan_return_wall.002
10:07:18 | INFO: Primitives created: 1
10:07:18 | INFO: Extracting primitive: COL_daguan_return_wall.003
10:07:18 | INFO: Primitives created: 1
10:07:18 | INFO: Extracting primitive: HERO_daguan_title.001
10:07:18 | WARNING: More than one shader node tex image used for a texture. The resulting glTF sampler will behave like the first shader node tex image.
10:07:18 | INFO: Primitives created: 1
10:07:18 | INFO: Extracting primitive: DAGUAN_backstage.001
10:07:18 | INFO: Primitives created: 1
10:07:18 | INFO: Extracting primitive: DAGUAN_door_stud.180
10:07:18 | INFO: Primitives created: 1
10:07:18 | INFO: Extracting primitive: DAGUAN_amber_transom.002
10:07:18 | INFO: Primitives created: 1
10:07:18 | INFO: Extracting primitive: DAGUAN_closed_door.010
10:07:18 | INFO: Primitives created: 1
10:07:18 | INFO: Extracting primitive: DAGUAN_recessed_panel.020
10:07:18 | INFO: Primitives created: 1
10:07:18 | INFO: Extracting primitive: DAGUAN_column.006
10:07:18 | INFO: Primitives created: 1
10:07:18 | INFO: Extracting primitive: DAGUAN_platform.001
10:07:18 | INFO: Primitives created: 1
10:07:18 | INFO: Extracting primitive: DAGUAN_lower_roof.001
10:07:18 | INFO: Primitives created: 1
10:07:18 | INFO: Extracting primitive: DAGUAN_front.001
10:07:18 | INFO: Primitives created: 1
10:07:18 | INFO: Finished glTF 2.0 export in 0.06275820732116699 s

10:07:19 | INFO: Starting glTF 2.0 export
10:07:19 | INFO: Extracting primitive: COL_ouxiang_approach.001
10:07:19 | INFO: Primitives created: 1
10:07:19 | INFO: Extracting primitive: COL_ouxiang_deck.001
10:07:19 | INFO: Primitives created: 1
10:07:19 | INFO: Extracting primitive: COL_ouxiang_post.004
10:07:19 | INFO: Primitives created: 1
10:07:19 | INFO: Extracting primitive: COL_ouxiang_post.005
10:07:19 | INFO: Primitives created: 1
10:07:19 | INFO: Extracting primitive: COL_ouxiang_post.006
10:07:19 | INFO: Primitives created: 1
10:07:19 | INFO: Extracting primitive: COL_ouxiang_post.007
10:07:19 | INFO: Primitives created: 1
10:07:19 | INFO: Extracting primitive: COL_ouxiang_rail.002
10:07:19 | INFO: Primitives created: 1
10:07:19 | INFO: Extracting primitive: COL_ouxiang_rail.003
10:07:19 | INFO: Primitives created: 1
10:07:19 | INFO: Extracting primitive: COL_ouxiang_side_rail.004
10:07:19 | INFO: Primitives created: 1
10:07:19 | INFO: Extracting primitive: COL_ouxiang_side_rail.005
10:07:19 | INFO: Primitives created: 1
10:07:19 | INFO: Extracting primitive: COL_ouxiang_side_rail.006
10:07:19 | INFO: Primitives created: 1
10:07:19 | INFO: Extracting primitive: COL_ouxiang_side_rail.007
10:07:19 | INFO: Primitives created: 1
10:07:19 | INFO: Extracting primitive: COL_ouxiang_table.001
10:07:19 | INFO: Primitives created: 1
10:07:19 | INFO: Extracting primitive: KIT_props_tea_cup.006
10:07:19 | INFO: Primitives created: 1
10:07:19 | INFO: Extracting primitive: KIT_water_lotus_leaf.007
10:07:19 | INFO: Primitives created: 1
10:07:19 | INFO: Extracting primitive: SITE_ouxiang_deck.001
10:07:19 | INFO: Primitives created: 1
10:07:19 | INFO: Extracting primitive: KIT_pavilion_water_pier.004
10:07:19 | INFO: Primitives created: 1
10:07:19 | INFO: Extracting primitive: KIT_props_lantern_hanging_render.013
10:07:19 | WARNING: More than one shader node tex image used for a texture. The resulting glTF sampler will behave like the first shader node tex image.
10:07:19 | INFO: Primitives created: 1
10:07:19 | INFO: Extracting primitive: KIT_pavilion_water_hipped_roof.001
10:07:19 | INFO: Primitives created: 1
10:07:19 | INFO: Finished glTF 2.0 export in 0.033444881439208984 s

10:07:21 | INFO: Starting glTF 2.0 export
10:07:21 | INFO: Extracting primitive: COL_hengwu-yuan_floor.001
10:07:21 | INFO: Primitives created: 1
10:07:21 | INFO: Extracting primitive: COL_hengwu_closed_hall.002
10:07:21 | INFO: Primitives created: 1
10:07:21 | INFO: Extracting primitive: COL_hengwu_court.002
10:07:21 | INFO: Primitives created: 1
10:07:21 | INFO: Extracting primitive: COL_hengwu_hall_post.001
10:07:21 | INFO: Primitives created: 1
10:07:21 | INFO: Extracting primitive: COL_hengwu_hall_post.002
10:07:21 | INFO: Primitives created: 1
10:07:21 | INFO: Extracting primitive: COL_hengwu_hall_post.006
10:07:21 | INFO: Primitives created: 1
10:07:21 | INFO: Extracting primitive: COL_wall_bay.001
10:07:21 | INFO: Primitives created: 1
10:07:21 | INFO: Extracting primitive: COL_wall_bay.002
10:07:21 | INFO: Primitives created: 1
10:07:21 | INFO: Extracting primitive: COL_wall_bay.003
10:07:21 | INFO: Primitives created: 1
10:07:21 | INFO: Extracting primitive: COL_wall_bay.004
10:07:21 | INFO: Primitives created: 1
10:07:21 | INFO: Extracting primitive: COL_wall_bay.005
10:07:21 | INFO: Primitives created: 1
10:07:21 | INFO: Extracting primitive: COL_wall_bay.006
10:07:21 | INFO: Primitives created: 1
10:07:21 | INFO: Extracting primitive: KIT_wall_plaster.002
10:07:21 | INFO: Primitives created: 1
10:07:21 | INFO: Extracting primitive: COL_wall_window.001
10:07:21 | INFO: Primitives created: 1
10:07:21 | INFO: Extracting primitive: COL_wall_window.002
10:07:21 | INFO: Primitives created: 1
10:07:21 | INFO: Extracting primitive: COL_hengwu_rock.001
10:07:21 | INFO: Primitives created: 1
10:07:21 | INFO: Extracting primitive: COL_hengwu_rock.002
10:07:21 | INFO: Primitives created: 1
10:07:21 | INFO: Extracting primitive: COL_hengwu_rock.006
10:07:21 | INFO: Primitives created: 1
10:07:21 | INFO: Extracting primitive: COL_hengwu_stool.001
10:07:21 | INFO: Primitives created: 1
10:07:21 | INFO: Extracting primitive: COL_hengwu_stool.002
10:07:21 | INFO: Primitives created: 1
10:07:21 | INFO: Extracting primitive: COL_hengwu_stool.003
10:07:21 | INFO: Primitives created: 1
10:07:21 | INFO: Extracting primitive: COL_hengwu_stool.008
10:07:21 | INFO: Primitives created: 1
10:07:21 | INFO: Extracting primitive: COL_hengwu_table.002
10:07:21 | INFO: Primitives created: 1
10:07:21 | INFO: Extracting primitive: HERO_hengwu-yuan_title.002
10:07:21 | WARNING: More than one shader node tex image used for a texture. The resulting glTF sampler will behave like the first shader node tex image.
10:07:21 | INFO: Primitives created: 1
10:07:21 | INFO: Extracting primitive: SITE_hengwu-yuan_backstage.001
10:07:21 | INFO: Primitives created: 1
10:07:21 | INFO: Extracting primitive: KIT_pavilion_finial.011
10:07:21 | INFO: Primitives created: 1
10:07:21 | INFO: Extracting primitive: KIT_wall_amber_window.006
10:07:21 | INFO: Primitives created: 1
10:07:21 | INFO: Extracting primitive: HENGWU_herb_leaf.001
10:07:21 | INFO: Primitives created: 1
10:07:21 | INFO: Extracting primitive: KIT_wall_lattice_vertical.105
10:07:21 | INFO: Primitives created: 1
10:07:21 | INFO: Extracting primitive: SITE_hengwu-yuan_platform.001
10:07:21 | INFO: Primitives created: 1
10:07:21 | INFO: Extracting primitive: KIT_props_lantern_hanging_render.015
10:07:21 | WARNING: More than one shader node tex image used for a texture. The resulting glTF sampler will behave like the first shader node tex image.
10:07:21 | INFO: Primitives created: 1
10:07:21 | INFO: Extracting primitive: KIT_pavilion_roof.011
10:07:21 | INFO: Primitives created: 1
10:07:21 | INFO: Extracting primitive: KIT_wall_bay.001
10:07:21 | WARNING: More than one shader node tex image used for a texture. The resulting glTF sampler will behave like the first shader node tex image.
10:07:21 | INFO: Primitives created: 1
10:07:21 | INFO: Extracting primitive: SITE_hengwu-yuan_front.001
10:07:21 | INFO: Primitives created: 1
10:07:21 | INFO: Finished glTF 2.0 export in 0.12511587142944336 s

10:07:21 | INFO: Starting glTF 2.0 export
10:07:21 | INFO: Extracting primitive: COL_yihong_closed_front.002
10:07:21 | INFO: Primitives created: 1
10:07:21 | INFO: Extracting primitive: COL_yihong_court_side.001
10:07:21 | INFO: Primitives created: 1
10:07:21 | INFO: Extracting primitive: COL_yihong_court_side.004
10:07:21 | INFO: Primitives created: 1
10:07:21 | INFO: Extracting primitive: COL_yihong_floor.002
10:07:21 | INFO: Primitives created: 1
10:07:21 | INFO: Extracting primitive: COL_yihong_planter.001
10:07:21 | INFO: Primitives created: 1
10:07:21 | INFO: Extracting primitive: COL_yihong_planter.004
10:07:21 | INFO: Primitives created: 1
10:07:21 | INFO: Extracting primitive: COL_yihong_side_return.001
10:07:21 | INFO: Primitives created: 1
10:07:21 | INFO: Extracting primitive: COL_yihong_side_return.004
10:07:21 | INFO: Primitives created: 1
10:07:21 | INFO: Extracting primitive: COL_yihong_threshold.002
10:07:21 | INFO: Primitives created: 1
10:07:21 | INFO: Extracting primitive: KIT_flora_banana_render.001
10:07:21 | WARNING: More than one shader node tex image used for a texture. The resulting glTF sampler will behave like the first shader node tex image.
10:07:21 | INFO: Primitives created: 1
10:07:21 | INFO: Extracting primitive: KIT_flora_banana_render.002
10:07:21 | INFO: Primitives created: 1
10:07:21 | INFO: Extracting primitive: HERO_yihong-yuan_title.002
10:07:21 | WARNING: More than one shader node tex image used for a texture. The resulting glTF sampler will behave like the first shader node tex image.
10:07:21 | INFO: Primitives created: 1
10:07:21 | INFO: Extracting primitive: YIHONG_backstage.002
10:07:21 | INFO: Primitives created: 1
10:07:21 | INFO: Extracting primitive: YIHONG_door_rail.001
10:07:21 | INFO: Primitives created: 1
10:07:21 | INFO: Extracting primitive: YIHONG_amber_window.002
10:07:21 | INFO: Primitives created: 1
10:07:21 | INFO: Extracting primitive: YIHONG_door_panel.001
10:07:21 | INFO: Primitives created: 1
10:07:21 | INFO: Extracting primitive: YIHONG_paving.002
10:07:21 | INFO: Primitives created: 1
10:07:21 | INFO: Extracting primitive: YIHONG_court_cap.001
10:07:21 | INFO: Primitives created: 1
10:07:21 | INFO: Extracting primitive: YIHONG_closed_front.002
10:07:21 | INFO: Primitives created: 1
10:07:21 | INFO: Finished glTF 2.0 export in 0.031035900115966797 s

10:07:22 | INFO: Starting glTF 2.0 export
10:07:22 | INFO: Extracting primitive: COL_xiaoxiang_bamboo_bed.004
10:07:22 | INFO: Primitives created: 1
10:07:22 | INFO: Extracting primitive: COL_xiaoxiang_bamboo_bed.005
10:07:22 | INFO: Primitives created: 1
10:07:22 | INFO: Extracting primitive: COL_xiaoxiang_bamboo_bed.006
10:07:22 | INFO: Primitives created: 1
10:07:22 | INFO: Extracting primitive: COL_xiaoxiang_bamboo_bed.007
10:07:22 | INFO: Primitives created: 1
10:07:22 | INFO: Extracting primitive: COL_xiaoxiang_closed_front.001
10:07:22 | INFO: Primitives created: 1
10:07:22 | INFO: Extracting primitive: COL_xiaoxiang_floor.001
10:07:22 | INFO: Primitives created: 1
10:07:22 | INFO: Extracting primitive: COL_xiaoxiang_return.002
10:07:22 | INFO: Primitives created: 1
10:07:22 | INFO: Extracting primitive: COL_xiaoxiang_return.003
10:07:22 | INFO: Primitives created: 1
10:07:22 | INFO: Extracting primitive: COL_xiaoxiang_threshold.001
10:07:22 | INFO: Primitives created: 1
10:07:22 | INFO: Extracting primitive: KIT_flora_bamboo_large_render.003
10:07:22 | WARNING: More than one shader node tex image used for a texture. The resulting glTF sampler will behave like the first shader node tex image.
10:07:22 | INFO: Primitives created: 1
10:07:22 | INFO: Extracting primitive: KIT_flora_bamboo_medium_render.001
10:07:22 | INFO: Primitives created: 1
10:07:22 | INFO: Extracting primitive: KIT_flora_bamboo_small_render.002
10:07:22 | INFO: Primitives created: 1
10:07:22 | INFO: Extracting primitive: KIT_flora_bamboo_large_render.004
10:07:22 | INFO: Primitives created: 1
10:07:22 | INFO: Extracting primitive: HERO_xiaoxiang-guan_title.002
10:07:22 | WARNING: More than one shader node tex image used for a texture. The resulting glTF sampler will behave like the first shader node tex image.
10:07:22 | INFO: Primitives created: 1
10:07:22 | INFO: Extracting primitive: XIAOXIANG_black_back.001
10:07:22 | INFO: Primitives created: 1
10:07:22 | INFO: Extracting primitive: XIAOXIANG_gate_pull.002
10:07:22 | INFO: Primitives created: 1
10:07:22 | INFO: Extracting primitive: XIAOXIANG_amber_window.001
10:07:22 | INFO: Primitives created: 1
10:07:22 | INFO: Extracting primitive: XIAOXIANG_gate_leaf.002
10:07:22 | INFO: Primitives created: 1
10:07:22 | INFO: Extracting primitive: XIAOXIANG_paving.001
10:07:22 | INFO: Primitives created: 1
10:07:22 | INFO: Extracting primitive: XIAOXIANG_wall_cap.001
10:07:22 | INFO: Primitives created: 1
10:07:22 | INFO: Extracting primitive: XIAOXIANG_closed_front.001
10:07:22 | INFO: Primitives created: 1
10:07:22 | INFO: Finished glTF 2.0 export in 0.061985015869140625 s

10:07:22 | INFO: Starting glTF 2.0 export
10:07:22 | INFO: Extracting primitive: COL_longcui_burner.001
10:07:22 | INFO: Primitives created: 1
10:07:22 | INFO: Extracting primitive: COL_longcui_closed_front.001
10:07:22 | INFO: Primitives created: 1
10:07:22 | INFO: Extracting primitive: COL_longcui_floor.001
10:07:22 | INFO: Primitives created: 1
10:07:22 | INFO: Extracting primitive: COL_longcui_plum_trunk.002
10:07:22 | INFO: Primitives created: 1
10:07:22 | INFO: Extracting primitive: COL_longcui_plum_trunk.003
10:07:22 | INFO: Primitives created: 1
10:07:22 | INFO: Extracting primitive: COL_longcui_return.002
10:07:22 | INFO: Primitives created: 1
10:07:22 | INFO: Extracting primitive: COL_longcui_return.003
10:07:22 | INFO: Primitives created: 1
10:07:22 | INFO: Extracting primitive: COL_longcui_threshold.001
10:07:22 | INFO: Primitives created: 1
10:07:22 | INFO: Extracting primitive: KIT_flora_plum_render.001
10:07:22 | WARNING: More than one shader node tex image used for a texture. The resulting glTF sampler will behave like the first shader node tex image.
10:07:22 | INFO: Primitives created: 1
10:07:22 | INFO: Extracting primitive: KIT_flora_plum_render.002
10:07:22 | INFO: Primitives created: 1
10:07:22 | INFO: Extracting primitive: HERO_longcui-an_title.002
10:07:22 | WARNING: More than one shader node tex image used for a texture. The resulting glTF sampler will behave like the first shader node tex image.
10:07:22 | INFO: Primitives created: 1
10:07:22 | INFO: Extracting primitive: LONGCUI_backstage.001
10:07:22 | INFO: Primitives created: 1
10:07:22 | INFO: Extracting primitive: LONGCUI_gate_pull.002
10:07:22 | INFO: Primitives created: 1
10:07:22 | INFO: Extracting primitive: LONGCUI_closed_gate.002
10:07:22 | INFO: Primitives created: 1
10:07:22 | INFO: Extracting primitive: LONGCUI_paving.001
10:07:22 | INFO: Primitives created: 1
10:07:22 | INFO: Extracting primitive: KIT_props_lantern_hanging_render.016
10:07:22 | WARNING: More than one shader node tex image used for a texture. The resulting glTF sampler will behave like the first shader node tex image.
10:07:22 | INFO: Primitives created: 1
10:07:22 | INFO: Extracting primitive: LONGCUI_wall_cap.001
10:07:22 | INFO: Primitives created: 1
10:07:22 | INFO: Extracting primitive: LONGCUI_closed_front.001
10:07:22 | INFO: Primitives created: 1
10:07:22 | INFO: Finished glTF 2.0 export in 0.03664898872375488 s

10:07:23 | INFO: Starting glTF 2.0 export
10:07:23 | INFO: Extracting primitive: COL_aojing_closed_front.002
10:07:23 | INFO: Primitives created: 1
10:07:23 | INFO: Extracting primitive: COL_aojing_dry_ledge.002
10:07:23 | INFO: Primitives created: 1
10:07:23 | INFO: Extracting primitive: COL_aojing_hall_floor.002
10:07:23 | INFO: Primitives created: 1
10:07:23 | INFO: Extracting primitive: COL_aojing_ledge_end.002
10:07:23 | INFO: Primitives created: 1
10:07:23 | INFO: Extracting primitive: COL_aojing_ledge_parapet.002
10:07:23 | INFO: Primitives created: 1
10:07:23 | INFO: Extracting primitive: COL_aojing_return.001
10:07:23 | INFO: Primitives created: 1
10:07:23 | INFO: Extracting primitive: COL_aojing_return.004
10:07:23 | INFO: Primitives created: 1
10:07:23 | INFO: Extracting primitive: HERO_aojing-guan_title.002
10:07:23 | WARNING: More than one shader node tex image used for a texture. The resulting glTF sampler will behave like the first shader node tex image.
10:07:23 | INFO: Primitives created: 1
10:07:23 | INFO: Extracting primitive: AOJING_pond.002
10:07:23 | INFO: Primitives created: 1
10:07:23 | INFO: Extracting primitive: AOJING_backstage.002
10:07:23 | INFO: Primitives created: 1
10:07:23 | INFO: Extracting primitive: AOJING_amber_window.002
10:07:23 | INFO: Primitives created: 1
10:07:23 | INFO: Extracting primitive: AOJING_window_lattice.001
10:07:23 | INFO: Primitives created: 1
10:07:23 | INFO: Extracting primitive: AOJING_dry_ledge.002
10:07:23 | INFO: Primitives created: 1
10:07:23 | INFO: Extracting primitive: AOJING_roof.002
10:07:23 | INFO: Primitives created: 1
10:07:23 | INFO: Extracting primitive: AOJING_closed_front.002
10:07:23 | INFO: Primitives created: 1
10:07:23 | INFO: Finished glTF 2.0 export in 0.030956029891967773 s

10:07:24 | INFO: Starting glTF 2.0 export
10:07:24 | INFO: Extracting primitive: COL_daoxiang_closed_front.001
10:07:24 | INFO: Primitives created: 1
10:07:24 | INFO: Extracting primitive: COL_daoxiang_court.001
10:07:24 | INFO: Primitives created: 1
10:07:24 | INFO: Extracting primitive: COL_daoxiang_fence.004
10:07:24 | INFO: Primitives created: 1
10:07:24 | INFO: Extracting primitive: COL_daoxiang_fence.005
10:07:24 | INFO: Primitives created: 1
10:07:24 | INFO: Extracting primitive: COL_daoxiang_fence.006
10:07:24 | INFO: Primitives created: 1
10:07:24 | INFO: Extracting primitive: COL_daoxiang_fence.007
10:07:24 | INFO: Primitives created: 1
10:07:24 | INFO: Extracting primitive: COL_daoxiang_side.002
10:07:24 | INFO: Primitives created: 1
10:07:24 | INFO: Extracting primitive: COL_daoxiang_side.003
10:07:24 | INFO: Primitives created: 1
10:07:24 | INFO: Extracting primitive: HERO_daoxiang-cun_title.002
10:07:24 | WARNING: More than one shader node tex image used for a texture. The resulting glTF sampler will behave like the first shader node tex image.
10:07:24 | INFO: Primitives created: 1
10:07:24 | INFO: Extracting primitive: DAOXIANG_backstage.001
10:07:24 | INFO: Primitives created: 1
10:07:24 | INFO: Extracting primitive: DAOXIANG_door_latch.001
10:07:24 | INFO: Primitives created: 1
10:07:24 | INFO: Extracting primitive: DAOXIANG_warm_sliver.001
10:07:24 | INFO: Primitives created: 1
10:07:24 | INFO: Extracting primitive: DAOXIANG_closed_door.001
10:07:24 | INFO: Primitives created: 1
10:07:24 | INFO: Extracting primitive: DAOXIANG_paddy_painting.001
10:07:24 | INFO: Primitives created: 1
10:07:24 | INFO: Extracting primitive: DAOXIANG_court.001
10:07:24 | INFO: Primitives created: 1
10:07:24 | INFO: Extracting primitive: DAOXIANG_thatch_mass.001
10:07:24 | INFO: Primitives created: 1
10:07:24 | INFO: Extracting primitive: DAOXIANG_front.001
10:07:24 | INFO: Primitives created: 1
10:07:24 | INFO: Finished glTF 2.0 export in 0.04032278060913086 s

10:07:24 | INFO: Starting glTF 2.0 export
10:07:24 | INFO: Extracting primitive: COL_water_bridge_side.001
10:07:24 | INFO: Primitives created: 1
10:07:24 | INFO: Extracting primitive: COL_water_bridge_side.004
10:07:24 | INFO: Primitives created: 1
10:07:24 | INFO: Extracting primitive: COL_water_bridge_deck.002
10:07:24 | INFO: Primitives created: 1
10:07:24 | INFO: Extracting primitive: COL_ziling_landing.001
10:07:24 | INFO: Primitives created: 1
10:07:24 | INFO: Extracting primitive: KIT_flora_reed_render.001
10:07:24 | WARNING: More than one shader node tex image used for a texture. The resulting glTF sampler will behave like the first shader node tex image.
10:07:24 | INFO: Primitives created: 1
10:07:24 | INFO: Extracting primitive: KIT_flora_reed_render.002
10:07:24 | INFO: Primitives created: 1
10:07:24 | INFO: Extracting primitive: KIT_flora_reed_render.003
10:07:24 | INFO: Primitives created: 1
10:07:24 | INFO: Extracting primitive: KIT_flora_reed_render.004
10:07:24 | INFO: Primitives created: 1
10:07:24 | INFO: Extracting primitive: KIT_flora_reed_render.005
10:07:24 | INFO: Primitives created: 1
10:07:24 | INFO: Extracting primitive: KIT_flora_reed_render.006
10:07:24 | INFO: Primitives created: 1
10:07:24 | INFO: Extracting primitive: KIT_flora_reed_render.007
10:07:24 | INFO: Primitives created: 1
10:07:24 | INFO: Extracting primitive: KIT_flora_reed_render.008
10:07:24 | INFO: Primitives created: 1
10:07:24 | INFO: Extracting primitive: KIT_flora_reed_render.009
10:07:24 | INFO: Primitives created: 1
10:07:24 | INFO: Extracting primitive: KIT_flora_reed_render.010
10:07:24 | INFO: Primitives created: 1
10:07:24 | INFO: Extracting primitive: KIT_water_lotus_leaf.011
10:07:24 | INFO: Primitives created: 1
10:07:24 | INFO: Extracting primitive: KIT_water_plank.002
10:07:24 | WARNING: More than one shader node tex image used for a texture. The resulting glTF sampler will behave like the first shader node tex image.
10:07:24 | INFO: Primitives created: 1
10:07:24 | INFO: Extracting primitive: SITE_ziling_island.001
10:07:24 | INFO: Primitives created: 1
10:07:25 | INFO: Finished glTF 2.0 export in 0.03709292411804199 s

10:07:25 | INFO: Starting glTF 2.0 export
10:07:25 | INFO: Extracting primitive: COL_aojing_approach.001
10:07:25 | INFO: Primitives created: 1
10:07:25 | INFO: Extracting primitive: COL_aojing_approach.004
10:07:25 | INFO: Primitives created: 1
10:07:25 | INFO: Extracting primitive: COL_aojing_approach_guard.001
10:07:25 | INFO: Primitives created: 1
10:07:25 | INFO: Extracting primitive: COL_aojing_approach_guard.004
10:07:25 | INFO: Primitives created: 1
10:07:25 | INFO: Extracting primitive: COL_aojing_approach_ramp.002
10:07:25 | INFO: Primitives created: 1
10:07:25 | INFO: Extracting primitive: COL_aojing_closed_front.002
10:07:25 | INFO: Primitives created: 1
10:07:25 | INFO: Extracting primitive: COL_aojing_dry_ledge.002
10:07:25 | INFO: Primitives created: 1
10:07:25 | INFO: Extracting primitive: COL_aojing_hall_floor.002
10:07:25 | INFO: Primitives created: 1
10:07:25 | INFO: Extracting primitive: COL_aojing_ledge_end.002
10:07:25 | INFO: Primitives created: 1
10:07:25 | INFO: Extracting primitive: COL_aojing_ledge_parapet.002
10:07:25 | INFO: Primitives created: 1
10:07:25 | INFO: Extracting primitive: COL_aojing_return.001
10:07:25 | INFO: Primitives created: 1
10:07:25 | INFO: Extracting primitive: COL_aojing_return.004
10:07:25 | INFO: Primitives created: 1
10:07:25 | INFO: Extracting primitive: Cube.147
10:07:25 | INFO: Primitives created: 1
10:07:25 | INFO: Extracting primitive: Cube.148
10:07:25 | INFO: Primitives created: 1
10:07:25 | INFO: Extracting primitive: Cube.149
10:07:25 | INFO: Primitives created: 1
10:07:25 | INFO: Extracting primitive: Cube.150
10:07:25 | INFO: Primitives created: 1
10:07:25 | INFO: Extracting primitive: COL_bridge_crosswalk.002
10:07:25 | INFO: Primitives created: 1
10:07:25 | INFO: Extracting primitive: COL_bridge_crosswalk.003
10:07:25 | INFO: Primitives created: 1
10:07:25 | INFO: Extracting primitive: COL_cell_floor.006
10:07:25 | INFO: Primitives created: 1
10:07:25 | INFO: Extracting primitive: COL_cell_floor.007
10:07:25 | INFO: Primitives created: 1
10:07:25 | INFO: Extracting primitive: COL_cell_floor.008
10:07:25 | INFO: Primitives created: 1
10:07:25 | INFO: Extracting primitive: COL_cell_floor.009
10:07:25 | INFO: Primitives created: 1
10:07:25 | INFO: Extracting primitive: COL_cell_floor.010
10:07:25 | INFO: Primitives created: 1
10:07:25 | INFO: Extracting primitive: COL_cell_floor.011
10:07:25 | INFO: Primitives created: 1
10:07:25 | INFO: Extracting primitive: COL_cell_wall.012
10:07:25 | INFO: Primitives created: 1
10:07:25 | INFO: Extracting primitive: COL_cell_wall.013
10:07:25 | INFO: Primitives created: 1
10:07:25 | INFO: Extracting primitive: COL_cell_wall.014
10:07:25 | INFO: Primitives created: 1
10:07:25 | INFO: Extracting primitive: COL_cell_wall.015
10:07:25 | INFO: Primitives created: 1
10:07:25 | INFO: Extracting primitive: COL_cell_wall.016
10:07:25 | INFO: Primitives created: 1
10:07:25 | INFO: Extracting primitive: COL_cell_wall.017
10:07:25 | INFO: Primitives created: 1
10:07:25 | INFO: Extracting primitive: COL_cell_wall.018
10:07:25 | INFO: Primitives created: 1
10:07:25 | INFO: Extracting primitive: COL_cell_wall.019
10:07:25 | INFO: Primitives created: 1
10:07:25 | INFO: Extracting primitive: COL_cell_wall.020
10:07:25 | INFO: Primitives created: 1
10:07:25 | INFO: Extracting primitive: COL_cell_wall.021
10:07:25 | INFO: Primitives created: 1
10:07:25 | INFO: Extracting primitive: COL_cell_wall.022
10:07:25 | INFO: Primitives created: 1
10:07:25 | INFO: Extracting primitive: COL_cell_wall.023
10:07:25 | INFO: Primitives created: 1
10:07:25 | INFO: Extracting primitive: COL_daguan_central_step.003
10:07:25 | INFO: Primitives created: 1
10:07:25 | INFO: Extracting primitive: COL_daguan_central_step.004
10:07:25 | INFO: Primitives created: 1
10:07:25 | INFO: Extracting primitive: COL_daguan_central_step.005
10:07:25 | INFO: Primitives created: 1
10:07:25 | INFO: Extracting primitive: COL_daguan_closed_front.001
10:07:25 | INFO: Primitives created: 1
10:07:25 | INFO: Extracting primitive: COL_daguan_column.006
10:07:25 | INFO: Primitives created: 1
10:07:25 | INFO: Extracting primitive: COL_daguan_column.007
10:07:25 | INFO: Primitives created: 1
10:07:25 | INFO: Extracting primitive: COL_daguan_column.008
10:07:25 | INFO: Primitives created: 1
10:07:25 | INFO: Extracting primitive: COL_daguan_column.009
10:07:25 | INFO: Primitives created: 1
10:07:25 | INFO: Extracting primitive: COL_daguan_column.010
10:07:25 | INFO: Primitives created: 1
10:07:25 | INFO: Extracting primitive: COL_daguan_column.011
10:07:25 | INFO: Primitives created: 1
10:07:25 | INFO: Extracting primitive: COL_daguan_floor.001
10:07:25 | INFO: Primitives created: 1
10:07:25 | INFO: Extracting primitive: COL_daguan_return_wall.002
10:07:25 | INFO: Primitives created: 1
10:07:25 | INFO: Extracting primitive: COL_daguan_return_wall.003
10:07:25 | INFO: Primitives created: 1
10:07:25 | INFO: Extracting primitive: COL_daoxiang_approach.002
10:07:25 | INFO: Primitives created: 1
10:07:25 | INFO: Extracting primitive: COL_daoxiang_approach.003
10:07:25 | INFO: Primitives created: 1
10:07:25 | INFO: Extracting primitive: COL_daoxiang_closed_front.001
10:07:25 | INFO: Primitives created: 1
10:07:25 | INFO: Extracting primitive: COL_daoxiang_court.001
10:07:25 | INFO: Primitives created: 1
10:07:25 | INFO: Extracting primitive: COL_daoxiang_fence.004
10:07:25 | INFO: Primitives created: 1
10:07:25 | INFO: Extracting primitive: COL_daoxiang_fence.005
10:07:25 | INFO: Primitives created: 1
10:07:25 | INFO: Extracting primitive: COL_daoxiang_fence.006
10:07:25 | INFO: Primitives created: 1
10:07:25 | INFO: Extracting primitive: COL_daoxiang_fence.007
10:07:25 | INFO: Primitives created: 1
10:07:25 | INFO: Extracting primitive: COL_daoxiang_side.002
10:07:25 | INFO: Primitives created: 1
10:07:25 | INFO: Extracting primitive: COL_daoxiang_side.003
10:07:25 | INFO: Primitives created: 1
10:07:25 | INFO: Extracting primitive: COL_entry_corridor.001
10:07:25 | INFO: Primitives created: 1
10:07:25 | INFO: Extracting primitive: COL_entry_walk.002
10:07:25 | INFO: Primitives created: 1
10:07:25 | INFO: Extracting primitive: COL_entry_walk.003
10:07:25 | INFO: Primitives created: 1
10:07:25 | INFO: Extracting primitive: COL_floor_joint_cell_threshold_0.001
10:07:25 | INFO: Primitives created: 1
10:07:25 | INFO: Extracting primitive: COL_floor_joint_cell_threshold_1.001
10:07:25 | INFO: Primitives created: 1
10:07:25 | INFO: Extracting primitive: COL_floor_joint_cell_threshold_2.001
10:07:25 | INFO: Primitives created: 1
10:07:25 | INFO: Extracting primitive: COL_floor_joint_cell_threshold_3.001
10:07:25 | INFO: Primitives created: 1
10:07:25 | INFO: Extracting primitive: COL_floor_joint_cell_threshold_4.001
10:07:25 | INFO: Primitives created: 1
10:07:25 | INFO: Extracting primitive: COL_floor_joint_cell_threshold_5.001
10:07:25 | INFO: Primitives created: 1
10:07:25 | INFO: Extracting primitive: COL_floor_joint_pavilion_east_joint.001
10:07:25 | INFO: Primitives created: 1
10:07:25 | INFO: Extracting primitive: COL_floor_joint_pavilion_west_joint.001
10:07:25 | INFO: Primitives created: 1
10:07:25 | INFO: Extracting primitive: Cube.146
10:07:25 | INFO: Primitives created: 1
10:07:25 | INFO: Extracting primitive: Cube.145
10:07:25 | INFO: Primitives created: 1
10:07:25 | INFO: Extracting primitive: COL_GATE_banana_planter.001
10:07:25 | INFO: Primitives created: 1
10:07:25 | INFO: Extracting primitive: KIT_rockery_passage.022
10:07:25 | INFO: Primitives created: 1
10:07:25 | INFO: Extracting primitive: KIT_rockery_passage.024
10:07:25 | INFO: Primitives created: 1
10:07:25 | INFO: Extracting primitive: KIT_rockery_cliff.006
10:07:25 | INFO: Primitives created: 1
10:07:25 | INFO: Extracting primitive: KIT_rockery_cliff.008
10:07:25 | INFO: Primitives created: 1
10:07:25 | INFO: Extracting primitive: KIT_rockery_passage.004
10:07:25 | INFO: Primitives created: 1
10:07:25 | INFO: Extracting primitive: KIT_rockery_passage.016
10:07:25 | INFO: Primitives created: 1
10:07:25 | INFO: Extracting primitive: KIT_rockery_passage.018
10:07:25 | INFO: Primitives created: 1
10:07:25 | INFO: Extracting primitive: KIT_rockery_passage.020
10:07:25 | INFO: Primitives created: 1
10:07:25 | INFO: Extracting primitive: GATE_paving.003
10:07:25 | INFO: Primitives created: 1
10:07:25 | INFO: Extracting primitive: COL_hengwu-yuan_floor.001
10:07:25 | INFO: Primitives created: 1
10:07:25 | INFO: Extracting primitive: COL_hengwu_approach.002
10:07:25 | INFO: Primitives created: 1
10:07:25 | INFO: Extracting primitive: COL_hengwu_approach.003
10:07:25 | INFO: Primitives created: 1
10:07:25 | INFO: Extracting primitive: COL_hengwu_closed_hall.002
10:07:25 | INFO: Primitives created: 1
10:07:25 | INFO: Extracting primitive: COL_hengwu_court.002
10:07:25 | INFO: Primitives created: 1
10:07:25 | INFO: Extracting primitive: COL_hengwu_hall_post.001
10:07:25 | INFO: Primitives created: 1
10:07:25 | INFO: Extracting primitive: COL_hengwu_hall_post.002
10:07:25 | INFO: Primitives created: 1
10:07:25 | INFO: Extracting primitive: COL_hengwu_hall_post.006
10:07:25 | INFO: Primitives created: 1
10:07:25 | INFO: Extracting primitive: COL_wall_bay.001
10:07:25 | INFO: Primitives created: 1
10:07:25 | INFO: Extracting primitive: COL_wall_bay.002
10:07:25 | INFO: Primitives created: 1
10:07:25 | INFO: Extracting primitive: COL_wall_bay.003
10:07:25 | INFO: Primitives created: 1
10:07:25 | INFO: Extracting primitive: COL_wall_bay.004
10:07:25 | INFO: Primitives created: 1
10:07:25 | INFO: Extracting primitive: COL_wall_bay.005
10:07:25 | INFO: Primitives created: 1
10:07:25 | INFO: Extracting primitive: COL_wall_bay.006
10:07:25 | INFO: Primitives created: 1
10:07:25 | INFO: Extracting primitive: KIT_wall_plaster.002
10:07:25 | INFO: Primitives created: 1
10:07:25 | INFO: Extracting primitive: COL_wall_window.001
10:07:25 | INFO: Primitives created: 1
10:07:25 | INFO: Extracting primitive: COL_wall_window.002
10:07:25 | INFO: Primitives created: 1
10:07:25 | INFO: Extracting primitive: COL_hengwu_rock.001
10:07:25 | INFO: Primitives created: 1
10:07:25 | INFO: Extracting primitive: COL_hengwu_rock.002
10:07:25 | INFO: Primitives created: 1
10:07:25 | INFO: Extracting primitive: COL_hengwu_rock.006
10:07:25 | INFO: Primitives created: 1
10:07:25 | INFO: Extracting primitive: COL_hengwu_stool.001
10:07:25 | INFO: Primitives created: 1
10:07:25 | INFO: Extracting primitive: COL_hengwu_stool.002
10:07:25 | INFO: Primitives created: 1
10:07:25 | INFO: Extracting primitive: COL_hengwu_stool.003
10:07:25 | INFO: Primitives created: 1
10:07:25 | INFO: Extracting primitive: COL_hengwu_stool.008
10:07:25 | INFO: Primitives created: 1
10:07:25 | INFO: Extracting primitive: COL_hengwu_table.002
10:07:25 | INFO: Primitives created: 1
10:07:25 | INFO: Extracting primitive: COL_longcui_approach.003
10:07:25 | INFO: Primitives created: 1
10:07:25 | INFO: Extracting primitive: COL_longcui_approach.004
10:07:25 | INFO: Primitives created: 1
10:07:25 | INFO: Extracting primitive: COL_longcui_approach.005
10:07:25 | INFO: Primitives created: 1
10:07:25 | INFO: Extracting primitive: COL_longcui_burner.001
10:07:25 | INFO: Primitives created: 1
10:07:25 | INFO: Extracting primitive: COL_longcui_closed_front.001
10:07:25 | INFO: Primitives created: 1
10:07:25 | INFO: Extracting primitive: COL_longcui_floor.001
10:07:25 | INFO: Primitives created: 1
10:07:25 | INFO: Extracting primitive: COL_longcui_plum_trunk.002
10:07:25 | INFO: Primitives created: 1
10:07:25 | INFO: Extracting primitive: COL_longcui_plum_trunk.003
10:07:25 | INFO: Primitives created: 1
10:07:25 | INFO: Extracting primitive: COL_longcui_return.002
10:07:25 | INFO: Primitives created: 1
10:07:25 | INFO: Extracting primitive: COL_longcui_return.003
10:07:25 | INFO: Primitives created: 1
10:07:25 | INFO: Extracting primitive: COL_longcui_threshold.001
10:07:25 | INFO: Primitives created: 1
10:07:25 | INFO: Extracting primitive: COL_ouxiang_approach.001
10:07:25 | INFO: Primitives created: 1
10:07:25 | INFO: Extracting primitive: COL_ouxiang_deck.001
10:07:25 | INFO: Primitives created: 1
10:07:25 | INFO: Extracting primitive: COL_ouxiang_post.004
10:07:25 | INFO: Primitives created: 1
10:07:25 | INFO: Extracting primitive: COL_ouxiang_post.005
10:07:25 | INFO: Primitives created: 1
10:07:25 | INFO: Extracting primitive: COL_ouxiang_post.006
10:07:25 | INFO: Primitives created: 1
10:07:25 | INFO: Extracting primitive: COL_ouxiang_post.007
10:07:25 | INFO: Primitives created: 1
10:07:25 | INFO: Extracting primitive: COL_ouxiang_rail.002
10:07:25 | INFO: Primitives created: 1
10:07:25 | INFO: Extracting primitive: COL_ouxiang_rail.003
10:07:25 | INFO: Primitives created: 1
10:07:25 | INFO: Extracting primitive: COL_ouxiang_side_rail.004
10:07:25 | INFO: Primitives created: 1
10:07:25 | INFO: Extracting primitive: COL_ouxiang_side_rail.005
10:07:25 | INFO: Primitives created: 1
10:07:25 | INFO: Extracting primitive: COL_ouxiang_side_rail.006
10:07:25 | INFO: Primitives created: 1
10:07:25 | INFO: Extracting primitive: COL_ouxiang_side_rail.007
10:07:25 | INFO: Primitives created: 1
10:07:25 | INFO: Extracting primitive: COL_ouxiang_table.001
10:07:25 | INFO: Primitives created: 1
10:07:25 | INFO: Extracting primitive: COL_corridor_floor.009
10:07:25 | INFO: Primitives created: 1
10:07:25 | INFO: Extracting primitive: COL_corridor_side.015
10:07:25 | INFO: Primitives created: 1
10:07:25 | INFO: Extracting primitive: COL_corridor_side.016
10:07:25 | INFO: Primitives created: 1
10:07:25 | INFO: Extracting primitive: COL_corridor_post.016
10:07:25 | INFO: Primitives created: 1
10:07:25 | INFO: Extracting primitive: COL_corridor_post.017
10:07:25 | INFO: Primitives created: 1
10:07:25 | INFO: Extracting primitive: COL_corridor_floor.010
10:07:25 | INFO: Primitives created: 1
10:07:25 | INFO: Extracting primitive: COL_corridor_side.017
10:07:25 | INFO: Primitives created: 1
10:07:25 | INFO: Extracting primitive: COL_corridor_side.018
10:07:25 | INFO: Primitives created: 1
10:07:25 | INFO: Extracting primitive: COL_corridor_post.018
10:07:25 | INFO: Primitives created: 1
10:07:25 | INFO: Extracting primitive: COL_corridor_post.019
10:07:25 | INFO: Primitives created: 1
10:07:25 | INFO: Extracting primitive: COL_corridor_floor.011
10:07:25 | INFO: Primitives created: 1
10:07:25 | INFO: Extracting primitive: COL_corridor_side.019
10:07:25 | INFO: Primitives created: 1
10:07:25 | INFO: Extracting primitive: COL_corridor_side.020
10:07:25 | INFO: Primitives created: 1
10:07:25 | INFO: Extracting primitive: COL_corridor_post.020
10:07:25 | INFO: Primitives created: 1
10:07:25 | INFO: Extracting primitive: COL_corridor_post.021
10:07:25 | INFO: Primitives created: 1
10:07:25 | INFO: Extracting primitive: COL_corridor_floor.012
10:07:25 | INFO: Primitives created: 1
10:07:25 | INFO: Extracting primitive: COL_corridor_side.021
10:07:25 | INFO: Primitives created: 1
10:07:25 | INFO: Extracting primitive: COL_corridor_side.022
10:07:25 | INFO: Primitives created: 1
10:07:25 | INFO: Extracting primitive: COL_corridor_post.022
10:07:25 | INFO: Primitives created: 1
10:07:25 | INFO: Extracting primitive: COL_corridor_post.023
10:07:25 | INFO: Primitives created: 1
10:07:25 | INFO: Extracting primitive: COL_corridor_floor.001
10:07:25 | INFO: Primitives created: 1
10:07:25 | INFO: Extracting primitive: COL_corridor_side.001
10:07:25 | INFO: Primitives created: 1
10:07:25 | INFO: Extracting primitive: COL_corridor_side.002
10:07:25 | INFO: Primitives created: 1
10:07:25 | INFO: Extracting primitive: COL_corridor_post.001
10:07:25 | INFO: Primitives created: 1
10:07:25 | INFO: Extracting primitive: COL_corridor_post.002
10:07:25 | INFO: Primitives created: 1
10:07:25 | INFO: Extracting primitive: COL_corridor_floor.002
10:07:25 | INFO: Primitives created: 1
10:07:25 | INFO: Extracting primitive: COL_corridor_side.003
10:07:25 | INFO: Primitives created: 1
10:07:25 | INFO: Extracting primitive: COL_corridor_side.004
10:07:25 | INFO: Primitives created: 1
10:07:25 | INFO: Extracting primitive: COL_corridor_post.003
10:07:25 | INFO: Primitives created: 1
10:07:25 | INFO: Extracting primitive: COL_corridor_post.004
10:07:25 | INFO: Primitives created: 1
10:07:25 | INFO: Extracting primitive: COL_corridor_floor.003
10:07:25 | INFO: Primitives created: 1
10:07:25 | INFO: Extracting primitive: COL_corridor_side.005
10:07:25 | INFO: Primitives created: 1
10:07:25 | INFO: Extracting primitive: COL_corridor_side.006
10:07:25 | INFO: Primitives created: 1
10:07:25 | INFO: Extracting primitive: COL_corridor_post.005
10:07:25 | INFO: Primitives created: 1
10:07:25 | INFO: Extracting primitive: COL_corridor_post.006
10:07:25 | INFO: Primitives created: 1
10:07:25 | INFO: Extracting primitive: COL_corridor_floor.004
10:07:25 | INFO: Primitives created: 1
10:07:25 | INFO: Extracting primitive: COL_corridor_side.007
10:07:25 | INFO: Primitives created: 1
10:07:25 | INFO: Extracting primitive: COL_corridor_side.008
10:07:25 | INFO: Primitives created: 1
10:07:25 | INFO: Extracting primitive: COL_corridor_post.007
10:07:25 | INFO: Primitives created: 1
10:07:25 | INFO: Extracting primitive: COL_corridor_post.008
10:07:25 | INFO: Primitives created: 1
10:07:25 | INFO: Extracting primitive: COL_corridor_floor.005
10:07:25 | INFO: Primitives created: 1
10:07:25 | INFO: Extracting primitive: COL_corridor_side.009
10:07:25 | INFO: Primitives created: 1
10:07:25 | INFO: Extracting primitive: COL_corridor_side.010
10:07:25 | INFO: Primitives created: 1
10:07:25 | INFO: Extracting primitive: COL_corridor_post.009
10:07:25 | INFO: Primitives created: 1
10:07:25 | INFO: Extracting primitive: COL_corridor_post.010
10:07:25 | INFO: Primitives created: 1
10:07:25 | INFO: Extracting primitive: COL_corridor_floor.006
10:07:25 | INFO: Primitives created: 1
10:07:25 | INFO: Extracting primitive: COL_corridor_side.011
10:07:25 | INFO: Primitives created: 1
10:07:25 | INFO: Extracting primitive: COL_corridor_post.011
10:07:25 | INFO: Primitives created: 1
10:07:25 | INFO: Extracting primitive: COL_corridor_post.012
10:07:25 | INFO: Primitives created: 1
10:07:25 | INFO: Extracting primitive: COL_corridor_floor.007
10:07:25 | INFO: Primitives created: 1
10:07:25 | INFO: Extracting primitive: COL_corridor_side.012
10:07:25 | INFO: Primitives created: 1
10:07:25 | INFO: Extracting primitive: COL_corridor_post.013
10:07:25 | INFO: Primitives created: 1
10:07:25 | INFO: Extracting primitive: COL_corridor_floor.008
10:07:25 | INFO: Primitives created: 1
10:07:25 | INFO: Extracting primitive: COL_corridor_side.013
10:07:25 | INFO: Primitives created: 1
10:07:25 | INFO: Extracting primitive: COL_corridor_side.014
10:07:25 | INFO: Primitives created: 1
10:07:25 | INFO: Extracting primitive: COL_corridor_post.014
10:07:25 | INFO: Primitives created: 1
10:07:25 | INFO: Extracting primitive: COL_corridor_post.015
10:07:25 | INFO: Primitives created: 1
10:07:25 | INFO: Extracting primitive: COL_corridor_floor.013
10:07:25 | INFO: Primitives created: 1
10:07:25 | INFO: Extracting primitive: COL_corridor_side.023
10:07:25 | INFO: Primitives created: 1
10:07:25 | INFO: Extracting primitive: COL_corridor_side.024
10:07:25 | INFO: Primitives created: 1
10:07:25 | INFO: Extracting primitive: COL_corridor_post.024
10:07:25 | INFO: Primitives created: 1
10:07:25 | INFO: Extracting primitive: COL_corridor_post.025
10:07:25 | INFO: Primitives created: 1
10:07:25 | INFO: Extracting primitive: COL_corridor_floor.014
10:07:25 | INFO: Primitives created: 1
10:07:25 | INFO: Extracting primitive: COL_corridor_side.025
10:07:25 | INFO: Primitives created: 1
10:07:25 | INFO: Extracting primitive: COL_corridor_side.026
10:07:25 | INFO: Primitives created: 1
10:07:25 | INFO: Extracting primitive: COL_corridor_post.026
10:07:25 | INFO: Primitives created: 1
10:07:25 | INFO: Extracting primitive: COL_corridor_post.027
10:07:25 | INFO: Primitives created: 1
10:07:25 | INFO: Extracting primitive: COL_corridor_floor.015
10:07:25 | INFO: Primitives created: 1
10:07:25 | INFO: Extracting primitive: COL_corridor_side.027
10:07:25 | INFO: Primitives created: 1
10:07:25 | INFO: Extracting primitive: COL_corridor_side.028
10:07:25 | INFO: Primitives created: 1
10:07:25 | INFO: Extracting primitive: COL_corridor_post.028
10:07:25 | INFO: Primitives created: 1
10:07:25 | INFO: Extracting primitive: COL_corridor_post.029
10:07:25 | INFO: Primitives created: 1
10:07:25 | INFO: Extracting primitive: COL_corridor_floor.016
10:07:25 | INFO: Primitives created: 1
10:07:25 | INFO: Extracting primitive: COL_corridor_side.029
10:07:25 | INFO: Primitives created: 1
10:07:25 | INFO: Extracting primitive: COL_corridor_side.030
10:07:25 | INFO: Primitives created: 1
10:07:25 | INFO: Extracting primitive: COL_corridor_post.030
10:07:25 | INFO: Primitives created: 1
10:07:25 | INFO: Extracting primitive: COL_corridor_post.031
10:07:25 | INFO: Primitives created: 1
10:07:25 | INFO: Extracting primitive: COL_qinfang_deck.001
10:07:25 | INFO: Primitives created: 1
10:07:25 | INFO: Extracting primitive: COL_pavilion_bench.001
10:07:25 | INFO: Primitives created: 1
10:07:25 | INFO: Extracting primitive: COL_pavilion_bench.002
10:07:25 | INFO: Primitives created: 1
10:07:25 | INFO: Extracting primitive: COL_pavilion_bracket.001
10:07:25 | INFO: Primitives created: 1
10:07:25 | INFO: Extracting primitive: COL_pavilion_bracket.002
10:07:25 | INFO: Primitives created: 1
10:07:25 | INFO: Extracting primitive: COL_pavilion_bracket.003
10:07:25 | INFO: Primitives created: 1
10:07:25 | INFO: Extracting primitive: COL_pavilion_bracket.004
10:07:25 | INFO: Primitives created: 1
10:07:25 | INFO: Extracting primitive: COL_pavilion_bracket.005
10:07:25 | INFO: Primitives created: 1
10:07:25 | INFO: Extracting primitive: COL_pavilion_bracket.006
10:07:25 | INFO: Primitives created: 1
10:07:25 | INFO: Extracting primitive: COL_pavilion_post.001
10:07:25 | INFO: Primitives created: 1
10:07:25 | INFO: Extracting primitive: COL_pavilion_post.002
10:07:25 | INFO: Primitives created: 1
10:07:25 | INFO: Extracting primitive: COL_pavilion_post.003
10:07:25 | INFO: Primitives created: 1
10:07:25 | INFO: Extracting primitive: COL_pavilion_post.004
10:07:25 | INFO: Primitives created: 1
10:07:25 | INFO: Extracting primitive: COL_pavilion_post.005
10:07:25 | INFO: Primitives created: 1
10:07:25 | INFO: Extracting primitive: COL_pavilion_post.006
10:07:25 | INFO: Primitives created: 1
10:07:25 | INFO: Extracting primitive: COL_pavilion_roof.001
10:07:25 | INFO: Primitives created: 1
10:07:25 | INFO: Extracting primitive: COL_qiushuang-zhai_floor.001
10:07:25 | INFO: Primitives created: 1
10:07:25 | INFO: Extracting primitive: Cube.009
10:07:25 | INFO: Primitives created: 1
10:07:25 | INFO: Extracting primitive: Cube.011
10:07:25 | INFO: Primitives created: 1
10:07:25 | INFO: Extracting primitive: Cube.012
10:07:25 | INFO: Primitives created: 1
10:07:25 | INFO: Extracting primitive: Cube.013
10:07:25 | INFO: Primitives created: 1
10:07:25 | INFO: Extracting primitive: Cube.019
10:07:25 | INFO: Primitives created: 1
10:07:25 | INFO: Extracting primitive: Cube.020
10:07:25 | INFO: Primitives created: 1
10:07:25 | INFO: Extracting primitive: Cube.023
10:07:25 | INFO: Primitives created: 1
10:07:25 | INFO: Extracting primitive: Cube.024
10:07:25 | INFO: Primitives created: 1
10:07:25 | INFO: Extracting primitive: Cube.048
10:07:25 | INFO: Primitives created: 1
10:07:25 | INFO: Extracting primitive: Cube.050
10:07:25 | INFO: Primitives created: 1
10:07:25 | INFO: Extracting primitive: Cube.052
10:07:25 | INFO: Primitives created: 1
10:07:25 | INFO: Extracting primitive: Cube.092
10:07:25 | INFO: Primitives created: 1
10:07:25 | INFO: Extracting primitive: Cube.093
10:07:25 | INFO: Primitives created: 1
10:07:25 | INFO: Extracting primitive: Cube.094
10:07:25 | INFO: Primitives created: 1
10:07:25 | INFO: Extracting primitive: Cube.095
10:07:25 | INFO: Primitives created: 1
10:07:25 | INFO: Extracting primitive: Cube.096
10:07:25 | INFO: Primitives created: 1
10:07:25 | INFO: Extracting primitive: Cube.097
10:07:25 | INFO: Primitives created: 1
10:07:25 | INFO: Extracting primitive: Cube.098
10:07:25 | INFO: Primitives created: 1
10:07:25 | INFO: Extracting primitive: Cube.099
10:07:25 | INFO: Primitives created: 1
10:07:25 | INFO: Extracting primitive: Cube.100
10:07:25 | INFO: Primitives created: 1
10:07:25 | INFO: Extracting primitive: Cube.101
10:07:25 | INFO: Primitives created: 1
10:07:25 | INFO: Extracting primitive: Cube.102
10:07:25 | INFO: Primitives created: 1
10:07:25 | INFO: Extracting primitive: Cube.103
10:07:25 | INFO: Primitives created: 1
10:07:25 | INFO: Extracting primitive: Cube.104
10:07:25 | INFO: Primitives created: 1
10:07:25 | INFO: Extracting primitive: Cube.105
10:07:25 | INFO: Primitives created: 1
10:07:25 | INFO: Extracting primitive: Cube.106
10:07:25 | INFO: Primitives created: 1
10:07:25 | INFO: Extracting primitive: Cube.107
10:07:25 | INFO: Primitives created: 1
10:07:25 | INFO: Extracting primitive: Cube.108
10:07:25 | INFO: Primitives created: 1
10:07:25 | INFO: Extracting primitive: Cube.109
10:07:25 | INFO: Primitives created: 1
10:07:25 | INFO: Extracting primitive: Cube.110
10:07:25 | INFO: Primitives created: 1
10:07:25 | INFO: Extracting primitive: Cube.111
10:07:25 | INFO: Primitives created: 1
10:07:25 | INFO: Extracting primitive: Cube.112
10:07:25 | INFO: Primitives created: 1
10:07:25 | INFO: Extracting primitive: Cube.113
10:07:25 | INFO: Primitives created: 1
10:07:25 | INFO: Extracting primitive: Cube.114
10:07:25 | INFO: Primitives created: 1
10:07:25 | INFO: Extracting primitive: Cube.115
10:07:25 | INFO: Primitives created: 1
10:07:25 | INFO: Extracting primitive: Cube.116
10:07:25 | INFO: Primitives created: 1
10:07:25 | INFO: Extracting primitive: Cube.117
10:07:25 | INFO: Primitives created: 1
10:07:25 | INFO: Extracting primitive: Cube.118
10:07:25 | INFO: Primitives created: 1
10:07:25 | INFO: Extracting primitive: Cube.119
10:07:25 | INFO: Primitives created: 1
10:07:25 | INFO: Extracting primitive: Cube.120
10:07:25 | INFO: Primitives created: 1
10:07:25 | INFO: Extracting primitive: Cube.121
10:07:25 | INFO: Primitives created: 1
10:07:25 | INFO: Extracting primitive: Cube.122
10:07:25 | INFO: Primitives created: 1
10:07:25 | INFO: Extracting primitive: Cube.123
10:07:25 | INFO: Primitives created: 1
10:07:25 | INFO: Extracting primitive: Cube.124
10:07:25 | INFO: Primitives created: 1
10:07:25 | INFO: Extracting primitive: Cube.125
10:07:25 | INFO: Primitives created: 1
10:07:25 | INFO: Extracting primitive: Cube.126
10:07:25 | INFO: Primitives created: 1
10:07:25 | INFO: Extracting primitive: Cube.127
10:07:25 | INFO: Primitives created: 1
10:07:25 | INFO: Extracting primitive: Cube.128
10:07:25 | INFO: Primitives created: 1
10:07:25 | INFO: Extracting primitive: Cube.129
10:07:25 | INFO: Primitives created: 1
10:07:25 | INFO: Extracting primitive: Cube.130
10:07:25 | INFO: Primitives created: 1
10:07:25 | INFO: Extracting primitive: Cube.131
10:07:25 | INFO: Primitives created: 1
10:07:25 | INFO: Extracting primitive: Cube.132
10:07:25 | INFO: Primitives created: 1
10:07:25 | INFO: Extracting primitive: Cube.133
10:07:25 | INFO: Primitives created: 1
10:07:25 | INFO: Extracting primitive: Cube.134
10:07:25 | INFO: Primitives created: 1
10:07:25 | INFO: Extracting primitive: Cube.135
10:07:25 | INFO: Primitives created: 1
10:07:25 | INFO: Extracting primitive: Cube.136
10:07:25 | INFO: Primitives created: 1
10:07:25 | INFO: Extracting primitive: Cube.137
10:07:25 | INFO: Primitives created: 1
10:07:25 | INFO: Extracting primitive: Cube.138
10:07:25 | INFO: Primitives created: 1
10:07:25 | INFO: Extracting primitive: Cube.139
10:07:25 | INFO: Primitives created: 1
10:07:25 | INFO: Extracting primitive: Cube.140
10:07:25 | INFO: Primitives created: 1
10:07:25 | INFO: Extracting primitive: Cube.141
10:07:25 | INFO: Primitives created: 1
10:07:25 | INFO: Extracting primitive: Cube.142
10:07:25 | INFO: Primitives created: 1
10:07:25 | INFO: Extracting primitive: Cube.143
10:07:25 | INFO: Primitives created: 1
10:07:25 | INFO: Extracting primitive: Cube.144
10:07:25 | INFO: Primitives created: 1
10:07:25 | INFO: Extracting primitive: Cube.193
10:07:25 | INFO: Primitives created: 1
10:07:25 | INFO: Extracting primitive: Cube.194
10:07:25 | INFO: Primitives created: 1
10:07:25 | INFO: Extracting primitive: Cube.195
10:07:25 | INFO: Primitives created: 1
10:07:25 | INFO: Extracting primitive: Cube.196
10:07:25 | INFO: Primitives created: 1
10:07:25 | INFO: Extracting primitive: Cube.197
10:07:25 | INFO: Primitives created: 1
10:07:25 | INFO: Extracting primitive: Cube.198
10:07:25 | INFO: Primitives created: 1
10:07:25 | INFO: Extracting primitive: Cube.199
10:07:25 | INFO: Primitives created: 1
10:07:25 | INFO: Extracting primitive: Cube.200
10:07:25 | INFO: Primitives created: 1
10:07:25 | INFO: Extracting primitive: COL_stone_walk.005
10:07:25 | INFO: Primitives created: 1
10:07:25 | INFO: Extracting primitive: COL_stone_walk.008
10:07:25 | INFO: Primitives created: 1
10:07:25 | INFO: Extracting primitive: COL_stone_walk.009
10:07:25 | INFO: Primitives created: 1
10:07:25 | INFO: Extracting primitive: COL_stone_walk.010
10:07:25 | INFO: Primitives created: 1
10:07:25 | INFO: Extracting primitive: COL_stone_walk.011
10:07:25 | INFO: Primitives created: 1
10:07:25 | INFO: Extracting primitive: COL_stone_walk.012
10:07:25 | INFO: Primitives created: 1
10:07:25 | INFO: Extracting primitive: COL_study_approach.002
10:07:25 | INFO: Primitives created: 1
10:07:25 | INFO: Extracting primitive: COL_study_desk_centre.002
10:07:25 | INFO: Primitives created: 1
10:07:25 | INFO: Extracting primitive: COL_study_desk_left.002
10:07:25 | INFO: Primitives created: 1
10:07:25 | INFO: Extracting primitive: COL_study_desk_right.002
10:07:25 | INFO: Primitives created: 1
10:07:25 | INFO: Extracting primitive: COL_study_front_walk.002
10:07:25 | INFO: Primitives created: 1
10:07:25 | INFO: Extracting primitive: COL_study_front_wall.002
10:07:25 | INFO: Primitives created: 1
10:07:25 | INFO: Extracting primitive: COL_study_post.001
10:07:25 | INFO: Primitives created: 1
10:07:25 | INFO: Extracting primitive: COL_study_post.002
10:07:25 | INFO: Primitives created: 1
10:07:25 | INFO: Extracting primitive: COL_study_post.003
10:07:25 | INFO: Primitives created: 1
10:07:25 | INFO: Extracting primitive: COL_study_post.008
10:07:25 | INFO: Primitives created: 1
10:07:25 | INFO: Extracting primitive: Cube.151
10:07:25 | INFO: Primitives created: 1
10:07:25 | INFO: Extracting primitive: Cube.152
10:07:25 | INFO: Primitives created: 1
10:07:25 | INFO: Extracting primitive: Cube.153
10:07:25 | INFO: Primitives created: 1
10:07:25 | INFO: Extracting primitive: Cube.154
10:07:25 | INFO: Primitives created: 1
10:07:25 | INFO: Extracting primitive: Cube.155
10:07:25 | INFO: Primitives created: 1
10:07:25 | INFO: Extracting primitive: Cube.156
10:07:25 | INFO: Primitives created: 1
10:07:25 | INFO: Extracting primitive: Cube.157
10:07:25 | INFO: Primitives created: 1
10:07:25 | INFO: Extracting primitive: Cube.158
10:07:25 | INFO: Primitives created: 1
10:07:25 | INFO: Extracting primitive: Cube.159
10:07:25 | INFO: Primitives created: 1
10:07:25 | INFO: Extracting primitive: Cube.160
10:07:25 | INFO: Primitives created: 1
10:07:25 | INFO: Extracting primitive: Cube.161
10:07:25 | INFO: Primitives created: 1
10:07:25 | INFO: Extracting primitive: Cube.162
10:07:25 | INFO: Primitives created: 1
10:07:25 | INFO: Extracting primitive: Cube.163
10:07:25 | INFO: Primitives created: 1
10:07:25 | INFO: Extracting primitive: Cube.164
10:07:25 | INFO: Primitives created: 1
10:07:25 | INFO: Extracting primitive: Cube.165
10:07:25 | INFO: Primitives created: 1
10:07:25 | INFO: Extracting primitive: Cube.166
10:07:25 | INFO: Primitives created: 1
10:07:25 | INFO: Extracting primitive: Cube.167
10:07:25 | INFO: Primitives created: 1
10:07:25 | INFO: Extracting primitive: Cube.168
10:07:25 | INFO: Primitives created: 1
10:07:25 | INFO: Extracting primitive: Cube.169
10:07:25 | INFO: Primitives created: 1
10:07:25 | INFO: Extracting primitive: Cube.170
10:07:25 | INFO: Primitives created: 1
10:07:25 | INFO: Extracting primitive: Cube.171
10:07:25 | INFO: Primitives created: 1
10:07:25 | INFO: Extracting primitive: Cube.172
10:07:25 | INFO: Primitives created: 1
10:07:25 | INFO: Extracting primitive: Cube.173
10:07:25 | INFO: Primitives created: 1
10:07:25 | INFO: Extracting primitive: Cube.174
10:07:25 | INFO: Primitives created: 1
10:07:25 | INFO: Extracting primitive: Cube.175
10:07:25 | INFO: Primitives created: 1
10:07:25 | INFO: Extracting primitive: Cube.176
10:07:25 | INFO: Primitives created: 1
10:07:25 | INFO: Extracting primitive: Cube.177
10:07:25 | INFO: Primitives created: 1
10:07:25 | INFO: Extracting primitive: Cube.178
10:07:25 | INFO: Primitives created: 1
10:07:25 | INFO: Extracting primitive: Cube.179
10:07:25 | INFO: Primitives created: 1
10:07:25 | INFO: Extracting primitive: Cube.180
10:07:25 | INFO: Primitives created: 1
10:07:25 | INFO: Extracting primitive: Cube.201
10:07:25 | INFO: Primitives created: 1
10:07:25 | INFO: Extracting primitive: Cube.202
10:07:25 | INFO: Primitives created: 1
10:07:25 | INFO: Extracting primitive: Cube.203
10:07:25 | INFO: Primitives created: 1
10:07:25 | INFO: Extracting primitive: Cube.181
10:07:25 | INFO: Primitives created: 1
10:07:25 | INFO: Extracting primitive: Cube.182
10:07:25 | INFO: Primitives created: 1
10:07:25 | INFO: Extracting primitive: Cube.183
10:07:25 | INFO: Primitives created: 1
10:07:25 | INFO: Extracting primitive: Cube.184
10:07:25 | INFO: Primitives created: 1
10:07:25 | INFO: Extracting primitive: Cube.185
10:07:25 | INFO: Primitives created: 1
10:07:25 | INFO: Extracting primitive: Cube.186
10:07:25 | INFO: Primitives created: 1
10:07:25 | INFO: Extracting primitive: Cube.187
10:07:25 | INFO: Primitives created: 1
10:07:25 | INFO: Extracting primitive: Cube.188
10:07:25 | INFO: Primitives created: 1
10:07:25 | INFO: Extracting primitive: Cube.189
10:07:25 | INFO: Primitives created: 1
10:07:25 | INFO: Extracting primitive: Cube.190
10:07:25 | INFO: Primitives created: 1
10:07:25 | INFO: Extracting primitive: Cube.191
10:07:25 | INFO: Primitives created: 1
10:07:25 | INFO: Extracting primitive: Cube.192
10:07:25 | INFO: Primitives created: 1
10:07:25 | INFO: Extracting primitive: COL_tubi-tang_floor.001
10:07:25 | INFO: Primitives created: 1
10:07:25 | INFO: Extracting primitive: COL_tubi_approach.001
10:07:25 | INFO: Primitives created: 1
10:07:25 | INFO: Extracting primitive: COL_tubi_approach.002
10:07:25 | INFO: Primitives created: 1
10:07:25 | INFO: Extracting primitive: COL_tubi_approach.007
10:07:25 | INFO: Primitives created: 1
10:07:25 | INFO: Extracting primitive: COL_tubi_approach.008
10:07:25 | INFO: Primitives created: 1
10:07:25 | INFO: Extracting primitive: COL_tubi_closed_hall.002
10:07:25 | INFO: Primitives created: 1
10:07:25 | INFO: Extracting primitive: COL_tubi_hall_post.001
10:07:25 | INFO: Primitives created: 1
10:07:25 | INFO: Extracting primitive: COL_tubi_hall_post.002
10:07:25 | INFO: Primitives created: 1
10:07:25 | INFO: Extracting primitive: COL_tubi_hall_post.006
10:07:25 | INFO: Primitives created: 1
10:07:25 | INFO: Extracting primitive: COL_tubi_parapet.001
10:07:25 | INFO: Primitives created: 1
10:07:25 | INFO: Extracting primitive: COL_tubi_parapet.002
10:07:25 | INFO: Primitives created: 1
10:07:25 | INFO: Extracting primitive: COL_tubi_parapet.003
10:07:25 | INFO: Primitives created: 1
10:07:25 | INFO: Extracting primitive: COL_tubi_parapet.008
10:07:25 | INFO: Primitives created: 1
10:07:25 | INFO: Extracting primitive: COL_tubi_stair_guard.001
10:07:25 | INFO: Primitives created: 1
10:07:25 | INFO: Extracting primitive: COL_tubi_stair_guard.004
10:07:25 | INFO: Primitives created: 1
10:07:25 | INFO: Extracting primitive: COL_tubi_stair_ramp.002
10:07:25 | INFO: Primitives created: 1
10:07:25 | INFO: Extracting primitive: COL_tubi_terrace.002
10:07:25 | INFO: Primitives created: 1
10:07:25 | INFO: Extracting primitive: COL_tubi_topic_table.002
10:07:25 | INFO: Primitives created: 1
10:07:25 | INFO: Extracting primitive: COL_tubi_view_bench_left.001
10:07:25 | INFO: Primitives created: 1
10:07:25 | INFO: Extracting primitive: COL_tubi_view_bench_right.001
10:07:25 | INFO: Primitives created: 1
10:07:25 | INFO: Extracting primitive: COL_water_bridge_side.001
10:07:25 | INFO: Primitives created: 1
10:07:25 | INFO: Extracting primitive: COL_water_bridge_side.004
10:07:25 | INFO: Primitives created: 1
10:07:25 | INFO: Extracting primitive: COL_water_bridge_deck.002
10:07:25 | INFO: Primitives created: 1
10:07:25 | INFO: Extracting primitive: COL_xiaoxiang_bamboo_bed.004
10:07:25 | INFO: Primitives created: 1
10:07:25 | INFO: Extracting primitive: COL_xiaoxiang_bamboo_bed.005
10:07:25 | INFO: Primitives created: 1
10:07:25 | INFO: Extracting primitive: COL_xiaoxiang_bamboo_bed.006
10:07:25 | INFO: Primitives created: 1
10:07:25 | INFO: Extracting primitive: COL_xiaoxiang_bamboo_bed.007
10:07:25 | INFO: Primitives created: 1
10:07:25 | INFO: Extracting primitive: COL_xiaoxiang_closed_front.001
10:07:25 | INFO: Primitives created: 1
10:07:25 | INFO: Extracting primitive: COL_xiaoxiang_floor.001
10:07:25 | INFO: Primitives created: 1
10:07:25 | INFO: Extracting primitive: COL_xiaoxiang_return.002
10:07:25 | INFO: Primitives created: 1
10:07:25 | INFO: Extracting primitive: COL_xiaoxiang_return.003
10:07:25 | INFO: Primitives created: 1
10:07:25 | INFO: Extracting primitive: COL_xiaoxiang_threshold.001
10:07:25 | INFO: Primitives created: 1
10:07:25 | INFO: Extracting primitive: COL_yihong_closed_front.002
10:07:25 | INFO: Primitives created: 1
10:07:25 | INFO: Extracting primitive: COL_yihong_court_side.001
10:07:25 | INFO: Primitives created: 1
10:07:25 | INFO: Extracting primitive: COL_yihong_court_side.004
10:07:25 | INFO: Primitives created: 1
10:07:25 | INFO: Extracting primitive: COL_yihong_floor.002
10:07:25 | INFO: Primitives created: 1
10:07:25 | INFO: Extracting primitive: COL_yihong_planter.001
10:07:25 | INFO: Primitives created: 1
10:07:25 | INFO: Extracting primitive: COL_yihong_planter.004
10:07:25 | INFO: Primitives created: 1
10:07:25 | INFO: Extracting primitive: COL_yihong_side_return.001
10:07:25 | INFO: Primitives created: 1
10:07:25 | INFO: Extracting primitive: COL_yihong_side_return.004
10:07:25 | INFO: Primitives created: 1
10:07:25 | INFO: Extracting primitive: COL_yihong_threshold.002
10:07:25 | INFO: Primitives created: 1
10:07:25 | INFO: Extracting primitive: COL_ziling_landing.001
10:07:25 | INFO: Primitives created: 1
10:07:25 | INFO: Extracting primitive: HERO_aojing-guan_title.002
10:07:25 | WARNING: More than one shader node tex image used for a texture. The resulting glTF sampler will behave like the first shader node tex image.
10:07:25 | INFO: Primitives created: 1
10:07:25 | INFO: Extracting primitive: HERO_daguan_title.001
10:07:25 | WARNING: More than one shader node tex image used for a texture. The resulting glTF sampler will behave like the first shader node tex image.
10:07:25 | INFO: Primitives created: 1
10:07:25 | INFO: Extracting primitive: HERO_daoxiang-cun_title.002
10:07:25 | WARNING: More than one shader node tex image used for a texture. The resulting glTF sampler will behave like the first shader node tex image.
10:07:25 | INFO: Primitives created: 1
10:07:25 | INFO: Extracting primitive: KIT_flora_plum_render.001
10:07:25 | WARNING: More than one shader node tex image used for a texture. The resulting glTF sampler will behave like the first shader node tex image.
10:07:25 | INFO: Primitives created: 1
10:07:25 | INFO: Extracting primitive: KIT_flora_plum_render.002
10:07:25 | INFO: Primitives created: 1
10:07:25 | INFO: Extracting primitive: KIT_flora_bamboo_large_render.001
10:07:25 | INFO: Primitives created: 1
10:07:25 | INFO: Extracting primitive: KIT_flora_bamboo_large_render.002
10:07:25 | INFO: Primitives created: 1
10:07:25 | INFO: Extracting primitive: KIT_flora_bamboo_small_render.001
10:07:25 | INFO: Primitives created: 1
10:07:25 | INFO: Extracting primitive: KIT_flora_willow_render.001
10:07:25 | INFO: Primitives created: 1
10:07:25 | INFO: Extracting primitive: KIT_flora_willow_render.002
10:07:25 | INFO: Primitives created: 1
10:07:25 | INFO: Extracting primitive: KIT_flora_bamboo_large_render.003
10:07:25 | INFO: Primitives created: 1
10:07:25 | INFO: Extracting primitive: KIT_flora_bamboo_medium_render.001
10:07:25 | INFO: Primitives created: 1
10:07:25 | INFO: Extracting primitive: KIT_flora_bamboo_small_render.002
10:07:25 | INFO: Primitives created: 1
10:07:25 | INFO: Extracting primitive: KIT_flora_bamboo_large_render.004
10:07:25 | INFO: Primitives created: 1
10:07:25 | INFO: Extracting primitive: KIT_flora_banana_render.001
10:07:25 | INFO: Primitives created: 1
10:07:25 | INFO: Extracting primitive: KIT_flora_banana_render.002
10:07:25 | INFO: Primitives created: 1
10:07:25 | INFO: Extracting primitive: KIT_flora_reed_render.001
10:07:25 | INFO: Primitives created: 1
10:07:25 | INFO: Extracting primitive: KIT_flora_reed_render.002
10:07:25 | INFO: Primitives created: 1
10:07:25 | INFO: Extracting primitive: KIT_flora_reed_render.003
10:07:25 | INFO: Primitives created: 1
10:07:25 | INFO: Extracting primitive: KIT_flora_reed_render.004
10:07:25 | INFO: Primitives created: 1
10:07:25 | INFO: Extracting primitive: KIT_flora_reed_render.005
10:07:25 | INFO: Primitives created: 1
10:07:25 | INFO: Extracting primitive: KIT_flora_reed_render.006
10:07:25 | INFO: Primitives created: 1
10:07:25 | INFO: Extracting primitive: KIT_flora_reed_render.007
10:07:25 | INFO: Primitives created: 1
10:07:25 | INFO: Extracting primitive: KIT_flora_reed_render.008
10:07:25 | INFO: Primitives created: 1
10:07:25 | INFO: Extracting primitive: KIT_flora_reed_render.009
10:07:25 | INFO: Primitives created: 1
10:07:25 | INFO: Extracting primitive: KIT_flora_reed_render.010
10:07:25 | INFO: Primitives created: 1
10:07:25 | INFO: Extracting primitive: HERO_gate_inscription.001
10:07:25 | WARNING: More than one shader node tex image used for a texture. The resulting glTF sampler will behave like the first shader node tex image.
10:07:25 | INFO: Primitives created: 1
10:07:25 | INFO: Extracting primitive: HERO_gate_water_drips.001
10:07:25 | WARNING: More than one shader node tex image used for a texture. The resulting glTF sampler will behave like the first shader node tex image.
10:07:25 | INFO: Primitives created: 1
10:07:25 | INFO: Extracting primitive: HERO_hengwu-yuan_title.002
10:07:25 | WARNING: More than one shader node tex image used for a texture. The resulting glTF sampler will behave like the first shader node tex image.
10:07:25 | INFO: Primitives created: 1
10:07:25 | INFO: Extracting primitive: HERO_longcui-an_title.002
10:07:25 | WARNING: More than one shader node tex image used for a texture. The resulting glTF sampler will behave like the first shader node tex image.
10:07:25 | INFO: Primitives created: 1
10:07:25 | INFO: Extracting primitive: HERO_qinfang-ting_title.002
10:07:25 | WARNING: More than one shader node tex image used for a texture. The resulting glTF sampler will behave like the first shader node tex image.
10:07:25 | INFO: Primitives created: 1
10:07:25 | INFO: Extracting primitive: HERO_qinfang_bridge.001
10:07:25 | INFO: Primitives created: 1
10:07:25 | INFO: Extracting primitive: HERO_study_scroll_bamboo.002
10:07:25 | INFO: Primitives created: 1
10:07:25 | INFO: Extracting primitive: HERO_study_scroll_plum.002
10:07:25 | INFO: Primitives created: 1
10:07:25 | INFO: Extracting primitive: HERO_study_title.002
10:07:25 | WARNING: More than one shader node tex image used for a texture. The resulting glTF sampler will behave like the first shader node tex image.
10:07:25 | INFO: Primitives created: 1
10:07:25 | INFO: Extracting primitive: HERO_table_hexagram.001
10:07:25 | INFO: Primitives created: 1
10:07:25 | INFO: Extracting primitive: line_piece.005
10:07:25 | WARNING: More than one shader node tex image used for a texture. The resulting glTF sampler will behave like the first shader node tex image.
10:07:25 | INFO: Primitives created: 1
10:07:25 | INFO: Extracting primitive: line_piece.002
10:07:25 | INFO: Primitives created: 1
10:07:25 | INFO: Extracting primitive: line_piece.011
10:07:25 | INFO: Primitives created: 1
10:07:25 | INFO: Extracting primitive: line_piece.008
10:07:25 | INFO: Primitives created: 1
10:07:25 | INFO: Extracting primitive: line_piece.017
10:07:25 | INFO: Primitives created: 1
10:07:25 | INFO: Extracting primitive: line_piece.014
10:07:25 | INFO: Primitives created: 1
10:07:25 | INFO: Extracting primitive: line_piece.019
10:07:25 | INFO: Primitives created: 1
10:07:25 | INFO: Extracting primitive: line_piece.018
10:07:25 | INFO: Primitives created: 1
10:07:25 | INFO: Extracting primitive: line_piece.021
10:07:25 | INFO: Primitives created: 1
10:07:25 | INFO: Extracting primitive: line_piece.020
10:07:25 | INFO: Primitives created: 1
10:07:25 | INFO: Extracting primitive: line_piece.023
10:07:25 | INFO: Primitives created: 1
10:07:25 | INFO: Extracting primitive: line_piece.022
10:07:25 | INFO: Primitives created: 1
10:07:25 | INFO: Extracting primitive: HERO_table_pedestal.001
10:07:25 | INFO: Primitives created: 1
10:07:25 | INFO: Extracting primitive: HERO_tubi_title.002
10:07:25 | WARNING: More than one shader node tex image used for a texture. The resulting glTF sampler will behave like the first shader node tex image.
10:07:25 | INFO: Primitives created: 1
10:07:25 | INFO: Extracting primitive: HERO_xiaoxiang-guan_title.002
10:07:25 | WARNING: More than one shader node tex image used for a texture. The resulting glTF sampler will behave like the first shader node tex image.
10:07:25 | INFO: Primitives created: 1
10:07:25 | INFO: Extracting primitive: HERO_yihong-yuan_title.002
10:07:25 | WARNING: More than one shader node tex image used for a texture. The resulting glTF sampler will behave like the first shader node tex image.
10:07:25 | INFO: Primitives created: 1
10:07:25 | INFO: Extracting primitive: AOJING_pond.002
10:07:25 | INFO: Primitives created: 1
10:07:25 | INFO: Extracting primitive: AOJING_backstage.002
10:07:25 | INFO: Primitives created: 1
10:07:25 | INFO: Extracting primitive: AOJING_amber_window.002
10:07:25 | INFO: Primitives created: 1
10:07:25 | INFO: Extracting primitive: AOJING_window_lattice.001
10:07:25 | INFO: Primitives created: 1
10:07:25 | INFO: Extracting primitive: AOJING_dry_ledge.002
10:07:25 | INFO: Primitives created: 1
10:07:25 | INFO: Extracting primitive: AOJING_roof.002
10:07:25 | INFO: Primitives created: 1
10:07:25 | INFO: Extracting primitive: AOJING_closed_front.002
10:07:25 | INFO: Primitives created: 1
10:07:25 | INFO: Extracting primitive: DAGUAN_backstage.001
10:07:25 | INFO: Primitives created: 1
10:07:25 | INFO: Extracting primitive: DAGUAN_door_stud.180
10:07:25 | INFO: Primitives created: 1
10:07:25 | INFO: Extracting primitive: DAGUAN_amber_transom.002
10:07:25 | INFO: Primitives created: 1
10:07:25 | INFO: Extracting primitive: DAGUAN_closed_door.010
10:07:25 | INFO: Primitives created: 1
10:07:25 | INFO: Extracting primitive: DAGUAN_recessed_panel.020
10:07:25 | INFO: Primitives created: 1
10:07:25 | INFO: Extracting primitive: DAGUAN_column.006
10:07:25 | INFO: Primitives created: 1
10:07:25 | INFO: Extracting primitive: DAGUAN_platform.001
10:07:25 | INFO: Primitives created: 1
10:07:25 | INFO: Extracting primitive: DAGUAN_lower_roof.001
10:07:25 | INFO: Primitives created: 1
10:07:25 | INFO: Extracting primitive: DAGUAN_front.001
10:07:25 | INFO: Primitives created: 1
10:07:25 | INFO: Extracting primitive: DAOXIANG_backstage.001
10:07:25 | INFO: Primitives created: 1
10:07:25 | INFO: Extracting primitive: DAOXIANG_door_latch.001
10:07:25 | INFO: Primitives created: 1
10:07:25 | INFO: Extracting primitive: DAOXIANG_warm_sliver.001
10:07:25 | INFO: Primitives created: 1
10:07:25 | INFO: Extracting primitive: DAOXIANG_closed_door.001
10:07:25 | INFO: Primitives created: 1
10:07:25 | INFO: Extracting primitive: DAOXIANG_paddy_painting.001
10:07:25 | INFO: Primitives created: 1
10:07:25 | INFO: Extracting primitive: DAOXIANG_court.001
10:07:25 | INFO: Primitives created: 1
10:07:25 | INFO: Extracting primitive: DAOXIANG_thatch_mass.001
10:07:25 | INFO: Primitives created: 1
10:07:25 | INFO: Extracting primitive: DAOXIANG_front.001
10:07:25 | INFO: Primitives created: 1
10:07:25 | INFO: Extracting primitive: SITE_hengwu-yuan_backstage.001
10:07:25 | INFO: Primitives created: 1
10:07:25 | INFO: Extracting primitive: KIT_pavilion_finial.011
10:07:25 | INFO: Primitives created: 1
10:07:25 | INFO: Extracting primitive: KIT_wall_amber_window.006
10:07:25 | INFO: Primitives created: 1
10:07:25 | INFO: Extracting primitive: HENGWU_herb_leaf.001
10:07:25 | INFO: Primitives created: 1
10:07:25 | INFO: Extracting primitive: KIT_wall_lattice_vertical.105
10:07:25 | INFO: Primitives created: 1
10:07:25 | INFO: Extracting primitive: SITE_hengwu-yuan_platform.001
10:07:25 | INFO: Primitives created: 1
10:07:25 | INFO: Extracting primitive: KIT_props_lantern_hanging_render.015
10:07:25 | WARNING: More than one shader node tex image used for a texture. The resulting glTF sampler will behave like the first shader node tex image.
10:07:25 | INFO: Primitives created: 1
10:07:25 | INFO: Extracting primitive: KIT_pavilion_roof.011
10:07:25 | INFO: Primitives created: 1
10:07:25 | INFO: Extracting primitive: KIT_wall_bay.001
10:07:25 | WARNING: More than one shader node tex image used for a texture. The resulting glTF sampler will behave like the first shader node tex image.
10:07:25 | INFO: Primitives created: 1
10:07:25 | INFO: Extracting primitive: SITE_hengwu-yuan_front.001
10:07:25 | INFO: Primitives created: 1
10:07:25 | INFO: Extracting primitive: LONGCUI_backstage.001
10:07:25 | INFO: Primitives created: 1
10:07:25 | INFO: Extracting primitive: LONGCUI_gate_pull.002
10:07:25 | INFO: Primitives created: 1
10:07:25 | INFO: Extracting primitive: LONGCUI_closed_gate.002
10:07:25 | INFO: Primitives created: 1
10:07:25 | INFO: Extracting primitive: LONGCUI_paving.001
10:07:25 | INFO: Primitives created: 1
10:07:25 | INFO: Extracting primitive: KIT_props_lantern_hanging_render.016
10:07:25 | INFO: Primitives created: 1
10:07:25 | INFO: Extracting primitive: LONGCUI_wall_cap.001
10:07:25 | INFO: Primitives created: 1
10:07:25 | INFO: Extracting primitive: LONGCUI_closed_front.001
10:07:25 | INFO: Primitives created: 1
10:07:25 | INFO: Extracting primitive: KIT_props_tea_cup.006
10:07:25 | INFO: Primitives created: 1
10:07:25 | INFO: Extracting primitive: KIT_water_lotus_leaf.007
10:07:25 | INFO: Primitives created: 1
10:07:25 | INFO: Extracting primitive: SITE_ouxiang_deck.001
10:07:25 | INFO: Primitives created: 1
10:07:25 | INFO: Extracting primitive: KIT_pavilion_water_pier.004
10:07:25 | INFO: Primitives created: 1
10:07:25 | INFO: Extracting primitive: KIT_props_lantern_hanging_render.013
10:07:25 | INFO: Primitives created: 1
10:07:25 | INFO: Extracting primitive: KIT_pavilion_water_hipped_roof.001
10:07:25 | INFO: Primitives created: 1
10:07:25 | INFO: Extracting primitive: KIT_water_lotus.021
10:07:25 | INFO: Primitives created: 1
10:07:25 | INFO: Extracting primitive: KIT_corridor_rail.008
10:07:25 | INFO: Primitives created: 1
10:07:25 | INFO: Extracting primitive: KIT_pavilion_roof_shell.001
10:07:25 | INFO: Primitives created: 1
10:07:25 | INFO: Extracting primitive: KIT_pavilion_plinth.001
10:07:25 | INFO: Primitives created: 1
10:07:25 | INFO: Extracting primitive: KIT_props_lantern_hanging_render.001
10:07:25 | INFO: Primitives created: 1
10:07:25 | INFO: Extracting primitive: KIT_water_stream.001
10:07:25 | INFO: Primitives created: 1
10:07:25 | INFO: Extracting primitive: SITE_qiushuang-zhai_backstage.001
10:07:25 | INFO: Primitives created: 1
10:07:25 | INFO: Extracting primitive: KIT_pavilion_finial.005
10:07:25 | INFO: Primitives created: 1
10:07:25 | INFO: Extracting primitive: KIT_wall_lattice_vertical.042
10:07:25 | INFO: Primitives created: 1
10:07:25 | INFO: Extracting primitive: SITE_qiushuang-zhai_platform.001
10:07:25 | INFO: Primitives created: 1
10:07:25 | INFO: Extracting primitive: KIT_props_lantern_hanging_render.010
10:07:25 | INFO: Primitives created: 1
10:07:25 | INFO: Extracting primitive: KIT_pavilion_roof.005
10:07:25 | INFO: Primitives created: 1
10:07:25 | INFO: Extracting primitive: KIT_tech_terminal_desk_render.007
10:07:25 | WARNING: More than one shader node tex image used for a texture. The resulting glTF sampler will behave like the first shader node tex image.
10:07:25 | INFO: Primitives created: 1
10:07:25 | INFO: Extracting primitive: SITE_qiushuang-zhai_front.001
10:07:25 | INFO: Primitives created: 1
10:07:25 | INFO: Extracting primitive: GATE_banana_pseudostem.001
10:07:25 | INFO: Primitives created: 1
10:07:25 | INFO: Extracting primitive: GATE_banana_soil.001
10:07:25 | INFO: Primitives created: 1
10:07:25 | INFO: Extracting primitive: KIT_rockery_passage.001
10:07:25 | INFO: Primitives created: 1
10:07:25 | INFO: Extracting primitive: GATE_paving.002
10:07:25 | INFO: Primitives created: 1
10:07:25 | INFO: Extracting primitive: KIT_props_lantern_hanging_render.008
10:07:25 | INFO: Primitives created: 1
10:07:25 | INFO: Extracting primitive: KIT_stage_fog_plane_render.017
10:07:25 | INFO: Primitives created: 1
10:07:25 | INFO: Extracting primitive: KIT_stage_floor.001
10:07:25 | INFO: Primitives created: 1
10:07:25 | INFO: Extracting primitive: AOJING_approach_guard.001
10:07:25 | INFO: Primitives created: 1
10:07:25 | INFO: Extracting primitive: KIT_stage_painted_moon.001
10:07:25 | INFO: Primitives created: 1
10:07:25 | INFO: Extracting primitive: KIT_stage_painted_mountain_layer.003
10:07:25 | INFO: Primitives created: 1
10:07:25 | INFO: Extracting primitive: KIT_stage_painted_mountain_layer.004
10:07:25 | INFO: Primitives created: 1
10:07:25 | INFO: Extracting primitive: KIT_stage_painted_mountain_layer.005
10:07:25 | INFO: Primitives created: 1
10:07:25 | INFO: Extracting primitive: KIT_water_stone_walk.005
10:07:25 | INFO: Primitives created: 1
10:07:25 | INFO: Extracting primitive: Painted coved ceiling candidate.001
10:07:25 | INFO: Primitives created: 1
10:07:25 | INFO: Extracting primitive: KIT_stage_painted_canvas.002
10:07:25 | INFO: Primitives created: 1
10:07:25 | INFO: Extracting primitive: Eight painted cyclorama arcs.001
10:07:25 | WARNING: More than one shader node tex image used for a texture. The resulting glTF sampler will behave like the first shader node tex image.
10:07:25 | INFO: Primitives created: 2
10:07:25 | INFO: Extracting primitive: KIT_stage_fog_plane_render.002
10:07:25 | INFO: Primitives created: 1
10:07:25 | INFO: Extracting primitive: KIT_tech_cell_side.012
10:07:25 | INFO: Primitives created: 1
10:07:25 | INFO: Extracting primitive: KIT_wall_window_bar.030
10:07:25 | INFO: Primitives created: 1
10:07:25 | INFO: Extracting primitive: KIT_stage_entry_walk.002
10:07:25 | INFO: Primitives created: 1
10:07:25 | INFO: Extracting primitive: KIT_props_folding_chair_render.001
10:07:25 | INFO: Primitives created: 1
10:07:25 | INFO: Extracting primitive: KIT_stage_floor_boards_render.002
10:07:25 | INFO: Primitives created: 1
10:07:25 | INFO: Extracting primitive: KIT_stage_gel_frame_render.002
10:07:25 | INFO: Primitives created: 2
10:07:25 | INFO: Extracting primitive: KIT_stage_studio_wall_render.002
10:07:25 | INFO: Primitives created: 1
10:07:25 | INFO: Extracting primitive: KIT_stage_fog_plane_render.020
10:07:25 | INFO: Primitives created: 1
10:07:25 | INFO: Extracting primitive: KIT_tech_terminal_desk_render.001
10:07:25 | INFO: Primitives created: 1
10:07:25 | INFO: Extracting primitive: KIT_props_scroll_render.001
10:07:25 | WARNING: More than one shader node tex image used for a texture. The resulting glTF sampler will behave like the first shader node tex image.
10:07:25 | INFO: Primitives created: 1
10:07:25 | INFO: Extracting primitive: SITE_tubi-tang_backstage.001
10:07:25 | INFO: Primitives created: 1
10:07:25 | INFO: Extracting primitive: KIT_pavilion_finial.007
10:07:25 | INFO: Primitives created: 1
10:07:25 | INFO: Extracting primitive: KIT_wall_amber_window.003
10:07:25 | INFO: Primitives created: 1
10:07:25 | INFO: Extracting primitive: TUBI_topic_line.001
10:07:25 | INFO: Primitives created: 1
10:07:25 | INFO: Extracting primitive: KIT_wall_lattice_vertical.063
10:07:25 | INFO: Primitives created: 1
10:07:25 | INFO: Extracting primitive: SITE_tubi-tang_platform.001
10:07:25 | INFO: Primitives created: 1
10:07:25 | INFO: Extracting primitive: KIT_props_lantern_hanging_render.012
10:07:25 | INFO: Primitives created: 1
10:07:25 | INFO: Extracting primitive: KIT_pavilion_roof.007
10:07:25 | INFO: Primitives created: 1
10:07:25 | INFO: Extracting primitive: TUBI_terrace.002
10:07:25 | INFO: Primitives created: 1
10:07:25 | INFO: Extracting primitive: SITE_tubi-tang_front.001
10:07:25 | INFO: Primitives created: 1
10:07:25 | INFO: Extracting primitive: XIAOXIANG_black_back.001
10:07:25 | INFO: Primitives created: 1
10:07:25 | INFO: Extracting primitive: XIAOXIANG_gate_pull.002
10:07:25 | INFO: Primitives created: 1
10:07:25 | INFO: Extracting primitive: XIAOXIANG_amber_window.001
10:07:25 | INFO: Primitives created: 1
10:07:25 | INFO: Extracting primitive: XIAOXIANG_gate_leaf.002
10:07:25 | INFO: Primitives created: 1
10:07:25 | INFO: Extracting primitive: XIAOXIANG_paving.001
10:07:25 | INFO: Primitives created: 1
10:07:25 | INFO: Extracting primitive: XIAOXIANG_wall_cap.001
10:07:25 | INFO: Primitives created: 1
10:07:25 | INFO: Extracting primitive: XIAOXIANG_closed_front.001
10:07:25 | INFO: Primitives created: 1
10:07:25 | INFO: Extracting primitive: YIHONG_backstage.002
10:07:25 | INFO: Primitives created: 1
10:07:25 | INFO: Extracting primitive: YIHONG_door_rail.001
10:07:25 | INFO: Primitives created: 1
10:07:25 | INFO: Extracting primitive: YIHONG_amber_window.002
10:07:25 | INFO: Primitives created: 1
10:07:25 | INFO: Extracting primitive: YIHONG_door_panel.001
10:07:25 | INFO: Primitives created: 1
10:07:25 | INFO: Extracting primitive: YIHONG_paving.002
10:07:25 | INFO: Primitives created: 1
10:07:25 | INFO: Extracting primitive: YIHONG_court_cap.001
10:07:25 | INFO: Primitives created: 1
10:07:25 | INFO: Extracting primitive: YIHONG_closed_front.002
10:07:25 | INFO: Primitives created: 1
10:07:25 | INFO: Extracting primitive: KIT_water_lotus_leaf.011
10:07:25 | INFO: Primitives created: 1
10:07:25 | INFO: Extracting primitive: KIT_water_plank.002
10:07:25 | INFO: Primitives created: 1
10:07:25 | INFO: Extracting primitive: SITE_ziling_island.001
10:07:25 | INFO: Primitives created: 1
10:07:25 | INFO: Finished glTF 2.0 export in 0.6955218315124512 s

{"engine": "Godot", "sites": {"stage": {"objects": 100, "triangles": 11188, "render_meshes": 11, "colliders": 87, "triggers": 0}, "qinfang-ting": {"objects": 145, "triangles": 41324, "render_meshes": 27, "colliders": 103, "triggers": 7}, "rockery-gate": {"objects": 27, "triangles": 15324, "render_meshes": 8, "colliders": 10, "triggers": 3}, "terminal-cells": {"objects": 113, "triangles": 37996, "render_meshes": 10, "colliders": 77, "triggers": 18}, "qiushuang-zhai": {"objects": 36, "triangles": 21754, "render_meshes": 11, "colliders": 13, "triggers": 5}, "tubi-tang": {"objects": 37, "triangles": 11340, "render_meshes": 11, "colliders": 16, "triggers": 5}, "daguan-lou": {"objects": 29, "triangles": 23666, "render_meshes": 10, "colliders": 13, "triggers": 3}, "ouxiang-xie": {"objects": 28, "triangles": 15450, "render_meshes": 6, "colliders": 13, "triggers": 4}, "hengwu-yuan": {"objects": 43, "triangles": 20386, "render_meshes": 11, "colliders": 23, "triggers": 4}, "yihong-yuan": {"objects": 28, "triangles": 2294, "render_meshes": 10, "colliders": 9, "triggers": 4}, "xiaoxiang-guan": {"objects": 30, "triangles": 7478, "render_meshes": 12, "colliders": 9, "triggers": 4}, "longcui-an": {"objects": 27, "triangles": 4638, "render_meshes": 10, "colliders": 8, "triggers": 4}, "aojing-guan": {"objects": 24, "triangles": 2788, "render_meshes": 8, "colliders": 7, "triggers": 3}, "daoxiang-cun": {"objects": 27, "triangles": 10862, "render_meshes": 9, "colliders": 8, "triggers": 4}, "ziling-zhou": {"objects": 23, "triangles": 7064, "render_meshes": 13, "colliders": 4, "triggers": 3}}, "warnings": ["Reference assets, not yet profiled on mobile.", "Lightmap bake remains unfinished; engine import evidence is recorded separately in godot/import-validation.json."], "total_triangles": 233552, "total_render_meshes": 167}
BlenderMCP addon unregistered
Blender 5.2.2 LTS (hash d13f752e3b9c built 2026-09-15 01:49:19)

Blender quit
