00:00.360  blend            | Read blend: "/var/folders/gf/s_g2zvzj3jxbylz3ylbc7k4c0000gn/T/garden-combined-floor-canopy-h940f7w0/authoring.blend"
BlenderMCP addon registered
INFO Draco is available, use library at /Applications/Blender.app/Contents/Resources/5.2/scripts/addons_core/io_scene_gltf2/libbf_intern_draco_bridge.dylib
INFO MeshOptimizer is available, use library at /Applications/Blender.app/Contents/Resources/5.2/scripts/addons_core/io_scene_gltf2/libbf_intern_meshopt_bridge.dylib
09:19:51 | INFO: Starting glTF 2.0 export
09:19:51 | INFO: Extracting primitive: COL_aojing_approach.001
09:19:51 | INFO: Primitives created: 1
09:19:51 | INFO: Extracting primitive: COL_aojing_approach.004
09:19:51 | INFO: Primitives created: 1
09:19:51 | INFO: Extracting primitive: COL_aojing_approach_guard.001
09:19:51 | INFO: Primitives created: 1
09:19:51 | INFO: Extracting primitive: COL_aojing_approach_guard.004
09:19:51 | INFO: Primitives created: 1
09:19:51 | INFO: Extracting primitive: COL_aojing_approach_ramp.002
09:19:51 | INFO: Primitives created: 1
09:19:51 | INFO: Extracting primitive: COL_daoxiang_approach.002
09:19:51 | INFO: Primitives created: 1
09:19:51 | INFO: Extracting primitive: COL_daoxiang_approach.003
09:19:51 | INFO: Primitives created: 1
09:19:51 | INFO: Extracting primitive: COL_hengwu_approach.002
09:19:51 | INFO: Primitives created: 1
09:19:51 | INFO: Extracting primitive: COL_hengwu_approach.003
09:19:51 | INFO: Primitives created: 1
09:19:51 | INFO: Extracting primitive: COL_longcui_approach.003
09:19:51 | INFO: Primitives created: 1
09:19:51 | INFO: Extracting primitive: COL_longcui_approach.004
09:19:51 | INFO: Primitives created: 1
09:19:51 | INFO: Extracting primitive: COL_longcui_approach.005
09:19:51 | INFO: Primitives created: 1
09:19:51 | INFO: Extracting primitive: Cube.009
09:19:51 | INFO: Primitives created: 1
09:19:51 | INFO: Extracting primitive: Cube.011
09:19:51 | INFO: Primitives created: 1
09:19:51 | INFO: Extracting primitive: Cube.012
09:19:51 | INFO: Primitives created: 1
09:19:51 | INFO: Extracting primitive: Cube.013
09:19:51 | INFO: Primitives created: 1
09:19:51 | INFO: Extracting primitive: Cube.019
09:19:51 | INFO: Primitives created: 1
09:19:51 | INFO: Extracting primitive: Cube.020
09:19:51 | INFO: Primitives created: 1
09:19:51 | INFO: Extracting primitive: Cube.023
09:19:51 | INFO: Primitives created: 1
09:19:51 | INFO: Extracting primitive: Cube.024
09:19:51 | INFO: Primitives created: 1
09:19:51 | INFO: Extracting primitive: Cube.048
09:19:51 | INFO: Primitives created: 1
09:19:51 | INFO: Extracting primitive: Cube.050
09:19:51 | INFO: Primitives created: 1
09:19:51 | INFO: Extracting primitive: Cube.052
09:19:51 | INFO: Primitives created: 1
09:19:51 | INFO: Extracting primitive: Cube.092
09:19:51 | INFO: Primitives created: 1
09:19:51 | INFO: Extracting primitive: Cube.093
09:19:51 | INFO: Primitives created: 1
09:19:51 | INFO: Extracting primitive: Cube.094
09:19:51 | INFO: Primitives created: 1
09:19:51 | INFO: Extracting primitive: Cube.095
09:19:51 | INFO: Primitives created: 1
09:19:51 | INFO: Extracting primitive: Cube.096
09:19:51 | INFO: Primitives created: 1
09:19:51 | INFO: Extracting primitive: Cube.097
09:19:51 | INFO: Primitives created: 1
09:19:51 | INFO: Extracting primitive: Cube.098
09:19:51 | INFO: Primitives created: 1
09:19:51 | INFO: Extracting primitive: Cube.099
09:19:51 | INFO: Primitives created: 1
09:19:51 | INFO: Extracting primitive: Cube.100
09:19:51 | INFO: Primitives created: 1
09:19:51 | INFO: Extracting primitive: Cube.101
09:19:51 | INFO: Primitives created: 1
09:19:51 | INFO: Extracting primitive: Cube.102
09:19:51 | INFO: Primitives created: 1
09:19:51 | INFO: Extracting primitive: Cube.103
09:19:51 | INFO: Primitives created: 1
09:19:51 | INFO: Extracting primitive: Cube.104
09:19:51 | INFO: Primitives created: 1
09:19:51 | INFO: Extracting primitive: Cube.105
09:19:51 | INFO: Primitives created: 1
09:19:51 | INFO: Extracting primitive: Cube.106
09:19:51 | INFO: Primitives created: 1
09:19:51 | INFO: Extracting primitive: Cube.107
09:19:51 | INFO: Primitives created: 1
09:19:51 | INFO: Extracting primitive: Cube.108
09:19:51 | INFO: Primitives created: 1
09:19:51 | INFO: Extracting primitive: Cube.109
09:19:51 | INFO: Primitives created: 1
09:19:51 | INFO: Extracting primitive: Cube.110
09:19:51 | INFO: Primitives created: 1
09:19:51 | INFO: Extracting primitive: Cube.111
09:19:51 | INFO: Primitives created: 1
09:19:51 | INFO: Extracting primitive: Cube.112
09:19:51 | INFO: Primitives created: 1
09:19:51 | INFO: Extracting primitive: Cube.113
09:19:51 | INFO: Primitives created: 1
09:19:51 | INFO: Extracting primitive: Cube.114
09:19:51 | INFO: Primitives created: 1
09:19:51 | INFO: Extracting primitive: Cube.115
09:19:51 | INFO: Primitives created: 1
09:19:51 | INFO: Extracting primitive: Cube.116
09:19:51 | INFO: Primitives created: 1
09:19:51 | INFO: Extracting primitive: Cube.117
09:19:51 | INFO: Primitives created: 1
09:19:51 | INFO: Extracting primitive: Cube.118
09:19:51 | INFO: Primitives created: 1
09:19:51 | INFO: Extracting primitive: Cube.119
09:19:51 | INFO: Primitives created: 1
09:19:51 | INFO: Extracting primitive: Cube.120
09:19:51 | INFO: Primitives created: 1
09:19:51 | INFO: Extracting primitive: Cube.121
09:19:51 | INFO: Primitives created: 1
09:19:51 | INFO: Extracting primitive: Cube.122
09:19:51 | INFO: Primitives created: 1
09:19:51 | INFO: Extracting primitive: Cube.123
09:19:51 | INFO: Primitives created: 1
09:19:51 | INFO: Extracting primitive: Cube.124
09:19:51 | INFO: Primitives created: 1
09:19:51 | INFO: Extracting primitive: Cube.125
09:19:51 | INFO: Primitives created: 1
09:19:51 | INFO: Extracting primitive: Cube.126
09:19:51 | INFO: Primitives created: 1
09:19:51 | INFO: Extracting primitive: Cube.127
09:19:51 | INFO: Primitives created: 1
09:19:51 | INFO: Extracting primitive: Cube.128
09:19:51 | INFO: Primitives created: 1
09:19:51 | INFO: Extracting primitive: Cube.129
09:19:51 | INFO: Primitives created: 1
09:19:51 | INFO: Extracting primitive: Cube.130
09:19:51 | INFO: Primitives created: 1
09:19:51 | INFO: Extracting primitive: Cube.131
09:19:51 | INFO: Primitives created: 1
09:19:51 | INFO: Extracting primitive: Cube.132
09:19:51 | INFO: Primitives created: 1
09:19:51 | INFO: Extracting primitive: Cube.133
09:19:51 | INFO: Primitives created: 1
09:19:51 | INFO: Extracting primitive: Cube.134
09:19:51 | INFO: Primitives created: 1
09:19:51 | INFO: Extracting primitive: Cube.135
09:19:51 | INFO: Primitives created: 1
09:19:51 | INFO: Extracting primitive: Cube.136
09:19:51 | INFO: Primitives created: 1
09:19:51 | INFO: Extracting primitive: Cube.137
09:19:51 | INFO: Primitives created: 1
09:19:51 | INFO: Extracting primitive: Cube.138
09:19:51 | INFO: Primitives created: 1
09:19:51 | INFO: Extracting primitive: Cube.139
09:19:51 | INFO: Primitives created: 1
09:19:51 | INFO: Extracting primitive: Cube.140
09:19:51 | INFO: Primitives created: 1
09:19:51 | INFO: Extracting primitive: Cube.141
09:19:51 | INFO: Primitives created: 1
09:19:51 | INFO: Extracting primitive: Cube.142
09:19:51 | INFO: Primitives created: 1
09:19:51 | INFO: Extracting primitive: Cube.143
09:19:51 | INFO: Primitives created: 1
09:19:51 | INFO: Extracting primitive: Cube.144
09:19:51 | INFO: Primitives created: 1
09:19:51 | INFO: Extracting primitive: COL_stone_walk.005
09:19:51 | INFO: Primitives created: 1
09:19:51 | INFO: Extracting primitive: COL_stone_walk.008
09:19:51 | INFO: Primitives created: 1
09:19:51 | INFO: Extracting primitive: COL_stone_walk.009
09:19:51 | INFO: Primitives created: 1
09:19:51 | INFO: Extracting primitive: COL_stone_walk.010
09:19:51 | INFO: Primitives created: 1
09:19:51 | INFO: Extracting primitive: COL_stone_walk.011
09:19:51 | INFO: Primitives created: 1
09:19:51 | INFO: Extracting primitive: COL_stone_walk.012
09:19:51 | INFO: Primitives created: 1
09:19:51 | INFO: Extracting primitive: COL_study_approach.002
09:19:51 | INFO: Primitives created: 1
09:19:51 | INFO: Extracting primitive: COL_tubi_approach.001
09:19:51 | INFO: Primitives created: 1
09:19:51 | INFO: Extracting primitive: COL_tubi_approach.002
09:19:51 | INFO: Primitives created: 1
09:19:51 | INFO: Extracting primitive: COL_tubi_approach.007
09:19:51 | INFO: Primitives created: 1
09:19:51 | INFO: Extracting primitive: COL_tubi_approach.008
09:19:51 | INFO: Primitives created: 1
09:19:51 | INFO: Extracting primitive: KIT_stage_floor.001
09:19:51 | INFO: Primitives created: 1
09:19:51 | INFO: Extracting primitive: AOJING_approach_guard.001
09:19:51 | INFO: Primitives created: 1
09:19:51 | INFO: Extracting primitive: KIT_stage_painted_moon.001
09:19:51 | INFO: Primitives created: 1
09:19:51 | INFO: Extracting primitive: KIT_stage_painted_mountain_layer.003
09:19:51 | INFO: Primitives created: 1
09:19:51 | INFO: Extracting primitive: KIT_stage_painted_mountain_layer.004
09:19:51 | INFO: Primitives created: 1
09:19:51 | INFO: Extracting primitive: KIT_stage_painted_mountain_layer.005
09:19:51 | INFO: Primitives created: 1
09:19:51 | INFO: Extracting primitive: KIT_water_stone_walk.005
09:19:51 | INFO: Primitives created: 1
09:19:51 | INFO: Extracting primitive: Painted coved ceiling candidate.001
09:19:51 | INFO: Primitives created: 1
09:19:51 | INFO: Extracting primitive: KIT_stage_painted_canvas.002
09:19:51 | INFO: Primitives created: 1
09:19:51 | INFO: Extracting primitive: Eight painted cyclorama arcs.001
09:19:51 | WARNING: More than one shader node tex image used for a texture. The resulting glTF sampler will behave like the first shader node tex image.
09:19:51 | INFO: Primitives created: 2
09:19:51 | INFO: Extracting primitive: KIT_stage_fog_plane_render.002
09:19:51 | INFO: Primitives created: 1
09:19:51 | INFO: Finished glTF 2.0 export in 0.19179415702819824 s

09:19:52 | INFO: Starting glTF 2.0 export
09:19:52 | INFO: Extracting primitive: Cube.147
09:19:52 | INFO: Primitives created: 1
09:19:52 | INFO: Extracting primitive: Cube.148
09:19:52 | INFO: Primitives created: 1
09:19:52 | INFO: Extracting primitive: Cube.149
09:19:52 | INFO: Primitives created: 1
09:19:52 | INFO: Extracting primitive: Cube.150
09:19:52 | INFO: Primitives created: 1
09:19:52 | INFO: Extracting primitive: COL_bridge_crosswalk.002
09:19:52 | INFO: Primitives created: 1
09:19:52 | INFO: Extracting primitive: COL_bridge_crosswalk.003
09:19:52 | INFO: Primitives created: 1
09:19:52 | INFO: Extracting primitive: COL_floor_joint_pavilion_east_joint.001
09:19:52 | INFO: Primitives created: 1
09:19:52 | INFO: Extracting primitive: COL_floor_joint_pavilion_west_joint.001
09:19:52 | INFO: Primitives created: 1
09:19:52 | INFO: Extracting primitive: Cube.146
09:19:52 | INFO: Primitives created: 1
09:19:52 | INFO: Extracting primitive: Cube.145
09:19:52 | INFO: Primitives created: 1
09:19:52 | INFO: Extracting primitive: COL_corridor_floor.009
09:19:52 | INFO: Primitives created: 1
09:19:52 | INFO: Extracting primitive: COL_corridor_side.015
09:19:52 | INFO: Primitives created: 1
09:19:52 | INFO: Extracting primitive: COL_corridor_side.016
09:19:52 | INFO: Primitives created: 1
09:19:52 | INFO: Extracting primitive: COL_corridor_post.016
09:19:52 | INFO: Primitives created: 1
09:19:52 | INFO: Extracting primitive: COL_corridor_post.017
09:19:52 | INFO: Primitives created: 1
09:19:52 | INFO: Extracting primitive: COL_corridor_floor.010
09:19:52 | INFO: Primitives created: 1
09:19:52 | INFO: Extracting primitive: COL_corridor_side.017
09:19:52 | INFO: Primitives created: 1
09:19:52 | INFO: Extracting primitive: COL_corridor_side.018
09:19:52 | INFO: Primitives created: 1
09:19:52 | INFO: Extracting primitive: COL_corridor_post.018
09:19:52 | INFO: Primitives created: 1
09:19:52 | INFO: Extracting primitive: COL_corridor_post.019
09:19:52 | INFO: Primitives created: 1
09:19:52 | INFO: Extracting primitive: COL_corridor_floor.011
09:19:52 | INFO: Primitives created: 1
09:19:52 | INFO: Extracting primitive: COL_corridor_side.019
09:19:52 | INFO: Primitives created: 1
09:19:52 | INFO: Extracting primitive: COL_corridor_side.020
09:19:52 | INFO: Primitives created: 1
09:19:52 | INFO: Extracting primitive: COL_corridor_post.020
09:19:52 | INFO: Primitives created: 1
09:19:52 | INFO: Extracting primitive: COL_corridor_post.021
09:19:52 | INFO: Primitives created: 1
09:19:52 | INFO: Extracting primitive: COL_corridor_floor.012
09:19:52 | INFO: Primitives created: 1
09:19:52 | INFO: Extracting primitive: COL_corridor_side.021
09:19:52 | INFO: Primitives created: 1
09:19:52 | INFO: Extracting primitive: COL_corridor_side.022
09:19:52 | INFO: Primitives created: 1
09:19:52 | INFO: Extracting primitive: COL_corridor_post.022
09:19:52 | INFO: Primitives created: 1
09:19:52 | INFO: Extracting primitive: COL_corridor_post.023
09:19:52 | INFO: Primitives created: 1
09:19:52 | INFO: Extracting primitive: COL_corridor_floor.001
09:19:52 | INFO: Primitives created: 1
09:19:52 | INFO: Extracting primitive: COL_corridor_side.001
09:19:52 | INFO: Primitives created: 1
09:19:52 | INFO: Extracting primitive: COL_corridor_side.002
09:19:52 | INFO: Primitives created: 1
09:19:52 | INFO: Extracting primitive: COL_corridor_post.001
09:19:52 | INFO: Primitives created: 1
09:19:52 | INFO: Extracting primitive: COL_corridor_post.002
09:19:52 | INFO: Primitives created: 1
09:19:52 | INFO: Extracting primitive: COL_corridor_floor.002
09:19:52 | INFO: Primitives created: 1
09:19:52 | INFO: Extracting primitive: COL_corridor_side.003
09:19:52 | INFO: Primitives created: 1
09:19:52 | INFO: Extracting primitive: COL_corridor_side.004
09:19:52 | INFO: Primitives created: 1
09:19:52 | INFO: Extracting primitive: COL_corridor_post.003
09:19:52 | INFO: Primitives created: 1
09:19:52 | INFO: Extracting primitive: COL_corridor_post.004
09:19:52 | INFO: Primitives created: 1
09:19:52 | INFO: Extracting primitive: COL_corridor_floor.003
09:19:52 | INFO: Primitives created: 1
09:19:52 | INFO: Extracting primitive: COL_corridor_side.005
09:19:52 | INFO: Primitives created: 1
09:19:52 | INFO: Extracting primitive: COL_corridor_side.006
09:19:52 | INFO: Primitives created: 1
09:19:52 | INFO: Extracting primitive: COL_corridor_post.005
09:19:52 | INFO: Primitives created: 1
09:19:52 | INFO: Extracting primitive: COL_corridor_post.006
09:19:52 | INFO: Primitives created: 1
09:19:52 | INFO: Extracting primitive: COL_corridor_floor.004
09:19:52 | INFO: Primitives created: 1
09:19:52 | INFO: Extracting primitive: COL_corridor_side.007
09:19:52 | INFO: Primitives created: 1
09:19:52 | INFO: Extracting primitive: COL_corridor_side.008
09:19:52 | INFO: Primitives created: 1
09:19:52 | INFO: Extracting primitive: COL_corridor_post.007
09:19:52 | INFO: Primitives created: 1
09:19:52 | INFO: Extracting primitive: COL_corridor_post.008
09:19:52 | INFO: Primitives created: 1
09:19:52 | INFO: Extracting primitive: COL_corridor_floor.005
09:19:52 | INFO: Primitives created: 1
09:19:52 | INFO: Extracting primitive: COL_corridor_side.009
09:19:52 | INFO: Primitives created: 1
09:19:52 | INFO: Extracting primitive: COL_corridor_side.010
09:19:52 | INFO: Primitives created: 1
09:19:52 | INFO: Extracting primitive: COL_corridor_post.009
09:19:52 | INFO: Primitives created: 1
09:19:52 | INFO: Extracting primitive: COL_corridor_post.010
09:19:52 | INFO: Primitives created: 1
09:19:52 | INFO: Extracting primitive: COL_corridor_floor.006
09:19:52 | INFO: Primitives created: 1
09:19:52 | INFO: Extracting primitive: COL_corridor_side.011
09:19:52 | INFO: Primitives created: 1
09:19:52 | INFO: Extracting primitive: COL_corridor_post.011
09:19:52 | INFO: Primitives created: 1
09:19:52 | INFO: Extracting primitive: COL_corridor_post.012
09:19:52 | INFO: Primitives created: 1
09:19:52 | INFO: Extracting primitive: COL_corridor_floor.007
09:19:52 | INFO: Primitives created: 1
09:19:52 | INFO: Extracting primitive: COL_corridor_side.012
09:19:52 | INFO: Primitives created: 1
09:19:52 | INFO: Extracting primitive: COL_corridor_post.013
09:19:52 | INFO: Primitives created: 1
09:19:52 | INFO: Extracting primitive: COL_corridor_floor.008
09:19:52 | INFO: Primitives created: 1
09:19:52 | INFO: Extracting primitive: COL_corridor_side.013
09:19:52 | INFO: Primitives created: 1
09:19:52 | INFO: Extracting primitive: COL_corridor_side.014
09:19:52 | INFO: Primitives created: 1
09:19:52 | INFO: Extracting primitive: COL_corridor_post.014
09:19:52 | INFO: Primitives created: 1
09:19:52 | INFO: Extracting primitive: COL_corridor_post.015
09:19:52 | INFO: Primitives created: 1
09:19:52 | INFO: Extracting primitive: COL_corridor_floor.013
09:19:52 | INFO: Primitives created: 1
09:19:52 | INFO: Extracting primitive: COL_corridor_side.023
09:19:52 | INFO: Primitives created: 1
09:19:52 | INFO: Extracting primitive: COL_corridor_side.024
09:19:52 | INFO: Primitives created: 1
09:19:52 | INFO: Extracting primitive: COL_corridor_post.024
09:19:52 | INFO: Primitives created: 1
09:19:52 | INFO: Extracting primitive: COL_corridor_post.025
09:19:52 | INFO: Primitives created: 1
09:19:52 | INFO: Extracting primitive: COL_corridor_floor.014
09:19:52 | INFO: Primitives created: 1
09:19:52 | INFO: Extracting primitive: COL_corridor_side.025
09:19:52 | INFO: Primitives created: 1
09:19:52 | INFO: Extracting primitive: COL_corridor_side.026
09:19:52 | INFO: Primitives created: 1
09:19:52 | INFO: Extracting primitive: COL_corridor_post.026
09:19:52 | INFO: Primitives created: 1
09:19:52 | INFO: Extracting primitive: COL_corridor_post.027
09:19:52 | INFO: Primitives created: 1
09:19:52 | INFO: Extracting primitive: COL_corridor_floor.015
09:19:52 | INFO: Primitives created: 1
09:19:52 | INFO: Extracting primitive: COL_corridor_side.027
09:19:52 | INFO: Primitives created: 1
09:19:52 | INFO: Extracting primitive: COL_corridor_side.028
09:19:52 | INFO: Primitives created: 1
09:19:52 | INFO: Extracting primitive: COL_corridor_post.028
09:19:52 | INFO: Primitives created: 1
09:19:52 | INFO: Extracting primitive: COL_corridor_post.029
09:19:52 | INFO: Primitives created: 1
09:19:52 | INFO: Extracting primitive: COL_corridor_floor.016
09:19:52 | INFO: Primitives created: 1
09:19:52 | INFO: Extracting primitive: COL_corridor_side.029
09:19:52 | INFO: Primitives created: 1
09:19:52 | INFO: Extracting primitive: COL_corridor_side.030
09:19:52 | INFO: Primitives created: 1
09:19:52 | INFO: Extracting primitive: COL_corridor_post.030
09:19:52 | INFO: Primitives created: 1
09:19:52 | INFO: Extracting primitive: COL_corridor_post.031
09:19:52 | INFO: Primitives created: 1
09:19:52 | INFO: Extracting primitive: COL_qinfang_deck.001
09:19:52 | INFO: Primitives created: 1
09:19:52 | INFO: Extracting primitive: COL_pavilion_bench.001
09:19:52 | INFO: Primitives created: 1
09:19:52 | INFO: Extracting primitive: COL_pavilion_bench.002
09:19:52 | INFO: Primitives created: 1
09:19:52 | INFO: Extracting primitive: COL_pavilion_bracket.001
09:19:52 | INFO: Primitives created: 1
09:19:52 | INFO: Extracting primitive: COL_pavilion_bracket.002
09:19:52 | INFO: Primitives created: 1
09:19:52 | INFO: Extracting primitive: COL_pavilion_bracket.003
09:19:52 | INFO: Primitives created: 1
09:19:52 | INFO: Extracting primitive: COL_pavilion_bracket.004
09:19:52 | INFO: Primitives created: 1
09:19:52 | INFO: Extracting primitive: COL_pavilion_bracket.005
09:19:52 | INFO: Primitives created: 1
09:19:52 | INFO: Extracting primitive: COL_pavilion_bracket.006
09:19:52 | INFO: Primitives created: 1
09:19:52 | INFO: Extracting primitive: COL_pavilion_post.001
09:19:52 | INFO: Primitives created: 1
09:19:52 | INFO: Extracting primitive: COL_pavilion_post.002
09:19:52 | INFO: Primitives created: 1
09:19:52 | INFO: Extracting primitive: COL_pavilion_post.003
09:19:52 | INFO: Primitives created: 1
09:19:52 | INFO: Extracting primitive: COL_pavilion_post.004
09:19:52 | INFO: Primitives created: 1
09:19:52 | INFO: Extracting primitive: COL_pavilion_post.005
09:19:52 | INFO: Primitives created: 1
09:19:52 | INFO: Extracting primitive: COL_pavilion_post.006
09:19:52 | INFO: Primitives created: 1
09:19:52 | INFO: Extracting primitive: COL_pavilion_roof.001
09:19:52 | INFO: Primitives created: 1
09:19:52 | INFO: Extracting primitive: KIT_flora_bamboo_large_render.001
09:19:52 | WARNING: More than one shader node tex image used for a texture. The resulting glTF sampler will behave like the first shader node tex image.
09:19:52 | INFO: Primitives created: 1
09:19:52 | INFO: Extracting primitive: KIT_flora_bamboo_large_render.002
09:19:52 | INFO: Primitives created: 1
09:19:52 | INFO: Extracting primitive: KIT_flora_bamboo_small_render.001
09:19:52 | INFO: Primitives created: 1
09:19:52 | INFO: Extracting primitive: KIT_flora_willow_render.001
09:19:52 | INFO: Primitives created: 1
09:19:52 | INFO: Extracting primitive: KIT_flora_willow_render.002
09:19:52 | INFO: Primitives created: 1
09:19:52 | INFO: Extracting primitive: HERO_qinfang-ting_title.002
09:19:52 | WARNING: More than one shader node tex image used for a texture. The resulting glTF sampler will behave like the first shader node tex image.
09:19:52 | INFO: Primitives created: 1
09:19:52 | INFO: Extracting primitive: HERO_qinfang_bridge.001
09:19:52 | INFO: Primitives created: 1
09:19:52 | INFO: Extracting primitive: HERO_table_hexagram.001
09:19:52 | INFO: Primitives created: 1
09:19:52 | INFO: Extracting primitive: line_piece.005
09:19:52 | WARNING: More than one shader node tex image used for a texture. The resulting glTF sampler will behave like the first shader node tex image.
09:19:52 | INFO: Primitives created: 1
09:19:52 | INFO: Extracting primitive: line_piece.002
09:19:52 | INFO: Primitives created: 1
09:19:52 | INFO: Extracting primitive: line_piece.011
09:19:52 | INFO: Primitives created: 1
09:19:52 | INFO: Extracting primitive: line_piece.008
09:19:52 | INFO: Primitives created: 1
09:19:52 | INFO: Extracting primitive: line_piece.017
09:19:52 | INFO: Primitives created: 1
09:19:52 | INFO: Extracting primitive: line_piece.014
09:19:52 | INFO: Primitives created: 1
09:19:52 | INFO: Extracting primitive: line_piece.019
09:19:52 | INFO: Primitives created: 1
09:19:52 | INFO: Extracting primitive: line_piece.018
09:19:52 | INFO: Primitives created: 1
09:19:52 | INFO: Extracting primitive: line_piece.021
09:19:52 | INFO: Primitives created: 1
09:19:52 | INFO: Extracting primitive: line_piece.020
09:19:52 | INFO: Primitives created: 1
09:19:52 | INFO: Extracting primitive: line_piece.023
09:19:52 | INFO: Primitives created: 1
09:19:52 | INFO: Extracting primitive: line_piece.022
09:19:52 | INFO: Primitives created: 1
09:19:52 | INFO: Extracting primitive: HERO_table_pedestal.001
09:19:52 | INFO: Primitives created: 1
09:19:52 | INFO: Extracting primitive: KIT_water_lotus.021
09:19:52 | INFO: Primitives created: 1
09:19:52 | INFO: Extracting primitive: KIT_corridor_rail.008
09:19:52 | INFO: Primitives created: 1
09:19:52 | INFO: Extracting primitive: KIT_pavilion_roof_shell.001
09:19:52 | INFO: Primitives created: 1
09:19:52 | INFO: Extracting primitive: KIT_pavilion_plinth.001
09:19:52 | INFO: Primitives created: 1
09:19:52 | INFO: Extracting primitive: KIT_props_lantern_hanging_render.001
09:19:52 | WARNING: More than one shader node tex image used for a texture. The resulting glTF sampler will behave like the first shader node tex image.
09:19:52 | INFO: Primitives created: 1
09:19:52 | INFO: Extracting primitive: KIT_water_stream.001
09:19:52 | INFO: Primitives created: 1
09:19:52 | INFO: Finished glTF 2.0 export in 0.2601900100708008 s

09:19:53 | INFO: Starting glTF 2.0 export
09:19:53 | INFO: Extracting primitive: COL_GATE_banana_planter.001
09:19:53 | INFO: Primitives created: 1
09:19:53 | INFO: Extracting primitive: KIT_rockery_passage.022
09:19:53 | INFO: Primitives created: 1
09:19:53 | INFO: Extracting primitive: KIT_rockery_passage.024
09:19:53 | INFO: Primitives created: 1
09:19:53 | INFO: Extracting primitive: KIT_rockery_cliff.006
09:19:53 | INFO: Primitives created: 1
09:19:53 | INFO: Extracting primitive: KIT_rockery_cliff.008
09:19:53 | INFO: Primitives created: 1
09:19:53 | INFO: Extracting primitive: KIT_rockery_passage.004
09:19:53 | INFO: Primitives created: 1
09:19:53 | INFO: Extracting primitive: KIT_rockery_passage.016
09:19:53 | INFO: Primitives created: 1
09:19:53 | INFO: Extracting primitive: KIT_rockery_passage.018
09:19:53 | INFO: Primitives created: 1
09:19:53 | INFO: Extracting primitive: KIT_rockery_passage.020
09:19:53 | INFO: Primitives created: 1
09:19:53 | INFO: Extracting primitive: GATE_paving.003
09:19:53 | INFO: Primitives created: 1
09:19:53 | INFO: Extracting primitive: HERO_gate_inscription.001
09:19:53 | WARNING: More than one shader node tex image used for a texture. The resulting glTF sampler will behave like the first shader node tex image.
09:19:53 | INFO: Primitives created: 1
09:19:53 | INFO: Extracting primitive: HERO_gate_water_drips.001
09:19:53 | WARNING: More than one shader node tex image used for a texture. The resulting glTF sampler will behave like the first shader node tex image.
09:19:53 | INFO: Primitives created: 1
09:19:53 | INFO: Extracting primitive: GATE_banana_pseudostem.001
09:19:53 | INFO: Primitives created: 1
09:19:53 | INFO: Extracting primitive: GATE_banana_soil.001
09:19:53 | INFO: Primitives created: 1
09:19:53 | INFO: Extracting primitive: KIT_rockery_passage.001
09:19:53 | WARNING: More than one shader node tex image used for a texture. The resulting glTF sampler will behave like the first shader node tex image.
09:19:53 | INFO: Primitives created: 1
09:19:53 | INFO: Extracting primitive: GATE_paving.002
09:19:53 | INFO: Primitives created: 1
09:19:53 | INFO: Extracting primitive: KIT_props_lantern_hanging_render.008
09:19:53 | WARNING: More than one shader node tex image used for a texture. The resulting glTF sampler will behave like the first shader node tex image.
09:19:53 | INFO: Primitives created: 1
09:19:53 | INFO: Extracting primitive: KIT_stage_fog_plane_render.017
09:19:53 | INFO: Primitives created: 1
09:19:53 | INFO: Finished glTF 2.0 export in 0.07486796379089355 s

09:19:53 | INFO: Starting glTF 2.0 export
09:19:53 | INFO: Extracting primitive: COL_cell_floor.006
09:19:53 | INFO: Primitives created: 1
09:19:53 | INFO: Extracting primitive: COL_cell_floor.007
09:19:53 | INFO: Primitives created: 1
09:19:53 | INFO: Extracting primitive: COL_cell_floor.008
09:19:53 | INFO: Primitives created: 1
09:19:53 | INFO: Extracting primitive: COL_cell_floor.009
09:19:53 | INFO: Primitives created: 1
09:19:53 | INFO: Extracting primitive: COL_cell_floor.010
09:19:53 | INFO: Primitives created: 1
09:19:53 | INFO: Extracting primitive: COL_cell_floor.011
09:19:53 | INFO: Primitives created: 1
09:19:53 | INFO: Extracting primitive: COL_cell_wall.012
09:19:53 | INFO: Primitives created: 1
09:19:53 | INFO: Extracting primitive: COL_cell_wall.013
09:19:53 | INFO: Primitives created: 1
09:19:53 | INFO: Extracting primitive: COL_cell_wall.014
09:19:53 | INFO: Primitives created: 1
09:19:53 | INFO: Extracting primitive: COL_cell_wall.015
09:19:53 | INFO: Primitives created: 1
09:19:53 | INFO: Extracting primitive: COL_cell_wall.016
09:19:53 | INFO: Primitives created: 1
09:19:53 | INFO: Extracting primitive: COL_cell_wall.017
09:19:53 | INFO: Primitives created: 1
09:19:53 | INFO: Extracting primitive: COL_cell_wall.018
09:19:53 | INFO: Primitives created: 1
09:19:53 | INFO: Extracting primitive: COL_cell_wall.019
09:19:53 | INFO: Primitives created: 1
09:19:53 | INFO: Extracting primitive: COL_cell_wall.020
09:19:53 | INFO: Primitives created: 1
09:19:53 | INFO: Extracting primitive: COL_cell_wall.021
09:19:53 | INFO: Primitives created: 1
09:19:53 | INFO: Extracting primitive: COL_cell_wall.022
09:19:53 | INFO: Primitives created: 1
09:19:53 | INFO: Extracting primitive: COL_cell_wall.023
09:19:53 | INFO: Primitives created: 1
09:19:53 | INFO: Extracting primitive: COL_entry_corridor.001
09:19:53 | INFO: Primitives created: 1
09:19:53 | INFO: Extracting primitive: COL_entry_walk.002
09:19:53 | INFO: Primitives created: 1
09:19:53 | INFO: Extracting primitive: COL_entry_walk.003
09:19:53 | INFO: Primitives created: 1
09:19:53 | INFO: Extracting primitive: COL_floor_joint_cell_threshold_0.001
09:19:53 | INFO: Primitives created: 1
09:19:53 | INFO: Extracting primitive: COL_floor_joint_cell_threshold_1.001
09:19:53 | INFO: Primitives created: 1
09:19:53 | INFO: Extracting primitive: COL_floor_joint_cell_threshold_2.001
09:19:53 | INFO: Primitives created: 1
09:19:53 | INFO: Extracting primitive: COL_floor_joint_cell_threshold_3.001
09:19:53 | INFO: Primitives created: 1
09:19:53 | INFO: Extracting primitive: COL_floor_joint_cell_threshold_4.001
09:19:53 | INFO: Primitives created: 1
09:19:53 | INFO: Extracting primitive: COL_floor_joint_cell_threshold_5.001
09:19:53 | INFO: Primitives created: 1
09:19:53 | INFO: Extracting primitive: Cube.193
09:19:53 | INFO: Primitives created: 1
09:19:53 | INFO: Extracting primitive: Cube.194
09:19:53 | INFO: Primitives created: 1
09:19:53 | INFO: Extracting primitive: Cube.195
09:19:53 | INFO: Primitives created: 1
09:19:53 | INFO: Extracting primitive: Cube.196
09:19:53 | INFO: Primitives created: 1
09:19:53 | INFO: Extracting primitive: Cube.197
09:19:53 | INFO: Primitives created: 1
09:19:53 | INFO: Extracting primitive: Cube.198
09:19:53 | INFO: Primitives created: 1
09:19:53 | INFO: Extracting primitive: Cube.199
09:19:53 | INFO: Primitives created: 1
09:19:53 | INFO: Extracting primitive: Cube.200
09:19:53 | INFO: Primitives created: 1
09:19:53 | INFO: Extracting primitive: Cube.151
09:19:53 | INFO: Primitives created: 1
09:19:53 | INFO: Extracting primitive: Cube.152
09:19:53 | INFO: Primitives created: 1
09:19:53 | INFO: Extracting primitive: Cube.153
09:19:53 | INFO: Primitives created: 1
09:19:53 | INFO: Extracting primitive: Cube.154
09:19:53 | INFO: Primitives created: 1
09:19:53 | INFO: Extracting primitive: Cube.155
09:19:53 | INFO: Primitives created: 1
09:19:53 | INFO: Extracting primitive: Cube.156
09:19:53 | INFO: Primitives created: 1
09:19:53 | INFO: Extracting primitive: Cube.157
09:19:53 | INFO: Primitives created: 1
09:19:53 | INFO: Extracting primitive: Cube.158
09:19:53 | INFO: Primitives created: 1
09:19:53 | INFO: Extracting primitive: Cube.159
09:19:53 | INFO: Primitives created: 1
09:19:53 | INFO: Extracting primitive: Cube.160
09:19:53 | INFO: Primitives created: 1
09:19:53 | INFO: Extracting primitive: Cube.161
09:19:53 | INFO: Primitives created: 1
09:19:53 | INFO: Extracting primitive: Cube.162
09:19:53 | INFO: Primitives created: 1
09:19:53 | INFO: Extracting primitive: Cube.163
09:19:53 | INFO: Primitives created: 1
09:19:53 | INFO: Extracting primitive: Cube.164
09:19:53 | INFO: Primitives created: 1
09:19:53 | INFO: Extracting primitive: Cube.165
09:19:53 | INFO: Primitives created: 1
09:19:53 | INFO: Extracting primitive: Cube.166
09:19:53 | INFO: Primitives created: 1
09:19:53 | INFO: Extracting primitive: Cube.167
09:19:53 | INFO: Primitives created: 1
09:19:53 | INFO: Extracting primitive: Cube.168
09:19:53 | INFO: Primitives created: 1
09:19:53 | INFO: Extracting primitive: Cube.169
09:19:53 | INFO: Primitives created: 1
09:19:53 | INFO: Extracting primitive: Cube.170
09:19:53 | INFO: Primitives created: 1
09:19:53 | INFO: Extracting primitive: Cube.171
09:19:53 | INFO: Primitives created: 1
09:19:53 | INFO: Extracting primitive: Cube.172
09:19:53 | INFO: Primitives created: 1
09:19:53 | INFO: Extracting primitive: Cube.173
09:19:53 | INFO: Primitives created: 1
09:19:53 | INFO: Extracting primitive: Cube.174
09:19:53 | INFO: Primitives created: 1
09:19:53 | INFO: Extracting primitive: Cube.175
09:19:53 | INFO: Primitives created: 1
09:19:53 | INFO: Extracting primitive: Cube.176
09:19:53 | INFO: Primitives created: 1
09:19:53 | INFO: Extracting primitive: Cube.177
09:19:53 | INFO: Primitives created: 1
09:19:53 | INFO: Extracting primitive: Cube.178
09:19:53 | INFO: Primitives created: 1
09:19:53 | INFO: Extracting primitive: Cube.179
09:19:53 | INFO: Primitives created: 1
09:19:53 | INFO: Extracting primitive: Cube.180
09:19:53 | INFO: Primitives created: 1
09:19:53 | INFO: Extracting primitive: Cube.181
09:19:53 | INFO: Primitives created: 1
09:19:53 | INFO: Extracting primitive: Cube.182
09:19:53 | INFO: Primitives created: 1
09:19:53 | INFO: Extracting primitive: Cube.183
09:19:53 | INFO: Primitives created: 1
09:19:53 | INFO: Extracting primitive: Cube.184
09:19:53 | INFO: Primitives created: 1
09:19:53 | INFO: Extracting primitive: Cube.185
09:19:53 | INFO: Primitives created: 1
09:19:53 | INFO: Extracting primitive: Cube.186
09:19:53 | INFO: Primitives created: 1
09:19:53 | INFO: Extracting primitive: Cube.187
09:19:53 | INFO: Primitives created: 1
09:19:53 | INFO: Extracting primitive: Cube.188
09:19:53 | INFO: Primitives created: 1
09:19:53 | INFO: Extracting primitive: Cube.189
09:19:53 | INFO: Primitives created: 1
09:19:53 | INFO: Extracting primitive: Cube.190
09:19:53 | INFO: Primitives created: 1
09:19:53 | INFO: Extracting primitive: Cube.191
09:19:53 | INFO: Primitives created: 1
09:19:53 | INFO: Extracting primitive: Cube.192
09:19:53 | INFO: Primitives created: 1
09:19:53 | INFO: Extracting primitive: KIT_tech_cell_side.012
09:19:53 | INFO: Primitives created: 1
09:19:53 | INFO: Extracting primitive: KIT_wall_window_bar.030
09:19:53 | INFO: Primitives created: 1
09:19:53 | INFO: Extracting primitive: KIT_stage_entry_walk.002
09:19:53 | INFO: Primitives created: 1
09:19:53 | INFO: Extracting primitive: KIT_props_folding_chair_render.001
09:19:53 | WARNING: More than one shader node tex image used for a texture. The resulting glTF sampler will behave like the first shader node tex image.
09:19:53 | INFO: Primitives created: 1
09:19:53 | INFO: Extracting primitive: KIT_stage_floor_boards_render.002
09:19:53 | WARNING: More than one shader node tex image used for a texture. The resulting glTF sampler will behave like the first shader node tex image.
09:19:53 | INFO: Primitives created: 1
09:19:53 | INFO: Extracting primitive: KIT_stage_gel_frame_render.002
09:19:53 | INFO: Primitives created: 2
09:19:53 | INFO: Extracting primitive: KIT_stage_studio_wall_render.002
09:19:53 | INFO: Primitives created: 1
09:19:53 | INFO: Extracting primitive: KIT_stage_fog_plane_render.020
09:19:53 | INFO: Primitives created: 1
09:19:53 | INFO: Extracting primitive: KIT_tech_terminal_desk_render.001
09:19:54 | WARNING: More than one shader node tex image used for a texture. The resulting glTF sampler will behave like the first shader node tex image.
09:19:54 | INFO: Primitives created: 1
09:19:54 | INFO: Extracting primitive: KIT_props_scroll_render.001
09:19:54 | WARNING: More than one shader node tex image used for a texture. The resulting glTF sampler will behave like the first shader node tex image.
09:19:54 | INFO: Primitives created: 1
09:19:54 | INFO: Finished glTF 2.0 export in 0.15626811981201172 s

09:19:55 | INFO: Starting glTF 2.0 export
09:19:55 | INFO: Extracting primitive: COL_qiushuang-zhai_floor.001
09:19:55 | INFO: Primitives created: 1
09:19:55 | INFO: Extracting primitive: COL_study_desk_centre.002
09:19:55 | INFO: Primitives created: 1
09:19:55 | INFO: Extracting primitive: COL_study_desk_left.002
09:19:55 | INFO: Primitives created: 1
09:19:55 | INFO: Extracting primitive: COL_study_desk_right.002
09:19:55 | INFO: Primitives created: 1
09:19:55 | INFO: Extracting primitive: COL_study_front_walk.002
09:19:55 | INFO: Primitives created: 1
09:19:55 | INFO: Extracting primitive: COL_study_front_wall.002
09:19:55 | INFO: Primitives created: 1
09:19:55 | INFO: Extracting primitive: COL_study_post.001
09:19:55 | INFO: Primitives created: 1
09:19:55 | INFO: Extracting primitive: COL_study_post.002
09:19:55 | INFO: Primitives created: 1
09:19:55 | INFO: Extracting primitive: COL_study_post.003
09:19:55 | INFO: Primitives created: 1
09:19:55 | INFO: Extracting primitive: COL_study_post.008
09:19:55 | INFO: Primitives created: 1
09:19:55 | INFO: Extracting primitive: Cube.201
09:19:55 | INFO: Primitives created: 1
09:19:55 | INFO: Extracting primitive: Cube.202
09:19:55 | INFO: Primitives created: 1
09:19:55 | INFO: Extracting primitive: Cube.203
09:19:55 | INFO: Primitives created: 1
09:19:55 | INFO: Extracting primitive: HERO_study_scroll_bamboo.002
09:19:55 | INFO: Primitives created: 1
09:19:55 | INFO: Extracting primitive: HERO_study_scroll_plum.002
09:19:55 | INFO: Primitives created: 1
09:19:55 | INFO: Extracting primitive: HERO_study_title.002
09:19:55 | WARNING: More than one shader node tex image used for a texture. The resulting glTF sampler will behave like the first shader node tex image.
09:19:55 | INFO: Primitives created: 1
09:19:55 | INFO: Extracting primitive: SITE_qiushuang-zhai_backstage.001
09:19:55 | INFO: Primitives created: 1
09:19:55 | INFO: Extracting primitive: KIT_pavilion_finial.005
09:19:55 | INFO: Primitives created: 1
09:19:55 | INFO: Extracting primitive: KIT_wall_lattice_vertical.042
09:19:55 | INFO: Primitives created: 1
09:19:55 | INFO: Extracting primitive: SITE_qiushuang-zhai_platform.001
09:19:55 | INFO: Primitives created: 1
09:19:55 | INFO: Extracting primitive: KIT_props_lantern_hanging_render.010
09:19:55 | WARNING: More than one shader node tex image used for a texture. The resulting glTF sampler will behave like the first shader node tex image.
09:19:55 | INFO: Primitives created: 1
09:19:55 | INFO: Extracting primitive: KIT_pavilion_roof.005
09:19:55 | INFO: Primitives created: 1
09:19:55 | INFO: Extracting primitive: KIT_tech_terminal_desk_render.007
09:19:55 | WARNING: More than one shader node tex image used for a texture. The resulting glTF sampler will behave like the first shader node tex image.
09:19:55 | INFO: Primitives created: 1
09:19:55 | INFO: Extracting primitive: SITE_qiushuang-zhai_front.001
09:19:55 | INFO: Primitives created: 1
09:19:55 | INFO: Finished glTF 2.0 export in 0.05374622344970703 s

09:19:56 | INFO: Starting glTF 2.0 export
09:19:56 | INFO: Extracting primitive: COL_tubi-tang_floor.001
09:19:56 | INFO: Primitives created: 1
09:19:56 | INFO: Extracting primitive: COL_tubi_closed_hall.002
09:19:56 | INFO: Primitives created: 1
09:19:56 | INFO: Extracting primitive: COL_tubi_hall_post.001
09:19:56 | INFO: Primitives created: 1
09:19:56 | INFO: Extracting primitive: COL_tubi_hall_post.002
09:19:56 | INFO: Primitives created: 1
09:19:56 | INFO: Extracting primitive: COL_tubi_hall_post.006
09:19:56 | INFO: Primitives created: 1
09:19:56 | INFO: Extracting primitive: COL_tubi_parapet.001
09:19:56 | INFO: Primitives created: 1
09:19:56 | INFO: Extracting primitive: COL_tubi_parapet.002
09:19:56 | INFO: Primitives created: 1
09:19:56 | INFO: Extracting primitive: COL_tubi_parapet.003
09:19:56 | INFO: Primitives created: 1
09:19:56 | INFO: Extracting primitive: COL_tubi_parapet.008
09:19:56 | INFO: Primitives created: 1
09:19:56 | INFO: Extracting primitive: COL_tubi_stair_guard.001
09:19:56 | INFO: Primitives created: 1
09:19:56 | INFO: Extracting primitive: COL_tubi_stair_guard.004
09:19:56 | INFO: Primitives created: 1
09:19:56 | INFO: Extracting primitive: COL_tubi_stair_ramp.002
09:19:56 | INFO: Primitives created: 1
09:19:56 | INFO: Extracting primitive: COL_tubi_terrace.002
09:19:56 | INFO: Primitives created: 1
09:19:56 | INFO: Extracting primitive: COL_tubi_topic_table.002
09:19:56 | INFO: Primitives created: 1
09:19:56 | INFO: Extracting primitive: COL_tubi_view_bench_left.001
09:19:56 | INFO: Primitives created: 1
09:19:56 | INFO: Extracting primitive: COL_tubi_view_bench_right.001
09:19:56 | INFO: Primitives created: 1
09:19:56 | INFO: Extracting primitive: HERO_tubi_title.002
09:19:56 | WARNING: More than one shader node tex image used for a texture. The resulting glTF sampler will behave like the first shader node tex image.
09:19:56 | INFO: Primitives created: 1
09:19:56 | INFO: Extracting primitive: SITE_tubi-tang_backstage.001
09:19:56 | INFO: Primitives created: 1
09:19:56 | INFO: Extracting primitive: KIT_pavilion_finial.007
09:19:56 | INFO: Primitives created: 1
09:19:56 | INFO: Extracting primitive: KIT_wall_amber_window.003
09:19:56 | INFO: Primitives created: 1
09:19:56 | INFO: Extracting primitive: TUBI_topic_line.001
09:19:56 | INFO: Primitives created: 1
09:19:56 | INFO: Extracting primitive: KIT_wall_lattice_vertical.063
09:19:56 | INFO: Primitives created: 1
09:19:56 | INFO: Extracting primitive: SITE_tubi-tang_platform.001
09:19:56 | INFO: Primitives created: 1
09:19:56 | INFO: Extracting primitive: KIT_props_lantern_hanging_render.012
09:19:56 | WARNING: More than one shader node tex image used for a texture. The resulting glTF sampler will behave like the first shader node tex image.
09:19:56 | INFO: Primitives created: 1
09:19:56 | INFO: Extracting primitive: KIT_pavilion_roof.007
09:19:56 | INFO: Primitives created: 1
09:19:56 | INFO: Extracting primitive: TUBI_terrace.002
09:19:56 | INFO: Primitives created: 1
09:19:56 | INFO: Extracting primitive: SITE_tubi-tang_front.001
09:19:56 | INFO: Primitives created: 1
09:19:56 | INFO: Finished glTF 2.0 export in 0.04156303405761719 s

09:19:58 | INFO: Starting glTF 2.0 export
09:19:58 | INFO: Extracting primitive: COL_daguan_central_step.003
09:19:58 | INFO: Primitives created: 1
09:19:58 | INFO: Extracting primitive: COL_daguan_central_step.004
09:19:58 | INFO: Primitives created: 1
09:19:58 | INFO: Extracting primitive: COL_daguan_central_step.005
09:19:58 | INFO: Primitives created: 1
09:19:58 | INFO: Extracting primitive: COL_daguan_closed_front.001
09:19:58 | INFO: Primitives created: 1
09:19:58 | INFO: Extracting primitive: COL_daguan_column.006
09:19:58 | INFO: Primitives created: 1
09:19:58 | INFO: Extracting primitive: COL_daguan_column.007
09:19:58 | INFO: Primitives created: 1
09:19:58 | INFO: Extracting primitive: COL_daguan_column.008
09:19:58 | INFO: Primitives created: 1
09:19:58 | INFO: Extracting primitive: COL_daguan_column.009
09:19:58 | INFO: Primitives created: 1
09:19:58 | INFO: Extracting primitive: COL_daguan_column.010
09:19:58 | INFO: Primitives created: 1
09:19:58 | INFO: Extracting primitive: COL_daguan_column.011
09:19:58 | INFO: Primitives created: 1
09:19:58 | INFO: Extracting primitive: COL_daguan_floor.001
09:19:58 | INFO: Primitives created: 1
09:19:58 | INFO: Extracting primitive: COL_daguan_return_wall.002
09:19:58 | INFO: Primitives created: 1
09:19:58 | INFO: Extracting primitive: COL_daguan_return_wall.003
09:19:58 | INFO: Primitives created: 1
09:19:58 | INFO: Extracting primitive: HERO_daguan_title.001
09:19:58 | WARNING: More than one shader node tex image used for a texture. The resulting glTF sampler will behave like the first shader node tex image.
09:19:58 | INFO: Primitives created: 1
09:19:58 | INFO: Extracting primitive: DAGUAN_backstage.001
09:19:58 | INFO: Primitives created: 1
09:19:58 | INFO: Extracting primitive: DAGUAN_door_stud.180
09:19:58 | INFO: Primitives created: 1
09:19:58 | INFO: Extracting primitive: DAGUAN_amber_transom.002
09:19:58 | INFO: Primitives created: 1
09:19:58 | INFO: Extracting primitive: DAGUAN_closed_door.010
09:19:58 | INFO: Primitives created: 1
09:19:58 | INFO: Extracting primitive: DAGUAN_recessed_panel.020
09:19:58 | INFO: Primitives created: 1
09:19:58 | INFO: Extracting primitive: DAGUAN_column.006
09:19:58 | INFO: Primitives created: 1
09:19:58 | INFO: Extracting primitive: DAGUAN_platform.001
09:19:58 | INFO: Primitives created: 1
09:19:58 | INFO: Extracting primitive: DAGUAN_lower_roof.001
09:19:59 | INFO: Primitives created: 1
09:19:59 | INFO: Extracting primitive: DAGUAN_front.001
09:19:59 | INFO: Primitives created: 1
09:19:59 | INFO: Finished glTF 2.0 export in 0.062088966369628906 s

09:19:59 | INFO: Starting glTF 2.0 export
09:19:59 | INFO: Extracting primitive: COL_ouxiang_approach.001
09:19:59 | INFO: Primitives created: 1
09:19:59 | INFO: Extracting primitive: COL_ouxiang_deck.001
09:19:59 | INFO: Primitives created: 1
09:19:59 | INFO: Extracting primitive: COL_ouxiang_post.004
09:19:59 | INFO: Primitives created: 1
09:19:59 | INFO: Extracting primitive: COL_ouxiang_post.005
09:19:59 | INFO: Primitives created: 1
09:19:59 | INFO: Extracting primitive: COL_ouxiang_post.006
09:19:59 | INFO: Primitives created: 1
09:19:59 | INFO: Extracting primitive: COL_ouxiang_post.007
09:19:59 | INFO: Primitives created: 1
09:19:59 | INFO: Extracting primitive: COL_ouxiang_rail.002
09:19:59 | INFO: Primitives created: 1
09:19:59 | INFO: Extracting primitive: COL_ouxiang_rail.003
09:19:59 | INFO: Primitives created: 1
09:19:59 | INFO: Extracting primitive: COL_ouxiang_side_rail.004
09:19:59 | INFO: Primitives created: 1
09:19:59 | INFO: Extracting primitive: COL_ouxiang_side_rail.005
09:19:59 | INFO: Primitives created: 1
09:19:59 | INFO: Extracting primitive: COL_ouxiang_side_rail.006
09:19:59 | INFO: Primitives created: 1
09:19:59 | INFO: Extracting primitive: COL_ouxiang_side_rail.007
09:19:59 | INFO: Primitives created: 1
09:19:59 | INFO: Extracting primitive: COL_ouxiang_table.001
09:19:59 | INFO: Primitives created: 1
09:19:59 | INFO: Extracting primitive: KIT_props_tea_cup.006
09:19:59 | INFO: Primitives created: 1
09:19:59 | INFO: Extracting primitive: KIT_water_lotus_leaf.007
09:19:59 | INFO: Primitives created: 1
09:19:59 | INFO: Extracting primitive: SITE_ouxiang_deck.001
09:19:59 | INFO: Primitives created: 1
09:19:59 | INFO: Extracting primitive: KIT_pavilion_water_pier.004
09:19:59 | INFO: Primitives created: 1
09:19:59 | INFO: Extracting primitive: KIT_props_lantern_hanging_render.013
09:19:59 | WARNING: More than one shader node tex image used for a texture. The resulting glTF sampler will behave like the first shader node tex image.
09:19:59 | INFO: Primitives created: 1
09:19:59 | INFO: Extracting primitive: KIT_pavilion_water_hipped_roof.001
09:19:59 | INFO: Primitives created: 1
09:19:59 | INFO: Finished glTF 2.0 export in 0.034063100814819336 s

09:20:01 | INFO: Starting glTF 2.0 export
09:20:01 | INFO: Extracting primitive: COL_hengwu-yuan_floor.001
09:20:01 | INFO: Primitives created: 1
09:20:01 | INFO: Extracting primitive: COL_hengwu_closed_hall.002
09:20:01 | INFO: Primitives created: 1
09:20:01 | INFO: Extracting primitive: COL_hengwu_court.002
09:20:01 | INFO: Primitives created: 1
09:20:01 | INFO: Extracting primitive: COL_hengwu_hall_post.001
09:20:01 | INFO: Primitives created: 1
09:20:01 | INFO: Extracting primitive: COL_hengwu_hall_post.002
09:20:01 | INFO: Primitives created: 1
09:20:01 | INFO: Extracting primitive: COL_hengwu_hall_post.006
09:20:01 | INFO: Primitives created: 1
09:20:01 | INFO: Extracting primitive: COL_wall_bay.001
09:20:01 | INFO: Primitives created: 1
09:20:01 | INFO: Extracting primitive: COL_wall_bay.002
09:20:01 | INFO: Primitives created: 1
09:20:01 | INFO: Extracting primitive: COL_wall_bay.003
09:20:01 | INFO: Primitives created: 1
09:20:01 | INFO: Extracting primitive: COL_wall_bay.004
09:20:01 | INFO: Primitives created: 1
09:20:01 | INFO: Extracting primitive: COL_wall_bay.005
09:20:01 | INFO: Primitives created: 1
09:20:01 | INFO: Extracting primitive: COL_wall_bay.006
09:20:01 | INFO: Primitives created: 1
09:20:01 | INFO: Extracting primitive: KIT_wall_plaster.002
09:20:01 | INFO: Primitives created: 1
09:20:01 | INFO: Extracting primitive: COL_wall_window.001
09:20:01 | INFO: Primitives created: 1
09:20:01 | INFO: Extracting primitive: COL_wall_window.002
09:20:01 | INFO: Primitives created: 1
09:20:01 | INFO: Extracting primitive: COL_hengwu_rock.001
09:20:01 | INFO: Primitives created: 1
09:20:01 | INFO: Extracting primitive: COL_hengwu_rock.002
09:20:01 | INFO: Primitives created: 1
09:20:01 | INFO: Extracting primitive: COL_hengwu_rock.006
09:20:01 | INFO: Primitives created: 1
09:20:01 | INFO: Extracting primitive: COL_hengwu_stool.001
09:20:01 | INFO: Primitives created: 1
09:20:01 | INFO: Extracting primitive: COL_hengwu_stool.002
09:20:01 | INFO: Primitives created: 1
09:20:01 | INFO: Extracting primitive: COL_hengwu_stool.003
09:20:01 | INFO: Primitives created: 1
09:20:01 | INFO: Extracting primitive: COL_hengwu_stool.008
09:20:01 | INFO: Primitives created: 1
09:20:01 | INFO: Extracting primitive: COL_hengwu_table.002
09:20:01 | INFO: Primitives created: 1
09:20:01 | INFO: Extracting primitive: HERO_hengwu-yuan_title.002
09:20:01 | WARNING: More than one shader node tex image used for a texture. The resulting glTF sampler will behave like the first shader node tex image.
09:20:01 | INFO: Primitives created: 1
09:20:01 | INFO: Extracting primitive: SITE_hengwu-yuan_backstage.001
09:20:01 | INFO: Primitives created: 1
09:20:01 | INFO: Extracting primitive: KIT_pavilion_finial.011
09:20:01 | INFO: Primitives created: 1
09:20:01 | INFO: Extracting primitive: KIT_wall_amber_window.006
09:20:01 | INFO: Primitives created: 1
09:20:01 | INFO: Extracting primitive: HENGWU_herb_leaf.001
09:20:01 | INFO: Primitives created: 1
09:20:01 | INFO: Extracting primitive: KIT_wall_lattice_vertical.105
09:20:01 | INFO: Primitives created: 1
09:20:01 | INFO: Extracting primitive: SITE_hengwu-yuan_platform.001
09:20:01 | INFO: Primitives created: 1
09:20:01 | INFO: Extracting primitive: KIT_props_lantern_hanging_render.015
09:20:01 | WARNING: More than one shader node tex image used for a texture. The resulting glTF sampler will behave like the first shader node tex image.
09:20:01 | INFO: Primitives created: 1
09:20:01 | INFO: Extracting primitive: KIT_pavilion_roof.011
09:20:01 | INFO: Primitives created: 1
09:20:01 | INFO: Extracting primitive: KIT_wall_bay.001
09:20:01 | WARNING: More than one shader node tex image used for a texture. The resulting glTF sampler will behave like the first shader node tex image.
09:20:01 | INFO: Primitives created: 1
09:20:01 | INFO: Extracting primitive: SITE_hengwu-yuan_front.001
09:20:01 | INFO: Primitives created: 1
09:20:01 | INFO: Finished glTF 2.0 export in 0.12706303596496582 s

09:20:01 | INFO: Starting glTF 2.0 export
09:20:01 | INFO: Extracting primitive: COL_yihong_closed_front.002
09:20:01 | INFO: Primitives created: 1
09:20:01 | INFO: Extracting primitive: COL_yihong_court_side.001
09:20:01 | INFO: Primitives created: 1
09:20:01 | INFO: Extracting primitive: COL_yihong_court_side.004
09:20:01 | INFO: Primitives created: 1
09:20:01 | INFO: Extracting primitive: COL_yihong_floor.002
09:20:01 | INFO: Primitives created: 1
09:20:01 | INFO: Extracting primitive: COL_yihong_planter.001
09:20:01 | INFO: Primitives created: 1
09:20:01 | INFO: Extracting primitive: COL_yihong_planter.004
09:20:01 | INFO: Primitives created: 1
09:20:01 | INFO: Extracting primitive: COL_yihong_side_return.001
09:20:01 | INFO: Primitives created: 1
09:20:01 | INFO: Extracting primitive: COL_yihong_side_return.004
09:20:01 | INFO: Primitives created: 1
09:20:01 | INFO: Extracting primitive: COL_yihong_threshold.002
09:20:01 | INFO: Primitives created: 1
09:20:01 | INFO: Extracting primitive: KIT_flora_banana_render.001
09:20:01 | WARNING: More than one shader node tex image used for a texture. The resulting glTF sampler will behave like the first shader node tex image.
09:20:01 | INFO: Primitives created: 1
09:20:01 | INFO: Extracting primitive: KIT_flora_banana_render.002
09:20:01 | INFO: Primitives created: 1
09:20:01 | INFO: Extracting primitive: HERO_yihong-yuan_title.002
09:20:01 | WARNING: More than one shader node tex image used for a texture. The resulting glTF sampler will behave like the first shader node tex image.
09:20:01 | INFO: Primitives created: 1
09:20:01 | INFO: Extracting primitive: YIHONG_backstage.002
09:20:01 | INFO: Primitives created: 1
09:20:01 | INFO: Extracting primitive: YIHONG_door_rail.001
09:20:01 | INFO: Primitives created: 1
09:20:01 | INFO: Extracting primitive: YIHONG_amber_window.002
09:20:01 | INFO: Primitives created: 1
09:20:01 | INFO: Extracting primitive: YIHONG_door_panel.001
09:20:01 | INFO: Primitives created: 1
09:20:01 | INFO: Extracting primitive: YIHONG_paving.002
09:20:01 | INFO: Primitives created: 1
09:20:01 | INFO: Extracting primitive: YIHONG_court_cap.001
09:20:01 | INFO: Primitives created: 1
09:20:01 | INFO: Extracting primitive: YIHONG_closed_front.002
09:20:01 | INFO: Primitives created: 1
09:20:01 | INFO: Finished glTF 2.0 export in 0.03039073944091797 s

09:20:02 | INFO: Starting glTF 2.0 export
09:20:02 | INFO: Extracting primitive: COL_xiaoxiang_bamboo_bed.004
09:20:02 | INFO: Primitives created: 1
09:20:02 | INFO: Extracting primitive: COL_xiaoxiang_bamboo_bed.005
09:20:02 | INFO: Primitives created: 1
09:20:02 | INFO: Extracting primitive: COL_xiaoxiang_bamboo_bed.006
09:20:02 | INFO: Primitives created: 1
09:20:02 | INFO: Extracting primitive: COL_xiaoxiang_bamboo_bed.007
09:20:02 | INFO: Primitives created: 1
09:20:02 | INFO: Extracting primitive: COL_xiaoxiang_closed_front.001
09:20:02 | INFO: Primitives created: 1
09:20:02 | INFO: Extracting primitive: COL_xiaoxiang_floor.001
09:20:02 | INFO: Primitives created: 1
09:20:02 | INFO: Extracting primitive: COL_xiaoxiang_return.002
09:20:02 | INFO: Primitives created: 1
09:20:02 | INFO: Extracting primitive: COL_xiaoxiang_return.003
09:20:02 | INFO: Primitives created: 1
09:20:02 | INFO: Extracting primitive: COL_xiaoxiang_threshold.001
09:20:02 | INFO: Primitives created: 1
09:20:02 | INFO: Extracting primitive: KIT_flora_bamboo_large_render.003
09:20:02 | WARNING: More than one shader node tex image used for a texture. The resulting glTF sampler will behave like the first shader node tex image.
09:20:02 | INFO: Primitives created: 1
09:20:02 | INFO: Extracting primitive: KIT_flora_bamboo_medium_render.001
09:20:02 | INFO: Primitives created: 1
09:20:02 | INFO: Extracting primitive: KIT_flora_bamboo_small_render.002
09:20:02 | INFO: Primitives created: 1
09:20:02 | INFO: Extracting primitive: KIT_flora_bamboo_large_render.004
09:20:02 | INFO: Primitives created: 1
09:20:02 | INFO: Extracting primitive: HERO_xiaoxiang-guan_title.002
09:20:02 | WARNING: More than one shader node tex image used for a texture. The resulting glTF sampler will behave like the first shader node tex image.
09:20:02 | INFO: Primitives created: 1
09:20:02 | INFO: Extracting primitive: XIAOXIANG_black_back.001
09:20:02 | INFO: Primitives created: 1
09:20:02 | INFO: Extracting primitive: XIAOXIANG_gate_pull.002
09:20:02 | INFO: Primitives created: 1
09:20:02 | INFO: Extracting primitive: XIAOXIANG_amber_window.001
09:20:02 | INFO: Primitives created: 1
09:20:02 | INFO: Extracting primitive: XIAOXIANG_gate_leaf.002
09:20:02 | INFO: Primitives created: 1
09:20:02 | INFO: Extracting primitive: XIAOXIANG_paving.001
09:20:02 | INFO: Primitives created: 1
09:20:02 | INFO: Extracting primitive: XIAOXIANG_wall_cap.001
09:20:02 | INFO: Primitives created: 1
09:20:02 | INFO: Extracting primitive: XIAOXIANG_closed_front.001
09:20:02 | INFO: Primitives created: 1
09:20:02 | INFO: Finished glTF 2.0 export in 0.03511691093444824 s

09:20:02 | INFO: Starting glTF 2.0 export
09:20:02 | INFO: Extracting primitive: COL_longcui_burner.001
09:20:02 | INFO: Primitives created: 1
09:20:02 | INFO: Extracting primitive: COL_longcui_closed_front.001
09:20:02 | INFO: Primitives created: 1
09:20:02 | INFO: Extracting primitive: COL_longcui_floor.001
09:20:02 | INFO: Primitives created: 1
09:20:02 | INFO: Extracting primitive: COL_longcui_plum_trunk.002
09:20:02 | INFO: Primitives created: 1
09:20:02 | INFO: Extracting primitive: COL_longcui_plum_trunk.003
09:20:02 | INFO: Primitives created: 1
09:20:02 | INFO: Extracting primitive: COL_longcui_return.002
09:20:02 | INFO: Primitives created: 1
09:20:02 | INFO: Extracting primitive: COL_longcui_return.003
09:20:02 | INFO: Primitives created: 1
09:20:02 | INFO: Extracting primitive: COL_longcui_threshold.001
09:20:02 | INFO: Primitives created: 1
09:20:02 | INFO: Extracting primitive: KIT_flora_plum_render.001
09:20:02 | WARNING: More than one shader node tex image used for a texture. The resulting glTF sampler will behave like the first shader node tex image.
09:20:02 | INFO: Primitives created: 1
09:20:02 | INFO: Extracting primitive: KIT_flora_plum_render.002
09:20:02 | INFO: Primitives created: 1
09:20:02 | INFO: Extracting primitive: HERO_longcui-an_title.002
09:20:02 | WARNING: More than one shader node tex image used for a texture. The resulting glTF sampler will behave like the first shader node tex image.
09:20:02 | INFO: Primitives created: 1
09:20:02 | INFO: Extracting primitive: LONGCUI_backstage.001
09:20:02 | INFO: Primitives created: 1
09:20:02 | INFO: Extracting primitive: LONGCUI_gate_pull.002
09:20:02 | INFO: Primitives created: 1
09:20:02 | INFO: Extracting primitive: LONGCUI_closed_gate.002
09:20:02 | INFO: Primitives created: 1
09:20:02 | INFO: Extracting primitive: LONGCUI_paving.001
09:20:02 | INFO: Primitives created: 1
09:20:02 | INFO: Extracting primitive: KIT_props_lantern_hanging_render.016
09:20:02 | WARNING: More than one shader node tex image used for a texture. The resulting glTF sampler will behave like the first shader node tex image.
09:20:02 | INFO: Primitives created: 1
09:20:02 | INFO: Extracting primitive: LONGCUI_wall_cap.001
09:20:02 | INFO: Primitives created: 1
09:20:02 | INFO: Extracting primitive: LONGCUI_closed_front.001
09:20:02 | INFO: Primitives created: 1
09:20:02 | INFO: Finished glTF 2.0 export in 0.03336620330810547 s

09:20:03 | INFO: Starting glTF 2.0 export
09:20:03 | INFO: Extracting primitive: COL_aojing_closed_front.002
09:20:03 | INFO: Primitives created: 1
09:20:03 | INFO: Extracting primitive: COL_aojing_dry_ledge.002
09:20:03 | INFO: Primitives created: 1
09:20:03 | INFO: Extracting primitive: COL_aojing_hall_floor.002
09:20:03 | INFO: Primitives created: 1
09:20:03 | INFO: Extracting primitive: COL_aojing_ledge_end.002
09:20:03 | INFO: Primitives created: 1
09:20:03 | INFO: Extracting primitive: COL_aojing_ledge_parapet.002
09:20:03 | INFO: Primitives created: 1
09:20:03 | INFO: Extracting primitive: COL_aojing_return.001
09:20:03 | INFO: Primitives created: 1
09:20:03 | INFO: Extracting primitive: COL_aojing_return.004
09:20:03 | INFO: Primitives created: 1
09:20:03 | INFO: Extracting primitive: HERO_aojing-guan_title.002
09:20:03 | WARNING: More than one shader node tex image used for a texture. The resulting glTF sampler will behave like the first shader node tex image.
09:20:03 | INFO: Primitives created: 1
09:20:03 | INFO: Extracting primitive: AOJING_pond.002
09:20:03 | INFO: Primitives created: 1
09:20:03 | INFO: Extracting primitive: AOJING_backstage.002
09:20:03 | INFO: Primitives created: 1
09:20:03 | INFO: Extracting primitive: AOJING_amber_window.002
09:20:03 | INFO: Primitives created: 1
09:20:03 | INFO: Extracting primitive: AOJING_window_lattice.001
09:20:03 | INFO: Primitives created: 1
09:20:03 | INFO: Extracting primitive: AOJING_dry_ledge.002
09:20:03 | INFO: Primitives created: 1
09:20:03 | INFO: Extracting primitive: AOJING_roof.002
09:20:03 | INFO: Primitives created: 1
09:20:03 | INFO: Extracting primitive: AOJING_closed_front.002
09:20:03 | INFO: Primitives created: 1
09:20:03 | INFO: Finished glTF 2.0 export in 0.027746200561523438 s

09:20:04 | INFO: Starting glTF 2.0 export
09:20:04 | INFO: Extracting primitive: COL_daoxiang_closed_front.001
09:20:04 | INFO: Primitives created: 1
09:20:04 | INFO: Extracting primitive: COL_daoxiang_court.001
09:20:04 | INFO: Primitives created: 1
09:20:04 | INFO: Extracting primitive: COL_daoxiang_fence.004
09:20:04 | INFO: Primitives created: 1
09:20:04 | INFO: Extracting primitive: COL_daoxiang_fence.005
09:20:04 | INFO: Primitives created: 1
09:20:04 | INFO: Extracting primitive: COL_daoxiang_fence.006
09:20:04 | INFO: Primitives created: 1
09:20:04 | INFO: Extracting primitive: COL_daoxiang_fence.007
09:20:04 | INFO: Primitives created: 1
09:20:04 | INFO: Extracting primitive: COL_daoxiang_side.002
09:20:04 | INFO: Primitives created: 1
09:20:04 | INFO: Extracting primitive: COL_daoxiang_side.003
09:20:04 | INFO: Primitives created: 1
09:20:04 | INFO: Extracting primitive: HERO_daoxiang-cun_title.002
09:20:04 | WARNING: More than one shader node tex image used for a texture. The resulting glTF sampler will behave like the first shader node tex image.
09:20:04 | INFO: Primitives created: 1
09:20:04 | INFO: Extracting primitive: DAOXIANG_backstage.001
09:20:04 | INFO: Primitives created: 1
09:20:04 | INFO: Extracting primitive: DAOXIANG_door_latch.001
09:20:04 | INFO: Primitives created: 1
09:20:04 | INFO: Extracting primitive: DAOXIANG_warm_sliver.001
09:20:04 | INFO: Primitives created: 1
09:20:04 | INFO: Extracting primitive: DAOXIANG_closed_door.001
09:20:04 | INFO: Primitives created: 1
09:20:04 | INFO: Extracting primitive: DAOXIANG_paddy_painting.001
09:20:04 | INFO: Primitives created: 1
09:20:04 | INFO: Extracting primitive: DAOXIANG_court.001
09:20:04 | INFO: Primitives created: 1
09:20:04 | INFO: Extracting primitive: DAOXIANG_thatch_mass.001
09:20:04 | INFO: Primitives created: 1
09:20:04 | INFO: Extracting primitive: DAOXIANG_front.001
09:20:04 | INFO: Primitives created: 1
09:20:04 | INFO: Finished glTF 2.0 export in 0.03964114189147949 s

09:20:04 | INFO: Starting glTF 2.0 export
09:20:04 | INFO: Extracting primitive: COL_water_bridge_side.001
09:20:04 | INFO: Primitives created: 1
09:20:04 | INFO: Extracting primitive: COL_water_bridge_side.004
09:20:04 | INFO: Primitives created: 1
09:20:04 | INFO: Extracting primitive: COL_water_bridge_deck.002
09:20:04 | INFO: Primitives created: 1
09:20:04 | INFO: Extracting primitive: COL_ziling_landing.001
09:20:04 | INFO: Primitives created: 1
09:20:04 | INFO: Extracting primitive: KIT_flora_reed_render.001
09:20:04 | WARNING: More than one shader node tex image used for a texture. The resulting glTF sampler will behave like the first shader node tex image.
09:20:04 | INFO: Primitives created: 1
09:20:04 | INFO: Extracting primitive: KIT_flora_reed_render.002
09:20:04 | INFO: Primitives created: 1
09:20:04 | INFO: Extracting primitive: KIT_flora_reed_render.003
09:20:04 | INFO: Primitives created: 1
09:20:04 | INFO: Extracting primitive: KIT_flora_reed_render.004
09:20:04 | INFO: Primitives created: 1
09:20:04 | INFO: Extracting primitive: KIT_flora_reed_render.005
09:20:04 | INFO: Primitives created: 1
09:20:04 | INFO: Extracting primitive: KIT_flora_reed_render.006
09:20:04 | INFO: Primitives created: 1
09:20:04 | INFO: Extracting primitive: KIT_flora_reed_render.007
09:20:04 | INFO: Primitives created: 1
09:20:04 | INFO: Extracting primitive: KIT_flora_reed_render.008
09:20:04 | INFO: Primitives created: 1
09:20:04 | INFO: Extracting primitive: KIT_flora_reed_render.009
09:20:04 | INFO: Primitives created: 1
09:20:04 | INFO: Extracting primitive: KIT_flora_reed_render.010
09:20:04 | INFO: Primitives created: 1
09:20:04 | INFO: Extracting primitive: KIT_water_lotus_leaf.011
09:20:04 | INFO: Primitives created: 1
09:20:04 | INFO: Extracting primitive: KIT_water_plank.002
09:20:04 | WARNING: More than one shader node tex image used for a texture. The resulting glTF sampler will behave like the first shader node tex image.
09:20:04 | INFO: Primitives created: 1
09:20:04 | INFO: Extracting primitive: SITE_ziling_island.001
09:20:04 | INFO: Primitives created: 1
09:20:04 | INFO: Finished glTF 2.0 export in 0.03605008125305176 s

09:20:04 | INFO: Starting glTF 2.0 export
09:20:04 | INFO: Extracting primitive: COL_aojing_approach.001
09:20:04 | INFO: Primitives created: 1
09:20:04 | INFO: Extracting primitive: COL_aojing_approach.004
09:20:04 | INFO: Primitives created: 1
09:20:04 | INFO: Extracting primitive: COL_aojing_approach_guard.001
09:20:04 | INFO: Primitives created: 1
09:20:04 | INFO: Extracting primitive: COL_aojing_approach_guard.004
09:20:04 | INFO: Primitives created: 1
09:20:04 | INFO: Extracting primitive: COL_aojing_approach_ramp.002
09:20:04 | INFO: Primitives created: 1
09:20:04 | INFO: Extracting primitive: COL_aojing_closed_front.002
09:20:04 | INFO: Primitives created: 1
09:20:04 | INFO: Extracting primitive: COL_aojing_dry_ledge.002
09:20:04 | INFO: Primitives created: 1
09:20:04 | INFO: Extracting primitive: COL_aojing_hall_floor.002
09:20:04 | INFO: Primitives created: 1
09:20:04 | INFO: Extracting primitive: COL_aojing_ledge_end.002
09:20:04 | INFO: Primitives created: 1
09:20:04 | INFO: Extracting primitive: COL_aojing_ledge_parapet.002
09:20:04 | INFO: Primitives created: 1
09:20:04 | INFO: Extracting primitive: COL_aojing_return.001
09:20:04 | INFO: Primitives created: 1
09:20:04 | INFO: Extracting primitive: COL_aojing_return.004
09:20:04 | INFO: Primitives created: 1
09:20:04 | INFO: Extracting primitive: Cube.147
09:20:04 | INFO: Primitives created: 1
09:20:04 | INFO: Extracting primitive: Cube.148
09:20:04 | INFO: Primitives created: 1
09:20:04 | INFO: Extracting primitive: Cube.149
09:20:04 | INFO: Primitives created: 1
09:20:04 | INFO: Extracting primitive: Cube.150
09:20:04 | INFO: Primitives created: 1
09:20:04 | INFO: Extracting primitive: COL_bridge_crosswalk.002
09:20:04 | INFO: Primitives created: 1
09:20:04 | INFO: Extracting primitive: COL_bridge_crosswalk.003
09:20:04 | INFO: Primitives created: 1
09:20:04 | INFO: Extracting primitive: COL_cell_floor.006
09:20:04 | INFO: Primitives created: 1
09:20:04 | INFO: Extracting primitive: COL_cell_floor.007
09:20:04 | INFO: Primitives created: 1
09:20:04 | INFO: Extracting primitive: COL_cell_floor.008
09:20:04 | INFO: Primitives created: 1
09:20:04 | INFO: Extracting primitive: COL_cell_floor.009
09:20:04 | INFO: Primitives created: 1
09:20:04 | INFO: Extracting primitive: COL_cell_floor.010
09:20:04 | INFO: Primitives created: 1
09:20:04 | INFO: Extracting primitive: COL_cell_floor.011
09:20:04 | INFO: Primitives created: 1
09:20:04 | INFO: Extracting primitive: COL_cell_wall.012
09:20:04 | INFO: Primitives created: 1
09:20:04 | INFO: Extracting primitive: COL_cell_wall.013
09:20:04 | INFO: Primitives created: 1
09:20:04 | INFO: Extracting primitive: COL_cell_wall.014
09:20:04 | INFO: Primitives created: 1
09:20:04 | INFO: Extracting primitive: COL_cell_wall.015
09:20:04 | INFO: Primitives created: 1
09:20:04 | INFO: Extracting primitive: COL_cell_wall.016
09:20:04 | INFO: Primitives created: 1
09:20:04 | INFO: Extracting primitive: COL_cell_wall.017
09:20:04 | INFO: Primitives created: 1
09:20:04 | INFO: Extracting primitive: COL_cell_wall.018
09:20:04 | INFO: Primitives created: 1
09:20:04 | INFO: Extracting primitive: COL_cell_wall.019
09:20:04 | INFO: Primitives created: 1
09:20:04 | INFO: Extracting primitive: COL_cell_wall.020
09:20:04 | INFO: Primitives created: 1
09:20:04 | INFO: Extracting primitive: COL_cell_wall.021
09:20:04 | INFO: Primitives created: 1
09:20:04 | INFO: Extracting primitive: COL_cell_wall.022
09:20:04 | INFO: Primitives created: 1
09:20:04 | INFO: Extracting primitive: COL_cell_wall.023
09:20:04 | INFO: Primitives created: 1
09:20:04 | INFO: Extracting primitive: COL_daguan_central_step.003
09:20:04 | INFO: Primitives created: 1
09:20:04 | INFO: Extracting primitive: COL_daguan_central_step.004
09:20:04 | INFO: Primitives created: 1
09:20:04 | INFO: Extracting primitive: COL_daguan_central_step.005
09:20:04 | INFO: Primitives created: 1
09:20:04 | INFO: Extracting primitive: COL_daguan_closed_front.001
09:20:04 | INFO: Primitives created: 1
09:20:04 | INFO: Extracting primitive: COL_daguan_column.006
09:20:04 | INFO: Primitives created: 1
09:20:04 | INFO: Extracting primitive: COL_daguan_column.007
09:20:04 | INFO: Primitives created: 1
09:20:04 | INFO: Extracting primitive: COL_daguan_column.008
09:20:04 | INFO: Primitives created: 1
09:20:04 | INFO: Extracting primitive: COL_daguan_column.009
09:20:04 | INFO: Primitives created: 1
09:20:04 | INFO: Extracting primitive: COL_daguan_column.010
09:20:04 | INFO: Primitives created: 1
09:20:04 | INFO: Extracting primitive: COL_daguan_column.011
09:20:04 | INFO: Primitives created: 1
09:20:04 | INFO: Extracting primitive: COL_daguan_floor.001
09:20:04 | INFO: Primitives created: 1
09:20:04 | INFO: Extracting primitive: COL_daguan_return_wall.002
09:20:04 | INFO: Primitives created: 1
09:20:04 | INFO: Extracting primitive: COL_daguan_return_wall.003
09:20:04 | INFO: Primitives created: 1
09:20:04 | INFO: Extracting primitive: COL_daoxiang_approach.002
09:20:04 | INFO: Primitives created: 1
09:20:04 | INFO: Extracting primitive: COL_daoxiang_approach.003
09:20:04 | INFO: Primitives created: 1
09:20:04 | INFO: Extracting primitive: COL_daoxiang_closed_front.001
09:20:04 | INFO: Primitives created: 1
09:20:04 | INFO: Extracting primitive: COL_daoxiang_court.001
09:20:04 | INFO: Primitives created: 1
09:20:04 | INFO: Extracting primitive: COL_daoxiang_fence.004
09:20:04 | INFO: Primitives created: 1
09:20:04 | INFO: Extracting primitive: COL_daoxiang_fence.005
09:20:04 | INFO: Primitives created: 1
09:20:04 | INFO: Extracting primitive: COL_daoxiang_fence.006
09:20:04 | INFO: Primitives created: 1
09:20:04 | INFO: Extracting primitive: COL_daoxiang_fence.007
09:20:04 | INFO: Primitives created: 1
09:20:04 | INFO: Extracting primitive: COL_daoxiang_side.002
09:20:04 | INFO: Primitives created: 1
09:20:04 | INFO: Extracting primitive: COL_daoxiang_side.003
09:20:04 | INFO: Primitives created: 1
09:20:04 | INFO: Extracting primitive: COL_entry_corridor.001
09:20:04 | INFO: Primitives created: 1
09:20:04 | INFO: Extracting primitive: COL_entry_walk.002
09:20:04 | INFO: Primitives created: 1
09:20:04 | INFO: Extracting primitive: COL_entry_walk.003
09:20:04 | INFO: Primitives created: 1
09:20:04 | INFO: Extracting primitive: COL_floor_joint_cell_threshold_0.001
09:20:04 | INFO: Primitives created: 1
09:20:04 | INFO: Extracting primitive: COL_floor_joint_cell_threshold_1.001
09:20:04 | INFO: Primitives created: 1
09:20:04 | INFO: Extracting primitive: COL_floor_joint_cell_threshold_2.001
09:20:04 | INFO: Primitives created: 1
09:20:04 | INFO: Extracting primitive: COL_floor_joint_cell_threshold_3.001
09:20:04 | INFO: Primitives created: 1
09:20:04 | INFO: Extracting primitive: COL_floor_joint_cell_threshold_4.001
09:20:04 | INFO: Primitives created: 1
09:20:04 | INFO: Extracting primitive: COL_floor_joint_cell_threshold_5.001
09:20:04 | INFO: Primitives created: 1
09:20:04 | INFO: Extracting primitive: COL_floor_joint_pavilion_east_joint.001
09:20:04 | INFO: Primitives created: 1
09:20:04 | INFO: Extracting primitive: COL_floor_joint_pavilion_west_joint.001
09:20:04 | INFO: Primitives created: 1
09:20:04 | INFO: Extracting primitive: Cube.146
09:20:04 | INFO: Primitives created: 1
09:20:04 | INFO: Extracting primitive: Cube.145
09:20:04 | INFO: Primitives created: 1
09:20:04 | INFO: Extracting primitive: COL_GATE_banana_planter.001
09:20:04 | INFO: Primitives created: 1
09:20:04 | INFO: Extracting primitive: KIT_rockery_passage.022
09:20:04 | INFO: Primitives created: 1
09:20:04 | INFO: Extracting primitive: KIT_rockery_passage.024
09:20:04 | INFO: Primitives created: 1
09:20:04 | INFO: Extracting primitive: KIT_rockery_cliff.006
09:20:04 | INFO: Primitives created: 1
09:20:04 | INFO: Extracting primitive: KIT_rockery_cliff.008
09:20:04 | INFO: Primitives created: 1
09:20:04 | INFO: Extracting primitive: KIT_rockery_passage.004
09:20:04 | INFO: Primitives created: 1
09:20:04 | INFO: Extracting primitive: KIT_rockery_passage.016
09:20:04 | INFO: Primitives created: 1
09:20:04 | INFO: Extracting primitive: KIT_rockery_passage.018
09:20:04 | INFO: Primitives created: 1
09:20:04 | INFO: Extracting primitive: KIT_rockery_passage.020
09:20:04 | INFO: Primitives created: 1
09:20:04 | INFO: Extracting primitive: GATE_paving.003
09:20:04 | INFO: Primitives created: 1
09:20:04 | INFO: Extracting primitive: COL_hengwu-yuan_floor.001
09:20:04 | INFO: Primitives created: 1
09:20:04 | INFO: Extracting primitive: COL_hengwu_approach.002
09:20:04 | INFO: Primitives created: 1
09:20:04 | INFO: Extracting primitive: COL_hengwu_approach.003
09:20:04 | INFO: Primitives created: 1
09:20:04 | INFO: Extracting primitive: COL_hengwu_closed_hall.002
09:20:04 | INFO: Primitives created: 1
09:20:04 | INFO: Extracting primitive: COL_hengwu_court.002
09:20:04 | INFO: Primitives created: 1
09:20:04 | INFO: Extracting primitive: COL_hengwu_hall_post.001
09:20:04 | INFO: Primitives created: 1
09:20:04 | INFO: Extracting primitive: COL_hengwu_hall_post.002
09:20:04 | INFO: Primitives created: 1
09:20:04 | INFO: Extracting primitive: COL_hengwu_hall_post.006
09:20:04 | INFO: Primitives created: 1
09:20:04 | INFO: Extracting primitive: COL_wall_bay.001
09:20:04 | INFO: Primitives created: 1
09:20:04 | INFO: Extracting primitive: COL_wall_bay.002
09:20:04 | INFO: Primitives created: 1
09:20:04 | INFO: Extracting primitive: COL_wall_bay.003
09:20:04 | INFO: Primitives created: 1
09:20:04 | INFO: Extracting primitive: COL_wall_bay.004
09:20:04 | INFO: Primitives created: 1
09:20:04 | INFO: Extracting primitive: COL_wall_bay.005
09:20:04 | INFO: Primitives created: 1
09:20:04 | INFO: Extracting primitive: COL_wall_bay.006
09:20:04 | INFO: Primitives created: 1
09:20:04 | INFO: Extracting primitive: KIT_wall_plaster.002
09:20:04 | INFO: Primitives created: 1
09:20:04 | INFO: Extracting primitive: COL_wall_window.001
09:20:04 | INFO: Primitives created: 1
09:20:04 | INFO: Extracting primitive: COL_wall_window.002
09:20:04 | INFO: Primitives created: 1
09:20:04 | INFO: Extracting primitive: COL_hengwu_rock.001
09:20:04 | INFO: Primitives created: 1
09:20:04 | INFO: Extracting primitive: COL_hengwu_rock.002
09:20:04 | INFO: Primitives created: 1
09:20:04 | INFO: Extracting primitive: COL_hengwu_rock.006
09:20:04 | INFO: Primitives created: 1
09:20:04 | INFO: Extracting primitive: COL_hengwu_stool.001
09:20:04 | INFO: Primitives created: 1
09:20:04 | INFO: Extracting primitive: COL_hengwu_stool.002
09:20:04 | INFO: Primitives created: 1
09:20:04 | INFO: Extracting primitive: COL_hengwu_stool.003
09:20:04 | INFO: Primitives created: 1
09:20:04 | INFO: Extracting primitive: COL_hengwu_stool.008
09:20:04 | INFO: Primitives created: 1
09:20:04 | INFO: Extracting primitive: COL_hengwu_table.002
09:20:04 | INFO: Primitives created: 1
09:20:04 | INFO: Extracting primitive: COL_longcui_approach.003
09:20:04 | INFO: Primitives created: 1
09:20:04 | INFO: Extracting primitive: COL_longcui_approach.004
09:20:04 | INFO: Primitives created: 1
09:20:04 | INFO: Extracting primitive: COL_longcui_approach.005
09:20:04 | INFO: Primitives created: 1
09:20:04 | INFO: Extracting primitive: COL_longcui_burner.001
09:20:04 | INFO: Primitives created: 1
09:20:04 | INFO: Extracting primitive: COL_longcui_closed_front.001
09:20:04 | INFO: Primitives created: 1
09:20:04 | INFO: Extracting primitive: COL_longcui_floor.001
09:20:04 | INFO: Primitives created: 1
09:20:04 | INFO: Extracting primitive: COL_longcui_plum_trunk.002
09:20:04 | INFO: Primitives created: 1
09:20:04 | INFO: Extracting primitive: COL_longcui_plum_trunk.003
09:20:04 | INFO: Primitives created: 1
09:20:04 | INFO: Extracting primitive: COL_longcui_return.002
09:20:04 | INFO: Primitives created: 1
09:20:04 | INFO: Extracting primitive: COL_longcui_return.003
09:20:04 | INFO: Primitives created: 1
09:20:04 | INFO: Extracting primitive: COL_longcui_threshold.001
09:20:04 | INFO: Primitives created: 1
09:20:04 | INFO: Extracting primitive: COL_ouxiang_approach.001
09:20:04 | INFO: Primitives created: 1
09:20:04 | INFO: Extracting primitive: COL_ouxiang_deck.001
09:20:04 | INFO: Primitives created: 1
09:20:04 | INFO: Extracting primitive: COL_ouxiang_post.004
09:20:04 | INFO: Primitives created: 1
09:20:04 | INFO: Extracting primitive: COL_ouxiang_post.005
09:20:04 | INFO: Primitives created: 1
09:20:04 | INFO: Extracting primitive: COL_ouxiang_post.006
09:20:04 | INFO: Primitives created: 1
09:20:04 | INFO: Extracting primitive: COL_ouxiang_post.007
09:20:04 | INFO: Primitives created: 1
09:20:04 | INFO: Extracting primitive: COL_ouxiang_rail.002
09:20:04 | INFO: Primitives created: 1
09:20:04 | INFO: Extracting primitive: COL_ouxiang_rail.003
09:20:04 | INFO: Primitives created: 1
09:20:04 | INFO: Extracting primitive: COL_ouxiang_side_rail.004
09:20:04 | INFO: Primitives created: 1
09:20:04 | INFO: Extracting primitive: COL_ouxiang_side_rail.005
09:20:04 | INFO: Primitives created: 1
09:20:04 | INFO: Extracting primitive: COL_ouxiang_side_rail.006
09:20:04 | INFO: Primitives created: 1
09:20:04 | INFO: Extracting primitive: COL_ouxiang_side_rail.007
09:20:04 | INFO: Primitives created: 1
09:20:04 | INFO: Extracting primitive: COL_ouxiang_table.001
09:20:04 | INFO: Primitives created: 1
09:20:04 | INFO: Extracting primitive: COL_corridor_floor.009
09:20:04 | INFO: Primitives created: 1
09:20:04 | INFO: Extracting primitive: COL_corridor_side.015
09:20:04 | INFO: Primitives created: 1
09:20:04 | INFO: Extracting primitive: COL_corridor_side.016
09:20:04 | INFO: Primitives created: 1
09:20:04 | INFO: Extracting primitive: COL_corridor_post.016
09:20:04 | INFO: Primitives created: 1
09:20:04 | INFO: Extracting primitive: COL_corridor_post.017
09:20:04 | INFO: Primitives created: 1
09:20:04 | INFO: Extracting primitive: COL_corridor_floor.010
09:20:04 | INFO: Primitives created: 1
09:20:04 | INFO: Extracting primitive: COL_corridor_side.017
09:20:04 | INFO: Primitives created: 1
09:20:04 | INFO: Extracting primitive: COL_corridor_side.018
09:20:04 | INFO: Primitives created: 1
09:20:04 | INFO: Extracting primitive: COL_corridor_post.018
09:20:04 | INFO: Primitives created: 1
09:20:04 | INFO: Extracting primitive: COL_corridor_post.019
09:20:04 | INFO: Primitives created: 1
09:20:04 | INFO: Extracting primitive: COL_corridor_floor.011
09:20:04 | INFO: Primitives created: 1
09:20:04 | INFO: Extracting primitive: COL_corridor_side.019
09:20:04 | INFO: Primitives created: 1
09:20:04 | INFO: Extracting primitive: COL_corridor_side.020
09:20:04 | INFO: Primitives created: 1
09:20:04 | INFO: Extracting primitive: COL_corridor_post.020
09:20:04 | INFO: Primitives created: 1
09:20:04 | INFO: Extracting primitive: COL_corridor_post.021
09:20:04 | INFO: Primitives created: 1
09:20:04 | INFO: Extracting primitive: COL_corridor_floor.012
09:20:04 | INFO: Primitives created: 1
09:20:04 | INFO: Extracting primitive: COL_corridor_side.021
09:20:04 | INFO: Primitives created: 1
09:20:04 | INFO: Extracting primitive: COL_corridor_side.022
09:20:04 | INFO: Primitives created: 1
09:20:04 | INFO: Extracting primitive: COL_corridor_post.022
09:20:04 | INFO: Primitives created: 1
09:20:04 | INFO: Extracting primitive: COL_corridor_post.023
09:20:04 | INFO: Primitives created: 1
09:20:04 | INFO: Extracting primitive: COL_corridor_floor.001
09:20:04 | INFO: Primitives created: 1
09:20:04 | INFO: Extracting primitive: COL_corridor_side.001
09:20:04 | INFO: Primitives created: 1
09:20:04 | INFO: Extracting primitive: COL_corridor_side.002
09:20:04 | INFO: Primitives created: 1
09:20:04 | INFO: Extracting primitive: COL_corridor_post.001
09:20:04 | INFO: Primitives created: 1
09:20:04 | INFO: Extracting primitive: COL_corridor_post.002
09:20:04 | INFO: Primitives created: 1
09:20:04 | INFO: Extracting primitive: COL_corridor_floor.002
09:20:04 | INFO: Primitives created: 1
09:20:04 | INFO: Extracting primitive: COL_corridor_side.003
09:20:04 | INFO: Primitives created: 1
09:20:04 | INFO: Extracting primitive: COL_corridor_side.004
09:20:04 | INFO: Primitives created: 1
09:20:04 | INFO: Extracting primitive: COL_corridor_post.003
09:20:04 | INFO: Primitives created: 1
09:20:04 | INFO: Extracting primitive: COL_corridor_post.004
09:20:04 | INFO: Primitives created: 1
09:20:04 | INFO: Extracting primitive: COL_corridor_floor.003
09:20:04 | INFO: Primitives created: 1
09:20:04 | INFO: Extracting primitive: COL_corridor_side.005
09:20:04 | INFO: Primitives created: 1
09:20:04 | INFO: Extracting primitive: COL_corridor_side.006
09:20:04 | INFO: Primitives created: 1
09:20:04 | INFO: Extracting primitive: COL_corridor_post.005
09:20:04 | INFO: Primitives created: 1
09:20:04 | INFO: Extracting primitive: COL_corridor_post.006
09:20:04 | INFO: Primitives created: 1
09:20:04 | INFO: Extracting primitive: COL_corridor_floor.004
09:20:04 | INFO: Primitives created: 1
09:20:04 | INFO: Extracting primitive: COL_corridor_side.007
09:20:04 | INFO: Primitives created: 1
09:20:04 | INFO: Extracting primitive: COL_corridor_side.008
09:20:04 | INFO: Primitives created: 1
09:20:04 | INFO: Extracting primitive: COL_corridor_post.007
09:20:04 | INFO: Primitives created: 1
09:20:04 | INFO: Extracting primitive: COL_corridor_post.008
09:20:04 | INFO: Primitives created: 1
09:20:04 | INFO: Extracting primitive: COL_corridor_floor.005
09:20:04 | INFO: Primitives created: 1
09:20:04 | INFO: Extracting primitive: COL_corridor_side.009
09:20:04 | INFO: Primitives created: 1
09:20:04 | INFO: Extracting primitive: COL_corridor_side.010
09:20:04 | INFO: Primitives created: 1
09:20:04 | INFO: Extracting primitive: COL_corridor_post.009
09:20:04 | INFO: Primitives created: 1
09:20:04 | INFO: Extracting primitive: COL_corridor_post.010
09:20:04 | INFO: Primitives created: 1
09:20:04 | INFO: Extracting primitive: COL_corridor_floor.006
09:20:04 | INFO: Primitives created: 1
09:20:04 | INFO: Extracting primitive: COL_corridor_side.011
09:20:04 | INFO: Primitives created: 1
09:20:04 | INFO: Extracting primitive: COL_corridor_post.011
09:20:04 | INFO: Primitives created: 1
09:20:04 | INFO: Extracting primitive: COL_corridor_post.012
09:20:04 | INFO: Primitives created: 1
09:20:04 | INFO: Extracting primitive: COL_corridor_floor.007
09:20:04 | INFO: Primitives created: 1
09:20:04 | INFO: Extracting primitive: COL_corridor_side.012
09:20:04 | INFO: Primitives created: 1
09:20:04 | INFO: Extracting primitive: COL_corridor_post.013
09:20:04 | INFO: Primitives created: 1
09:20:04 | INFO: Extracting primitive: COL_corridor_floor.008
09:20:04 | INFO: Primitives created: 1
09:20:04 | INFO: Extracting primitive: COL_corridor_side.013
09:20:04 | INFO: Primitives created: 1
09:20:04 | INFO: Extracting primitive: COL_corridor_side.014
09:20:04 | INFO: Primitives created: 1
09:20:04 | INFO: Extracting primitive: COL_corridor_post.014
09:20:04 | INFO: Primitives created: 1
09:20:04 | INFO: Extracting primitive: COL_corridor_post.015
09:20:04 | INFO: Primitives created: 1
09:20:04 | INFO: Extracting primitive: COL_corridor_floor.013
09:20:04 | INFO: Primitives created: 1
09:20:04 | INFO: Extracting primitive: COL_corridor_side.023
09:20:04 | INFO: Primitives created: 1
09:20:04 | INFO: Extracting primitive: COL_corridor_side.024
09:20:04 | INFO: Primitives created: 1
09:20:04 | INFO: Extracting primitive: COL_corridor_post.024
09:20:04 | INFO: Primitives created: 1
09:20:04 | INFO: Extracting primitive: COL_corridor_post.025
09:20:04 | INFO: Primitives created: 1
09:20:04 | INFO: Extracting primitive: COL_corridor_floor.014
09:20:04 | INFO: Primitives created: 1
09:20:04 | INFO: Extracting primitive: COL_corridor_side.025
09:20:04 | INFO: Primitives created: 1
09:20:04 | INFO: Extracting primitive: COL_corridor_side.026
09:20:04 | INFO: Primitives created: 1
09:20:04 | INFO: Extracting primitive: COL_corridor_post.026
09:20:04 | INFO: Primitives created: 1
09:20:04 | INFO: Extracting primitive: COL_corridor_post.027
09:20:04 | INFO: Primitives created: 1
09:20:04 | INFO: Extracting primitive: COL_corridor_floor.015
09:20:04 | INFO: Primitives created: 1
09:20:04 | INFO: Extracting primitive: COL_corridor_side.027
09:20:04 | INFO: Primitives created: 1
09:20:04 | INFO: Extracting primitive: COL_corridor_side.028
09:20:04 | INFO: Primitives created: 1
09:20:04 | INFO: Extracting primitive: COL_corridor_post.028
09:20:04 | INFO: Primitives created: 1
09:20:04 | INFO: Extracting primitive: COL_corridor_post.029
09:20:04 | INFO: Primitives created: 1
09:20:04 | INFO: Extracting primitive: COL_corridor_floor.016
09:20:04 | INFO: Primitives created: 1
09:20:04 | INFO: Extracting primitive: COL_corridor_side.029
09:20:04 | INFO: Primitives created: 1
09:20:04 | INFO: Extracting primitive: COL_corridor_side.030
09:20:04 | INFO: Primitives created: 1
09:20:04 | INFO: Extracting primitive: COL_corridor_post.030
09:20:04 | INFO: Primitives created: 1
09:20:04 | INFO: Extracting primitive: COL_corridor_post.031
09:20:04 | INFO: Primitives created: 1
09:20:04 | INFO: Extracting primitive: COL_qinfang_deck.001
09:20:04 | INFO: Primitives created: 1
09:20:04 | INFO: Extracting primitive: COL_pavilion_bench.001
09:20:04 | INFO: Primitives created: 1
09:20:04 | INFO: Extracting primitive: COL_pavilion_bench.002
09:20:04 | INFO: Primitives created: 1
09:20:04 | INFO: Extracting primitive: COL_pavilion_bracket.001
09:20:04 | INFO: Primitives created: 1
09:20:04 | INFO: Extracting primitive: COL_pavilion_bracket.002
09:20:04 | INFO: Primitives created: 1
09:20:04 | INFO: Extracting primitive: COL_pavilion_bracket.003
09:20:04 | INFO: Primitives created: 1
09:20:04 | INFO: Extracting primitive: COL_pavilion_bracket.004
09:20:04 | INFO: Primitives created: 1
09:20:04 | INFO: Extracting primitive: COL_pavilion_bracket.005
09:20:04 | INFO: Primitives created: 1
09:20:04 | INFO: Extracting primitive: COL_pavilion_bracket.006
09:20:04 | INFO: Primitives created: 1
09:20:04 | INFO: Extracting primitive: COL_pavilion_post.001
09:20:04 | INFO: Primitives created: 1
09:20:04 | INFO: Extracting primitive: COL_pavilion_post.002
09:20:04 | INFO: Primitives created: 1
09:20:04 | INFO: Extracting primitive: COL_pavilion_post.003
09:20:04 | INFO: Primitives created: 1
09:20:04 | INFO: Extracting primitive: COL_pavilion_post.004
09:20:04 | INFO: Primitives created: 1
09:20:04 | INFO: Extracting primitive: COL_pavilion_post.005
09:20:04 | INFO: Primitives created: 1
09:20:04 | INFO: Extracting primitive: COL_pavilion_post.006
09:20:04 | INFO: Primitives created: 1
09:20:04 | INFO: Extracting primitive: COL_pavilion_roof.001
09:20:04 | INFO: Primitives created: 1
09:20:04 | INFO: Extracting primitive: COL_qiushuang-zhai_floor.001
09:20:04 | INFO: Primitives created: 1
09:20:04 | INFO: Extracting primitive: Cube.009
09:20:04 | INFO: Primitives created: 1
09:20:04 | INFO: Extracting primitive: Cube.011
09:20:04 | INFO: Primitives created: 1
09:20:04 | INFO: Extracting primitive: Cube.012
09:20:04 | INFO: Primitives created: 1
09:20:04 | INFO: Extracting primitive: Cube.013
09:20:04 | INFO: Primitives created: 1
09:20:04 | INFO: Extracting primitive: Cube.019
09:20:04 | INFO: Primitives created: 1
09:20:04 | INFO: Extracting primitive: Cube.020
09:20:04 | INFO: Primitives created: 1
09:20:04 | INFO: Extracting primitive: Cube.023
09:20:04 | INFO: Primitives created: 1
09:20:04 | INFO: Extracting primitive: Cube.024
09:20:04 | INFO: Primitives created: 1
09:20:04 | INFO: Extracting primitive: Cube.048
09:20:04 | INFO: Primitives created: 1
09:20:04 | INFO: Extracting primitive: Cube.050
09:20:04 | INFO: Primitives created: 1
09:20:04 | INFO: Extracting primitive: Cube.052
09:20:04 | INFO: Primitives created: 1
09:20:04 | INFO: Extracting primitive: Cube.092
09:20:04 | INFO: Primitives created: 1
09:20:04 | INFO: Extracting primitive: Cube.093
09:20:04 | INFO: Primitives created: 1
09:20:04 | INFO: Extracting primitive: Cube.094
09:20:04 | INFO: Primitives created: 1
09:20:04 | INFO: Extracting primitive: Cube.095
09:20:04 | INFO: Primitives created: 1
09:20:04 | INFO: Extracting primitive: Cube.096
09:20:04 | INFO: Primitives created: 1
09:20:04 | INFO: Extracting primitive: Cube.097
09:20:04 | INFO: Primitives created: 1
09:20:04 | INFO: Extracting primitive: Cube.098
09:20:04 | INFO: Primitives created: 1
09:20:04 | INFO: Extracting primitive: Cube.099
09:20:04 | INFO: Primitives created: 1
09:20:04 | INFO: Extracting primitive: Cube.100
09:20:04 | INFO: Primitives created: 1
09:20:04 | INFO: Extracting primitive: Cube.101
09:20:04 | INFO: Primitives created: 1
09:20:04 | INFO: Extracting primitive: Cube.102
09:20:04 | INFO: Primitives created: 1
09:20:04 | INFO: Extracting primitive: Cube.103
09:20:04 | INFO: Primitives created: 1
09:20:04 | INFO: Extracting primitive: Cube.104
09:20:04 | INFO: Primitives created: 1
09:20:04 | INFO: Extracting primitive: Cube.105
09:20:04 | INFO: Primitives created: 1
09:20:04 | INFO: Extracting primitive: Cube.106
09:20:04 | INFO: Primitives created: 1
09:20:04 | INFO: Extracting primitive: Cube.107
09:20:04 | INFO: Primitives created: 1
09:20:04 | INFO: Extracting primitive: Cube.108
09:20:04 | INFO: Primitives created: 1
09:20:04 | INFO: Extracting primitive: Cube.109
09:20:04 | INFO: Primitives created: 1
09:20:04 | INFO: Extracting primitive: Cube.110
09:20:04 | INFO: Primitives created: 1
09:20:04 | INFO: Extracting primitive: Cube.111
09:20:04 | INFO: Primitives created: 1
09:20:04 | INFO: Extracting primitive: Cube.112
09:20:04 | INFO: Primitives created: 1
09:20:04 | INFO: Extracting primitive: Cube.113
09:20:04 | INFO: Primitives created: 1
09:20:04 | INFO: Extracting primitive: Cube.114
09:20:04 | INFO: Primitives created: 1
09:20:04 | INFO: Extracting primitive: Cube.115
09:20:04 | INFO: Primitives created: 1
09:20:04 | INFO: Extracting primitive: Cube.116
09:20:04 | INFO: Primitives created: 1
09:20:04 | INFO: Extracting primitive: Cube.117
09:20:04 | INFO: Primitives created: 1
09:20:04 | INFO: Extracting primitive: Cube.118
09:20:04 | INFO: Primitives created: 1
09:20:04 | INFO: Extracting primitive: Cube.119
09:20:04 | INFO: Primitives created: 1
09:20:04 | INFO: Extracting primitive: Cube.120
09:20:04 | INFO: Primitives created: 1
09:20:04 | INFO: Extracting primitive: Cube.121
09:20:04 | INFO: Primitives created: 1
09:20:04 | INFO: Extracting primitive: Cube.122
09:20:04 | INFO: Primitives created: 1
09:20:04 | INFO: Extracting primitive: Cube.123
09:20:04 | INFO: Primitives created: 1
09:20:04 | INFO: Extracting primitive: Cube.124
09:20:04 | INFO: Primitives created: 1
09:20:04 | INFO: Extracting primitive: Cube.125
09:20:04 | INFO: Primitives created: 1
09:20:04 | INFO: Extracting primitive: Cube.126
09:20:04 | INFO: Primitives created: 1
09:20:04 | INFO: Extracting primitive: Cube.127
09:20:04 | INFO: Primitives created: 1
09:20:04 | INFO: Extracting primitive: Cube.128
09:20:04 | INFO: Primitives created: 1
09:20:04 | INFO: Extracting primitive: Cube.129
09:20:04 | INFO: Primitives created: 1
09:20:04 | INFO: Extracting primitive: Cube.130
09:20:04 | INFO: Primitives created: 1
09:20:04 | INFO: Extracting primitive: Cube.131
09:20:04 | INFO: Primitives created: 1
09:20:04 | INFO: Extracting primitive: Cube.132
09:20:04 | INFO: Primitives created: 1
09:20:04 | INFO: Extracting primitive: Cube.133
09:20:04 | INFO: Primitives created: 1
09:20:04 | INFO: Extracting primitive: Cube.134
09:20:04 | INFO: Primitives created: 1
09:20:04 | INFO: Extracting primitive: Cube.135
09:20:04 | INFO: Primitives created: 1
09:20:04 | INFO: Extracting primitive: Cube.136
09:20:04 | INFO: Primitives created: 1
09:20:04 | INFO: Extracting primitive: Cube.137
09:20:04 | INFO: Primitives created: 1
09:20:04 | INFO: Extracting primitive: Cube.138
09:20:04 | INFO: Primitives created: 1
09:20:04 | INFO: Extracting primitive: Cube.139
09:20:04 | INFO: Primitives created: 1
09:20:04 | INFO: Extracting primitive: Cube.140
09:20:04 | INFO: Primitives created: 1
09:20:04 | INFO: Extracting primitive: Cube.141
09:20:04 | INFO: Primitives created: 1
09:20:04 | INFO: Extracting primitive: Cube.142
09:20:04 | INFO: Primitives created: 1
09:20:04 | INFO: Extracting primitive: Cube.143
09:20:04 | INFO: Primitives created: 1
09:20:04 | INFO: Extracting primitive: Cube.144
09:20:04 | INFO: Primitives created: 1
09:20:04 | INFO: Extracting primitive: Cube.193
09:20:04 | INFO: Primitives created: 1
09:20:04 | INFO: Extracting primitive: Cube.194
09:20:04 | INFO: Primitives created: 1
09:20:04 | INFO: Extracting primitive: Cube.195
09:20:04 | INFO: Primitives created: 1
09:20:04 | INFO: Extracting primitive: Cube.196
09:20:04 | INFO: Primitives created: 1
09:20:04 | INFO: Extracting primitive: Cube.197
09:20:04 | INFO: Primitives created: 1
09:20:04 | INFO: Extracting primitive: Cube.198
09:20:04 | INFO: Primitives created: 1
09:20:04 | INFO: Extracting primitive: Cube.199
09:20:04 | INFO: Primitives created: 1
09:20:04 | INFO: Extracting primitive: Cube.200
09:20:04 | INFO: Primitives created: 1
09:20:04 | INFO: Extracting primitive: COL_stone_walk.005
09:20:04 | INFO: Primitives created: 1
09:20:04 | INFO: Extracting primitive: COL_stone_walk.008
09:20:04 | INFO: Primitives created: 1
09:20:04 | INFO: Extracting primitive: COL_stone_walk.009
09:20:04 | INFO: Primitives created: 1
09:20:04 | INFO: Extracting primitive: COL_stone_walk.010
09:20:04 | INFO: Primitives created: 1
09:20:04 | INFO: Extracting primitive: COL_stone_walk.011
09:20:04 | INFO: Primitives created: 1
09:20:04 | INFO: Extracting primitive: COL_stone_walk.012
09:20:04 | INFO: Primitives created: 1
09:20:04 | INFO: Extracting primitive: COL_study_approach.002
09:20:04 | INFO: Primitives created: 1
09:20:04 | INFO: Extracting primitive: COL_study_desk_centre.002
09:20:04 | INFO: Primitives created: 1
09:20:04 | INFO: Extracting primitive: COL_study_desk_left.002
09:20:04 | INFO: Primitives created: 1
09:20:04 | INFO: Extracting primitive: COL_study_desk_right.002
09:20:04 | INFO: Primitives created: 1
09:20:04 | INFO: Extracting primitive: COL_study_front_walk.002
09:20:04 | INFO: Primitives created: 1
09:20:04 | INFO: Extracting primitive: COL_study_front_wall.002
09:20:04 | INFO: Primitives created: 1
09:20:04 | INFO: Extracting primitive: COL_study_post.001
09:20:04 | INFO: Primitives created: 1
09:20:04 | INFO: Extracting primitive: COL_study_post.002
09:20:04 | INFO: Primitives created: 1
09:20:04 | INFO: Extracting primitive: COL_study_post.003
09:20:04 | INFO: Primitives created: 1
09:20:04 | INFO: Extracting primitive: COL_study_post.008
09:20:04 | INFO: Primitives created: 1
09:20:04 | INFO: Extracting primitive: Cube.151
09:20:04 | INFO: Primitives created: 1
09:20:04 | INFO: Extracting primitive: Cube.152
09:20:04 | INFO: Primitives created: 1
09:20:04 | INFO: Extracting primitive: Cube.153
09:20:04 | INFO: Primitives created: 1
09:20:04 | INFO: Extracting primitive: Cube.154
09:20:04 | INFO: Primitives created: 1
09:20:04 | INFO: Extracting primitive: Cube.155
09:20:04 | INFO: Primitives created: 1
09:20:04 | INFO: Extracting primitive: Cube.156
09:20:04 | INFO: Primitives created: 1
09:20:04 | INFO: Extracting primitive: Cube.157
09:20:04 | INFO: Primitives created: 1
09:20:04 | INFO: Extracting primitive: Cube.158
09:20:04 | INFO: Primitives created: 1
09:20:04 | INFO: Extracting primitive: Cube.159
09:20:04 | INFO: Primitives created: 1
09:20:04 | INFO: Extracting primitive: Cube.160
09:20:04 | INFO: Primitives created: 1
09:20:04 | INFO: Extracting primitive: Cube.161
09:20:04 | INFO: Primitives created: 1
09:20:04 | INFO: Extracting primitive: Cube.162
09:20:04 | INFO: Primitives created: 1
09:20:04 | INFO: Extracting primitive: Cube.163
09:20:04 | INFO: Primitives created: 1
09:20:04 | INFO: Extracting primitive: Cube.164
09:20:04 | INFO: Primitives created: 1
09:20:04 | INFO: Extracting primitive: Cube.165
09:20:04 | INFO: Primitives created: 1
09:20:04 | INFO: Extracting primitive: Cube.166
09:20:04 | INFO: Primitives created: 1
09:20:04 | INFO: Extracting primitive: Cube.167
09:20:04 | INFO: Primitives created: 1
09:20:04 | INFO: Extracting primitive: Cube.168
09:20:04 | INFO: Primitives created: 1
09:20:04 | INFO: Extracting primitive: Cube.169
09:20:04 | INFO: Primitives created: 1
09:20:04 | INFO: Extracting primitive: Cube.170
09:20:04 | INFO: Primitives created: 1
09:20:04 | INFO: Extracting primitive: Cube.171
09:20:04 | INFO: Primitives created: 1
09:20:04 | INFO: Extracting primitive: Cube.172
09:20:04 | INFO: Primitives created: 1
09:20:04 | INFO: Extracting primitive: Cube.173
09:20:04 | INFO: Primitives created: 1
09:20:04 | INFO: Extracting primitive: Cube.174
09:20:04 | INFO: Primitives created: 1
09:20:04 | INFO: Extracting primitive: Cube.175
09:20:04 | INFO: Primitives created: 1
09:20:04 | INFO: Extracting primitive: Cube.176
09:20:04 | INFO: Primitives created: 1
09:20:04 | INFO: Extracting primitive: Cube.177
09:20:04 | INFO: Primitives created: 1
09:20:04 | INFO: Extracting primitive: Cube.178
09:20:04 | INFO: Primitives created: 1
09:20:04 | INFO: Extracting primitive: Cube.179
09:20:04 | INFO: Primitives created: 1
09:20:04 | INFO: Extracting primitive: Cube.180
09:20:04 | INFO: Primitives created: 1
09:20:04 | INFO: Extracting primitive: Cube.201
09:20:04 | INFO: Primitives created: 1
09:20:04 | INFO: Extracting primitive: Cube.202
09:20:04 | INFO: Primitives created: 1
09:20:04 | INFO: Extracting primitive: Cube.203
09:20:04 | INFO: Primitives created: 1
09:20:04 | INFO: Extracting primitive: Cube.181
09:20:04 | INFO: Primitives created: 1
09:20:04 | INFO: Extracting primitive: Cube.182
09:20:04 | INFO: Primitives created: 1
09:20:04 | INFO: Extracting primitive: Cube.183
09:20:04 | INFO: Primitives created: 1
09:20:04 | INFO: Extracting primitive: Cube.184
09:20:04 | INFO: Primitives created: 1
09:20:04 | INFO: Extracting primitive: Cube.185
09:20:04 | INFO: Primitives created: 1
09:20:04 | INFO: Extracting primitive: Cube.186
09:20:04 | INFO: Primitives created: 1
09:20:04 | INFO: Extracting primitive: Cube.187
09:20:04 | INFO: Primitives created: 1
09:20:04 | INFO: Extracting primitive: Cube.188
09:20:04 | INFO: Primitives created: 1
09:20:04 | INFO: Extracting primitive: Cube.189
09:20:04 | INFO: Primitives created: 1
09:20:04 | INFO: Extracting primitive: Cube.190
09:20:04 | INFO: Primitives created: 1
09:20:04 | INFO: Extracting primitive: Cube.191
09:20:04 | INFO: Primitives created: 1
09:20:04 | INFO: Extracting primitive: Cube.192
09:20:04 | INFO: Primitives created: 1
09:20:04 | INFO: Extracting primitive: COL_tubi-tang_floor.001
09:20:04 | INFO: Primitives created: 1
09:20:04 | INFO: Extracting primitive: COL_tubi_approach.001
09:20:04 | INFO: Primitives created: 1
09:20:04 | INFO: Extracting primitive: COL_tubi_approach.002
09:20:04 | INFO: Primitives created: 1
09:20:04 | INFO: Extracting primitive: COL_tubi_approach.007
09:20:04 | INFO: Primitives created: 1
09:20:04 | INFO: Extracting primitive: COL_tubi_approach.008
09:20:04 | INFO: Primitives created: 1
09:20:04 | INFO: Extracting primitive: COL_tubi_closed_hall.002
09:20:04 | INFO: Primitives created: 1
09:20:04 | INFO: Extracting primitive: COL_tubi_hall_post.001
09:20:04 | INFO: Primitives created: 1
09:20:04 | INFO: Extracting primitive: COL_tubi_hall_post.002
09:20:04 | INFO: Primitives created: 1
09:20:04 | INFO: Extracting primitive: COL_tubi_hall_post.006
09:20:04 | INFO: Primitives created: 1
09:20:04 | INFO: Extracting primitive: COL_tubi_parapet.001
09:20:04 | INFO: Primitives created: 1
09:20:04 | INFO: Extracting primitive: COL_tubi_parapet.002
09:20:04 | INFO: Primitives created: 1
09:20:04 | INFO: Extracting primitive: COL_tubi_parapet.003
09:20:04 | INFO: Primitives created: 1
09:20:04 | INFO: Extracting primitive: COL_tubi_parapet.008
09:20:04 | INFO: Primitives created: 1
09:20:04 | INFO: Extracting primitive: COL_tubi_stair_guard.001
09:20:04 | INFO: Primitives created: 1
09:20:04 | INFO: Extracting primitive: COL_tubi_stair_guard.004
09:20:05 | INFO: Primitives created: 1
09:20:05 | INFO: Extracting primitive: COL_tubi_stair_ramp.002
09:20:05 | INFO: Primitives created: 1
09:20:05 | INFO: Extracting primitive: COL_tubi_terrace.002
09:20:05 | INFO: Primitives created: 1
09:20:05 | INFO: Extracting primitive: COL_tubi_topic_table.002
09:20:05 | INFO: Primitives created: 1
09:20:05 | INFO: Extracting primitive: COL_tubi_view_bench_left.001
09:20:05 | INFO: Primitives created: 1
09:20:05 | INFO: Extracting primitive: COL_tubi_view_bench_right.001
09:20:05 | INFO: Primitives created: 1
09:20:05 | INFO: Extracting primitive: COL_water_bridge_side.001
09:20:05 | INFO: Primitives created: 1
09:20:05 | INFO: Extracting primitive: COL_water_bridge_side.004
09:20:05 | INFO: Primitives created: 1
09:20:05 | INFO: Extracting primitive: COL_water_bridge_deck.002
09:20:05 | INFO: Primitives created: 1
09:20:05 | INFO: Extracting primitive: COL_xiaoxiang_bamboo_bed.004
09:20:05 | INFO: Primitives created: 1
09:20:05 | INFO: Extracting primitive: COL_xiaoxiang_bamboo_bed.005
09:20:05 | INFO: Primitives created: 1
09:20:05 | INFO: Extracting primitive: COL_xiaoxiang_bamboo_bed.006
09:20:05 | INFO: Primitives created: 1
09:20:05 | INFO: Extracting primitive: COL_xiaoxiang_bamboo_bed.007
09:20:05 | INFO: Primitives created: 1
09:20:05 | INFO: Extracting primitive: COL_xiaoxiang_closed_front.001
09:20:05 | INFO: Primitives created: 1
09:20:05 | INFO: Extracting primitive: COL_xiaoxiang_floor.001
09:20:05 | INFO: Primitives created: 1
09:20:05 | INFO: Extracting primitive: COL_xiaoxiang_return.002
09:20:05 | INFO: Primitives created: 1
09:20:05 | INFO: Extracting primitive: COL_xiaoxiang_return.003
09:20:05 | INFO: Primitives created: 1
09:20:05 | INFO: Extracting primitive: COL_xiaoxiang_threshold.001
09:20:05 | INFO: Primitives created: 1
09:20:05 | INFO: Extracting primitive: COL_yihong_closed_front.002
09:20:05 | INFO: Primitives created: 1
09:20:05 | INFO: Extracting primitive: COL_yihong_court_side.001
09:20:05 | INFO: Primitives created: 1
09:20:05 | INFO: Extracting primitive: COL_yihong_court_side.004
09:20:05 | INFO: Primitives created: 1
09:20:05 | INFO: Extracting primitive: COL_yihong_floor.002
09:20:05 | INFO: Primitives created: 1
09:20:05 | INFO: Extracting primitive: COL_yihong_planter.001
09:20:05 | INFO: Primitives created: 1
09:20:05 | INFO: Extracting primitive: COL_yihong_planter.004
09:20:05 | INFO: Primitives created: 1
09:20:05 | INFO: Extracting primitive: COL_yihong_side_return.001
09:20:05 | INFO: Primitives created: 1
09:20:05 | INFO: Extracting primitive: COL_yihong_side_return.004
09:20:05 | INFO: Primitives created: 1
09:20:05 | INFO: Extracting primitive: COL_yihong_threshold.002
09:20:05 | INFO: Primitives created: 1
09:20:05 | INFO: Extracting primitive: COL_ziling_landing.001
09:20:05 | INFO: Primitives created: 1
09:20:05 | INFO: Extracting primitive: HERO_aojing-guan_title.002
09:20:05 | WARNING: More than one shader node tex image used for a texture. The resulting glTF sampler will behave like the first shader node tex image.
09:20:05 | INFO: Primitives created: 1
09:20:05 | INFO: Extracting primitive: HERO_daguan_title.001
09:20:05 | WARNING: More than one shader node tex image used for a texture. The resulting glTF sampler will behave like the first shader node tex image.
09:20:05 | INFO: Primitives created: 1
09:20:05 | INFO: Extracting primitive: HERO_daoxiang-cun_title.002
09:20:05 | WARNING: More than one shader node tex image used for a texture. The resulting glTF sampler will behave like the first shader node tex image.
09:20:05 | INFO: Primitives created: 1
09:20:05 | INFO: Extracting primitive: KIT_flora_plum_render.001
09:20:05 | WARNING: More than one shader node tex image used for a texture. The resulting glTF sampler will behave like the first shader node tex image.
09:20:05 | INFO: Primitives created: 1
09:20:05 | INFO: Extracting primitive: KIT_flora_plum_render.002
09:20:05 | INFO: Primitives created: 1
09:20:05 | INFO: Extracting primitive: KIT_flora_bamboo_large_render.001
09:20:05 | INFO: Primitives created: 1
09:20:05 | INFO: Extracting primitive: KIT_flora_bamboo_large_render.002
09:20:05 | INFO: Primitives created: 1
09:20:05 | INFO: Extracting primitive: KIT_flora_bamboo_small_render.001
09:20:05 | INFO: Primitives created: 1
09:20:05 | INFO: Extracting primitive: KIT_flora_willow_render.001
09:20:05 | INFO: Primitives created: 1
09:20:05 | INFO: Extracting primitive: KIT_flora_willow_render.002
09:20:05 | INFO: Primitives created: 1
09:20:05 | INFO: Extracting primitive: KIT_flora_bamboo_large_render.003
09:20:05 | INFO: Primitives created: 1
09:20:05 | INFO: Extracting primitive: KIT_flora_bamboo_medium_render.001
09:20:05 | INFO: Primitives created: 1
09:20:05 | INFO: Extracting primitive: KIT_flora_bamboo_small_render.002
09:20:05 | INFO: Primitives created: 1
09:20:05 | INFO: Extracting primitive: KIT_flora_bamboo_large_render.004
09:20:05 | INFO: Primitives created: 1
09:20:05 | INFO: Extracting primitive: KIT_flora_banana_render.001
09:20:05 | INFO: Primitives created: 1
09:20:05 | INFO: Extracting primitive: KIT_flora_banana_render.002
09:20:05 | INFO: Primitives created: 1
09:20:05 | INFO: Extracting primitive: KIT_flora_reed_render.001
09:20:05 | INFO: Primitives created: 1
09:20:05 | INFO: Extracting primitive: KIT_flora_reed_render.002
09:20:05 | INFO: Primitives created: 1
09:20:05 | INFO: Extracting primitive: KIT_flora_reed_render.003
09:20:05 | INFO: Primitives created: 1
09:20:05 | INFO: Extracting primitive: KIT_flora_reed_render.004
09:20:05 | INFO: Primitives created: 1
09:20:05 | INFO: Extracting primitive: KIT_flora_reed_render.005
09:20:05 | INFO: Primitives created: 1
09:20:05 | INFO: Extracting primitive: KIT_flora_reed_render.006
09:20:05 | INFO: Primitives created: 1
09:20:05 | INFO: Extracting primitive: KIT_flora_reed_render.007
09:20:05 | INFO: Primitives created: 1
09:20:05 | INFO: Extracting primitive: KIT_flora_reed_render.008
09:20:05 | INFO: Primitives created: 1
09:20:05 | INFO: Extracting primitive: KIT_flora_reed_render.009
09:20:05 | INFO: Primitives created: 1
09:20:05 | INFO: Extracting primitive: KIT_flora_reed_render.010
09:20:05 | INFO: Primitives created: 1
09:20:05 | INFO: Extracting primitive: HERO_gate_inscription.001
09:20:05 | WARNING: More than one shader node tex image used for a texture. The resulting glTF sampler will behave like the first shader node tex image.
09:20:05 | INFO: Primitives created: 1
09:20:05 | INFO: Extracting primitive: HERO_gate_water_drips.001
09:20:05 | WARNING: More than one shader node tex image used for a texture. The resulting glTF sampler will behave like the first shader node tex image.
09:20:05 | INFO: Primitives created: 1
09:20:05 | INFO: Extracting primitive: HERO_hengwu-yuan_title.002
09:20:05 | WARNING: More than one shader node tex image used for a texture. The resulting glTF sampler will behave like the first shader node tex image.
09:20:05 | INFO: Primitives created: 1
09:20:05 | INFO: Extracting primitive: HERO_longcui-an_title.002
09:20:05 | WARNING: More than one shader node tex image used for a texture. The resulting glTF sampler will behave like the first shader node tex image.
09:20:05 | INFO: Primitives created: 1
09:20:05 | INFO: Extracting primitive: HERO_qinfang-ting_title.002
09:20:05 | WARNING: More than one shader node tex image used for a texture. The resulting glTF sampler will behave like the first shader node tex image.
09:20:05 | INFO: Primitives created: 1
09:20:05 | INFO: Extracting primitive: HERO_qinfang_bridge.001
09:20:05 | INFO: Primitives created: 1
09:20:05 | INFO: Extracting primitive: HERO_study_scroll_bamboo.002
09:20:05 | INFO: Primitives created: 1
09:20:05 | INFO: Extracting primitive: HERO_study_scroll_plum.002
09:20:05 | INFO: Primitives created: 1
09:20:05 | INFO: Extracting primitive: HERO_study_title.002
09:20:05 | WARNING: More than one shader node tex image used for a texture. The resulting glTF sampler will behave like the first shader node tex image.
09:20:05 | INFO: Primitives created: 1
09:20:05 | INFO: Extracting primitive: HERO_table_hexagram.001
09:20:05 | INFO: Primitives created: 1
09:20:05 | INFO: Extracting primitive: line_piece.005
09:20:05 | WARNING: More than one shader node tex image used for a texture. The resulting glTF sampler will behave like the first shader node tex image.
09:20:05 | INFO: Primitives created: 1
09:20:05 | INFO: Extracting primitive: line_piece.002
09:20:05 | INFO: Primitives created: 1
09:20:05 | INFO: Extracting primitive: line_piece.011
09:20:05 | INFO: Primitives created: 1
09:20:05 | INFO: Extracting primitive: line_piece.008
09:20:05 | INFO: Primitives created: 1
09:20:05 | INFO: Extracting primitive: line_piece.017
09:20:05 | INFO: Primitives created: 1
09:20:05 | INFO: Extracting primitive: line_piece.014
09:20:05 | INFO: Primitives created: 1
09:20:05 | INFO: Extracting primitive: line_piece.019
09:20:05 | INFO: Primitives created: 1
09:20:05 | INFO: Extracting primitive: line_piece.018
09:20:05 | INFO: Primitives created: 1
09:20:05 | INFO: Extracting primitive: line_piece.021
09:20:05 | INFO: Primitives created: 1
09:20:05 | INFO: Extracting primitive: line_piece.020
09:20:05 | INFO: Primitives created: 1
09:20:05 | INFO: Extracting primitive: line_piece.023
09:20:05 | INFO: Primitives created: 1
09:20:05 | INFO: Extracting primitive: line_piece.022
09:20:05 | INFO: Primitives created: 1
09:20:05 | INFO: Extracting primitive: HERO_table_pedestal.001
09:20:05 | INFO: Primitives created: 1
09:20:05 | INFO: Extracting primitive: HERO_tubi_title.002
09:20:05 | WARNING: More than one shader node tex image used for a texture. The resulting glTF sampler will behave like the first shader node tex image.
09:20:05 | INFO: Primitives created: 1
09:20:05 | INFO: Extracting primitive: HERO_xiaoxiang-guan_title.002
09:20:05 | WARNING: More than one shader node tex image used for a texture. The resulting glTF sampler will behave like the first shader node tex image.
09:20:05 | INFO: Primitives created: 1
09:20:05 | INFO: Extracting primitive: HERO_yihong-yuan_title.002
09:20:05 | WARNING: More than one shader node tex image used for a texture. The resulting glTF sampler will behave like the first shader node tex image.
09:20:05 | INFO: Primitives created: 1
09:20:05 | INFO: Extracting primitive: AOJING_pond.002
09:20:05 | INFO: Primitives created: 1
09:20:05 | INFO: Extracting primitive: AOJING_backstage.002
09:20:05 | INFO: Primitives created: 1
09:20:05 | INFO: Extracting primitive: AOJING_amber_window.002
09:20:05 | INFO: Primitives created: 1
09:20:05 | INFO: Extracting primitive: AOJING_window_lattice.001
09:20:05 | INFO: Primitives created: 1
09:20:05 | INFO: Extracting primitive: AOJING_dry_ledge.002
09:20:05 | INFO: Primitives created: 1
09:20:05 | INFO: Extracting primitive: AOJING_roof.002
09:20:05 | INFO: Primitives created: 1
09:20:05 | INFO: Extracting primitive: AOJING_closed_front.002
09:20:05 | INFO: Primitives created: 1
09:20:05 | INFO: Extracting primitive: DAGUAN_backstage.001
09:20:05 | INFO: Primitives created: 1
09:20:05 | INFO: Extracting primitive: DAGUAN_door_stud.180
09:20:05 | INFO: Primitives created: 1
09:20:05 | INFO: Extracting primitive: DAGUAN_amber_transom.002
09:20:05 | INFO: Primitives created: 1
09:20:05 | INFO: Extracting primitive: DAGUAN_closed_door.010
09:20:05 | INFO: Primitives created: 1
09:20:05 | INFO: Extracting primitive: DAGUAN_recessed_panel.020
09:20:05 | INFO: Primitives created: 1
09:20:05 | INFO: Extracting primitive: DAGUAN_column.006
09:20:05 | INFO: Primitives created: 1
09:20:05 | INFO: Extracting primitive: DAGUAN_platform.001
09:20:05 | INFO: Primitives created: 1
09:20:05 | INFO: Extracting primitive: DAGUAN_lower_roof.001
09:20:05 | INFO: Primitives created: 1
09:20:05 | INFO: Extracting primitive: DAGUAN_front.001
09:20:05 | INFO: Primitives created: 1
09:20:05 | INFO: Extracting primitive: DAOXIANG_backstage.001
09:20:05 | INFO: Primitives created: 1
09:20:05 | INFO: Extracting primitive: DAOXIANG_door_latch.001
09:20:05 | INFO: Primitives created: 1
09:20:05 | INFO: Extracting primitive: DAOXIANG_warm_sliver.001
09:20:05 | INFO: Primitives created: 1
09:20:05 | INFO: Extracting primitive: DAOXIANG_closed_door.001
09:20:05 | INFO: Primitives created: 1
09:20:05 | INFO: Extracting primitive: DAOXIANG_paddy_painting.001
09:20:05 | INFO: Primitives created: 1
09:20:05 | INFO: Extracting primitive: DAOXIANG_court.001
09:20:05 | INFO: Primitives created: 1
09:20:05 | INFO: Extracting primitive: DAOXIANG_thatch_mass.001
09:20:05 | INFO: Primitives created: 1
09:20:05 | INFO: Extracting primitive: DAOXIANG_front.001
09:20:05 | INFO: Primitives created: 1
09:20:05 | INFO: Extracting primitive: SITE_hengwu-yuan_backstage.001
09:20:05 | INFO: Primitives created: 1
09:20:05 | INFO: Extracting primitive: KIT_pavilion_finial.011
09:20:05 | INFO: Primitives created: 1
09:20:05 | INFO: Extracting primitive: KIT_wall_amber_window.006
09:20:05 | INFO: Primitives created: 1
09:20:05 | INFO: Extracting primitive: HENGWU_herb_leaf.001
09:20:05 | INFO: Primitives created: 1
09:20:05 | INFO: Extracting primitive: KIT_wall_lattice_vertical.105
09:20:05 | INFO: Primitives created: 1
09:20:05 | INFO: Extracting primitive: SITE_hengwu-yuan_platform.001
09:20:05 | INFO: Primitives created: 1
09:20:05 | INFO: Extracting primitive: KIT_props_lantern_hanging_render.015
09:20:05 | WARNING: More than one shader node tex image used for a texture. The resulting glTF sampler will behave like the first shader node tex image.
09:20:05 | INFO: Primitives created: 1
09:20:05 | INFO: Extracting primitive: KIT_pavilion_roof.011
09:20:05 | INFO: Primitives created: 1
09:20:05 | INFO: Extracting primitive: KIT_wall_bay.001
09:20:05 | WARNING: More than one shader node tex image used for a texture. The resulting glTF sampler will behave like the first shader node tex image.
09:20:05 | INFO: Primitives created: 1
09:20:05 | INFO: Extracting primitive: SITE_hengwu-yuan_front.001
09:20:05 | INFO: Primitives created: 1
09:20:05 | INFO: Extracting primitive: LONGCUI_backstage.001
09:20:05 | INFO: Primitives created: 1
09:20:05 | INFO: Extracting primitive: LONGCUI_gate_pull.002
09:20:05 | INFO: Primitives created: 1
09:20:05 | INFO: Extracting primitive: LONGCUI_closed_gate.002
09:20:05 | INFO: Primitives created: 1
09:20:05 | INFO: Extracting primitive: LONGCUI_paving.001
09:20:05 | INFO: Primitives created: 1
09:20:05 | INFO: Extracting primitive: KIT_props_lantern_hanging_render.016
09:20:05 | INFO: Primitives created: 1
09:20:05 | INFO: Extracting primitive: LONGCUI_wall_cap.001
09:20:05 | INFO: Primitives created: 1
09:20:05 | INFO: Extracting primitive: LONGCUI_closed_front.001
09:20:05 | INFO: Primitives created: 1
09:20:05 | INFO: Extracting primitive: KIT_props_tea_cup.006
09:20:05 | INFO: Primitives created: 1
09:20:05 | INFO: Extracting primitive: KIT_water_lotus_leaf.007
09:20:05 | INFO: Primitives created: 1
09:20:05 | INFO: Extracting primitive: SITE_ouxiang_deck.001
09:20:05 | INFO: Primitives created: 1
09:20:05 | INFO: Extracting primitive: KIT_pavilion_water_pier.004
09:20:05 | INFO: Primitives created: 1
09:20:05 | INFO: Extracting primitive: KIT_props_lantern_hanging_render.013
09:20:05 | INFO: Primitives created: 1
09:20:05 | INFO: Extracting primitive: KIT_pavilion_water_hipped_roof.001
09:20:05 | INFO: Primitives created: 1
09:20:05 | INFO: Extracting primitive: KIT_water_lotus.021
09:20:05 | INFO: Primitives created: 1
09:20:05 | INFO: Extracting primitive: KIT_corridor_rail.008
09:20:05 | INFO: Primitives created: 1
09:20:05 | INFO: Extracting primitive: KIT_pavilion_roof_shell.001
09:20:05 | INFO: Primitives created: 1
09:20:05 | INFO: Extracting primitive: KIT_pavilion_plinth.001
09:20:05 | INFO: Primitives created: 1
09:20:05 | INFO: Extracting primitive: KIT_props_lantern_hanging_render.001
09:20:05 | INFO: Primitives created: 1
09:20:05 | INFO: Extracting primitive: KIT_water_stream.001
09:20:05 | INFO: Primitives created: 1
09:20:05 | INFO: Extracting primitive: SITE_qiushuang-zhai_backstage.001
09:20:05 | INFO: Primitives created: 1
09:20:05 | INFO: Extracting primitive: KIT_pavilion_finial.005
09:20:05 | INFO: Primitives created: 1
09:20:05 | INFO: Extracting primitive: KIT_wall_lattice_vertical.042
09:20:05 | INFO: Primitives created: 1
09:20:05 | INFO: Extracting primitive: SITE_qiushuang-zhai_platform.001
09:20:05 | INFO: Primitives created: 1
09:20:05 | INFO: Extracting primitive: KIT_props_lantern_hanging_render.010
09:20:05 | INFO: Primitives created: 1
09:20:05 | INFO: Extracting primitive: KIT_pavilion_roof.005
09:20:05 | INFO: Primitives created: 1
09:20:05 | INFO: Extracting primitive: KIT_tech_terminal_desk_render.007
09:20:05 | WARNING: More than one shader node tex image used for a texture. The resulting glTF sampler will behave like the first shader node tex image.
09:20:05 | INFO: Primitives created: 1
09:20:05 | INFO: Extracting primitive: SITE_qiushuang-zhai_front.001
09:20:05 | INFO: Primitives created: 1
09:20:05 | INFO: Extracting primitive: GATE_banana_pseudostem.001
09:20:05 | INFO: Primitives created: 1
09:20:05 | INFO: Extracting primitive: GATE_banana_soil.001
09:20:05 | INFO: Primitives created: 1
09:20:05 | INFO: Extracting primitive: KIT_rockery_passage.001
09:20:05 | INFO: Primitives created: 1
09:20:05 | INFO: Extracting primitive: GATE_paving.002
09:20:05 | INFO: Primitives created: 1
09:20:05 | INFO: Extracting primitive: KIT_props_lantern_hanging_render.008
09:20:05 | INFO: Primitives created: 1
09:20:05 | INFO: Extracting primitive: KIT_stage_fog_plane_render.017
09:20:05 | INFO: Primitives created: 1
09:20:05 | INFO: Extracting primitive: KIT_stage_floor.001
09:20:05 | INFO: Primitives created: 1
09:20:05 | INFO: Extracting primitive: AOJING_approach_guard.001
09:20:05 | INFO: Primitives created: 1
09:20:05 | INFO: Extracting primitive: KIT_stage_painted_moon.001
09:20:05 | INFO: Primitives created: 1
09:20:05 | INFO: Extracting primitive: KIT_stage_painted_mountain_layer.003
09:20:05 | INFO: Primitives created: 1
09:20:05 | INFO: Extracting primitive: KIT_stage_painted_mountain_layer.004
09:20:05 | INFO: Primitives created: 1
09:20:05 | INFO: Extracting primitive: KIT_stage_painted_mountain_layer.005
09:20:05 | INFO: Primitives created: 1
09:20:05 | INFO: Extracting primitive: KIT_water_stone_walk.005
09:20:05 | INFO: Primitives created: 1
09:20:05 | INFO: Extracting primitive: Painted coved ceiling candidate.001
09:20:05 | INFO: Primitives created: 1
09:20:05 | INFO: Extracting primitive: KIT_stage_painted_canvas.002
09:20:05 | INFO: Primitives created: 1
09:20:05 | INFO: Extracting primitive: Eight painted cyclorama arcs.001
09:20:05 | WARNING: More than one shader node tex image used for a texture. The resulting glTF sampler will behave like the first shader node tex image.
09:20:05 | INFO: Primitives created: 2
09:20:05 | INFO: Extracting primitive: KIT_stage_fog_plane_render.002
09:20:05 | INFO: Primitives created: 1
09:20:05 | INFO: Extracting primitive: KIT_tech_cell_side.012
09:20:05 | INFO: Primitives created: 1
09:20:05 | INFO: Extracting primitive: KIT_wall_window_bar.030
09:20:05 | INFO: Primitives created: 1
09:20:05 | INFO: Extracting primitive: KIT_stage_entry_walk.002
09:20:05 | INFO: Primitives created: 1
09:20:05 | INFO: Extracting primitive: KIT_props_folding_chair_render.001
09:20:05 | INFO: Primitives created: 1
09:20:05 | INFO: Extracting primitive: KIT_stage_floor_boards_render.002
09:20:05 | INFO: Primitives created: 1
09:20:05 | INFO: Extracting primitive: KIT_stage_gel_frame_render.002
09:20:05 | INFO: Primitives created: 2
09:20:05 | INFO: Extracting primitive: KIT_stage_studio_wall_render.002
09:20:05 | INFO: Primitives created: 1
09:20:05 | INFO: Extracting primitive: KIT_stage_fog_plane_render.020
09:20:05 | INFO: Primitives created: 1
09:20:05 | INFO: Extracting primitive: KIT_tech_terminal_desk_render.001
09:20:05 | INFO: Primitives created: 1
09:20:05 | INFO: Extracting primitive: KIT_props_scroll_render.001
09:20:05 | WARNING: More than one shader node tex image used for a texture. The resulting glTF sampler will behave like the first shader node tex image.
09:20:05 | INFO: Primitives created: 1
09:20:05 | INFO: Extracting primitive: SITE_tubi-tang_backstage.001
09:20:05 | INFO: Primitives created: 1
09:20:05 | INFO: Extracting primitive: KIT_pavilion_finial.007
09:20:05 | INFO: Primitives created: 1
09:20:05 | INFO: Extracting primitive: KIT_wall_amber_window.003
09:20:05 | INFO: Primitives created: 1
09:20:05 | INFO: Extracting primitive: TUBI_topic_line.001
09:20:05 | INFO: Primitives created: 1
09:20:05 | INFO: Extracting primitive: KIT_wall_lattice_vertical.063
09:20:05 | INFO: Primitives created: 1
09:20:05 | INFO: Extracting primitive: SITE_tubi-tang_platform.001
09:20:05 | INFO: Primitives created: 1
09:20:05 | INFO: Extracting primitive: KIT_props_lantern_hanging_render.012
09:20:05 | INFO: Primitives created: 1
09:20:05 | INFO: Extracting primitive: KIT_pavilion_roof.007
09:20:05 | INFO: Primitives created: 1
09:20:05 | INFO: Extracting primitive: TUBI_terrace.002
09:20:05 | INFO: Primitives created: 1
09:20:05 | INFO: Extracting primitive: SITE_tubi-tang_front.001
09:20:05 | INFO: Primitives created: 1
09:20:05 | INFO: Extracting primitive: XIAOXIANG_black_back.001
09:20:05 | INFO: Primitives created: 1
09:20:05 | INFO: Extracting primitive: XIAOXIANG_gate_pull.002
09:20:05 | INFO: Primitives created: 1
09:20:05 | INFO: Extracting primitive: XIAOXIANG_amber_window.001
09:20:05 | INFO: Primitives created: 1
09:20:05 | INFO: Extracting primitive: XIAOXIANG_gate_leaf.002
09:20:05 | INFO: Primitives created: 1
09:20:05 | INFO: Extracting primitive: XIAOXIANG_paving.001
09:20:05 | INFO: Primitives created: 1
09:20:05 | INFO: Extracting primitive: XIAOXIANG_wall_cap.001
09:20:05 | INFO: Primitives created: 1
09:20:05 | INFO: Extracting primitive: XIAOXIANG_closed_front.001
09:20:05 | INFO: Primitives created: 1
09:20:05 | INFO: Extracting primitive: YIHONG_backstage.002
09:20:05 | INFO: Primitives created: 1
09:20:05 | INFO: Extracting primitive: YIHONG_door_rail.001
09:20:05 | INFO: Primitives created: 1
09:20:05 | INFO: Extracting primitive: YIHONG_amber_window.002
09:20:05 | INFO: Primitives created: 1
09:20:05 | INFO: Extracting primitive: YIHONG_door_panel.001
09:20:05 | INFO: Primitives created: 1
09:20:05 | INFO: Extracting primitive: YIHONG_paving.002
09:20:05 | INFO: Primitives created: 1
09:20:05 | INFO: Extracting primitive: YIHONG_court_cap.001
09:20:05 | INFO: Primitives created: 1
09:20:05 | INFO: Extracting primitive: YIHONG_closed_front.002
09:20:05 | INFO: Primitives created: 1
09:20:05 | INFO: Extracting primitive: KIT_water_lotus_leaf.011
09:20:05 | INFO: Primitives created: 1
09:20:05 | INFO: Extracting primitive: KIT_water_plank.002
09:20:05 | INFO: Primitives created: 1
09:20:05 | INFO: Extracting primitive: SITE_ziling_island.001
09:20:05 | INFO: Primitives created: 1
09:20:05 | INFO: Finished glTF 2.0 export in 0.6552982330322266 s

{"engine": "Godot", "sites": {"stage": {"objects": 100, "triangles": 11188, "render_meshes": 11, "colliders": 87, "triggers": 0}, "qinfang-ting": {"objects": 145, "triangles": 41324, "render_meshes": 27, "colliders": 103, "triggers": 7}, "rockery-gate": {"objects": 27, "triangles": 15324, "render_meshes": 8, "colliders": 10, "triggers": 3}, "terminal-cells": {"objects": 113, "triangles": 37996, "render_meshes": 10, "colliders": 77, "triggers": 18}, "qiushuang-zhai": {"objects": 36, "triangles": 21754, "render_meshes": 11, "colliders": 13, "triggers": 5}, "tubi-tang": {"objects": 37, "triangles": 11340, "render_meshes": 11, "colliders": 16, "triggers": 5}, "daguan-lou": {"objects": 29, "triangles": 23666, "render_meshes": 10, "colliders": 13, "triggers": 3}, "ouxiang-xie": {"objects": 28, "triangles": 15450, "render_meshes": 6, "colliders": 13, "triggers": 4}, "hengwu-yuan": {"objects": 43, "triangles": 20386, "render_meshes": 11, "colliders": 23, "triggers": 4}, "yihong-yuan": {"objects": 28, "triangles": 2294, "render_meshes": 10, "colliders": 9, "triggers": 4}, "xiaoxiang-guan": {"objects": 30, "triangles": 7478, "render_meshes": 12, "colliders": 9, "triggers": 4}, "longcui-an": {"objects": 27, "triangles": 4638, "render_meshes": 10, "colliders": 8, "triggers": 4}, "aojing-guan": {"objects": 24, "triangles": 2788, "render_meshes": 8, "colliders": 7, "triggers": 3}, "daoxiang-cun": {"objects": 27, "triangles": 10862, "render_meshes": 9, "colliders": 8, "triggers": 4}, "ziling-zhou": {"objects": 23, "triangles": 7064, "render_meshes": 13, "colliders": 4, "triggers": 3}}, "warnings": ["Reference assets, not yet profiled on mobile.", "Lightmap bake remains unfinished; engine import evidence is recorded separately in godot/import-validation.json."], "total_triangles": 233552, "total_render_meshes": 167}
BlenderMCP addon unregistered
Blender 5.2.2 LTS (hash d13f752e3b9c built 2026-09-15 01:49:19)

Blender quit
