00:00.337  blend            | Read blend: "/var/folders/gf/s_g2zvzj3jxbylz3ylbc7k4c0000gn/T/garden-hengwu-full-review-b0lakrrc/blender/authoring.blend"
BlenderMCP addon registered
INFO Draco is available, use library at /Applications/Blender.app/Contents/Resources/5.2/scripts/addons_core/io_scene_gltf2/libbf_intern_draco_bridge.dylib
INFO MeshOptimizer is available, use library at /Applications/Blender.app/Contents/Resources/5.2/scripts/addons_core/io_scene_gltf2/libbf_intern_meshopt_bridge.dylib
04:15:10 | INFO: Starting glTF 2.0 export
04:15:10 | INFO: Extracting primitive: COL_aojing_approach.001
04:15:10 | INFO: Primitives created: 1
04:15:10 | INFO: Extracting primitive: COL_aojing_approach.004
04:15:10 | INFO: Primitives created: 1
04:15:10 | INFO: Extracting primitive: COL_aojing_approach_guard.001
04:15:10 | INFO: Primitives created: 1
04:15:10 | INFO: Extracting primitive: COL_aojing_approach_guard.004
04:15:10 | INFO: Primitives created: 1
04:15:10 | INFO: Extracting primitive: COL_aojing_approach_ramp.002
04:15:10 | INFO: Primitives created: 1
04:15:10 | INFO: Extracting primitive: COL_daoxiang_approach.002
04:15:10 | INFO: Primitives created: 1
04:15:10 | INFO: Extracting primitive: COL_daoxiang_approach.003
04:15:10 | INFO: Primitives created: 1
04:15:10 | INFO: Extracting primitive: COL_hengwu_approach.002
04:15:10 | INFO: Primitives created: 1
04:15:10 | INFO: Extracting primitive: COL_hengwu_approach.003
04:15:10 | INFO: Primitives created: 1
04:15:10 | INFO: Extracting primitive: COL_longcui_approach.003
04:15:10 | INFO: Primitives created: 1
04:15:10 | INFO: Extracting primitive: COL_longcui_approach.004
04:15:10 | INFO: Primitives created: 1
04:15:10 | INFO: Extracting primitive: COL_longcui_approach.005
04:15:10 | INFO: Primitives created: 1
04:15:10 | INFO: Extracting primitive: Cube.009
04:15:10 | INFO: Primitives created: 1
04:15:10 | INFO: Extracting primitive: Cube.011
04:15:10 | INFO: Primitives created: 1
04:15:10 | INFO: Extracting primitive: Cube.012
04:15:10 | INFO: Primitives created: 1
04:15:10 | INFO: Extracting primitive: Cube.013
04:15:10 | INFO: Primitives created: 1
04:15:10 | INFO: Extracting primitive: Cube.019
04:15:10 | INFO: Primitives created: 1
04:15:10 | INFO: Extracting primitive: Cube.020
04:15:10 | INFO: Primitives created: 1
04:15:10 | INFO: Extracting primitive: Cube.023
04:15:10 | INFO: Primitives created: 1
04:15:10 | INFO: Extracting primitive: Cube.024
04:15:10 | INFO: Primitives created: 1
04:15:10 | INFO: Extracting primitive: Cube.048
04:15:10 | INFO: Primitives created: 1
04:15:10 | INFO: Extracting primitive: Cube.050
04:15:10 | INFO: Primitives created: 1
04:15:10 | INFO: Extracting primitive: Cube.052
04:15:10 | INFO: Primitives created: 1
04:15:10 | INFO: Extracting primitive: Cube.092
04:15:10 | INFO: Primitives created: 1
04:15:10 | INFO: Extracting primitive: Cube.093
04:15:10 | INFO: Primitives created: 1
04:15:10 | INFO: Extracting primitive: Cube.094
04:15:10 | INFO: Primitives created: 1
04:15:10 | INFO: Extracting primitive: Cube.095
04:15:10 | INFO: Primitives created: 1
04:15:10 | INFO: Extracting primitive: Cube.096
04:15:10 | INFO: Primitives created: 1
04:15:10 | INFO: Extracting primitive: Cube.097
04:15:10 | INFO: Primitives created: 1
04:15:10 | INFO: Extracting primitive: Cube.098
04:15:10 | INFO: Primitives created: 1
04:15:10 | INFO: Extracting primitive: Cube.099
04:15:10 | INFO: Primitives created: 1
04:15:10 | INFO: Extracting primitive: Cube.100
04:15:10 | INFO: Primitives created: 1
04:15:10 | INFO: Extracting primitive: Cube.101
04:15:10 | INFO: Primitives created: 1
04:15:10 | INFO: Extracting primitive: Cube.102
04:15:10 | INFO: Primitives created: 1
04:15:10 | INFO: Extracting primitive: Cube.103
04:15:10 | INFO: Primitives created: 1
04:15:10 | INFO: Extracting primitive: Cube.104
04:15:10 | INFO: Primitives created: 1
04:15:10 | INFO: Extracting primitive: Cube.105
04:15:10 | INFO: Primitives created: 1
04:15:10 | INFO: Extracting primitive: Cube.106
04:15:10 | INFO: Primitives created: 1
04:15:10 | INFO: Extracting primitive: Cube.107
04:15:10 | INFO: Primitives created: 1
04:15:10 | INFO: Extracting primitive: Cube.108
04:15:10 | INFO: Primitives created: 1
04:15:10 | INFO: Extracting primitive: Cube.109
04:15:10 | INFO: Primitives created: 1
04:15:10 | INFO: Extracting primitive: Cube.110
04:15:10 | INFO: Primitives created: 1
04:15:10 | INFO: Extracting primitive: Cube.111
04:15:10 | INFO: Primitives created: 1
04:15:10 | INFO: Extracting primitive: Cube.112
04:15:10 | INFO: Primitives created: 1
04:15:10 | INFO: Extracting primitive: Cube.113
04:15:10 | INFO: Primitives created: 1
04:15:10 | INFO: Extracting primitive: Cube.114
04:15:10 | INFO: Primitives created: 1
04:15:10 | INFO: Extracting primitive: Cube.115
04:15:10 | INFO: Primitives created: 1
04:15:10 | INFO: Extracting primitive: Cube.116
04:15:10 | INFO: Primitives created: 1
04:15:10 | INFO: Extracting primitive: Cube.117
04:15:10 | INFO: Primitives created: 1
04:15:10 | INFO: Extracting primitive: Cube.118
04:15:10 | INFO: Primitives created: 1
04:15:10 | INFO: Extracting primitive: Cube.119
04:15:10 | INFO: Primitives created: 1
04:15:10 | INFO: Extracting primitive: Cube.120
04:15:10 | INFO: Primitives created: 1
04:15:10 | INFO: Extracting primitive: Cube.121
04:15:10 | INFO: Primitives created: 1
04:15:10 | INFO: Extracting primitive: Cube.122
04:15:10 | INFO: Primitives created: 1
04:15:10 | INFO: Extracting primitive: Cube.123
04:15:10 | INFO: Primitives created: 1
04:15:10 | INFO: Extracting primitive: Cube.124
04:15:10 | INFO: Primitives created: 1
04:15:10 | INFO: Extracting primitive: Cube.125
04:15:10 | INFO: Primitives created: 1
04:15:10 | INFO: Extracting primitive: Cube.126
04:15:10 | INFO: Primitives created: 1
04:15:10 | INFO: Extracting primitive: Cube.127
04:15:10 | INFO: Primitives created: 1
04:15:10 | INFO: Extracting primitive: Cube.128
04:15:10 | INFO: Primitives created: 1
04:15:10 | INFO: Extracting primitive: Cube.129
04:15:10 | INFO: Primitives created: 1
04:15:10 | INFO: Extracting primitive: Cube.130
04:15:10 | INFO: Primitives created: 1
04:15:10 | INFO: Extracting primitive: Cube.131
04:15:10 | INFO: Primitives created: 1
04:15:10 | INFO: Extracting primitive: Cube.132
04:15:10 | INFO: Primitives created: 1
04:15:10 | INFO: Extracting primitive: Cube.133
04:15:10 | INFO: Primitives created: 1
04:15:10 | INFO: Extracting primitive: Cube.134
04:15:10 | INFO: Primitives created: 1
04:15:10 | INFO: Extracting primitive: Cube.135
04:15:10 | INFO: Primitives created: 1
04:15:10 | INFO: Extracting primitive: Cube.136
04:15:10 | INFO: Primitives created: 1
04:15:10 | INFO: Extracting primitive: Cube.137
04:15:10 | INFO: Primitives created: 1
04:15:10 | INFO: Extracting primitive: Cube.138
04:15:10 | INFO: Primitives created: 1
04:15:10 | INFO: Extracting primitive: Cube.139
04:15:10 | INFO: Primitives created: 1
04:15:10 | INFO: Extracting primitive: Cube.140
04:15:10 | INFO: Primitives created: 1
04:15:10 | INFO: Extracting primitive: Cube.141
04:15:10 | INFO: Primitives created: 1
04:15:10 | INFO: Extracting primitive: Cube.142
04:15:10 | INFO: Primitives created: 1
04:15:10 | INFO: Extracting primitive: Cube.143
04:15:10 | INFO: Primitives created: 1
04:15:10 | INFO: Extracting primitive: Cube.144
04:15:10 | INFO: Primitives created: 1
04:15:10 | INFO: Extracting primitive: COL_stone_walk.005
04:15:10 | INFO: Primitives created: 1
04:15:10 | INFO: Extracting primitive: COL_stone_walk.008
04:15:10 | INFO: Primitives created: 1
04:15:10 | INFO: Extracting primitive: COL_stone_walk.009
04:15:10 | INFO: Primitives created: 1
04:15:10 | INFO: Extracting primitive: COL_stone_walk.010
04:15:10 | INFO: Primitives created: 1
04:15:10 | INFO: Extracting primitive: COL_stone_walk.011
04:15:10 | INFO: Primitives created: 1
04:15:10 | INFO: Extracting primitive: COL_stone_walk.012
04:15:10 | INFO: Primitives created: 1
04:15:10 | INFO: Extracting primitive: COL_study_approach.002
04:15:10 | INFO: Primitives created: 1
04:15:10 | INFO: Extracting primitive: COL_tubi_approach.001
04:15:10 | INFO: Primitives created: 1
04:15:10 | INFO: Extracting primitive: COL_tubi_approach.002
04:15:10 | INFO: Primitives created: 1
04:15:10 | INFO: Extracting primitive: COL_tubi_approach.007
04:15:10 | INFO: Primitives created: 1
04:15:10 | INFO: Extracting primitive: COL_tubi_approach.008
04:15:10 | INFO: Primitives created: 1
04:15:10 | INFO: Extracting primitive: KIT_stage_floor.001
04:15:10 | INFO: Primitives created: 1
04:15:10 | INFO: Extracting primitive: AOJING_approach_guard.001
04:15:10 | INFO: Primitives created: 1
04:15:10 | INFO: Extracting primitive: KIT_stage_painted_moon.001
04:15:10 | INFO: Primitives created: 1
04:15:10 | INFO: Extracting primitive: KIT_stage_painted_mountain_layer.003
04:15:10 | INFO: Primitives created: 1
04:15:10 | INFO: Extracting primitive: KIT_stage_painted_mountain_layer.004
04:15:10 | INFO: Primitives created: 1
04:15:10 | INFO: Extracting primitive: KIT_stage_painted_mountain_layer.005
04:15:10 | INFO: Primitives created: 1
04:15:10 | INFO: Extracting primitive: KIT_water_stone_walk.005
04:15:10 | INFO: Primitives created: 1
04:15:10 | INFO: Extracting primitive: Painted coved ceiling candidate.001
04:15:10 | INFO: Primitives created: 1
04:15:10 | INFO: Extracting primitive: KIT_stage_painted_canvas.002
04:15:10 | INFO: Primitives created: 1
04:15:10 | INFO: Extracting primitive: Eight painted cyclorama arcs.001
04:15:10 | WARNING: More than one shader node tex image used for a texture. The resulting glTF sampler will behave like the first shader node tex image.
04:15:10 | INFO: Primitives created: 2
04:15:10 | INFO: Extracting primitive: KIT_stage_fog_plane_render.002
04:15:10 | INFO: Primitives created: 1
04:15:11 | INFO: Finished glTF 2.0 export in 0.17335009574890137 s

04:15:15 | INFO: Starting glTF 2.0 export
04:15:15 | INFO: Extracting primitive: Cube.147
04:15:15 | INFO: Primitives created: 1
04:15:15 | INFO: Extracting primitive: Cube.148
04:15:15 | INFO: Primitives created: 1
04:15:15 | INFO: Extracting primitive: Cube.149
04:15:15 | INFO: Primitives created: 1
04:15:15 | INFO: Extracting primitive: Cube.150
04:15:15 | INFO: Primitives created: 1
04:15:15 | INFO: Extracting primitive: COL_bridge_crosswalk.002
04:15:15 | INFO: Primitives created: 1
04:15:15 | INFO: Extracting primitive: COL_bridge_crosswalk.003
04:15:15 | INFO: Primitives created: 1
04:15:15 | INFO: Extracting primitive: COL_floor_joint_pavilion_east_joint.001
04:15:15 | INFO: Primitives created: 1
04:15:15 | INFO: Extracting primitive: COL_floor_joint_pavilion_west_joint.001
04:15:15 | INFO: Primitives created: 1
04:15:15 | INFO: Extracting primitive: Cube.146
04:15:15 | INFO: Primitives created: 1
04:15:15 | INFO: Extracting primitive: Cube.145
04:15:15 | INFO: Primitives created: 1
04:15:15 | INFO: Extracting primitive: COL_corridor_floor.009
04:15:15 | INFO: Primitives created: 1
04:15:15 | INFO: Extracting primitive: COL_corridor_side.015
04:15:15 | INFO: Primitives created: 1
04:15:15 | INFO: Extracting primitive: COL_corridor_side.016
04:15:15 | INFO: Primitives created: 1
04:15:15 | INFO: Extracting primitive: COL_corridor_post.016
04:15:15 | INFO: Primitives created: 1
04:15:15 | INFO: Extracting primitive: COL_corridor_post.017
04:15:15 | INFO: Primitives created: 1
04:15:15 | INFO: Extracting primitive: COL_corridor_floor.010
04:15:15 | INFO: Primitives created: 1
04:15:15 | INFO: Extracting primitive: COL_corridor_side.017
04:15:15 | INFO: Primitives created: 1
04:15:15 | INFO: Extracting primitive: COL_corridor_side.018
04:15:15 | INFO: Primitives created: 1
04:15:15 | INFO: Extracting primitive: COL_corridor_post.018
04:15:15 | INFO: Primitives created: 1
04:15:15 | INFO: Extracting primitive: COL_corridor_post.019
04:15:15 | INFO: Primitives created: 1
04:15:15 | INFO: Extracting primitive: COL_corridor_floor.011
04:15:15 | INFO: Primitives created: 1
04:15:15 | INFO: Extracting primitive: COL_corridor_side.019
04:15:15 | INFO: Primitives created: 1
04:15:15 | INFO: Extracting primitive: COL_corridor_side.020
04:15:15 | INFO: Primitives created: 1
04:15:15 | INFO: Extracting primitive: COL_corridor_post.020
04:15:15 | INFO: Primitives created: 1
04:15:15 | INFO: Extracting primitive: COL_corridor_post.021
04:15:15 | INFO: Primitives created: 1
04:15:15 | INFO: Extracting primitive: COL_corridor_floor.012
04:15:15 | INFO: Primitives created: 1
04:15:15 | INFO: Extracting primitive: COL_corridor_side.021
04:15:15 | INFO: Primitives created: 1
04:15:15 | INFO: Extracting primitive: COL_corridor_side.022
04:15:15 | INFO: Primitives created: 1
04:15:15 | INFO: Extracting primitive: COL_corridor_post.022
04:15:15 | INFO: Primitives created: 1
04:15:15 | INFO: Extracting primitive: COL_corridor_post.023
04:15:15 | INFO: Primitives created: 1
04:15:15 | INFO: Extracting primitive: COL_corridor_floor.001
04:15:15 | INFO: Primitives created: 1
04:15:15 | INFO: Extracting primitive: COL_corridor_side.001
04:15:15 | INFO: Primitives created: 1
04:15:15 | INFO: Extracting primitive: COL_corridor_side.002
04:15:15 | INFO: Primitives created: 1
04:15:15 | INFO: Extracting primitive: COL_corridor_post.001
04:15:15 | INFO: Primitives created: 1
04:15:15 | INFO: Extracting primitive: COL_corridor_post.002
04:15:15 | INFO: Primitives created: 1
04:15:15 | INFO: Extracting primitive: COL_corridor_floor.002
04:15:15 | INFO: Primitives created: 1
04:15:15 | INFO: Extracting primitive: COL_corridor_side.003
04:15:15 | INFO: Primitives created: 1
04:15:15 | INFO: Extracting primitive: COL_corridor_side.004
04:15:15 | INFO: Primitives created: 1
04:15:15 | INFO: Extracting primitive: COL_corridor_post.003
04:15:15 | INFO: Primitives created: 1
04:15:15 | INFO: Extracting primitive: COL_corridor_post.004
04:15:15 | INFO: Primitives created: 1
04:15:15 | INFO: Extracting primitive: COL_corridor_floor.003
04:15:15 | INFO: Primitives created: 1
04:15:15 | INFO: Extracting primitive: COL_corridor_side.005
04:15:15 | INFO: Primitives created: 1
04:15:15 | INFO: Extracting primitive: COL_corridor_side.006
04:15:15 | INFO: Primitives created: 1
04:15:15 | INFO: Extracting primitive: COL_corridor_post.005
04:15:15 | INFO: Primitives created: 1
04:15:15 | INFO: Extracting primitive: COL_corridor_post.006
04:15:15 | INFO: Primitives created: 1
04:15:15 | INFO: Extracting primitive: COL_corridor_floor.004
04:15:15 | INFO: Primitives created: 1
04:15:15 | INFO: Extracting primitive: COL_corridor_side.007
04:15:15 | INFO: Primitives created: 1
04:15:15 | INFO: Extracting primitive: COL_corridor_side.008
04:15:15 | INFO: Primitives created: 1
04:15:15 | INFO: Extracting primitive: COL_corridor_post.007
04:15:15 | INFO: Primitives created: 1
04:15:15 | INFO: Extracting primitive: COL_corridor_post.008
04:15:15 | INFO: Primitives created: 1
04:15:15 | INFO: Extracting primitive: COL_corridor_floor.005
04:15:15 | INFO: Primitives created: 1
04:15:15 | INFO: Extracting primitive: COL_corridor_side.009
04:15:15 | INFO: Primitives created: 1
04:15:15 | INFO: Extracting primitive: COL_corridor_side.010
04:15:15 | INFO: Primitives created: 1
04:15:15 | INFO: Extracting primitive: COL_corridor_post.009
04:15:15 | INFO: Primitives created: 1
04:15:15 | INFO: Extracting primitive: COL_corridor_post.010
04:15:15 | INFO: Primitives created: 1
04:15:15 | INFO: Extracting primitive: COL_corridor_floor.006
04:15:15 | INFO: Primitives created: 1
04:15:15 | INFO: Extracting primitive: COL_corridor_side.011
04:15:15 | INFO: Primitives created: 1
04:15:15 | INFO: Extracting primitive: COL_corridor_post.011
04:15:15 | INFO: Primitives created: 1
04:15:15 | INFO: Extracting primitive: COL_corridor_post.012
04:15:15 | INFO: Primitives created: 1
04:15:15 | INFO: Extracting primitive: COL_corridor_floor.007
04:15:15 | INFO: Primitives created: 1
04:15:15 | INFO: Extracting primitive: COL_corridor_side.012
04:15:15 | INFO: Primitives created: 1
04:15:15 | INFO: Extracting primitive: COL_corridor_post.013
04:15:15 | INFO: Primitives created: 1
04:15:15 | INFO: Extracting primitive: COL_corridor_floor.008
04:15:15 | INFO: Primitives created: 1
04:15:15 | INFO: Extracting primitive: COL_corridor_side.013
04:15:15 | INFO: Primitives created: 1
04:15:15 | INFO: Extracting primitive: COL_corridor_side.014
04:15:15 | INFO: Primitives created: 1
04:15:15 | INFO: Extracting primitive: COL_corridor_post.014
04:15:15 | INFO: Primitives created: 1
04:15:15 | INFO: Extracting primitive: COL_corridor_post.015
04:15:15 | INFO: Primitives created: 1
04:15:15 | INFO: Extracting primitive: COL_corridor_floor.013
04:15:15 | INFO: Primitives created: 1
04:15:15 | INFO: Extracting primitive: COL_corridor_side.023
04:15:15 | INFO: Primitives created: 1
04:15:15 | INFO: Extracting primitive: COL_corridor_side.024
04:15:15 | INFO: Primitives created: 1
04:15:15 | INFO: Extracting primitive: COL_corridor_post.024
04:15:15 | INFO: Primitives created: 1
04:15:15 | INFO: Extracting primitive: COL_corridor_post.025
04:15:15 | INFO: Primitives created: 1
04:15:15 | INFO: Extracting primitive: COL_corridor_floor.014
04:15:15 | INFO: Primitives created: 1
04:15:15 | INFO: Extracting primitive: COL_corridor_side.025
04:15:15 | INFO: Primitives created: 1
04:15:15 | INFO: Extracting primitive: COL_corridor_side.026
04:15:15 | INFO: Primitives created: 1
04:15:15 | INFO: Extracting primitive: COL_corridor_post.026
04:15:15 | INFO: Primitives created: 1
04:15:15 | INFO: Extracting primitive: COL_corridor_post.027
04:15:15 | INFO: Primitives created: 1
04:15:15 | INFO: Extracting primitive: COL_corridor_floor.015
04:15:15 | INFO: Primitives created: 1
04:15:15 | INFO: Extracting primitive: COL_corridor_side.027
04:15:15 | INFO: Primitives created: 1
04:15:15 | INFO: Extracting primitive: COL_corridor_side.028
04:15:15 | INFO: Primitives created: 1
04:15:15 | INFO: Extracting primitive: COL_corridor_post.028
04:15:15 | INFO: Primitives created: 1
04:15:15 | INFO: Extracting primitive: COL_corridor_post.029
04:15:15 | INFO: Primitives created: 1
04:15:15 | INFO: Extracting primitive: COL_corridor_floor.016
04:15:15 | INFO: Primitives created: 1
04:15:15 | INFO: Extracting primitive: COL_corridor_side.029
04:15:15 | INFO: Primitives created: 1
04:15:15 | INFO: Extracting primitive: COL_corridor_side.030
04:15:15 | INFO: Primitives created: 1
04:15:15 | INFO: Extracting primitive: COL_corridor_post.030
04:15:15 | INFO: Primitives created: 1
04:15:15 | INFO: Extracting primitive: COL_corridor_post.031
04:15:15 | INFO: Primitives created: 1
04:15:15 | INFO: Extracting primitive: COL_qinfang_deck.001
04:15:15 | INFO: Primitives created: 1
04:15:15 | INFO: Extracting primitive: COL_pavilion_bench.001
04:15:15 | INFO: Primitives created: 1
04:15:15 | INFO: Extracting primitive: COL_pavilion_bench.002
04:15:15 | INFO: Primitives created: 1
04:15:15 | INFO: Extracting primitive: COL_pavilion_bracket.001
04:15:15 | INFO: Primitives created: 1
04:15:15 | INFO: Extracting primitive: COL_pavilion_bracket.002
04:15:15 | INFO: Primitives created: 1
04:15:15 | INFO: Extracting primitive: COL_pavilion_bracket.003
04:15:15 | INFO: Primitives created: 1
04:15:15 | INFO: Extracting primitive: COL_pavilion_bracket.004
04:15:15 | INFO: Primitives created: 1
04:15:15 | INFO: Extracting primitive: COL_pavilion_bracket.005
04:15:15 | INFO: Primitives created: 1
04:15:15 | INFO: Extracting primitive: COL_pavilion_bracket.006
04:15:15 | INFO: Primitives created: 1
04:15:15 | INFO: Extracting primitive: COL_pavilion_post.001
04:15:15 | INFO: Primitives created: 1
04:15:15 | INFO: Extracting primitive: COL_pavilion_post.002
04:15:15 | INFO: Primitives created: 1
04:15:15 | INFO: Extracting primitive: COL_pavilion_post.003
04:15:15 | INFO: Primitives created: 1
04:15:15 | INFO: Extracting primitive: COL_pavilion_post.004
04:15:15 | INFO: Primitives created: 1
04:15:15 | INFO: Extracting primitive: COL_pavilion_post.005
04:15:15 | INFO: Primitives created: 1
04:15:15 | INFO: Extracting primitive: COL_pavilion_post.006
04:15:15 | INFO: Primitives created: 1
04:15:15 | INFO: Extracting primitive: COL_pavilion_roof.001
04:15:15 | INFO: Primitives created: 1
04:15:15 | INFO: Extracting primitive: KIT_flora_bamboo_large_render.001
04:15:15 | WARNING: More than one shader node tex image used for a texture. The resulting glTF sampler will behave like the first shader node tex image.
04:15:15 | INFO: Primitives created: 1
04:15:15 | INFO: Extracting primitive: KIT_flora_bamboo_large_render.002
04:15:15 | INFO: Primitives created: 1
04:15:15 | INFO: Extracting primitive: KIT_flora_bamboo_small_render.001
04:15:15 | INFO: Primitives created: 1
04:15:15 | INFO: Extracting primitive: KIT_flora_willow_render.001
04:15:15 | INFO: Primitives created: 1
04:15:15 | INFO: Extracting primitive: KIT_flora_willow_render.002
04:15:15 | INFO: Primitives created: 1
04:15:15 | INFO: Extracting primitive: HERO_qinfang-ting_title.002
04:15:15 | WARNING: More than one shader node tex image used for a texture. The resulting glTF sampler will behave like the first shader node tex image.
04:15:15 | INFO: Primitives created: 1
04:15:15 | INFO: Extracting primitive: HERO_qinfang_bridge.001
04:15:15 | INFO: Primitives created: 1
04:15:15 | INFO: Extracting primitive: HERO_table_hexagram.001
04:15:15 | INFO: Primitives created: 1
04:15:15 | INFO: Extracting primitive: line_piece.005
04:15:15 | WARNING: More than one shader node tex image used for a texture. The resulting glTF sampler will behave like the first shader node tex image.
04:15:15 | INFO: Primitives created: 1
04:15:15 | INFO: Extracting primitive: line_piece.002
04:15:15 | INFO: Primitives created: 1
04:15:15 | INFO: Extracting primitive: line_piece.011
04:15:15 | INFO: Primitives created: 1
04:15:15 | INFO: Extracting primitive: line_piece.008
04:15:15 | INFO: Primitives created: 1
04:15:15 | INFO: Extracting primitive: line_piece.017
04:15:15 | INFO: Primitives created: 1
04:15:15 | INFO: Extracting primitive: line_piece.014
04:15:15 | INFO: Primitives created: 1
04:15:15 | INFO: Extracting primitive: line_piece.019
04:15:15 | INFO: Primitives created: 1
04:15:15 | INFO: Extracting primitive: line_piece.018
04:15:15 | INFO: Primitives created: 1
04:15:15 | INFO: Extracting primitive: line_piece.021
04:15:15 | INFO: Primitives created: 1
04:15:15 | INFO: Extracting primitive: line_piece.020
04:15:15 | INFO: Primitives created: 1
04:15:15 | INFO: Extracting primitive: line_piece.023
04:15:15 | INFO: Primitives created: 1
04:15:15 | INFO: Extracting primitive: line_piece.022
04:15:15 | INFO: Primitives created: 1
04:15:15 | INFO: Extracting primitive: HERO_table_pedestal.001
04:15:15 | INFO: Primitives created: 1
04:15:15 | INFO: Extracting primitive: KIT_water_lotus.021
04:15:15 | INFO: Primitives created: 1
04:15:15 | INFO: Extracting primitive: KIT_corridor_rail.008
04:15:15 | INFO: Primitives created: 1
04:15:15 | INFO: Extracting primitive: KIT_pavilion_roof_shell.001
04:15:15 | INFO: Primitives created: 1
04:15:15 | INFO: Extracting primitive: KIT_pavilion_plinth.001
04:15:15 | INFO: Primitives created: 1
04:15:15 | INFO: Extracting primitive: KIT_props_lantern_hanging_render.001
04:15:15 | WARNING: More than one shader node tex image used for a texture. The resulting glTF sampler will behave like the first shader node tex image.
04:15:15 | INFO: Primitives created: 1
04:15:15 | INFO: Extracting primitive: KIT_water_stream.001
04:15:15 | INFO: Primitives created: 1
04:15:15 | INFO: Finished glTF 2.0 export in 0.22547674179077148 s

04:15:15 | INFO: Starting glTF 2.0 export
04:15:15 | INFO: Extracting primitive: COL_GATE_banana_planter.001
04:15:15 | INFO: Primitives created: 1
04:15:15 | INFO: Extracting primitive: KIT_rockery_passage.022
04:15:15 | INFO: Primitives created: 1
04:15:15 | INFO: Extracting primitive: KIT_rockery_passage.024
04:15:15 | INFO: Primitives created: 1
04:15:15 | INFO: Extracting primitive: KIT_rockery_cliff.006
04:15:15 | INFO: Primitives created: 1
04:15:15 | INFO: Extracting primitive: KIT_rockery_cliff.008
04:15:15 | INFO: Primitives created: 1
04:15:15 | INFO: Extracting primitive: KIT_rockery_passage.004
04:15:15 | INFO: Primitives created: 1
04:15:15 | INFO: Extracting primitive: KIT_rockery_passage.016
04:15:15 | INFO: Primitives created: 1
04:15:15 | INFO: Extracting primitive: KIT_rockery_passage.018
04:15:15 | INFO: Primitives created: 1
04:15:15 | INFO: Extracting primitive: KIT_rockery_passage.020
04:15:15 | INFO: Primitives created: 1
04:15:15 | INFO: Extracting primitive: GATE_paving.003
04:15:15 | INFO: Primitives created: 1
04:15:15 | INFO: Extracting primitive: HERO_gate_inscription.001
04:15:15 | WARNING: More than one shader node tex image used for a texture. The resulting glTF sampler will behave like the first shader node tex image.
04:15:15 | INFO: Primitives created: 1
04:15:15 | INFO: Extracting primitive: HERO_gate_water_drips.001
04:15:15 | WARNING: More than one shader node tex image used for a texture. The resulting glTF sampler will behave like the first shader node tex image.
04:15:15 | INFO: Primitives created: 1
04:15:15 | INFO: Extracting primitive: GATE_banana_pseudostem.001
04:15:15 | INFO: Primitives created: 1
04:15:15 | INFO: Extracting primitive: GATE_banana_soil.001
04:15:15 | INFO: Primitives created: 1
04:15:15 | INFO: Extracting primitive: KIT_rockery_passage.001
04:15:15 | WARNING: More than one shader node tex image used for a texture. The resulting glTF sampler will behave like the first shader node tex image.
04:15:15 | INFO: Primitives created: 1
04:15:15 | INFO: Extracting primitive: GATE_paving.002
04:15:15 | INFO: Primitives created: 1
04:15:15 | INFO: Extracting primitive: KIT_props_lantern_hanging_render.008
04:15:15 | WARNING: More than one shader node tex image used for a texture. The resulting glTF sampler will behave like the first shader node tex image.
04:15:15 | INFO: Primitives created: 1
04:15:15 | INFO: Extracting primitive: KIT_stage_fog_plane_render.017
04:15:15 | INFO: Primitives created: 1
04:15:15 | INFO: Finished glTF 2.0 export in 0.06772208213806152 s

04:15:16 | INFO: Starting glTF 2.0 export
04:15:16 | INFO: Extracting primitive: COL_cell_floor.006
04:15:16 | INFO: Primitives created: 1
04:15:16 | INFO: Extracting primitive: COL_cell_floor.007
04:15:16 | INFO: Primitives created: 1
04:15:16 | INFO: Extracting primitive: COL_cell_floor.008
04:15:16 | INFO: Primitives created: 1
04:15:16 | INFO: Extracting primitive: COL_cell_floor.009
04:15:16 | INFO: Primitives created: 1
04:15:16 | INFO: Extracting primitive: COL_cell_floor.010
04:15:16 | INFO: Primitives created: 1
04:15:16 | INFO: Extracting primitive: COL_cell_floor.011
04:15:16 | INFO: Primitives created: 1
04:15:16 | INFO: Extracting primitive: COL_cell_wall.012
04:15:16 | INFO: Primitives created: 1
04:15:16 | INFO: Extracting primitive: COL_cell_wall.013
04:15:16 | INFO: Primitives created: 1
04:15:16 | INFO: Extracting primitive: COL_cell_wall.014
04:15:16 | INFO: Primitives created: 1
04:15:16 | INFO: Extracting primitive: COL_cell_wall.015
04:15:16 | INFO: Primitives created: 1
04:15:16 | INFO: Extracting primitive: COL_cell_wall.016
04:15:16 | INFO: Primitives created: 1
04:15:16 | INFO: Extracting primitive: COL_cell_wall.017
04:15:16 | INFO: Primitives created: 1
04:15:16 | INFO: Extracting primitive: COL_cell_wall.018
04:15:16 | INFO: Primitives created: 1
04:15:16 | INFO: Extracting primitive: COL_cell_wall.019
04:15:16 | INFO: Primitives created: 1
04:15:16 | INFO: Extracting primitive: COL_cell_wall.020
04:15:16 | INFO: Primitives created: 1
04:15:16 | INFO: Extracting primitive: COL_cell_wall.021
04:15:16 | INFO: Primitives created: 1
04:15:16 | INFO: Extracting primitive: COL_cell_wall.022
04:15:16 | INFO: Primitives created: 1
04:15:16 | INFO: Extracting primitive: COL_cell_wall.023
04:15:16 | INFO: Primitives created: 1
04:15:16 | INFO: Extracting primitive: COL_entry_corridor.001
04:15:16 | INFO: Primitives created: 1
04:15:16 | INFO: Extracting primitive: COL_entry_walk.002
04:15:16 | INFO: Primitives created: 1
04:15:16 | INFO: Extracting primitive: COL_entry_walk.003
04:15:16 | INFO: Primitives created: 1
04:15:16 | INFO: Extracting primitive: COL_floor_joint_cell_threshold_0.001
04:15:16 | INFO: Primitives created: 1
04:15:16 | INFO: Extracting primitive: COL_floor_joint_cell_threshold_1.001
04:15:16 | INFO: Primitives created: 1
04:15:16 | INFO: Extracting primitive: COL_floor_joint_cell_threshold_2.001
04:15:16 | INFO: Primitives created: 1
04:15:16 | INFO: Extracting primitive: COL_floor_joint_cell_threshold_3.001
04:15:16 | INFO: Primitives created: 1
04:15:16 | INFO: Extracting primitive: COL_floor_joint_cell_threshold_4.001
04:15:16 | INFO: Primitives created: 1
04:15:16 | INFO: Extracting primitive: COL_floor_joint_cell_threshold_5.001
04:15:16 | INFO: Primitives created: 1
04:15:16 | INFO: Extracting primitive: Cube.193
04:15:16 | INFO: Primitives created: 1
04:15:16 | INFO: Extracting primitive: Cube.194
04:15:16 | INFO: Primitives created: 1
04:15:16 | INFO: Extracting primitive: Cube.195
04:15:16 | INFO: Primitives created: 1
04:15:16 | INFO: Extracting primitive: Cube.196
04:15:16 | INFO: Primitives created: 1
04:15:16 | INFO: Extracting primitive: Cube.197
04:15:16 | INFO: Primitives created: 1
04:15:16 | INFO: Extracting primitive: Cube.198
04:15:16 | INFO: Primitives created: 1
04:15:16 | INFO: Extracting primitive: Cube.199
04:15:16 | INFO: Primitives created: 1
04:15:16 | INFO: Extracting primitive: Cube.200
04:15:16 | INFO: Primitives created: 1
04:15:16 | INFO: Extracting primitive: Cube.151
04:15:16 | INFO: Primitives created: 1
04:15:16 | INFO: Extracting primitive: Cube.152
04:15:16 | INFO: Primitives created: 1
04:15:16 | INFO: Extracting primitive: Cube.153
04:15:16 | INFO: Primitives created: 1
04:15:16 | INFO: Extracting primitive: Cube.154
04:15:16 | INFO: Primitives created: 1
04:15:16 | INFO: Extracting primitive: Cube.155
04:15:16 | INFO: Primitives created: 1
04:15:16 | INFO: Extracting primitive: Cube.156
04:15:16 | INFO: Primitives created: 1
04:15:16 | INFO: Extracting primitive: Cube.157
04:15:16 | INFO: Primitives created: 1
04:15:16 | INFO: Extracting primitive: Cube.158
04:15:16 | INFO: Primitives created: 1
04:15:16 | INFO: Extracting primitive: Cube.159
04:15:16 | INFO: Primitives created: 1
04:15:16 | INFO: Extracting primitive: Cube.160
04:15:16 | INFO: Primitives created: 1
04:15:16 | INFO: Extracting primitive: Cube.161
04:15:16 | INFO: Primitives created: 1
04:15:16 | INFO: Extracting primitive: Cube.162
04:15:16 | INFO: Primitives created: 1
04:15:16 | INFO: Extracting primitive: Cube.163
04:15:16 | INFO: Primitives created: 1
04:15:16 | INFO: Extracting primitive: Cube.164
04:15:16 | INFO: Primitives created: 1
04:15:16 | INFO: Extracting primitive: Cube.165
04:15:16 | INFO: Primitives created: 1
04:15:16 | INFO: Extracting primitive: Cube.166
04:15:16 | INFO: Primitives created: 1
04:15:16 | INFO: Extracting primitive: Cube.167
04:15:16 | INFO: Primitives created: 1
04:15:16 | INFO: Extracting primitive: Cube.168
04:15:16 | INFO: Primitives created: 1
04:15:16 | INFO: Extracting primitive: Cube.169
04:15:16 | INFO: Primitives created: 1
04:15:16 | INFO: Extracting primitive: Cube.170
04:15:16 | INFO: Primitives created: 1
04:15:16 | INFO: Extracting primitive: Cube.171
04:15:16 | INFO: Primitives created: 1
04:15:16 | INFO: Extracting primitive: Cube.172
04:15:16 | INFO: Primitives created: 1
04:15:16 | INFO: Extracting primitive: Cube.173
04:15:16 | INFO: Primitives created: 1
04:15:16 | INFO: Extracting primitive: Cube.174
04:15:16 | INFO: Primitives created: 1
04:15:16 | INFO: Extracting primitive: Cube.175
04:15:16 | INFO: Primitives created: 1
04:15:16 | INFO: Extracting primitive: Cube.176
04:15:16 | INFO: Primitives created: 1
04:15:16 | INFO: Extracting primitive: Cube.177
04:15:16 | INFO: Primitives created: 1
04:15:16 | INFO: Extracting primitive: Cube.178
04:15:16 | INFO: Primitives created: 1
04:15:16 | INFO: Extracting primitive: Cube.179
04:15:16 | INFO: Primitives created: 1
04:15:16 | INFO: Extracting primitive: Cube.180
04:15:16 | INFO: Primitives created: 1
04:15:16 | INFO: Extracting primitive: Cube.181
04:15:16 | INFO: Primitives created: 1
04:15:16 | INFO: Extracting primitive: Cube.182
04:15:16 | INFO: Primitives created: 1
04:15:16 | INFO: Extracting primitive: Cube.183
04:15:16 | INFO: Primitives created: 1
04:15:16 | INFO: Extracting primitive: Cube.184
04:15:16 | INFO: Primitives created: 1
04:15:16 | INFO: Extracting primitive: Cube.185
04:15:16 | INFO: Primitives created: 1
04:15:16 | INFO: Extracting primitive: Cube.186
04:15:16 | INFO: Primitives created: 1
04:15:16 | INFO: Extracting primitive: Cube.187
04:15:16 | INFO: Primitives created: 1
04:15:16 | INFO: Extracting primitive: Cube.188
04:15:16 | INFO: Primitives created: 1
04:15:16 | INFO: Extracting primitive: Cube.189
04:15:16 | INFO: Primitives created: 1
04:15:16 | INFO: Extracting primitive: Cube.190
04:15:16 | INFO: Primitives created: 1
04:15:16 | INFO: Extracting primitive: Cube.191
04:15:16 | INFO: Primitives created: 1
04:15:16 | INFO: Extracting primitive: Cube.192
04:15:16 | INFO: Primitives created: 1
04:15:16 | INFO: Extracting primitive: KIT_tech_cell_side.012
04:15:16 | INFO: Primitives created: 1
04:15:16 | INFO: Extracting primitive: KIT_wall_window_bar.030
04:15:16 | INFO: Primitives created: 1
04:15:16 | INFO: Extracting primitive: KIT_stage_entry_walk.002
04:15:16 | INFO: Primitives created: 1
04:15:16 | INFO: Extracting primitive: KIT_props_folding_chair_render.001
04:15:16 | WARNING: More than one shader node tex image used for a texture. The resulting glTF sampler will behave like the first shader node tex image.
04:15:16 | INFO: Primitives created: 1
04:15:16 | INFO: Extracting primitive: KIT_stage_floor_boards_render.002
04:15:16 | WARNING: More than one shader node tex image used for a texture. The resulting glTF sampler will behave like the first shader node tex image.
04:15:16 | INFO: Primitives created: 1
04:15:16 | INFO: Extracting primitive: KIT_stage_gel_frame_render.002
04:15:16 | INFO: Primitives created: 2
04:15:16 | INFO: Extracting primitive: KIT_stage_studio_wall_render.002
04:15:16 | INFO: Primitives created: 1
04:15:16 | INFO: Extracting primitive: KIT_stage_fog_plane_render.020
04:15:16 | INFO: Primitives created: 1
04:15:16 | INFO: Extracting primitive: KIT_tech_terminal_desk_render.001
04:15:16 | WARNING: More than one shader node tex image used for a texture. The resulting glTF sampler will behave like the first shader node tex image.
04:15:16 | INFO: Primitives created: 1
04:15:16 | INFO: Extracting primitive: KIT_props_scroll_render.001
04:15:16 | WARNING: More than one shader node tex image used for a texture. The resulting glTF sampler will behave like the first shader node tex image.
04:15:16 | INFO: Primitives created: 1
04:15:16 | INFO: Finished glTF 2.0 export in 0.15407896041870117 s

04:15:17 | INFO: Starting glTF 2.0 export
04:15:17 | INFO: Extracting primitive: COL_qiushuang-zhai_floor.001
04:15:17 | INFO: Primitives created: 1
04:15:17 | INFO: Extracting primitive: COL_study_desk_centre.002
04:15:17 | INFO: Primitives created: 1
04:15:17 | INFO: Extracting primitive: COL_study_desk_left.002
04:15:17 | INFO: Primitives created: 1
04:15:17 | INFO: Extracting primitive: COL_study_desk_right.002
04:15:17 | INFO: Primitives created: 1
04:15:17 | INFO: Extracting primitive: COL_study_front_walk.002
04:15:17 | INFO: Primitives created: 1
04:15:17 | INFO: Extracting primitive: COL_study_front_wall.002
04:15:17 | INFO: Primitives created: 1
04:15:17 | INFO: Extracting primitive: COL_study_post.001
04:15:17 | INFO: Primitives created: 1
04:15:17 | INFO: Extracting primitive: COL_study_post.002
04:15:17 | INFO: Primitives created: 1
04:15:17 | INFO: Extracting primitive: COL_study_post.003
04:15:17 | INFO: Primitives created: 1
04:15:17 | INFO: Extracting primitive: COL_study_post.008
04:15:17 | INFO: Primitives created: 1
04:15:17 | INFO: Extracting primitive: Cube.201
04:15:17 | INFO: Primitives created: 1
04:15:17 | INFO: Extracting primitive: Cube.202
04:15:17 | INFO: Primitives created: 1
04:15:17 | INFO: Extracting primitive: Cube.203
04:15:17 | INFO: Primitives created: 1
04:15:17 | INFO: Extracting primitive: HERO_study_scroll_bamboo.002
04:15:17 | INFO: Primitives created: 1
04:15:17 | INFO: Extracting primitive: HERO_study_scroll_plum.002
04:15:17 | INFO: Primitives created: 1
04:15:17 | INFO: Extracting primitive: HERO_study_title.002
04:15:17 | WARNING: More than one shader node tex image used for a texture. The resulting glTF sampler will behave like the first shader node tex image.
04:15:17 | INFO: Primitives created: 1
04:15:17 | INFO: Extracting primitive: SITE_qiushuang-zhai_backstage.001
04:15:17 | INFO: Primitives created: 1
04:15:17 | INFO: Extracting primitive: KIT_pavilion_finial.005
04:15:17 | INFO: Primitives created: 1
04:15:17 | INFO: Extracting primitive: KIT_wall_lattice_vertical.042
04:15:17 | INFO: Primitives created: 1
04:15:17 | INFO: Extracting primitive: SITE_qiushuang-zhai_platform.001
04:15:17 | INFO: Primitives created: 1
04:15:17 | INFO: Extracting primitive: KIT_props_lantern_hanging_render.010
04:15:17 | WARNING: More than one shader node tex image used for a texture. The resulting glTF sampler will behave like the first shader node tex image.
04:15:17 | INFO: Primitives created: 1
04:15:17 | INFO: Extracting primitive: KIT_pavilion_roof.005
04:15:17 | INFO: Primitives created: 1
04:15:17 | INFO: Extracting primitive: KIT_tech_terminal_desk_render.007
04:15:17 | WARNING: More than one shader node tex image used for a texture. The resulting glTF sampler will behave like the first shader node tex image.
04:15:17 | INFO: Primitives created: 1
04:15:17 | INFO: Extracting primitive: SITE_qiushuang-zhai_front.001
04:15:17 | INFO: Primitives created: 1
04:15:17 | INFO: Finished glTF 2.0 export in 0.047122955322265625 s

04:15:18 | INFO: Starting glTF 2.0 export
04:15:18 | INFO: Extracting primitive: COL_tubi-tang_floor.001
04:15:18 | INFO: Primitives created: 1
04:15:18 | INFO: Extracting primitive: COL_tubi_closed_hall.002
04:15:18 | INFO: Primitives created: 1
04:15:18 | INFO: Extracting primitive: COL_tubi_hall_post.001
04:15:18 | INFO: Primitives created: 1
04:15:18 | INFO: Extracting primitive: COL_tubi_hall_post.002
04:15:18 | INFO: Primitives created: 1
04:15:18 | INFO: Extracting primitive: COL_tubi_hall_post.006
04:15:18 | INFO: Primitives created: 1
04:15:18 | INFO: Extracting primitive: COL_tubi_parapet.001
04:15:18 | INFO: Primitives created: 1
04:15:18 | INFO: Extracting primitive: COL_tubi_parapet.002
04:15:18 | INFO: Primitives created: 1
04:15:18 | INFO: Extracting primitive: COL_tubi_parapet.003
04:15:18 | INFO: Primitives created: 1
04:15:18 | INFO: Extracting primitive: COL_tubi_parapet.008
04:15:18 | INFO: Primitives created: 1
04:15:18 | INFO: Extracting primitive: COL_tubi_stair_guard.001
04:15:18 | INFO: Primitives created: 1
04:15:18 | INFO: Extracting primitive: COL_tubi_stair_guard.004
04:15:18 | INFO: Primitives created: 1
04:15:18 | INFO: Extracting primitive: COL_tubi_stair_ramp.002
04:15:18 | INFO: Primitives created: 1
04:15:18 | INFO: Extracting primitive: COL_tubi_terrace.002
04:15:18 | INFO: Primitives created: 1
04:15:18 | INFO: Extracting primitive: COL_tubi_topic_table.002
04:15:18 | INFO: Primitives created: 1
04:15:18 | INFO: Extracting primitive: COL_tubi_view_bench_left.001
04:15:18 | INFO: Primitives created: 1
04:15:18 | INFO: Extracting primitive: COL_tubi_view_bench_right.001
04:15:18 | INFO: Primitives created: 1
04:15:18 | INFO: Extracting primitive: HERO_tubi_title.002
04:15:18 | WARNING: More than one shader node tex image used for a texture. The resulting glTF sampler will behave like the first shader node tex image.
04:15:18 | INFO: Primitives created: 1
04:15:18 | INFO: Extracting primitive: SITE_tubi-tang_backstage.001
04:15:18 | INFO: Primitives created: 1
04:15:18 | INFO: Extracting primitive: KIT_pavilion_finial.007
04:15:18 | INFO: Primitives created: 1
04:15:18 | INFO: Extracting primitive: KIT_wall_amber_window.003
04:15:18 | INFO: Primitives created: 1
04:15:18 | INFO: Extracting primitive: TUBI_topic_line.001
04:15:18 | INFO: Primitives created: 1
04:15:18 | INFO: Extracting primitive: KIT_wall_lattice_vertical.063
04:15:18 | INFO: Primitives created: 1
04:15:18 | INFO: Extracting primitive: SITE_tubi-tang_platform.001
04:15:18 | INFO: Primitives created: 1
04:15:18 | INFO: Extracting primitive: KIT_props_lantern_hanging_render.012
04:15:18 | WARNING: More than one shader node tex image used for a texture. The resulting glTF sampler will behave like the first shader node tex image.
04:15:18 | INFO: Primitives created: 1
04:15:18 | INFO: Extracting primitive: KIT_pavilion_roof.007
04:15:18 | INFO: Primitives created: 1
04:15:18 | INFO: Extracting primitive: TUBI_terrace.002
04:15:18 | INFO: Primitives created: 1
04:15:18 | INFO: Extracting primitive: SITE_tubi-tang_front.001
04:15:18 | INFO: Primitives created: 1
04:15:18 | INFO: Finished glTF 2.0 export in 0.03775429725646973 s

IMPERIAL_JOINED_TOPOLOGY {(16, 26): 2, (16, 28): 576}
04:15:23 | INFO: Starting glTF 2.0 export
04:15:23 | INFO: Extracting primitive: COL_daguan_central_step.003
04:15:23 | INFO: Primitives created: 1
04:15:23 | INFO: Extracting primitive: COL_daguan_central_step.004
04:15:23 | INFO: Primitives created: 1
04:15:23 | INFO: Extracting primitive: COL_daguan_central_step.005
04:15:23 | INFO: Primitives created: 1
04:15:23 | INFO: Extracting primitive: COL_daguan_closed_front.001
04:15:23 | INFO: Primitives created: 1
04:15:23 | INFO: Extracting primitive: COL_daguan_column.006
04:15:23 | INFO: Primitives created: 1
04:15:23 | INFO: Extracting primitive: COL_daguan_column.007
04:15:23 | INFO: Primitives created: 1
04:15:23 | INFO: Extracting primitive: COL_daguan_column.008
04:15:23 | INFO: Primitives created: 1
04:15:23 | INFO: Extracting primitive: COL_daguan_column.009
04:15:23 | INFO: Primitives created: 1
04:15:23 | INFO: Extracting primitive: COL_daguan_column.010
04:15:23 | INFO: Primitives created: 1
04:15:23 | INFO: Extracting primitive: COL_daguan_column.011
04:15:23 | INFO: Primitives created: 1
04:15:23 | INFO: Extracting primitive: COL_daguan_floor.001
04:15:23 | INFO: Primitives created: 1
04:15:23 | INFO: Extracting primitive: COL_daguan_return_wall.002
04:15:23 | INFO: Primitives created: 1
04:15:23 | INFO: Extracting primitive: COL_daguan_return_wall.003
04:15:23 | INFO: Primitives created: 1
04:15:23 | INFO: Extracting primitive: HERO_daguan_title.001
04:15:23 | WARNING: More than one shader node tex image used for a texture. The resulting glTF sampler will behave like the first shader node tex image.
04:15:23 | INFO: Primitives created: 1
04:15:23 | INFO: Extracting primitive: DAGUAN_backstage.001
04:15:23 | INFO: Primitives created: 1
04:15:23 | INFO: Extracting primitive: DAGUAN_door_stud.180
04:15:23 | INFO: Primitives created: 1
04:15:23 | INFO: Extracting primitive: DAGUAN_amber_transom.002
04:15:23 | INFO: Primitives created: 1
04:15:23 | INFO: Extracting primitive: DAGUAN_closed_door.010
04:15:23 | INFO: Primitives created: 1
04:15:23 | INFO: Extracting primitive: DAGUAN_recessed_panel.020
04:15:23 | INFO: Primitives created: 1
04:15:23 | INFO: Extracting primitive: DAGUAN_column.006
04:15:23 | INFO: Primitives created: 1
04:15:23 | INFO: Extracting primitive: DAGUAN_platform.001
04:15:23 | INFO: Primitives created: 1
04:15:23 | INFO: Extracting primitive: DAGUAN_lower_roof.001
04:15:23 | INFO: Primitives created: 1
04:15:23 | INFO: Extracting primitive: DAGUAN_front.001
04:15:23 | INFO: Primitives created: 1
04:15:23 | INFO: Finished glTF 2.0 export in 0.042634010314941406 s

04:15:23 | INFO: Starting glTF 2.0 export
04:15:23 | INFO: Extracting primitive: COL_ouxiang_approach.001
04:15:23 | INFO: Primitives created: 1
04:15:23 | INFO: Extracting primitive: COL_ouxiang_deck.001
04:15:23 | INFO: Primitives created: 1
04:15:23 | INFO: Extracting primitive: COL_ouxiang_post.004
04:15:23 | INFO: Primitives created: 1
04:15:23 | INFO: Extracting primitive: COL_ouxiang_post.005
04:15:23 | INFO: Primitives created: 1
04:15:23 | INFO: Extracting primitive: COL_ouxiang_post.006
04:15:23 | INFO: Primitives created: 1
04:15:23 | INFO: Extracting primitive: COL_ouxiang_post.007
04:15:23 | INFO: Primitives created: 1
04:15:23 | INFO: Extracting primitive: COL_ouxiang_rail.002
04:15:23 | INFO: Primitives created: 1
04:15:23 | INFO: Extracting primitive: COL_ouxiang_rail.003
04:15:23 | INFO: Primitives created: 1
04:15:23 | INFO: Extracting primitive: COL_ouxiang_side_rail.004
04:15:23 | INFO: Primitives created: 1
04:15:23 | INFO: Extracting primitive: COL_ouxiang_side_rail.005
04:15:23 | INFO: Primitives created: 1
04:15:23 | INFO: Extracting primitive: COL_ouxiang_side_rail.006
04:15:23 | INFO: Primitives created: 1
04:15:23 | INFO: Extracting primitive: COL_ouxiang_side_rail.007
04:15:23 | INFO: Primitives created: 1
04:15:23 | INFO: Extracting primitive: COL_ouxiang_table.001
04:15:23 | INFO: Primitives created: 1
04:15:23 | INFO: Extracting primitive: KIT_props_tea_cup.006
04:15:23 | INFO: Primitives created: 1
04:15:23 | INFO: Extracting primitive: KIT_water_lotus_leaf.007
04:15:23 | INFO: Primitives created: 1
04:15:23 | INFO: Extracting primitive: SITE_ouxiang_deck.001
04:15:23 | INFO: Primitives created: 1
04:15:23 | INFO: Extracting primitive: KIT_pavilion_water_pier.004
04:15:23 | INFO: Primitives created: 1
04:15:23 | INFO: Extracting primitive: KIT_props_lantern_hanging_render.013
04:15:23 | WARNING: More than one shader node tex image used for a texture. The resulting glTF sampler will behave like the first shader node tex image.
04:15:23 | INFO: Primitives created: 1
04:15:23 | INFO: Extracting primitive: KIT_pavilion_water_hipped_roof.001
04:15:24 | INFO: Primitives created: 1
04:15:24 | INFO: Finished glTF 2.0 export in 0.04118490219116211 s

04:15:25 | INFO: Starting glTF 2.0 export
04:15:26 | INFO: Extracting primitive: COL_hengwu-yuan_floor.001
04:15:26 | INFO: Primitives created: 1
04:15:26 | INFO: Extracting primitive: COL_hengwu_closed_hall.002
04:15:26 | INFO: Primitives created: 1
04:15:26 | INFO: Extracting primitive: COL_hengwu_court.002
04:15:26 | INFO: Primitives created: 1
04:15:26 | INFO: Extracting primitive: COL_hengwu_hall_post.001
04:15:26 | INFO: Primitives created: 1
04:15:26 | INFO: Extracting primitive: COL_hengwu_hall_post.002
04:15:26 | INFO: Primitives created: 1
04:15:26 | INFO: Extracting primitive: COL_hengwu_hall_post.006
04:15:26 | INFO: Primitives created: 1
04:15:26 | INFO: Extracting primitive: COL_wall_bay.001
04:15:26 | INFO: Primitives created: 1
04:15:26 | INFO: Extracting primitive: COL_wall_bay.002
04:15:26 | INFO: Primitives created: 1
04:15:26 | INFO: Extracting primitive: COL_wall_bay.003
04:15:26 | INFO: Primitives created: 1
04:15:26 | INFO: Extracting primitive: COL_wall_bay.004
04:15:26 | INFO: Primitives created: 1
04:15:26 | INFO: Extracting primitive: COL_wall_bay.005
04:15:26 | INFO: Primitives created: 1
04:15:26 | INFO: Extracting primitive: COL_wall_bay.006
04:15:26 | INFO: Primitives created: 1
04:15:26 | INFO: Extracting primitive: KIT_wall_plaster.002
04:15:26 | INFO: Primitives created: 1
04:15:26 | INFO: Extracting primitive: COL_wall_window.001
04:15:26 | INFO: Primitives created: 1
04:15:26 | INFO: Extracting primitive: COL_wall_window.002
04:15:26 | INFO: Primitives created: 1
04:15:26 | INFO: Extracting primitive: COL_hengwu_rock.001
04:15:26 | INFO: Primitives created: 1
04:15:26 | INFO: Extracting primitive: COL_hengwu_rock.002
04:15:26 | INFO: Primitives created: 1
04:15:26 | INFO: Extracting primitive: COL_hengwu_rock.006
04:15:26 | INFO: Primitives created: 1
04:15:26 | INFO: Extracting primitive: COL_hengwu_stool.001
04:15:26 | INFO: Primitives created: 1
04:15:26 | INFO: Extracting primitive: COL_hengwu_stool.002
04:15:26 | INFO: Primitives created: 1
04:15:26 | INFO: Extracting primitive: COL_hengwu_stool.003
04:15:26 | INFO: Primitives created: 1
04:15:26 | INFO: Extracting primitive: COL_hengwu_stool.008
04:15:26 | INFO: Primitives created: 1
04:15:26 | INFO: Extracting primitive: COL_hengwu_table.002
04:15:26 | INFO: Primitives created: 1
04:15:26 | INFO: Extracting primitive: HERO_hengwu-yuan_title.002
04:15:26 | WARNING: More than one shader node tex image used for a texture. The resulting glTF sampler will behave like the first shader node tex image.
04:15:26 | INFO: Primitives created: 1
04:15:26 | INFO: Extracting primitive: SITE_hengwu-yuan_backstage.001
04:15:26 | INFO: Primitives created: 1
04:15:26 | INFO: Extracting primitive: KIT_pavilion_finial.011
04:15:26 | INFO: Primitives created: 1
04:15:26 | INFO: Extracting primitive: KIT_wall_amber_window.006
04:15:26 | INFO: Primitives created: 1
04:15:26 | INFO: Extracting primitive: HENGWU_herb_leaf.001
04:15:26 | INFO: Primitives created: 1
04:15:26 | INFO: Extracting primitive: KIT_wall_lattice_vertical.105
04:15:26 | INFO: Primitives created: 1
04:15:26 | INFO: Extracting primitive: SITE_hengwu-yuan_platform.001
04:15:26 | INFO: Primitives created: 1
04:15:26 | INFO: Extracting primitive: KIT_props_lantern_hanging_render.015
04:15:26 | WARNING: More than one shader node tex image used for a texture. The resulting glTF sampler will behave like the first shader node tex image.
04:15:26 | INFO: Primitives created: 1
04:15:26 | INFO: Extracting primitive: KIT_pavilion_roof.011
04:15:26 | INFO: Primitives created: 1
04:15:26 | INFO: Extracting primitive: KIT_wall_bay.001
04:15:26 | WARNING: More than one shader node tex image used for a texture. The resulting glTF sampler will behave like the first shader node tex image.
04:15:26 | INFO: Primitives created: 1
04:15:26 | INFO: Extracting primitive: SITE_hengwu-yuan_front.001
04:15:26 | INFO: Primitives created: 1
04:15:26 | INFO: Finished glTF 2.0 export in 0.1163029670715332 s

04:15:26 | INFO: Starting glTF 2.0 export
04:15:26 | INFO: Extracting primitive: COL_yihong_closed_front.002
04:15:26 | INFO: Primitives created: 1
04:15:26 | INFO: Extracting primitive: COL_yihong_court_side.001
04:15:26 | INFO: Primitives created: 1
04:15:26 | INFO: Extracting primitive: COL_yihong_court_side.004
04:15:26 | INFO: Primitives created: 1
04:15:26 | INFO: Extracting primitive: COL_yihong_floor.002
04:15:26 | INFO: Primitives created: 1
04:15:26 | INFO: Extracting primitive: COL_yihong_planter.001
04:15:26 | INFO: Primitives created: 1
04:15:26 | INFO: Extracting primitive: COL_yihong_planter.004
04:15:26 | INFO: Primitives created: 1
04:15:26 | INFO: Extracting primitive: COL_yihong_side_return.001
04:15:26 | INFO: Primitives created: 1
04:15:26 | INFO: Extracting primitive: COL_yihong_side_return.004
04:15:26 | INFO: Primitives created: 1
04:15:26 | INFO: Extracting primitive: COL_yihong_threshold.002
04:15:26 | INFO: Primitives created: 1
04:15:26 | INFO: Extracting primitive: KIT_flora_banana_render.001
04:15:26 | WARNING: More than one shader node tex image used for a texture. The resulting glTF sampler will behave like the first shader node tex image.
04:15:26 | INFO: Primitives created: 1
04:15:26 | INFO: Extracting primitive: KIT_flora_banana_render.002
04:15:26 | INFO: Primitives created: 1
04:15:26 | INFO: Extracting primitive: HERO_yihong-yuan_title.002
04:15:26 | WARNING: More than one shader node tex image used for a texture. The resulting glTF sampler will behave like the first shader node tex image.
04:15:26 | INFO: Primitives created: 1
04:15:26 | INFO: Extracting primitive: YIHONG_backstage.002
04:15:26 | INFO: Primitives created: 1
04:15:26 | INFO: Extracting primitive: YIHONG_door_rail.001
04:15:26 | INFO: Primitives created: 1
04:15:26 | INFO: Extracting primitive: YIHONG_amber_window.002
04:15:26 | INFO: Primitives created: 1
04:15:26 | INFO: Extracting primitive: YIHONG_door_panel.001
04:15:26 | INFO: Primitives created: 1
04:15:26 | INFO: Extracting primitive: YIHONG_paving.002
04:15:26 | INFO: Primitives created: 1
04:15:26 | INFO: Extracting primitive: YIHONG_court_cap.001
04:15:26 | INFO: Primitives created: 1
04:15:26 | INFO: Extracting primitive: YIHONG_closed_front.002
04:15:26 | INFO: Primitives created: 1
04:15:26 | INFO: Finished glTF 2.0 export in 0.028500080108642578 s

04:15:26 | INFO: Starting glTF 2.0 export
04:15:26 | INFO: Extracting primitive: COL_xiaoxiang_bamboo_bed.004
04:15:26 | INFO: Primitives created: 1
04:15:26 | INFO: Extracting primitive: COL_xiaoxiang_bamboo_bed.005
04:15:26 | INFO: Primitives created: 1
04:15:26 | INFO: Extracting primitive: COL_xiaoxiang_bamboo_bed.006
04:15:26 | INFO: Primitives created: 1
04:15:26 | INFO: Extracting primitive: COL_xiaoxiang_bamboo_bed.007
04:15:26 | INFO: Primitives created: 1
04:15:26 | INFO: Extracting primitive: COL_xiaoxiang_closed_front.001
04:15:26 | INFO: Primitives created: 1
04:15:26 | INFO: Extracting primitive: COL_xiaoxiang_floor.001
04:15:26 | INFO: Primitives created: 1
04:15:26 | INFO: Extracting primitive: COL_xiaoxiang_return.002
04:15:26 | INFO: Primitives created: 1
04:15:26 | INFO: Extracting primitive: COL_xiaoxiang_return.003
04:15:26 | INFO: Primitives created: 1
04:15:26 | INFO: Extracting primitive: COL_xiaoxiang_threshold.001
04:15:26 | INFO: Primitives created: 1
04:15:26 | INFO: Extracting primitive: KIT_flora_bamboo_large_render.003
04:15:26 | WARNING: More than one shader node tex image used for a texture. The resulting glTF sampler will behave like the first shader node tex image.
04:15:26 | INFO: Primitives created: 1
04:15:26 | INFO: Extracting primitive: KIT_flora_bamboo_medium_render.001
04:15:26 | INFO: Primitives created: 1
04:15:26 | INFO: Extracting primitive: KIT_flora_bamboo_small_render.002
04:15:26 | INFO: Primitives created: 1
04:15:26 | INFO: Extracting primitive: KIT_flora_bamboo_large_render.004
04:15:26 | INFO: Primitives created: 1
04:15:26 | INFO: Extracting primitive: HERO_xiaoxiang-guan_title.002
04:15:26 | WARNING: More than one shader node tex image used for a texture. The resulting glTF sampler will behave like the first shader node tex image.
04:15:26 | INFO: Primitives created: 1
04:15:26 | INFO: Extracting primitive: XIAOXIANG_black_back.001
04:15:26 | INFO: Primitives created: 1
04:15:26 | INFO: Extracting primitive: XIAOXIANG_gate_pull.002
04:15:26 | INFO: Primitives created: 1
04:15:26 | INFO: Extracting primitive: XIAOXIANG_amber_window.001
04:15:26 | INFO: Primitives created: 1
04:15:26 | INFO: Extracting primitive: XIAOXIANG_gate_leaf.002
04:15:26 | INFO: Primitives created: 1
04:15:26 | INFO: Extracting primitive: XIAOXIANG_paving.001
04:15:26 | INFO: Primitives created: 1
04:15:26 | INFO: Extracting primitive: XIAOXIANG_wall_cap.001
04:15:26 | INFO: Primitives created: 1
04:15:26 | INFO: Extracting primitive: XIAOXIANG_closed_front.001
04:15:26 | INFO: Primitives created: 1
04:15:26 | INFO: Finished glTF 2.0 export in 0.03329896926879883 s

04:15:27 | INFO: Starting glTF 2.0 export
04:15:27 | INFO: Extracting primitive: COL_longcui_burner.001
04:15:27 | INFO: Primitives created: 1
04:15:27 | INFO: Extracting primitive: COL_longcui_closed_front.001
04:15:27 | INFO: Primitives created: 1
04:15:27 | INFO: Extracting primitive: COL_longcui_floor.001
04:15:27 | INFO: Primitives created: 1
04:15:27 | INFO: Extracting primitive: COL_longcui_plum_trunk.002
04:15:27 | INFO: Primitives created: 1
04:15:27 | INFO: Extracting primitive: COL_longcui_plum_trunk.003
04:15:27 | INFO: Primitives created: 1
04:15:27 | INFO: Extracting primitive: COL_longcui_return.002
04:15:27 | INFO: Primitives created: 1
04:15:27 | INFO: Extracting primitive: COL_longcui_return.003
04:15:27 | INFO: Primitives created: 1
04:15:27 | INFO: Extracting primitive: COL_longcui_threshold.001
04:15:27 | INFO: Primitives created: 1
04:15:27 | INFO: Extracting primitive: KIT_flora_plum_render.001
04:15:27 | WARNING: More than one shader node tex image used for a texture. The resulting glTF sampler will behave like the first shader node tex image.
04:15:27 | INFO: Primitives created: 1
04:15:27 | INFO: Extracting primitive: KIT_flora_plum_render.002
04:15:27 | INFO: Primitives created: 1
04:15:27 | INFO: Extracting primitive: HERO_longcui-an_title.002
04:15:27 | WARNING: More than one shader node tex image used for a texture. The resulting glTF sampler will behave like the first shader node tex image.
04:15:27 | INFO: Primitives created: 1
04:15:27 | INFO: Extracting primitive: LONGCUI_backstage.001
04:15:27 | INFO: Primitives created: 1
04:15:27 | INFO: Extracting primitive: LONGCUI_gate_pull.002
04:15:27 | INFO: Primitives created: 1
04:15:27 | INFO: Extracting primitive: LONGCUI_closed_gate.002
04:15:27 | INFO: Primitives created: 1
04:15:27 | INFO: Extracting primitive: LONGCUI_paving.001
04:15:27 | INFO: Primitives created: 1
04:15:27 | INFO: Extracting primitive: KIT_props_lantern_hanging_render.016
04:15:27 | WARNING: More than one shader node tex image used for a texture. The resulting glTF sampler will behave like the first shader node tex image.
04:15:27 | INFO: Primitives created: 1
04:15:27 | INFO: Extracting primitive: LONGCUI_wall_cap.001
04:15:27 | INFO: Primitives created: 1
04:15:27 | INFO: Extracting primitive: LONGCUI_closed_front.001
04:15:27 | INFO: Primitives created: 1
04:15:27 | INFO: Finished glTF 2.0 export in 0.03071880340576172 s

04:15:27 | INFO: Starting glTF 2.0 export
04:15:27 | INFO: Extracting primitive: COL_aojing_closed_front.002
04:15:27 | INFO: Primitives created: 1
04:15:27 | INFO: Extracting primitive: COL_aojing_dry_ledge.002
04:15:27 | INFO: Primitives created: 1
04:15:27 | INFO: Extracting primitive: COL_aojing_hall_floor.002
04:15:27 | INFO: Primitives created: 1
04:15:27 | INFO: Extracting primitive: COL_aojing_ledge_end.002
04:15:27 | INFO: Primitives created: 1
04:15:27 | INFO: Extracting primitive: COL_aojing_ledge_parapet.002
04:15:27 | INFO: Primitives created: 1
04:15:27 | INFO: Extracting primitive: COL_aojing_return.001
04:15:27 | INFO: Primitives created: 1
04:15:27 | INFO: Extracting primitive: COL_aojing_return.004
04:15:27 | INFO: Primitives created: 1
04:15:27 | INFO: Extracting primitive: HERO_aojing-guan_title.002
04:15:27 | WARNING: More than one shader node tex image used for a texture. The resulting glTF sampler will behave like the first shader node tex image.
04:15:27 | INFO: Primitives created: 1
04:15:27 | INFO: Extracting primitive: AOJING_pond.002
04:15:27 | INFO: Primitives created: 1
04:15:27 | INFO: Extracting primitive: AOJING_backstage.002
04:15:27 | INFO: Primitives created: 1
04:15:27 | INFO: Extracting primitive: AOJING_amber_window.002
04:15:27 | INFO: Primitives created: 1
04:15:27 | INFO: Extracting primitive: AOJING_window_lattice.001
04:15:27 | INFO: Primitives created: 1
04:15:27 | INFO: Extracting primitive: AOJING_dry_ledge.002
04:15:27 | INFO: Primitives created: 1
04:15:27 | INFO: Extracting primitive: AOJING_roof.002
04:15:27 | INFO: Primitives created: 1
04:15:27 | INFO: Extracting primitive: AOJING_closed_front.002
04:15:27 | INFO: Primitives created: 1
04:15:27 | INFO: Finished glTF 2.0 export in 0.026337862014770508 s

04:15:28 | INFO: Starting glTF 2.0 export
04:15:28 | INFO: Extracting primitive: COL_daoxiang_closed_front.001
04:15:28 | INFO: Primitives created: 1
04:15:28 | INFO: Extracting primitive: COL_daoxiang_court.001
04:15:28 | INFO: Primitives created: 1
04:15:28 | INFO: Extracting primitive: COL_daoxiang_fence.004
04:15:28 | INFO: Primitives created: 1
04:15:28 | INFO: Extracting primitive: COL_daoxiang_fence.005
04:15:28 | INFO: Primitives created: 1
04:15:28 | INFO: Extracting primitive: COL_daoxiang_fence.006
04:15:28 | INFO: Primitives created: 1
04:15:28 | INFO: Extracting primitive: COL_daoxiang_fence.007
04:15:28 | INFO: Primitives created: 1
04:15:28 | INFO: Extracting primitive: COL_daoxiang_side.002
04:15:28 | INFO: Primitives created: 1
04:15:28 | INFO: Extracting primitive: COL_daoxiang_side.003
04:15:28 | INFO: Primitives created: 1
04:15:28 | INFO: Extracting primitive: HERO_daoxiang-cun_title.002
04:15:28 | WARNING: More than one shader node tex image used for a texture. The resulting glTF sampler will behave like the first shader node tex image.
04:15:28 | INFO: Primitives created: 1
04:15:28 | INFO: Extracting primitive: DAOXIANG_backstage.001
04:15:28 | INFO: Primitives created: 1
04:15:28 | INFO: Extracting primitive: DAOXIANG_door_latch.001
04:15:28 | INFO: Primitives created: 1
04:15:28 | INFO: Extracting primitive: DAOXIANG_warm_sliver.001
04:15:28 | INFO: Primitives created: 1
04:15:28 | INFO: Extracting primitive: DAOXIANG_closed_door.001
04:15:28 | INFO: Primitives created: 1
04:15:28 | INFO: Extracting primitive: DAOXIANG_paddy_painting.001
04:15:28 | INFO: Primitives created: 1
04:15:28 | INFO: Extracting primitive: DAOXIANG_court.001
04:15:28 | INFO: Primitives created: 1
04:15:28 | INFO: Extracting primitive: DAOXIANG_thatch_mass.001
04:15:28 | INFO: Primitives created: 1
04:15:28 | INFO: Extracting primitive: DAOXIANG_front.001
04:15:28 | INFO: Primitives created: 1
04:15:28 | INFO: Finished glTF 2.0 export in 0.03527021408081055 s

04:15:29 | INFO: Starting glTF 2.0 export
04:15:29 | INFO: Extracting primitive: COL_water_bridge_side.001
04:15:29 | INFO: Primitives created: 1
04:15:29 | INFO: Extracting primitive: COL_water_bridge_side.004
04:15:29 | INFO: Primitives created: 1
04:15:29 | INFO: Extracting primitive: COL_water_bridge_deck.002
04:15:29 | INFO: Primitives created: 1
04:15:29 | INFO: Extracting primitive: COL_ziling_landing.001
04:15:29 | INFO: Primitives created: 1
04:15:29 | INFO: Extracting primitive: KIT_flora_reed_render.001
04:15:29 | WARNING: More than one shader node tex image used for a texture. The resulting glTF sampler will behave like the first shader node tex image.
04:15:29 | INFO: Primitives created: 1
04:15:29 | INFO: Extracting primitive: KIT_flora_reed_render.002
04:15:29 | INFO: Primitives created: 1
04:15:29 | INFO: Extracting primitive: KIT_flora_reed_render.003
04:15:29 | INFO: Primitives created: 1
04:15:29 | INFO: Extracting primitive: KIT_flora_reed_render.004
04:15:29 | INFO: Primitives created: 1
04:15:29 | INFO: Extracting primitive: KIT_flora_reed_render.005
04:15:29 | INFO: Primitives created: 1
04:15:29 | INFO: Extracting primitive: KIT_flora_reed_render.006
04:15:29 | INFO: Primitives created: 1
04:15:29 | INFO: Extracting primitive: KIT_flora_reed_render.007
04:15:29 | INFO: Primitives created: 1
04:15:29 | INFO: Extracting primitive: KIT_flora_reed_render.008
04:15:29 | INFO: Primitives created: 1
04:15:29 | INFO: Extracting primitive: KIT_flora_reed_render.009
04:15:29 | INFO: Primitives created: 1
04:15:29 | INFO: Extracting primitive: KIT_flora_reed_render.010
04:15:29 | INFO: Primitives created: 1
04:15:29 | INFO: Extracting primitive: KIT_water_lotus_leaf.011
04:15:29 | INFO: Primitives created: 1
04:15:29 | INFO: Extracting primitive: KIT_water_plank.002
04:15:29 | WARNING: More than one shader node tex image used for a texture. The resulting glTF sampler will behave like the first shader node tex image.
04:15:29 | INFO: Primitives created: 1
04:15:29 | INFO: Extracting primitive: SITE_ziling_island.001
04:15:29 | INFO: Primitives created: 1
04:15:29 | INFO: Finished glTF 2.0 export in 0.033915042877197266 s

04:15:29 | INFO: Starting glTF 2.0 export
04:15:29 | INFO: Extracting primitive: COL_aojing_approach.001
04:15:29 | INFO: Primitives created: 1
04:15:29 | INFO: Extracting primitive: COL_aojing_approach.004
04:15:29 | INFO: Primitives created: 1
04:15:29 | INFO: Extracting primitive: COL_aojing_approach_guard.001
04:15:29 | INFO: Primitives created: 1
04:15:29 | INFO: Extracting primitive: COL_aojing_approach_guard.004
04:15:29 | INFO: Primitives created: 1
04:15:29 | INFO: Extracting primitive: COL_aojing_approach_ramp.002
04:15:29 | INFO: Primitives created: 1
04:15:29 | INFO: Extracting primitive: COL_aojing_closed_front.002
04:15:29 | INFO: Primitives created: 1
04:15:29 | INFO: Extracting primitive: COL_aojing_dry_ledge.002
04:15:29 | INFO: Primitives created: 1
04:15:29 | INFO: Extracting primitive: COL_aojing_hall_floor.002
04:15:29 | INFO: Primitives created: 1
04:15:29 | INFO: Extracting primitive: COL_aojing_ledge_end.002
04:15:29 | INFO: Primitives created: 1
04:15:29 | INFO: Extracting primitive: COL_aojing_ledge_parapet.002
04:15:29 | INFO: Primitives created: 1
04:15:29 | INFO: Extracting primitive: COL_aojing_return.001
04:15:29 | INFO: Primitives created: 1
04:15:29 | INFO: Extracting primitive: COL_aojing_return.004
04:15:29 | INFO: Primitives created: 1
04:15:29 | INFO: Extracting primitive: Cube.147
04:15:29 | INFO: Primitives created: 1
04:15:29 | INFO: Extracting primitive: Cube.148
04:15:29 | INFO: Primitives created: 1
04:15:29 | INFO: Extracting primitive: Cube.149
04:15:29 | INFO: Primitives created: 1
04:15:29 | INFO: Extracting primitive: Cube.150
04:15:29 | INFO: Primitives created: 1
04:15:29 | INFO: Extracting primitive: COL_bridge_crosswalk.002
04:15:29 | INFO: Primitives created: 1
04:15:29 | INFO: Extracting primitive: COL_bridge_crosswalk.003
04:15:29 | INFO: Primitives created: 1
04:15:29 | INFO: Extracting primitive: COL_cell_floor.006
04:15:29 | INFO: Primitives created: 1
04:15:29 | INFO: Extracting primitive: COL_cell_floor.007
04:15:29 | INFO: Primitives created: 1
04:15:29 | INFO: Extracting primitive: COL_cell_floor.008
04:15:29 | INFO: Primitives created: 1
04:15:29 | INFO: Extracting primitive: COL_cell_floor.009
04:15:29 | INFO: Primitives created: 1
04:15:29 | INFO: Extracting primitive: COL_cell_floor.010
04:15:29 | INFO: Primitives created: 1
04:15:29 | INFO: Extracting primitive: COL_cell_floor.011
04:15:29 | INFO: Primitives created: 1
04:15:29 | INFO: Extracting primitive: COL_cell_wall.012
04:15:29 | INFO: Primitives created: 1
04:15:29 | INFO: Extracting primitive: COL_cell_wall.013
04:15:29 | INFO: Primitives created: 1
04:15:29 | INFO: Extracting primitive: COL_cell_wall.014
04:15:29 | INFO: Primitives created: 1
04:15:29 | INFO: Extracting primitive: COL_cell_wall.015
04:15:29 | INFO: Primitives created: 1
04:15:29 | INFO: Extracting primitive: COL_cell_wall.016
04:15:29 | INFO: Primitives created: 1
04:15:29 | INFO: Extracting primitive: COL_cell_wall.017
04:15:29 | INFO: Primitives created: 1
04:15:29 | INFO: Extracting primitive: COL_cell_wall.018
04:15:29 | INFO: Primitives created: 1
04:15:29 | INFO: Extracting primitive: COL_cell_wall.019
04:15:29 | INFO: Primitives created: 1
04:15:29 | INFO: Extracting primitive: COL_cell_wall.020
04:15:29 | INFO: Primitives created: 1
04:15:29 | INFO: Extracting primitive: COL_cell_wall.021
04:15:29 | INFO: Primitives created: 1
04:15:29 | INFO: Extracting primitive: COL_cell_wall.022
04:15:29 | INFO: Primitives created: 1
04:15:29 | INFO: Extracting primitive: COL_cell_wall.023
04:15:29 | INFO: Primitives created: 1
04:15:29 | INFO: Extracting primitive: COL_daguan_central_step.003
04:15:29 | INFO: Primitives created: 1
04:15:29 | INFO: Extracting primitive: COL_daguan_central_step.004
04:15:29 | INFO: Primitives created: 1
04:15:29 | INFO: Extracting primitive: COL_daguan_central_step.005
04:15:29 | INFO: Primitives created: 1
04:15:29 | INFO: Extracting primitive: COL_daguan_closed_front.001
04:15:29 | INFO: Primitives created: 1
04:15:29 | INFO: Extracting primitive: COL_daguan_column.006
04:15:29 | INFO: Primitives created: 1
04:15:29 | INFO: Extracting primitive: COL_daguan_column.007
04:15:29 | INFO: Primitives created: 1
04:15:29 | INFO: Extracting primitive: COL_daguan_column.008
04:15:29 | INFO: Primitives created: 1
04:15:29 | INFO: Extracting primitive: COL_daguan_column.009
04:15:29 | INFO: Primitives created: 1
04:15:29 | INFO: Extracting primitive: COL_daguan_column.010
04:15:29 | INFO: Primitives created: 1
04:15:29 | INFO: Extracting primitive: COL_daguan_column.011
04:15:29 | INFO: Primitives created: 1
04:15:29 | INFO: Extracting primitive: COL_daguan_floor.001
04:15:29 | INFO: Primitives created: 1
04:15:29 | INFO: Extracting primitive: COL_daguan_return_wall.002
04:15:29 | INFO: Primitives created: 1
04:15:29 | INFO: Extracting primitive: COL_daguan_return_wall.003
04:15:29 | INFO: Primitives created: 1
04:15:29 | INFO: Extracting primitive: COL_daoxiang_approach.002
04:15:29 | INFO: Primitives created: 1
04:15:29 | INFO: Extracting primitive: COL_daoxiang_approach.003
04:15:29 | INFO: Primitives created: 1
04:15:29 | INFO: Extracting primitive: COL_daoxiang_closed_front.001
04:15:29 | INFO: Primitives created: 1
04:15:29 | INFO: Extracting primitive: COL_daoxiang_court.001
04:15:29 | INFO: Primitives created: 1
04:15:29 | INFO: Extracting primitive: COL_daoxiang_fence.004
04:15:29 | INFO: Primitives created: 1
04:15:29 | INFO: Extracting primitive: COL_daoxiang_fence.005
04:15:29 | INFO: Primitives created: 1
04:15:29 | INFO: Extracting primitive: COL_daoxiang_fence.006
04:15:29 | INFO: Primitives created: 1
04:15:29 | INFO: Extracting primitive: COL_daoxiang_fence.007
04:15:29 | INFO: Primitives created: 1
04:15:29 | INFO: Extracting primitive: COL_daoxiang_side.002
04:15:29 | INFO: Primitives created: 1
04:15:29 | INFO: Extracting primitive: COL_daoxiang_side.003
04:15:29 | INFO: Primitives created: 1
04:15:29 | INFO: Extracting primitive: COL_entry_corridor.001
04:15:29 | INFO: Primitives created: 1
04:15:29 | INFO: Extracting primitive: COL_entry_walk.002
04:15:29 | INFO: Primitives created: 1
04:15:29 | INFO: Extracting primitive: COL_entry_walk.003
04:15:29 | INFO: Primitives created: 1
04:15:29 | INFO: Extracting primitive: COL_floor_joint_cell_threshold_0.001
04:15:29 | INFO: Primitives created: 1
04:15:29 | INFO: Extracting primitive: COL_floor_joint_cell_threshold_1.001
04:15:29 | INFO: Primitives created: 1
04:15:29 | INFO: Extracting primitive: COL_floor_joint_cell_threshold_2.001
04:15:29 | INFO: Primitives created: 1
04:15:29 | INFO: Extracting primitive: COL_floor_joint_cell_threshold_3.001
04:15:29 | INFO: Primitives created: 1
04:15:29 | INFO: Extracting primitive: COL_floor_joint_cell_threshold_4.001
04:15:29 | INFO: Primitives created: 1
04:15:29 | INFO: Extracting primitive: COL_floor_joint_cell_threshold_5.001
04:15:29 | INFO: Primitives created: 1
04:15:29 | INFO: Extracting primitive: COL_floor_joint_pavilion_east_joint.001
04:15:29 | INFO: Primitives created: 1
04:15:29 | INFO: Extracting primitive: COL_floor_joint_pavilion_west_joint.001
04:15:29 | INFO: Primitives created: 1
04:15:29 | INFO: Extracting primitive: Cube.146
04:15:29 | INFO: Primitives created: 1
04:15:29 | INFO: Extracting primitive: Cube.145
04:15:29 | INFO: Primitives created: 1
04:15:29 | INFO: Extracting primitive: COL_GATE_banana_planter.001
04:15:29 | INFO: Primitives created: 1
04:15:29 | INFO: Extracting primitive: KIT_rockery_passage.022
04:15:29 | INFO: Primitives created: 1
04:15:29 | INFO: Extracting primitive: KIT_rockery_passage.024
04:15:29 | INFO: Primitives created: 1
04:15:29 | INFO: Extracting primitive: KIT_rockery_cliff.006
04:15:29 | INFO: Primitives created: 1
04:15:29 | INFO: Extracting primitive: KIT_rockery_cliff.008
04:15:29 | INFO: Primitives created: 1
04:15:29 | INFO: Extracting primitive: KIT_rockery_passage.004
04:15:29 | INFO: Primitives created: 1
04:15:29 | INFO: Extracting primitive: KIT_rockery_passage.016
04:15:29 | INFO: Primitives created: 1
04:15:29 | INFO: Extracting primitive: KIT_rockery_passage.018
04:15:29 | INFO: Primitives created: 1
04:15:29 | INFO: Extracting primitive: KIT_rockery_passage.020
04:15:29 | INFO: Primitives created: 1
04:15:29 | INFO: Extracting primitive: GATE_paving.003
04:15:29 | INFO: Primitives created: 1
04:15:29 | INFO: Extracting primitive: COL_hengwu-yuan_floor.001
04:15:29 | INFO: Primitives created: 1
04:15:29 | INFO: Extracting primitive: COL_hengwu_approach.002
04:15:29 | INFO: Primitives created: 1
04:15:29 | INFO: Extracting primitive: COL_hengwu_approach.003
04:15:29 | INFO: Primitives created: 1
04:15:29 | INFO: Extracting primitive: COL_hengwu_closed_hall.002
04:15:29 | INFO: Primitives created: 1
04:15:29 | INFO: Extracting primitive: COL_hengwu_court.002
04:15:29 | INFO: Primitives created: 1
04:15:29 | INFO: Extracting primitive: COL_hengwu_hall_post.001
04:15:29 | INFO: Primitives created: 1
04:15:29 | INFO: Extracting primitive: COL_hengwu_hall_post.002
04:15:29 | INFO: Primitives created: 1
04:15:29 | INFO: Extracting primitive: COL_hengwu_hall_post.006
04:15:29 | INFO: Primitives created: 1
04:15:29 | INFO: Extracting primitive: COL_wall_bay.001
04:15:29 | INFO: Primitives created: 1
04:15:29 | INFO: Extracting primitive: COL_wall_bay.002
04:15:29 | INFO: Primitives created: 1
04:15:29 | INFO: Extracting primitive: COL_wall_bay.003
04:15:29 | INFO: Primitives created: 1
04:15:29 | INFO: Extracting primitive: COL_wall_bay.004
04:15:29 | INFO: Primitives created: 1
04:15:29 | INFO: Extracting primitive: COL_wall_bay.005
04:15:29 | INFO: Primitives created: 1
04:15:29 | INFO: Extracting primitive: COL_wall_bay.006
04:15:29 | INFO: Primitives created: 1
04:15:29 | INFO: Extracting primitive: KIT_wall_plaster.002
04:15:29 | INFO: Primitives created: 1
04:15:29 | INFO: Extracting primitive: COL_wall_window.001
04:15:29 | INFO: Primitives created: 1
04:15:29 | INFO: Extracting primitive: COL_wall_window.002
04:15:29 | INFO: Primitives created: 1
04:15:29 | INFO: Extracting primitive: COL_hengwu_rock.001
04:15:29 | INFO: Primitives created: 1
04:15:29 | INFO: Extracting primitive: COL_hengwu_rock.002
04:15:29 | INFO: Primitives created: 1
04:15:29 | INFO: Extracting primitive: COL_hengwu_rock.006
04:15:29 | INFO: Primitives created: 1
04:15:29 | INFO: Extracting primitive: COL_hengwu_stool.001
04:15:29 | INFO: Primitives created: 1
04:15:29 | INFO: Extracting primitive: COL_hengwu_stool.002
04:15:29 | INFO: Primitives created: 1
04:15:29 | INFO: Extracting primitive: COL_hengwu_stool.003
04:15:29 | INFO: Primitives created: 1
04:15:29 | INFO: Extracting primitive: COL_hengwu_stool.008
04:15:29 | INFO: Primitives created: 1
04:15:29 | INFO: Extracting primitive: COL_hengwu_table.002
04:15:29 | INFO: Primitives created: 1
04:15:29 | INFO: Extracting primitive: COL_longcui_approach.003
04:15:29 | INFO: Primitives created: 1
04:15:29 | INFO: Extracting primitive: COL_longcui_approach.004
04:15:29 | INFO: Primitives created: 1
04:15:29 | INFO: Extracting primitive: COL_longcui_approach.005
04:15:29 | INFO: Primitives created: 1
04:15:29 | INFO: Extracting primitive: COL_longcui_burner.001
04:15:29 | INFO: Primitives created: 1
04:15:29 | INFO: Extracting primitive: COL_longcui_closed_front.001
04:15:29 | INFO: Primitives created: 1
04:15:29 | INFO: Extracting primitive: COL_longcui_floor.001
04:15:29 | INFO: Primitives created: 1
04:15:29 | INFO: Extracting primitive: COL_longcui_plum_trunk.002
04:15:29 | INFO: Primitives created: 1
04:15:29 | INFO: Extracting primitive: COL_longcui_plum_trunk.003
04:15:29 | INFO: Primitives created: 1
04:15:29 | INFO: Extracting primitive: COL_longcui_return.002
04:15:29 | INFO: Primitives created: 1
04:15:29 | INFO: Extracting primitive: COL_longcui_return.003
04:15:29 | INFO: Primitives created: 1
04:15:29 | INFO: Extracting primitive: COL_longcui_threshold.001
04:15:29 | INFO: Primitives created: 1
04:15:29 | INFO: Extracting primitive: COL_ouxiang_approach.001
04:15:29 | INFO: Primitives created: 1
04:15:29 | INFO: Extracting primitive: COL_ouxiang_deck.001
04:15:29 | INFO: Primitives created: 1
04:15:29 | INFO: Extracting primitive: COL_ouxiang_post.004
04:15:29 | INFO: Primitives created: 1
04:15:29 | INFO: Extracting primitive: COL_ouxiang_post.005
04:15:29 | INFO: Primitives created: 1
04:15:29 | INFO: Extracting primitive: COL_ouxiang_post.006
04:15:29 | INFO: Primitives created: 1
04:15:29 | INFO: Extracting primitive: COL_ouxiang_post.007
04:15:29 | INFO: Primitives created: 1
04:15:29 | INFO: Extracting primitive: COL_ouxiang_rail.002
04:15:29 | INFO: Primitives created: 1
04:15:29 | INFO: Extracting primitive: COL_ouxiang_rail.003
04:15:29 | INFO: Primitives created: 1
04:15:29 | INFO: Extracting primitive: COL_ouxiang_side_rail.004
04:15:29 | INFO: Primitives created: 1
04:15:29 | INFO: Extracting primitive: COL_ouxiang_side_rail.005
04:15:29 | INFO: Primitives created: 1
04:15:29 | INFO: Extracting primitive: COL_ouxiang_side_rail.006
04:15:29 | INFO: Primitives created: 1
04:15:29 | INFO: Extracting primitive: COL_ouxiang_side_rail.007
04:15:29 | INFO: Primitives created: 1
04:15:29 | INFO: Extracting primitive: COL_ouxiang_table.001
04:15:29 | INFO: Primitives created: 1
04:15:29 | INFO: Extracting primitive: COL_corridor_floor.009
04:15:29 | INFO: Primitives created: 1
04:15:29 | INFO: Extracting primitive: COL_corridor_side.015
04:15:29 | INFO: Primitives created: 1
04:15:29 | INFO: Extracting primitive: COL_corridor_side.016
04:15:29 | INFO: Primitives created: 1
04:15:29 | INFO: Extracting primitive: COL_corridor_post.016
04:15:29 | INFO: Primitives created: 1
04:15:29 | INFO: Extracting primitive: COL_corridor_post.017
04:15:29 | INFO: Primitives created: 1
04:15:29 | INFO: Extracting primitive: COL_corridor_floor.010
04:15:29 | INFO: Primitives created: 1
04:15:29 | INFO: Extracting primitive: COL_corridor_side.017
04:15:29 | INFO: Primitives created: 1
04:15:29 | INFO: Extracting primitive: COL_corridor_side.018
04:15:29 | INFO: Primitives created: 1
04:15:29 | INFO: Extracting primitive: COL_corridor_post.018
04:15:29 | INFO: Primitives created: 1
04:15:29 | INFO: Extracting primitive: COL_corridor_post.019
04:15:29 | INFO: Primitives created: 1
04:15:29 | INFO: Extracting primitive: COL_corridor_floor.011
04:15:29 | INFO: Primitives created: 1
04:15:29 | INFO: Extracting primitive: COL_corridor_side.019
04:15:29 | INFO: Primitives created: 1
04:15:29 | INFO: Extracting primitive: COL_corridor_side.020
04:15:29 | INFO: Primitives created: 1
04:15:29 | INFO: Extracting primitive: COL_corridor_post.020
04:15:29 | INFO: Primitives created: 1
04:15:29 | INFO: Extracting primitive: COL_corridor_post.021
04:15:29 | INFO: Primitives created: 1
04:15:29 | INFO: Extracting primitive: COL_corridor_floor.012
04:15:29 | INFO: Primitives created: 1
04:15:29 | INFO: Extracting primitive: COL_corridor_side.021
04:15:29 | INFO: Primitives created: 1
04:15:29 | INFO: Extracting primitive: COL_corridor_side.022
04:15:29 | INFO: Primitives created: 1
04:15:29 | INFO: Extracting primitive: COL_corridor_post.022
04:15:29 | INFO: Primitives created: 1
04:15:29 | INFO: Extracting primitive: COL_corridor_post.023
04:15:29 | INFO: Primitives created: 1
04:15:29 | INFO: Extracting primitive: COL_corridor_floor.001
04:15:29 | INFO: Primitives created: 1
04:15:29 | INFO: Extracting primitive: COL_corridor_side.001
04:15:29 | INFO: Primitives created: 1
04:15:29 | INFO: Extracting primitive: COL_corridor_side.002
04:15:29 | INFO: Primitives created: 1
04:15:29 | INFO: Extracting primitive: COL_corridor_post.001
04:15:29 | INFO: Primitives created: 1
04:15:29 | INFO: Extracting primitive: COL_corridor_post.002
04:15:29 | INFO: Primitives created: 1
04:15:29 | INFO: Extracting primitive: COL_corridor_floor.002
04:15:29 | INFO: Primitives created: 1
04:15:29 | INFO: Extracting primitive: COL_corridor_side.003
04:15:29 | INFO: Primitives created: 1
04:15:29 | INFO: Extracting primitive: COL_corridor_side.004
04:15:29 | INFO: Primitives created: 1
04:15:29 | INFO: Extracting primitive: COL_corridor_post.003
04:15:29 | INFO: Primitives created: 1
04:15:29 | INFO: Extracting primitive: COL_corridor_post.004
04:15:29 | INFO: Primitives created: 1
04:15:29 | INFO: Extracting primitive: COL_corridor_floor.003
04:15:29 | INFO: Primitives created: 1
04:15:29 | INFO: Extracting primitive: COL_corridor_side.005
04:15:29 | INFO: Primitives created: 1
04:15:29 | INFO: Extracting primitive: COL_corridor_side.006
04:15:29 | INFO: Primitives created: 1
04:15:29 | INFO: Extracting primitive: COL_corridor_post.005
04:15:29 | INFO: Primitives created: 1
04:15:29 | INFO: Extracting primitive: COL_corridor_post.006
04:15:29 | INFO: Primitives created: 1
04:15:29 | INFO: Extracting primitive: COL_corridor_floor.004
04:15:29 | INFO: Primitives created: 1
04:15:29 | INFO: Extracting primitive: COL_corridor_side.007
04:15:29 | INFO: Primitives created: 1
04:15:29 | INFO: Extracting primitive: COL_corridor_side.008
04:15:29 | INFO: Primitives created: 1
04:15:29 | INFO: Extracting primitive: COL_corridor_post.007
04:15:29 | INFO: Primitives created: 1
04:15:29 | INFO: Extracting primitive: COL_corridor_post.008
04:15:29 | INFO: Primitives created: 1
04:15:29 | INFO: Extracting primitive: COL_corridor_floor.005
04:15:29 | INFO: Primitives created: 1
04:15:29 | INFO: Extracting primitive: COL_corridor_side.009
04:15:29 | INFO: Primitives created: 1
04:15:29 | INFO: Extracting primitive: COL_corridor_side.010
04:15:29 | INFO: Primitives created: 1
04:15:29 | INFO: Extracting primitive: COL_corridor_post.009
04:15:29 | INFO: Primitives created: 1
04:15:29 | INFO: Extracting primitive: COL_corridor_post.010
04:15:29 | INFO: Primitives created: 1
04:15:29 | INFO: Extracting primitive: COL_corridor_floor.006
04:15:29 | INFO: Primitives created: 1
04:15:29 | INFO: Extracting primitive: COL_corridor_side.011
04:15:29 | INFO: Primitives created: 1
04:15:29 | INFO: Extracting primitive: COL_corridor_post.011
04:15:29 | INFO: Primitives created: 1
04:15:29 | INFO: Extracting primitive: COL_corridor_post.012
04:15:29 | INFO: Primitives created: 1
04:15:29 | INFO: Extracting primitive: COL_corridor_floor.007
04:15:29 | INFO: Primitives created: 1
04:15:29 | INFO: Extracting primitive: COL_corridor_side.012
04:15:29 | INFO: Primitives created: 1
04:15:29 | INFO: Extracting primitive: COL_corridor_post.013
04:15:29 | INFO: Primitives created: 1
04:15:29 | INFO: Extracting primitive: COL_corridor_floor.008
04:15:29 | INFO: Primitives created: 1
04:15:29 | INFO: Extracting primitive: COL_corridor_side.013
04:15:29 | INFO: Primitives created: 1
04:15:29 | INFO: Extracting primitive: COL_corridor_side.014
04:15:29 | INFO: Primitives created: 1
04:15:29 | INFO: Extracting primitive: COL_corridor_post.014
04:15:29 | INFO: Primitives created: 1
04:15:29 | INFO: Extracting primitive: COL_corridor_post.015
04:15:29 | INFO: Primitives created: 1
04:15:29 | INFO: Extracting primitive: COL_corridor_floor.013
04:15:29 | INFO: Primitives created: 1
04:15:29 | INFO: Extracting primitive: COL_corridor_side.023
04:15:29 | INFO: Primitives created: 1
04:15:29 | INFO: Extracting primitive: COL_corridor_side.024
04:15:29 | INFO: Primitives created: 1
04:15:29 | INFO: Extracting primitive: COL_corridor_post.024
04:15:29 | INFO: Primitives created: 1
04:15:29 | INFO: Extracting primitive: COL_corridor_post.025
04:15:29 | INFO: Primitives created: 1
04:15:29 | INFO: Extracting primitive: COL_corridor_floor.014
04:15:29 | INFO: Primitives created: 1
04:15:29 | INFO: Extracting primitive: COL_corridor_side.025
04:15:29 | INFO: Primitives created: 1
04:15:29 | INFO: Extracting primitive: COL_corridor_side.026
04:15:29 | INFO: Primitives created: 1
04:15:29 | INFO: Extracting primitive: COL_corridor_post.026
04:15:29 | INFO: Primitives created: 1
04:15:29 | INFO: Extracting primitive: COL_corridor_post.027
04:15:29 | INFO: Primitives created: 1
04:15:29 | INFO: Extracting primitive: COL_corridor_floor.015
04:15:29 | INFO: Primitives created: 1
04:15:29 | INFO: Extracting primitive: COL_corridor_side.027
04:15:29 | INFO: Primitives created: 1
04:15:29 | INFO: Extracting primitive: COL_corridor_side.028
04:15:29 | INFO: Primitives created: 1
04:15:29 | INFO: Extracting primitive: COL_corridor_post.028
04:15:29 | INFO: Primitives created: 1
04:15:29 | INFO: Extracting primitive: COL_corridor_post.029
04:15:29 | INFO: Primitives created: 1
04:15:29 | INFO: Extracting primitive: COL_corridor_floor.016
04:15:29 | INFO: Primitives created: 1
04:15:29 | INFO: Extracting primitive: COL_corridor_side.029
04:15:29 | INFO: Primitives created: 1
04:15:29 | INFO: Extracting primitive: COL_corridor_side.030
04:15:29 | INFO: Primitives created: 1
04:15:29 | INFO: Extracting primitive: COL_corridor_post.030
04:15:29 | INFO: Primitives created: 1
04:15:29 | INFO: Extracting primitive: COL_corridor_post.031
04:15:29 | INFO: Primitives created: 1
04:15:29 | INFO: Extracting primitive: COL_qinfang_deck.001
04:15:29 | INFO: Primitives created: 1
04:15:29 | INFO: Extracting primitive: COL_pavilion_bench.001
04:15:29 | INFO: Primitives created: 1
04:15:29 | INFO: Extracting primitive: COL_pavilion_bench.002
04:15:29 | INFO: Primitives created: 1
04:15:29 | INFO: Extracting primitive: COL_pavilion_bracket.001
04:15:29 | INFO: Primitives created: 1
04:15:29 | INFO: Extracting primitive: COL_pavilion_bracket.002
04:15:29 | INFO: Primitives created: 1
04:15:29 | INFO: Extracting primitive: COL_pavilion_bracket.003
04:15:29 | INFO: Primitives created: 1
04:15:29 | INFO: Extracting primitive: COL_pavilion_bracket.004
04:15:29 | INFO: Primitives created: 1
04:15:29 | INFO: Extracting primitive: COL_pavilion_bracket.005
04:15:29 | INFO: Primitives created: 1
04:15:29 | INFO: Extracting primitive: COL_pavilion_bracket.006
04:15:29 | INFO: Primitives created: 1
04:15:29 | INFO: Extracting primitive: COL_pavilion_post.001
04:15:29 | INFO: Primitives created: 1
04:15:29 | INFO: Extracting primitive: COL_pavilion_post.002
04:15:29 | INFO: Primitives created: 1
04:15:29 | INFO: Extracting primitive: COL_pavilion_post.003
04:15:29 | INFO: Primitives created: 1
04:15:29 | INFO: Extracting primitive: COL_pavilion_post.004
04:15:29 | INFO: Primitives created: 1
04:15:29 | INFO: Extracting primitive: COL_pavilion_post.005
04:15:29 | INFO: Primitives created: 1
04:15:29 | INFO: Extracting primitive: COL_pavilion_post.006
04:15:29 | INFO: Primitives created: 1
04:15:29 | INFO: Extracting primitive: COL_pavilion_roof.001
04:15:29 | INFO: Primitives created: 1
04:15:29 | INFO: Extracting primitive: COL_qiushuang-zhai_floor.001
04:15:29 | INFO: Primitives created: 1
04:15:29 | INFO: Extracting primitive: Cube.009
04:15:29 | INFO: Primitives created: 1
04:15:29 | INFO: Extracting primitive: Cube.011
04:15:29 | INFO: Primitives created: 1
04:15:29 | INFO: Extracting primitive: Cube.012
04:15:29 | INFO: Primitives created: 1
04:15:29 | INFO: Extracting primitive: Cube.013
04:15:29 | INFO: Primitives created: 1
04:15:29 | INFO: Extracting primitive: Cube.019
04:15:29 | INFO: Primitives created: 1
04:15:29 | INFO: Extracting primitive: Cube.020
04:15:29 | INFO: Primitives created: 1
04:15:29 | INFO: Extracting primitive: Cube.023
04:15:29 | INFO: Primitives created: 1
04:15:29 | INFO: Extracting primitive: Cube.024
04:15:29 | INFO: Primitives created: 1
04:15:29 | INFO: Extracting primitive: Cube.048
04:15:29 | INFO: Primitives created: 1
04:15:29 | INFO: Extracting primitive: Cube.050
04:15:29 | INFO: Primitives created: 1
04:15:29 | INFO: Extracting primitive: Cube.052
04:15:29 | INFO: Primitives created: 1
04:15:29 | INFO: Extracting primitive: Cube.092
04:15:29 | INFO: Primitives created: 1
04:15:29 | INFO: Extracting primitive: Cube.093
04:15:29 | INFO: Primitives created: 1
04:15:29 | INFO: Extracting primitive: Cube.094
04:15:29 | INFO: Primitives created: 1
04:15:29 | INFO: Extracting primitive: Cube.095
04:15:29 | INFO: Primitives created: 1
04:15:29 | INFO: Extracting primitive: Cube.096
04:15:29 | INFO: Primitives created: 1
04:15:29 | INFO: Extracting primitive: Cube.097
04:15:29 | INFO: Primitives created: 1
04:15:29 | INFO: Extracting primitive: Cube.098
04:15:29 | INFO: Primitives created: 1
04:15:29 | INFO: Extracting primitive: Cube.099
04:15:29 | INFO: Primitives created: 1
04:15:29 | INFO: Extracting primitive: Cube.100
04:15:29 | INFO: Primitives created: 1
04:15:29 | INFO: Extracting primitive: Cube.101
04:15:29 | INFO: Primitives created: 1
04:15:29 | INFO: Extracting primitive: Cube.102
04:15:29 | INFO: Primitives created: 1
04:15:29 | INFO: Extracting primitive: Cube.103
04:15:29 | INFO: Primitives created: 1
04:15:29 | INFO: Extracting primitive: Cube.104
04:15:29 | INFO: Primitives created: 1
04:15:29 | INFO: Extracting primitive: Cube.105
04:15:29 | INFO: Primitives created: 1
04:15:29 | INFO: Extracting primitive: Cube.106
04:15:29 | INFO: Primitives created: 1
04:15:29 | INFO: Extracting primitive: Cube.107
04:15:29 | INFO: Primitives created: 1
04:15:29 | INFO: Extracting primitive: Cube.108
04:15:29 | INFO: Primitives created: 1
04:15:29 | INFO: Extracting primitive: Cube.109
04:15:29 | INFO: Primitives created: 1
04:15:29 | INFO: Extracting primitive: Cube.110
04:15:29 | INFO: Primitives created: 1
04:15:29 | INFO: Extracting primitive: Cube.111
04:15:29 | INFO: Primitives created: 1
04:15:29 | INFO: Extracting primitive: Cube.112
04:15:29 | INFO: Primitives created: 1
04:15:29 | INFO: Extracting primitive: Cube.113
04:15:29 | INFO: Primitives created: 1
04:15:29 | INFO: Extracting primitive: Cube.114
04:15:29 | INFO: Primitives created: 1
04:15:29 | INFO: Extracting primitive: Cube.115
04:15:29 | INFO: Primitives created: 1
04:15:29 | INFO: Extracting primitive: Cube.116
04:15:29 | INFO: Primitives created: 1
04:15:29 | INFO: Extracting primitive: Cube.117
04:15:29 | INFO: Primitives created: 1
04:15:29 | INFO: Extracting primitive: Cube.118
04:15:29 | INFO: Primitives created: 1
04:15:29 | INFO: Extracting primitive: Cube.119
04:15:29 | INFO: Primitives created: 1
04:15:29 | INFO: Extracting primitive: Cube.120
04:15:29 | INFO: Primitives created: 1
04:15:29 | INFO: Extracting primitive: Cube.121
04:15:29 | INFO: Primitives created: 1
04:15:29 | INFO: Extracting primitive: Cube.122
04:15:29 | INFO: Primitives created: 1
04:15:29 | INFO: Extracting primitive: Cube.123
04:15:29 | INFO: Primitives created: 1
04:15:29 | INFO: Extracting primitive: Cube.124
04:15:29 | INFO: Primitives created: 1
04:15:29 | INFO: Extracting primitive: Cube.125
04:15:29 | INFO: Primitives created: 1
04:15:29 | INFO: Extracting primitive: Cube.126
04:15:29 | INFO: Primitives created: 1
04:15:29 | INFO: Extracting primitive: Cube.127
04:15:29 | INFO: Primitives created: 1
04:15:29 | INFO: Extracting primitive: Cube.128
04:15:29 | INFO: Primitives created: 1
04:15:29 | INFO: Extracting primitive: Cube.129
04:15:29 | INFO: Primitives created: 1
04:15:29 | INFO: Extracting primitive: Cube.130
04:15:29 | INFO: Primitives created: 1
04:15:29 | INFO: Extracting primitive: Cube.131
04:15:29 | INFO: Primitives created: 1
04:15:29 | INFO: Extracting primitive: Cube.132
04:15:29 | INFO: Primitives created: 1
04:15:29 | INFO: Extracting primitive: Cube.133
04:15:29 | INFO: Primitives created: 1
04:15:29 | INFO: Extracting primitive: Cube.134
04:15:29 | INFO: Primitives created: 1
04:15:29 | INFO: Extracting primitive: Cube.135
04:15:29 | INFO: Primitives created: 1
04:15:29 | INFO: Extracting primitive: Cube.136
04:15:29 | INFO: Primitives created: 1
04:15:29 | INFO: Extracting primitive: Cube.137
04:15:29 | INFO: Primitives created: 1
04:15:29 | INFO: Extracting primitive: Cube.138
04:15:29 | INFO: Primitives created: 1
04:15:29 | INFO: Extracting primitive: Cube.139
04:15:29 | INFO: Primitives created: 1
04:15:29 | INFO: Extracting primitive: Cube.140
04:15:29 | INFO: Primitives created: 1
04:15:29 | INFO: Extracting primitive: Cube.141
04:15:29 | INFO: Primitives created: 1
04:15:29 | INFO: Extracting primitive: Cube.142
04:15:29 | INFO: Primitives created: 1
04:15:29 | INFO: Extracting primitive: Cube.143
04:15:29 | INFO: Primitives created: 1
04:15:29 | INFO: Extracting primitive: Cube.144
04:15:29 | INFO: Primitives created: 1
04:15:29 | INFO: Extracting primitive: Cube.193
04:15:29 | INFO: Primitives created: 1
04:15:29 | INFO: Extracting primitive: Cube.194
04:15:29 | INFO: Primitives created: 1
04:15:29 | INFO: Extracting primitive: Cube.195
04:15:29 | INFO: Primitives created: 1
04:15:29 | INFO: Extracting primitive: Cube.196
04:15:29 | INFO: Primitives created: 1
04:15:29 | INFO: Extracting primitive: Cube.197
04:15:29 | INFO: Primitives created: 1
04:15:29 | INFO: Extracting primitive: Cube.198
04:15:29 | INFO: Primitives created: 1
04:15:29 | INFO: Extracting primitive: Cube.199
04:15:29 | INFO: Primitives created: 1
04:15:29 | INFO: Extracting primitive: Cube.200
04:15:29 | INFO: Primitives created: 1
04:15:29 | INFO: Extracting primitive: COL_stone_walk.005
04:15:29 | INFO: Primitives created: 1
04:15:29 | INFO: Extracting primitive: COL_stone_walk.008
04:15:29 | INFO: Primitives created: 1
04:15:29 | INFO: Extracting primitive: COL_stone_walk.009
04:15:29 | INFO: Primitives created: 1
04:15:29 | INFO: Extracting primitive: COL_stone_walk.010
04:15:29 | INFO: Primitives created: 1
04:15:29 | INFO: Extracting primitive: COL_stone_walk.011
04:15:29 | INFO: Primitives created: 1
04:15:29 | INFO: Extracting primitive: COL_stone_walk.012
04:15:29 | INFO: Primitives created: 1
04:15:29 | INFO: Extracting primitive: COL_study_approach.002
04:15:29 | INFO: Primitives created: 1
04:15:29 | INFO: Extracting primitive: COL_study_desk_centre.002
04:15:29 | INFO: Primitives created: 1
04:15:29 | INFO: Extracting primitive: COL_study_desk_left.002
04:15:29 | INFO: Primitives created: 1
04:15:29 | INFO: Extracting primitive: COL_study_desk_right.002
04:15:29 | INFO: Primitives created: 1
04:15:29 | INFO: Extracting primitive: COL_study_front_walk.002
04:15:29 | INFO: Primitives created: 1
04:15:29 | INFO: Extracting primitive: COL_study_front_wall.002
04:15:29 | INFO: Primitives created: 1
04:15:29 | INFO: Extracting primitive: COL_study_post.001
04:15:29 | INFO: Primitives created: 1
04:15:29 | INFO: Extracting primitive: COL_study_post.002
04:15:29 | INFO: Primitives created: 1
04:15:29 | INFO: Extracting primitive: COL_study_post.003
04:15:29 | INFO: Primitives created: 1
04:15:29 | INFO: Extracting primitive: COL_study_post.008
04:15:29 | INFO: Primitives created: 1
04:15:29 | INFO: Extracting primitive: Cube.151
04:15:29 | INFO: Primitives created: 1
04:15:29 | INFO: Extracting primitive: Cube.152
04:15:29 | INFO: Primitives created: 1
04:15:29 | INFO: Extracting primitive: Cube.153
04:15:29 | INFO: Primitives created: 1
04:15:29 | INFO: Extracting primitive: Cube.154
04:15:29 | INFO: Primitives created: 1
04:15:29 | INFO: Extracting primitive: Cube.155
04:15:29 | INFO: Primitives created: 1
04:15:29 | INFO: Extracting primitive: Cube.156
04:15:29 | INFO: Primitives created: 1
04:15:29 | INFO: Extracting primitive: Cube.157
04:15:29 | INFO: Primitives created: 1
04:15:29 | INFO: Extracting primitive: Cube.158
04:15:29 | INFO: Primitives created: 1
04:15:29 | INFO: Extracting primitive: Cube.159
04:15:29 | INFO: Primitives created: 1
04:15:29 | INFO: Extracting primitive: Cube.160
04:15:29 | INFO: Primitives created: 1
04:15:29 | INFO: Extracting primitive: Cube.161
04:15:29 | INFO: Primitives created: 1
04:15:29 | INFO: Extracting primitive: Cube.162
04:15:29 | INFO: Primitives created: 1
04:15:29 | INFO: Extracting primitive: Cube.163
04:15:29 | INFO: Primitives created: 1
04:15:29 | INFO: Extracting primitive: Cube.164
04:15:29 | INFO: Primitives created: 1
04:15:29 | INFO: Extracting primitive: Cube.165
04:15:29 | INFO: Primitives created: 1
04:15:29 | INFO: Extracting primitive: Cube.166
04:15:29 | INFO: Primitives created: 1
04:15:29 | INFO: Extracting primitive: Cube.167
04:15:29 | INFO: Primitives created: 1
04:15:29 | INFO: Extracting primitive: Cube.168
04:15:29 | INFO: Primitives created: 1
04:15:29 | INFO: Extracting primitive: Cube.169
04:15:29 | INFO: Primitives created: 1
04:15:29 | INFO: Extracting primitive: Cube.170
04:15:29 | INFO: Primitives created: 1
04:15:29 | INFO: Extracting primitive: Cube.171
04:15:29 | INFO: Primitives created: 1
04:15:29 | INFO: Extracting primitive: Cube.172
04:15:29 | INFO: Primitives created: 1
04:15:29 | INFO: Extracting primitive: Cube.173
04:15:29 | INFO: Primitives created: 1
04:15:29 | INFO: Extracting primitive: Cube.174
04:15:29 | INFO: Primitives created: 1
04:15:29 | INFO: Extracting primitive: Cube.175
04:15:29 | INFO: Primitives created: 1
04:15:29 | INFO: Extracting primitive: Cube.176
04:15:29 | INFO: Primitives created: 1
04:15:29 | INFO: Extracting primitive: Cube.177
04:15:29 | INFO: Primitives created: 1
04:15:29 | INFO: Extracting primitive: Cube.178
04:15:29 | INFO: Primitives created: 1
04:15:29 | INFO: Extracting primitive: Cube.179
04:15:29 | INFO: Primitives created: 1
04:15:29 | INFO: Extracting primitive: Cube.180
04:15:29 | INFO: Primitives created: 1
04:15:29 | INFO: Extracting primitive: Cube.201
04:15:29 | INFO: Primitives created: 1
04:15:29 | INFO: Extracting primitive: Cube.202
04:15:29 | INFO: Primitives created: 1
04:15:29 | INFO: Extracting primitive: Cube.203
04:15:29 | INFO: Primitives created: 1
04:15:29 | INFO: Extracting primitive: Cube.181
04:15:29 | INFO: Primitives created: 1
04:15:29 | INFO: Extracting primitive: Cube.182
04:15:29 | INFO: Primitives created: 1
04:15:29 | INFO: Extracting primitive: Cube.183
04:15:29 | INFO: Primitives created: 1
04:15:29 | INFO: Extracting primitive: Cube.184
04:15:29 | INFO: Primitives created: 1
04:15:29 | INFO: Extracting primitive: Cube.185
04:15:29 | INFO: Primitives created: 1
04:15:29 | INFO: Extracting primitive: Cube.186
04:15:29 | INFO: Primitives created: 1
04:15:29 | INFO: Extracting primitive: Cube.187
04:15:29 | INFO: Primitives created: 1
04:15:29 | INFO: Extracting primitive: Cube.188
04:15:29 | INFO: Primitives created: 1
04:15:29 | INFO: Extracting primitive: Cube.189
04:15:29 | INFO: Primitives created: 1
04:15:29 | INFO: Extracting primitive: Cube.190
04:15:29 | INFO: Primitives created: 1
04:15:29 | INFO: Extracting primitive: Cube.191
04:15:29 | INFO: Primitives created: 1
04:15:29 | INFO: Extracting primitive: Cube.192
04:15:29 | INFO: Primitives created: 1
04:15:29 | INFO: Extracting primitive: COL_tubi-tang_floor.001
04:15:29 | INFO: Primitives created: 1
04:15:29 | INFO: Extracting primitive: COL_tubi_approach.001
04:15:29 | INFO: Primitives created: 1
04:15:29 | INFO: Extracting primitive: COL_tubi_approach.002
04:15:29 | INFO: Primitives created: 1
04:15:29 | INFO: Extracting primitive: COL_tubi_approach.007
04:15:29 | INFO: Primitives created: 1
04:15:29 | INFO: Extracting primitive: COL_tubi_approach.008
04:15:29 | INFO: Primitives created: 1
04:15:29 | INFO: Extracting primitive: COL_tubi_closed_hall.002
04:15:29 | INFO: Primitives created: 1
04:15:29 | INFO: Extracting primitive: COL_tubi_hall_post.001
04:15:29 | INFO: Primitives created: 1
04:15:29 | INFO: Extracting primitive: COL_tubi_hall_post.002
04:15:29 | INFO: Primitives created: 1
04:15:29 | INFO: Extracting primitive: COL_tubi_hall_post.006
04:15:29 | INFO: Primitives created: 1
04:15:29 | INFO: Extracting primitive: COL_tubi_parapet.001
04:15:29 | INFO: Primitives created: 1
04:15:29 | INFO: Extracting primitive: COL_tubi_parapet.002
04:15:29 | INFO: Primitives created: 1
04:15:29 | INFO: Extracting primitive: COL_tubi_parapet.003
04:15:29 | INFO: Primitives created: 1
04:15:29 | INFO: Extracting primitive: COL_tubi_parapet.008
04:15:29 | INFO: Primitives created: 1
04:15:29 | INFO: Extracting primitive: COL_tubi_stair_guard.001
04:15:29 | INFO: Primitives created: 1
04:15:29 | INFO: Extracting primitive: COL_tubi_stair_guard.004
04:15:29 | INFO: Primitives created: 1
04:15:29 | INFO: Extracting primitive: COL_tubi_stair_ramp.002
04:15:29 | INFO: Primitives created: 1
04:15:29 | INFO: Extracting primitive: COL_tubi_terrace.002
04:15:29 | INFO: Primitives created: 1
04:15:29 | INFO: Extracting primitive: COL_tubi_topic_table.002
04:15:29 | INFO: Primitives created: 1
04:15:29 | INFO: Extracting primitive: COL_tubi_view_bench_left.001
04:15:29 | INFO: Primitives created: 1
04:15:29 | INFO: Extracting primitive: COL_tubi_view_bench_right.001
04:15:29 | INFO: Primitives created: 1
04:15:29 | INFO: Extracting primitive: COL_water_bridge_side.001
04:15:29 | INFO: Primitives created: 1
04:15:29 | INFO: Extracting primitive: COL_water_bridge_side.004
04:15:29 | INFO: Primitives created: 1
04:15:29 | INFO: Extracting primitive: COL_water_bridge_deck.002
04:15:29 | INFO: Primitives created: 1
04:15:29 | INFO: Extracting primitive: COL_xiaoxiang_bamboo_bed.004
04:15:29 | INFO: Primitives created: 1
04:15:29 | INFO: Extracting primitive: COL_xiaoxiang_bamboo_bed.005
04:15:29 | INFO: Primitives created: 1
04:15:29 | INFO: Extracting primitive: COL_xiaoxiang_bamboo_bed.006
04:15:29 | INFO: Primitives created: 1
04:15:29 | INFO: Extracting primitive: COL_xiaoxiang_bamboo_bed.007
04:15:29 | INFO: Primitives created: 1
04:15:29 | INFO: Extracting primitive: COL_xiaoxiang_closed_front.001
04:15:29 | INFO: Primitives created: 1
04:15:29 | INFO: Extracting primitive: COL_xiaoxiang_floor.001
04:15:29 | INFO: Primitives created: 1
04:15:29 | INFO: Extracting primitive: COL_xiaoxiang_return.002
04:15:29 | INFO: Primitives created: 1
04:15:29 | INFO: Extracting primitive: COL_xiaoxiang_return.003
04:15:29 | INFO: Primitives created: 1
04:15:29 | INFO: Extracting primitive: COL_xiaoxiang_threshold.001
04:15:29 | INFO: Primitives created: 1
04:15:29 | INFO: Extracting primitive: COL_yihong_closed_front.002
04:15:29 | INFO: Primitives created: 1
04:15:29 | INFO: Extracting primitive: COL_yihong_court_side.001
04:15:29 | INFO: Primitives created: 1
04:15:29 | INFO: Extracting primitive: COL_yihong_court_side.004
04:15:29 | INFO: Primitives created: 1
04:15:29 | INFO: Extracting primitive: COL_yihong_floor.002
04:15:29 | INFO: Primitives created: 1
04:15:29 | INFO: Extracting primitive: COL_yihong_planter.001
04:15:29 | INFO: Primitives created: 1
04:15:29 | INFO: Extracting primitive: COL_yihong_planter.004
04:15:29 | INFO: Primitives created: 1
04:15:29 | INFO: Extracting primitive: COL_yihong_side_return.001
04:15:29 | INFO: Primitives created: 1
04:15:29 | INFO: Extracting primitive: COL_yihong_side_return.004
04:15:29 | INFO: Primitives created: 1
04:15:29 | INFO: Extracting primitive: COL_yihong_threshold.002
04:15:29 | INFO: Primitives created: 1
04:15:29 | INFO: Extracting primitive: COL_ziling_landing.001
04:15:29 | INFO: Primitives created: 1
04:15:29 | INFO: Extracting primitive: HERO_aojing-guan_title.002
04:15:29 | WARNING: More than one shader node tex image used for a texture. The resulting glTF sampler will behave like the first shader node tex image.
04:15:29 | INFO: Primitives created: 1
04:15:29 | INFO: Extracting primitive: HERO_daguan_title.001
04:15:29 | WARNING: More than one shader node tex image used for a texture. The resulting glTF sampler will behave like the first shader node tex image.
04:15:29 | INFO: Primitives created: 1
04:15:29 | INFO: Extracting primitive: HERO_daoxiang-cun_title.002
04:15:29 | WARNING: More than one shader node tex image used for a texture. The resulting glTF sampler will behave like the first shader node tex image.
04:15:29 | INFO: Primitives created: 1
04:15:29 | INFO: Extracting primitive: KIT_flora_plum_render.001
04:15:29 | WARNING: More than one shader node tex image used for a texture. The resulting glTF sampler will behave like the first shader node tex image.
04:15:29 | INFO: Primitives created: 1
04:15:29 | INFO: Extracting primitive: KIT_flora_plum_render.002
04:15:29 | INFO: Primitives created: 1
04:15:29 | INFO: Extracting primitive: KIT_flora_bamboo_large_render.001
04:15:29 | INFO: Primitives created: 1
04:15:29 | INFO: Extracting primitive: KIT_flora_bamboo_large_render.002
04:15:29 | INFO: Primitives created: 1
04:15:29 | INFO: Extracting primitive: KIT_flora_bamboo_small_render.001
04:15:29 | INFO: Primitives created: 1
04:15:29 | INFO: Extracting primitive: KIT_flora_willow_render.001
04:15:29 | INFO: Primitives created: 1
04:15:29 | INFO: Extracting primitive: KIT_flora_willow_render.002
04:15:29 | INFO: Primitives created: 1
04:15:29 | INFO: Extracting primitive: KIT_flora_bamboo_large_render.003
04:15:29 | INFO: Primitives created: 1
04:15:29 | INFO: Extracting primitive: KIT_flora_bamboo_medium_render.001
04:15:29 | INFO: Primitives created: 1
04:15:29 | INFO: Extracting primitive: KIT_flora_bamboo_small_render.002
04:15:29 | INFO: Primitives created: 1
04:15:29 | INFO: Extracting primitive: KIT_flora_bamboo_large_render.004
04:15:29 | INFO: Primitives created: 1
04:15:29 | INFO: Extracting primitive: KIT_flora_banana_render.001
04:15:29 | INFO: Primitives created: 1
04:15:29 | INFO: Extracting primitive: KIT_flora_banana_render.002
04:15:29 | INFO: Primitives created: 1
04:15:29 | INFO: Extracting primitive: KIT_flora_reed_render.001
04:15:29 | INFO: Primitives created: 1
04:15:29 | INFO: Extracting primitive: KIT_flora_reed_render.002
04:15:29 | INFO: Primitives created: 1
04:15:29 | INFO: Extracting primitive: KIT_flora_reed_render.003
04:15:29 | INFO: Primitives created: 1
04:15:29 | INFO: Extracting primitive: KIT_flora_reed_render.004
04:15:29 | INFO: Primitives created: 1
04:15:29 | INFO: Extracting primitive: KIT_flora_reed_render.005
04:15:29 | INFO: Primitives created: 1
04:15:29 | INFO: Extracting primitive: KIT_flora_reed_render.006
04:15:29 | INFO: Primitives created: 1
04:15:29 | INFO: Extracting primitive: KIT_flora_reed_render.007
04:15:29 | INFO: Primitives created: 1
04:15:29 | INFO: Extracting primitive: KIT_flora_reed_render.008
04:15:29 | INFO: Primitives created: 1
04:15:29 | INFO: Extracting primitive: KIT_flora_reed_render.009
04:15:29 | INFO: Primitives created: 1
04:15:29 | INFO: Extracting primitive: KIT_flora_reed_render.010
04:15:29 | INFO: Primitives created: 1
04:15:29 | INFO: Extracting primitive: HERO_gate_inscription.001
04:15:29 | WARNING: More than one shader node tex image used for a texture. The resulting glTF sampler will behave like the first shader node tex image.
04:15:29 | INFO: Primitives created: 1
04:15:29 | INFO: Extracting primitive: HERO_gate_water_drips.001
04:15:29 | WARNING: More than one shader node tex image used for a texture. The resulting glTF sampler will behave like the first shader node tex image.
04:15:29 | INFO: Primitives created: 1
04:15:29 | INFO: Extracting primitive: HERO_hengwu-yuan_title.002
04:15:29 | WARNING: More than one shader node tex image used for a texture. The resulting glTF sampler will behave like the first shader node tex image.
04:15:29 | INFO: Primitives created: 1
04:15:29 | INFO: Extracting primitive: HERO_longcui-an_title.002
04:15:29 | WARNING: More than one shader node tex image used for a texture. The resulting glTF sampler will behave like the first shader node tex image.
04:15:29 | INFO: Primitives created: 1
04:15:29 | INFO: Extracting primitive: HERO_qinfang-ting_title.002
04:15:29 | WARNING: More than one shader node tex image used for a texture. The resulting glTF sampler will behave like the first shader node tex image.
04:15:29 | INFO: Primitives created: 1
04:15:29 | INFO: Extracting primitive: HERO_qinfang_bridge.001
04:15:29 | INFO: Primitives created: 1
04:15:29 | INFO: Extracting primitive: HERO_study_scroll_bamboo.002
04:15:29 | INFO: Primitives created: 1
04:15:29 | INFO: Extracting primitive: HERO_study_scroll_plum.002
04:15:29 | INFO: Primitives created: 1
04:15:29 | INFO: Extracting primitive: HERO_study_title.002
04:15:29 | WARNING: More than one shader node tex image used for a texture. The resulting glTF sampler will behave like the first shader node tex image.
04:15:29 | INFO: Primitives created: 1
04:15:29 | INFO: Extracting primitive: HERO_table_hexagram.001
04:15:29 | INFO: Primitives created: 1
04:15:29 | INFO: Extracting primitive: line_piece.005
04:15:29 | WARNING: More than one shader node tex image used for a texture. The resulting glTF sampler will behave like the first shader node tex image.
04:15:29 | INFO: Primitives created: 1
04:15:29 | INFO: Extracting primitive: line_piece.002
04:15:29 | INFO: Primitives created: 1
04:15:29 | INFO: Extracting primitive: line_piece.011
04:15:29 | INFO: Primitives created: 1
04:15:29 | INFO: Extracting primitive: line_piece.008
04:15:29 | INFO: Primitives created: 1
04:15:29 | INFO: Extracting primitive: line_piece.017
04:15:29 | INFO: Primitives created: 1
04:15:29 | INFO: Extracting primitive: line_piece.014
04:15:29 | INFO: Primitives created: 1
04:15:29 | INFO: Extracting primitive: line_piece.019
04:15:29 | INFO: Primitives created: 1
04:15:29 | INFO: Extracting primitive: line_piece.018
04:15:29 | INFO: Primitives created: 1
04:15:29 | INFO: Extracting primitive: line_piece.021
04:15:29 | INFO: Primitives created: 1
04:15:29 | INFO: Extracting primitive: line_piece.020
04:15:29 | INFO: Primitives created: 1
04:15:29 | INFO: Extracting primitive: line_piece.023
04:15:29 | INFO: Primitives created: 1
04:15:29 | INFO: Extracting primitive: line_piece.022
04:15:29 | INFO: Primitives created: 1
04:15:29 | INFO: Extracting primitive: HERO_table_pedestal.001
04:15:29 | INFO: Primitives created: 1
04:15:29 | INFO: Extracting primitive: HERO_tubi_title.002
04:15:29 | WARNING: More than one shader node tex image used for a texture. The resulting glTF sampler will behave like the first shader node tex image.
04:15:29 | INFO: Primitives created: 1
04:15:29 | INFO: Extracting primitive: HERO_xiaoxiang-guan_title.002
04:15:29 | WARNING: More than one shader node tex image used for a texture. The resulting glTF sampler will behave like the first shader node tex image.
04:15:29 | INFO: Primitives created: 1
04:15:29 | INFO: Extracting primitive: HERO_yihong-yuan_title.002
04:15:29 | WARNING: More than one shader node tex image used for a texture. The resulting glTF sampler will behave like the first shader node tex image.
04:15:29 | INFO: Primitives created: 1
04:15:29 | INFO: Extracting primitive: AOJING_pond.002
04:15:29 | INFO: Primitives created: 1
04:15:29 | INFO: Extracting primitive: AOJING_backstage.002
04:15:29 | INFO: Primitives created: 1
04:15:29 | INFO: Extracting primitive: AOJING_amber_window.002
04:15:29 | INFO: Primitives created: 1
04:15:29 | INFO: Extracting primitive: AOJING_window_lattice.001
04:15:29 | INFO: Primitives created: 1
04:15:29 | INFO: Extracting primitive: AOJING_dry_ledge.002
04:15:29 | INFO: Primitives created: 1
04:15:29 | INFO: Extracting primitive: AOJING_roof.002
04:15:29 | INFO: Primitives created: 1
04:15:29 | INFO: Extracting primitive: AOJING_closed_front.002
04:15:29 | INFO: Primitives created: 1
04:15:29 | INFO: Extracting primitive: DAGUAN_backstage.001
04:15:29 | INFO: Primitives created: 1
04:15:29 | INFO: Extracting primitive: DAGUAN_door_stud.180
04:15:29 | INFO: Primitives created: 1
04:15:29 | INFO: Extracting primitive: DAGUAN_amber_transom.002
04:15:29 | INFO: Primitives created: 1
04:15:29 | INFO: Extracting primitive: DAGUAN_closed_door.010
04:15:29 | INFO: Primitives created: 1
04:15:29 | INFO: Extracting primitive: DAGUAN_recessed_panel.020
04:15:29 | INFO: Primitives created: 1
04:15:29 | INFO: Extracting primitive: DAGUAN_column.006
04:15:29 | INFO: Primitives created: 1
04:15:29 | INFO: Extracting primitive: DAGUAN_platform.001
04:15:29 | INFO: Primitives created: 1
04:15:29 | INFO: Extracting primitive: DAGUAN_lower_roof.001
04:15:29 | INFO: Primitives created: 1
04:15:29 | INFO: Extracting primitive: DAGUAN_front.001
04:15:29 | INFO: Primitives created: 1
04:15:29 | INFO: Extracting primitive: DAOXIANG_backstage.001
04:15:29 | INFO: Primitives created: 1
04:15:29 | INFO: Extracting primitive: DAOXIANG_door_latch.001
04:15:29 | INFO: Primitives created: 1
04:15:29 | INFO: Extracting primitive: DAOXIANG_warm_sliver.001
04:15:29 | INFO: Primitives created: 1
04:15:29 | INFO: Extracting primitive: DAOXIANG_closed_door.001
04:15:29 | INFO: Primitives created: 1
04:15:29 | INFO: Extracting primitive: DAOXIANG_paddy_painting.001
04:15:29 | INFO: Primitives created: 1
04:15:29 | INFO: Extracting primitive: DAOXIANG_court.001
04:15:29 | INFO: Primitives created: 1
04:15:29 | INFO: Extracting primitive: DAOXIANG_thatch_mass.001
04:15:29 | INFO: Primitives created: 1
04:15:29 | INFO: Extracting primitive: DAOXIANG_front.001
04:15:29 | INFO: Primitives created: 1
04:15:29 | INFO: Extracting primitive: SITE_hengwu-yuan_backstage.001
04:15:29 | INFO: Primitives created: 1
04:15:29 | INFO: Extracting primitive: KIT_pavilion_finial.011
04:15:29 | INFO: Primitives created: 1
04:15:29 | INFO: Extracting primitive: KIT_wall_amber_window.006
04:15:29 | INFO: Primitives created: 1
04:15:29 | INFO: Extracting primitive: HENGWU_herb_leaf.001
04:15:29 | INFO: Primitives created: 1
04:15:29 | INFO: Extracting primitive: KIT_wall_lattice_vertical.105
04:15:29 | INFO: Primitives created: 1
04:15:29 | INFO: Extracting primitive: SITE_hengwu-yuan_platform.001
04:15:29 | INFO: Primitives created: 1
04:15:29 | INFO: Extracting primitive: KIT_props_lantern_hanging_render.015
04:15:29 | WARNING: More than one shader node tex image used for a texture. The resulting glTF sampler will behave like the first shader node tex image.
04:15:29 | INFO: Primitives created: 1
04:15:29 | INFO: Extracting primitive: KIT_pavilion_roof.011
04:15:29 | INFO: Primitives created: 1
04:15:29 | INFO: Extracting primitive: KIT_wall_bay.001
04:15:29 | WARNING: More than one shader node tex image used for a texture. The resulting glTF sampler will behave like the first shader node tex image.
04:15:29 | INFO: Primitives created: 1
04:15:29 | INFO: Extracting primitive: SITE_hengwu-yuan_front.001
04:15:29 | INFO: Primitives created: 1
04:15:29 | INFO: Extracting primitive: LONGCUI_backstage.001
04:15:29 | INFO: Primitives created: 1
04:15:29 | INFO: Extracting primitive: LONGCUI_gate_pull.002
04:15:29 | INFO: Primitives created: 1
04:15:29 | INFO: Extracting primitive: LONGCUI_closed_gate.002
04:15:29 | INFO: Primitives created: 1
04:15:29 | INFO: Extracting primitive: LONGCUI_paving.001
04:15:29 | INFO: Primitives created: 1
04:15:29 | INFO: Extracting primitive: KIT_props_lantern_hanging_render.016
04:15:29 | INFO: Primitives created: 1
04:15:29 | INFO: Extracting primitive: LONGCUI_wall_cap.001
04:15:29 | INFO: Primitives created: 1
04:15:29 | INFO: Extracting primitive: LONGCUI_closed_front.001
04:15:29 | INFO: Primitives created: 1
04:15:29 | INFO: Extracting primitive: KIT_props_tea_cup.006
04:15:29 | INFO: Primitives created: 1
04:15:29 | INFO: Extracting primitive: KIT_water_lotus_leaf.007
04:15:29 | INFO: Primitives created: 1
04:15:29 | INFO: Extracting primitive: SITE_ouxiang_deck.001
04:15:29 | INFO: Primitives created: 1
04:15:29 | INFO: Extracting primitive: KIT_pavilion_water_pier.004
04:15:29 | INFO: Primitives created: 1
04:15:29 | INFO: Extracting primitive: KIT_props_lantern_hanging_render.013
04:15:29 | INFO: Primitives created: 1
04:15:29 | INFO: Extracting primitive: KIT_pavilion_water_hipped_roof.001
04:15:29 | INFO: Primitives created: 1
04:15:29 | INFO: Extracting primitive: KIT_water_lotus.021
04:15:29 | INFO: Primitives created: 1
04:15:29 | INFO: Extracting primitive: KIT_corridor_rail.008
04:15:29 | INFO: Primitives created: 1
04:15:29 | INFO: Extracting primitive: KIT_pavilion_roof_shell.001
04:15:29 | INFO: Primitives created: 1
04:15:29 | INFO: Extracting primitive: KIT_pavilion_plinth.001
04:15:29 | INFO: Primitives created: 1
04:15:29 | INFO: Extracting primitive: KIT_props_lantern_hanging_render.001
04:15:29 | INFO: Primitives created: 1
04:15:29 | INFO: Extracting primitive: KIT_water_stream.001
04:15:29 | INFO: Primitives created: 1
04:15:29 | INFO: Extracting primitive: SITE_qiushuang-zhai_backstage.001
04:15:29 | INFO: Primitives created: 1
04:15:29 | INFO: Extracting primitive: KIT_pavilion_finial.005
04:15:29 | INFO: Primitives created: 1
04:15:29 | INFO: Extracting primitive: KIT_wall_lattice_vertical.042
04:15:29 | INFO: Primitives created: 1
04:15:29 | INFO: Extracting primitive: SITE_qiushuang-zhai_platform.001
04:15:29 | INFO: Primitives created: 1
04:15:29 | INFO: Extracting primitive: KIT_props_lantern_hanging_render.010
04:15:29 | INFO: Primitives created: 1
04:15:29 | INFO: Extracting primitive: KIT_pavilion_roof.005
04:15:29 | INFO: Primitives created: 1
04:15:29 | INFO: Extracting primitive: KIT_tech_terminal_desk_render.007
04:15:29 | WARNING: More than one shader node tex image used for a texture. The resulting glTF sampler will behave like the first shader node tex image.
04:15:29 | INFO: Primitives created: 1
04:15:29 | INFO: Extracting primitive: SITE_qiushuang-zhai_front.001
04:15:29 | INFO: Primitives created: 1
04:15:29 | INFO: Extracting primitive: GATE_banana_pseudostem.001
04:15:29 | INFO: Primitives created: 1
04:15:29 | INFO: Extracting primitive: GATE_banana_soil.001
04:15:29 | INFO: Primitives created: 1
04:15:29 | INFO: Extracting primitive: KIT_rockery_passage.001
04:15:29 | INFO: Primitives created: 1
04:15:29 | INFO: Extracting primitive: GATE_paving.002
04:15:29 | INFO: Primitives created: 1
04:15:29 | INFO: Extracting primitive: KIT_props_lantern_hanging_render.008
04:15:29 | INFO: Primitives created: 1
04:15:29 | INFO: Extracting primitive: KIT_stage_fog_plane_render.017
04:15:29 | INFO: Primitives created: 1
04:15:29 | INFO: Extracting primitive: KIT_stage_floor.001
04:15:29 | INFO: Primitives created: 1
04:15:29 | INFO: Extracting primitive: AOJING_approach_guard.001
04:15:29 | INFO: Primitives created: 1
04:15:29 | INFO: Extracting primitive: KIT_stage_painted_moon.001
04:15:29 | INFO: Primitives created: 1
04:15:29 | INFO: Extracting primitive: KIT_stage_painted_mountain_layer.003
04:15:29 | INFO: Primitives created: 1
04:15:29 | INFO: Extracting primitive: KIT_stage_painted_mountain_layer.004
04:15:29 | INFO: Primitives created: 1
04:15:29 | INFO: Extracting primitive: KIT_stage_painted_mountain_layer.005
04:15:29 | INFO: Primitives created: 1
04:15:29 | INFO: Extracting primitive: KIT_water_stone_walk.005
04:15:29 | INFO: Primitives created: 1
04:15:29 | INFO: Extracting primitive: Painted coved ceiling candidate.001
04:15:29 | INFO: Primitives created: 1
04:15:29 | INFO: Extracting primitive: KIT_stage_painted_canvas.002
04:15:29 | INFO: Primitives created: 1
04:15:29 | INFO: Extracting primitive: Eight painted cyclorama arcs.001
04:15:29 | WARNING: More than one shader node tex image used for a texture. The resulting glTF sampler will behave like the first shader node tex image.
04:15:29 | INFO: Primitives created: 2
04:15:29 | INFO: Extracting primitive: KIT_stage_fog_plane_render.002
04:15:29 | INFO: Primitives created: 1
04:15:29 | INFO: Extracting primitive: KIT_tech_cell_side.012
04:15:29 | INFO: Primitives created: 1
04:15:29 | INFO: Extracting primitive: KIT_wall_window_bar.030
04:15:29 | INFO: Primitives created: 1
04:15:29 | INFO: Extracting primitive: KIT_stage_entry_walk.002
04:15:29 | INFO: Primitives created: 1
04:15:29 | INFO: Extracting primitive: KIT_props_folding_chair_render.001
04:15:29 | INFO: Primitives created: 1
04:15:29 | INFO: Extracting primitive: KIT_stage_floor_boards_render.002
04:15:29 | INFO: Primitives created: 1
04:15:29 | INFO: Extracting primitive: KIT_stage_gel_frame_render.002
04:15:29 | INFO: Primitives created: 2
04:15:29 | INFO: Extracting primitive: KIT_stage_studio_wall_render.002
04:15:29 | INFO: Primitives created: 1
04:15:29 | INFO: Extracting primitive: KIT_stage_fog_plane_render.020
04:15:29 | INFO: Primitives created: 1
04:15:29 | INFO: Extracting primitive: KIT_tech_terminal_desk_render.001
04:15:29 | INFO: Primitives created: 1
04:15:29 | INFO: Extracting primitive: KIT_props_scroll_render.001
04:15:29 | WARNING: More than one shader node tex image used for a texture. The resulting glTF sampler will behave like the first shader node tex image.
04:15:29 | INFO: Primitives created: 1
04:15:29 | INFO: Extracting primitive: SITE_tubi-tang_backstage.001
04:15:29 | INFO: Primitives created: 1
04:15:29 | INFO: Extracting primitive: KIT_pavilion_finial.007
04:15:29 | INFO: Primitives created: 1
04:15:29 | INFO: Extracting primitive: KIT_wall_amber_window.003
04:15:29 | INFO: Primitives created: 1
04:15:29 | INFO: Extracting primitive: TUBI_topic_line.001
04:15:29 | INFO: Primitives created: 1
04:15:29 | INFO: Extracting primitive: KIT_wall_lattice_vertical.063
04:15:29 | INFO: Primitives created: 1
04:15:29 | INFO: Extracting primitive: SITE_tubi-tang_platform.001
04:15:29 | INFO: Primitives created: 1
04:15:29 | INFO: Extracting primitive: KIT_props_lantern_hanging_render.012
04:15:29 | INFO: Primitives created: 1
04:15:29 | INFO: Extracting primitive: KIT_pavilion_roof.007
04:15:29 | INFO: Primitives created: 1
04:15:29 | INFO: Extracting primitive: TUBI_terrace.002
04:15:29 | INFO: Primitives created: 1
04:15:29 | INFO: Extracting primitive: SITE_tubi-tang_front.001
04:15:29 | INFO: Primitives created: 1
04:15:29 | INFO: Extracting primitive: XIAOXIANG_black_back.001
04:15:29 | INFO: Primitives created: 1
04:15:29 | INFO: Extracting primitive: XIAOXIANG_gate_pull.002
04:15:29 | INFO: Primitives created: 1
04:15:29 | INFO: Extracting primitive: XIAOXIANG_amber_window.001
04:15:29 | INFO: Primitives created: 1
04:15:29 | INFO: Extracting primitive: XIAOXIANG_gate_leaf.002
04:15:29 | INFO: Primitives created: 1
04:15:29 | INFO: Extracting primitive: XIAOXIANG_paving.001
04:15:29 | INFO: Primitives created: 1
04:15:29 | INFO: Extracting primitive: XIAOXIANG_wall_cap.001
04:15:29 | INFO: Primitives created: 1
04:15:29 | INFO: Extracting primitive: XIAOXIANG_closed_front.001
04:15:29 | INFO: Primitives created: 1
04:15:29 | INFO: Extracting primitive: YIHONG_backstage.002
04:15:29 | INFO: Primitives created: 1
04:15:29 | INFO: Extracting primitive: YIHONG_door_rail.001
04:15:29 | INFO: Primitives created: 1
04:15:29 | INFO: Extracting primitive: YIHONG_amber_window.002
04:15:29 | INFO: Primitives created: 1
04:15:29 | INFO: Extracting primitive: YIHONG_door_panel.001
04:15:29 | INFO: Primitives created: 1
04:15:29 | INFO: Extracting primitive: YIHONG_paving.002
04:15:29 | INFO: Primitives created: 1
04:15:29 | INFO: Extracting primitive: YIHONG_court_cap.001
04:15:29 | INFO: Primitives created: 1
04:15:29 | INFO: Extracting primitive: YIHONG_closed_front.002
04:15:29 | INFO: Primitives created: 1
04:15:29 | INFO: Extracting primitive: KIT_water_lotus_leaf.011
04:15:29 | INFO: Primitives created: 1
04:15:29 | INFO: Extracting primitive: KIT_water_plank.002
04:15:29 | INFO: Primitives created: 1
04:15:29 | INFO: Extracting primitive: SITE_ziling_island.001
04:15:29 | INFO: Primitives created: 1
04:15:29 | INFO: Finished glTF 2.0 export in 0.6128408908843994 s
00:25.944  blend            | Read blend: "/private/var/folders/gf/s_g2zvzj3jxbylz3ylbc7k4c0000gn/T/garden-hengwu-full-review-b0lakrrc/blender/sites/SITE_stage.blend"

{"engine": "Godot", "sites": {"stage": {"objects": 100, "triangles": 11188, "render_meshes": 11, "colliders": 87, "triggers": 0}, "qinfang-ting": {"objects": 145, "triangles": 41324, "render_meshes": 27, "colliders": 103, "triggers": 7}, "rockery-gate": {"objects": 27, "triangles": 15324, "render_meshes": 8, "colliders": 10, "triggers": 3}, "terminal-cells": {"objects": 113, "triangles": 37996, "render_meshes": 10, "colliders": 77, "triggers": 18}, "qiushuang-zhai": {"objects": 36, "triangles": 21754, "render_meshes": 11, "colliders": 13, "triggers": 5}, "tubi-tang": {"objects": 37, "triangles": 11340, "render_meshes": 11, "colliders": 16, "triggers": 5}, "daguan-lou": {"objects": 29, "triangles": 23666, "render_meshes": 10, "colliders": 13, "triggers": 3}, "ouxiang-xie": {"objects": 28, "triangles": 15450, "render_meshes": 6, "colliders": 13, "triggers": 4}, "hengwu-yuan": {"objects": 43, "triangles": 22102, "render_meshes": 11, "colliders": 23, "triggers": 4}, "yihong-yuan": {"objects": 28, "triangles": 2294, "render_meshes": 10, "colliders": 9, "triggers": 4}, "xiaoxiang-guan": {"objects": 30, "triangles": 7478, "render_meshes": 12, "colliders": 9, "triggers": 4}, "longcui-an": {"objects": 27, "triangles": 4638, "render_meshes": 10, "colliders": 8, "triggers": 4}, "aojing-guan": {"objects": 24, "triangles": 2788, "render_meshes": 8, "colliders": 7, "triggers": 3}, "daoxiang-cun": {"objects": 27, "triangles": 10862, "render_meshes": 9, "colliders": 8, "triggers": 4}, "ziling-zhou": {"objects": 23, "triangles": 7064, "render_meshes": 13, "colliders": 4, "triggers": 3}}, "warnings": ["Reference assets, not yet profiled on mobile.", "Lightmap bake remains unfinished; engine import evidence is recorded separately in godot/import-validation.json."], "total_triangles": 235268, "total_render_meshes": 167}
SAVED_GARDEN_CANDIDATE_PASS 26033c99c82f9609f02ea545d4812b3ce1bd9ea2c9ecdf89a51e3ced03fe3d38
BlenderMCP addon unregistered
Blender 5.2.2 LTS (hash d13f752e3b9c built 2026-09-15 01:49:19)

Blender quit
