Godot Engine v4.7.2.stable.official.ed1daf0bf - https://godotengine.org

[   0% ] [90m[1mfirst_scan_filesystem[22m | Started Project initialization (5 steps)[39m[0m
[   0% ] [90m[1mfirst_scan_filesystem[22m | Scanning file structure...[39m[0m
[  16% ] [90m[1mfirst_scan_filesystem[22m | Loading global class names...[39m[0m
[  33% ] [90m[1mfirst_scan_filesystem[22m | Verifying GDExtensions...[39m[0m
[  50% ] [90m[1mfirst_scan_filesystem[22m | Creating autoload scripts...[39m[0m
[  66% ] [90m[1mfirst_scan_filesystem[22m | Initializing plugins...[39m[0m
[  83% ] [90m[1mfirst_scan_filesystem[22m | Starting file scan...[39m[0m
[92m[ DONE ][39m [1mfirst_scan_filesystem[22m
[0m
[   0% ] [90m[1mupdate_scripts_classes[22m | Started Registering global classes... (168 steps)[39m[0m
[   0% ] [90m[1mupdate_scripts_classes[22m | [39m[0m
[   0% ] [90m[1mupdate_scripts_classes[22m | [39m[0m
[   1% ] [90m[1mupdate_scripts_classes[22m | [39m[0m
[   1% ] [90m[1mupdate_scripts_classes[22m | [39m[0m
[   2% ] [90m[1mupdate_scripts_classes[22m | [39m[0m
[   2% ] [90m[1mupdate_scripts_classes[22m | [39m[0m
[   3% ] [90m[1mupdate_scripts_classes[22m | [39m[0m
[   4% ] [90m[1mupdate_scripts_classes[22m | [39m[0m
[   4% ] [90m[1mupdate_scripts_classes[22m | [39m[0m
[   5% ] [90m[1mupdate_scripts_classes[22m | [39m[0m
[   5% ] [90m[1mupdate_scripts_classes[22m | [39m[0m
[   6% ] [90m[1mupdate_scripts_classes[22m | [39m[0m
[   7% ] [90m[1mupdate_scripts_classes[22m | [39m[0m
[   7% ] [90m[1mupdate_scripts_classes[22m | [39m[0m
[   8% ] [90m[1mupdate_scripts_classes[22m | [39m[0m
[   8% ] [90m[1mupdate_scripts_classes[22m | [39m[0m
[   9% ] [90m[1mupdate_scripts_classes[22m | [39m[0m
[  10% ] [90m[1mupdate_scripts_classes[22m | [39m[0m
[  10% ] [90m[1mupdate_scripts_classes[22m | [39m[0m
[  11% ] [90m[1mupdate_scripts_classes[22m | [39m[0m
[  11% ] [90m[1mupdate_scripts_classes[22m | [39m[0m
[  12% ] [90m[1mupdate_scripts_classes[22m | [39m[0m
[  13% ] [90m[1mupdate_scripts_classes[22m | [39m[0m
[  13% ] [90m[1mupdate_scripts_classes[22m | [39m[0m
[  14% ] [90m[1mupdate_scripts_classes[22m | [39m[0m
[  14% ] [90m[1mupdate_scripts_classes[22m | [39m[0m
[  15% ] [90m[1mupdate_scripts_classes[22m | [39m[0m
[  15% ] [90m[1mupdate_scripts_classes[22m | [39m[0m
[  16% ] [90m[1mupdate_scripts_classes[22m | [39m[0m
[  17% ] [90m[1mupdate_scripts_classes[22m | [39m[0m
[  17% ] [90m[1mupdate_scripts_classes[22m | [39m[0m
[  18% ] [90m[1mupdate_scripts_classes[22m | [39m[0m
[  18% ] [90m[1mupdate_scripts_classes[22m | [39m[0m
[  19% ] [90m[1mupdate_scripts_classes[22m | [39m[0m
[  20% ] [90m[1mupdate_scripts_classes[22m | [39m[0m
[  20% ] [90m[1mupdate_scripts_classes[22m | [39m[0m
[  21% ] [90m[1mupdate_scripts_classes[22m | [39m[0m
[  21% ] [90m[1mupdate_scripts_classes[22m | [39m[0m
[  22% ] [90m[1mupdate_scripts_classes[22m | [39m[0m
[  23% ] [90m[1mupdate_scripts_classes[22m | [39m[0m
[  23% ] [90m[1mupdate_scripts_classes[22m | [39m[0m
[  24% ] [90m[1mupdate_scripts_classes[22m | [39m[0m
[  24% ] [90m[1mupdate_scripts_classes[22m | [39m[0m
[  25% ] [90m[1mupdate_scripts_classes[22m | [39m[0m
[  26% ] [90m[1mupdate_scripts_classes[22m | [39m[0m
[  26% ] [90m[1mupdate_scripts_classes[22m | [39m[0m
[  27% ] [90m[1mupdate_scripts_classes[22m | [39m[0m
[  27% ] [90m[1mupdate_scripts_classes[22m | [39m[0m
[  28% ] [90m[1mupdate_scripts_classes[22m | [39m[0m
[  28% ] [90m[1mupdate_scripts_classes[22m | [39m[0m
[  29% ] [90m[1mupdate_scripts_classes[22m | [39m[0m
[  30% ] [90m[1mupdate_scripts_classes[22m | [39m[0m
[  30% ] [90m[1mupdate_scripts_classes[22m | [39m[0m
[  31% ] [90m[1mupdate_scripts_classes[22m | [39m[0m
[  31% ] [90m[1mupdate_scripts_classes[22m | [39m[0m
[  32% ] [90m[1mupdate_scripts_classes[22m | [39m[0m
[  33% ] [90m[1mupdate_scripts_classes[22m | [39m[0m
[  33% ] [90m[1mupdate_scripts_classes[22m | [39m[0m
[  34% ] [90m[1mupdate_scripts_classes[22m | [39m[0m
[  34% ] [90m[1mupdate_scripts_classes[22m | [39m[0m
[  35% ] [90m[1mupdate_scripts_classes[22m | [39m[0m
[  36% ] [90m[1mupdate_scripts_classes[22m | [39m[0m
[  36% ] [90m[1mupdate_scripts_classes[22m | [39m[0m
[  37% ] [90m[1mupdate_scripts_classes[22m | [39m[0m
[  37% ] [90m[1mupdate_scripts_classes[22m | [39m[0m
[  38% ] [90m[1mupdate_scripts_classes[22m | [39m[0m
[  39% ] [90m[1mupdate_scripts_classes[22m | [39m[0m
[  39% ] [90m[1mupdate_scripts_classes[22m | [39m[0m
[  40% ] [90m[1mupdate_scripts_classes[22m | [39m[0m
[  40% ] [90m[1mupdate_scripts_classes[22m | [39m[0m
[  41% ] [90m[1mupdate_scripts_classes[22m | [39m[0m
[  42% ] [90m[1mupdate_scripts_classes[22m | [39m[0m
[  42% ] [90m[1mupdate_scripts_classes[22m | [39m[0m
[  43% ] [90m[1mupdate_scripts_classes[22m | [39m[0m
[  43% ] [90m[1mupdate_scripts_classes[22m | [39m[0m
[  44% ] [90m[1mupdate_scripts_classes[22m | [39m[0m
[  44% ] [90m[1mupdate_scripts_classes[22m | [39m[0m
[  45% ] [90m[1mupdate_scripts_classes[22m | [39m[0m
[  46% ] [90m[1mupdate_scripts_classes[22m | [39m[0m
[  46% ] [90m[1mupdate_scripts_classes[22m | [39m[0m
[  47% ] [90m[1mupdate_scripts_classes[22m | [39m[0m
[  47% ] [90m[1mupdate_scripts_classes[22m | [39m[0m
[  48% ] [90m[1mupdate_scripts_classes[22m | [39m[0m
[  49% ] [90m[1mupdate_scripts_classes[22m | [39m[0m
[  49% ] [90m[1mupdate_scripts_classes[22m | [39m[0m
[  50% ] [90m[1mupdate_scripts_classes[22m | [39m[0m
[  50% ] [90m[1mupdate_scripts_classes[22m | [39m[0m
[  51% ] [90m[1mupdate_scripts_classes[22m | [39m[0m
[  52% ] [90m[1mupdate_scripts_classes[22m | [39m[0m
[  52% ] [90m[1mupdate_scripts_classes[22m | [39m[0m
[  53% ] [90m[1mupdate_scripts_classes[22m | [39m[0m
[  53% ] [90m[1mupdate_scripts_classes[22m | [39m[0m
[  54% ] [90m[1mupdate_scripts_classes[22m | [39m[0m
[  55% ] [90m[1mupdate_scripts_classes[22m | [39m[0m
[  55% ] [90m[1mupdate_scripts_classes[22m | [39m[0m
[  56% ] [90m[1mupdate_scripts_classes[22m | [39m[0m
[  56% ] [90m[1mupdate_scripts_classes[22m | [39m[0m
[  57% ] [90m[1mupdate_scripts_classes[22m | [39m[0m
[  57% ] [90m[1mupdate_scripts_classes[22m | [39m[0m
[  58% ] [90m[1mupdate_scripts_classes[22m | [39m[0m
[  59% ] [90m[1mupdate_scripts_classes[22m | [39m[0m
[  59% ] [90m[1mupdate_scripts_classes[22m | [39m[0m
[  60% ] [90m[1mupdate_scripts_classes[22m | [39m[0m
[  60% ] [90m[1mupdate_scripts_classes[22m | [39m[0m
[  61% ] [90m[1mupdate_scripts_classes[22m | [39m[0m
[  62% ] [90m[1mupdate_scripts_classes[22m | [39m[0m
[  62% ] [90m[1mupdate_scripts_classes[22m | [39m[0m
[  63% ] [90m[1mupdate_scripts_classes[22m | [39m[0m
[  63% ] [90m[1mupdate_scripts_classes[22m | [39m[0m
[  64% ] [90m[1mupdate_scripts_classes[22m | [39m[0m
[  65% ] [90m[1mupdate_scripts_classes[22m | [39m[0m
[  65% ] [90m[1mupdate_scripts_classes[22m | [39m[0m
[  66% ] [90m[1mupdate_scripts_classes[22m | [39m[0m
[  66% ] [90m[1mupdate_scripts_classes[22m | [39m[0m
[  67% ] [90m[1mupdate_scripts_classes[22m | [39m[0m
[  68% ] [90m[1mupdate_scripts_classes[22m | [39m[0m
[  68% ] [90m[1mupdate_scripts_classes[22m | [39m[0m
[  69% ] [90m[1mupdate_scripts_classes[22m | [39m[0m
[  69% ] [90m[1mupdate_scripts_classes[22m | [39m[0m
[  70% ] [90m[1mupdate_scripts_classes[22m | [39m[0m
[  71% ] [90m[1mupdate_scripts_classes[22m | [39m[0m
[  71% ] [90m[1mupdate_scripts_classes[22m | [39m[0m
[  72% ] [90m[1mupdate_scripts_classes[22m | [39m[0m
[  72% ] [90m[1mupdate_scripts_classes[22m | [39m[0m
[  73% ] [90m[1mupdate_scripts_classes[22m | [39m[0m
[  73% ] [90m[1mupdate_scripts_classes[22m | [39m[0m
[  74% ] [90m[1mupdate_scripts_classes[22m | [39m[0m
[  75% ] [90m[1mupdate_scripts_classes[22m | [39m[0m
[  75% ] [90m[1mupdate_scripts_classes[22m | [39m[0m
[  76% ] [90m[1mupdate_scripts_classes[22m | [39m[0m
[  76% ] [90m[1mupdate_scripts_classes[22m | [39m[0m
[  77% ] [90m[1mupdate_scripts_classes[22m | [39m[0m
[  78% ] [90m[1mupdate_scripts_classes[22m | [39m[0m
[  78% ] [90m[1mupdate_scripts_classes[22m | [39m[0m
[  79% ] [90m[1mupdate_scripts_classes[22m | [39m[0m
[  79% ] [90m[1mupdate_scripts_classes[22m | [39m[0m
[  80% ] [90m[1mupdate_scripts_classes[22m | [39m[0m
[  81% ] [90m[1mupdate_scripts_classes[22m | [39m[0m
[  81% ] [90m[1mupdate_scripts_classes[22m | [39m[0m
[  82% ] [90m[1mupdate_scripts_classes[22m | [39m[0m
[  82% ] [90m[1mupdate_scripts_classes[22m | [39m[0m
[  83% ] [90m[1mupdate_scripts_classes[22m | [39m[0m
[  84% ] [90m[1mupdate_scripts_classes[22m | [39m[0m
[  84% ] [90m[1mupdate_scripts_classes[22m | [39m[0m
[  85% ] [90m[1mupdate_scripts_classes[22m | [39m[0m
[  85% ] [90m[1mupdate_scripts_classes[22m | [39m[0m
[  86% ] [90m[1mupdate_scripts_classes[22m | [39m[0m
[  86% ] [90m[1mupdate_scripts_classes[22m | [39m[0m
[  87% ] [90m[1mupdate_scripts_classes[22m | [39m[0m
[  88% ] [90m[1mupdate_scripts_classes[22m | [39m[0m
[  88% ] [90m[1mupdate_scripts_classes[22m | [39m[0m
[  89% ] [90m[1mupdate_scripts_classes[22m | [39m[0m
[  89% ] [90m[1mupdate_scripts_classes[22m | [39m[0m
[  90% ] [90m[1mupdate_scripts_classes[22m | [39m[0m
[  91% ] [90m[1mupdate_scripts_classes[22m | [39m[0m
[  91% ] [90m[1mupdate_scripts_classes[22m | [39m[0m
[  92% ] [90m[1mupdate_scripts_classes[22m | [39m[0m
[  92% ] [90m[1mupdate_scripts_classes[22m | [39m[0m
[  93% ] [90m[1mupdate_scripts_classes[22m | [39m[0m
[  94% ] [90m[1mupdate_scripts_classes[22m | [39m[0m
[  94% ] [90m[1mupdate_scripts_classes[22m | [39m[0m
[  95% ] [90m[1mupdate_scripts_classes[22m | [39m[0m
[  95% ] [90m[1mupdate_scripts_classes[22m | [39m[0m
[  96% ] [90m[1mupdate_scripts_classes[22m | [39m[0m
[  97% ] [90m[1mupdate_scripts_classes[22m | [39m[0m
[  97% ] [90m[1mupdate_scripts_classes[22m | [39m[0m
[  98% ] [90m[1mupdate_scripts_classes[22m | [39m[0m
[  98% ] [90m[1mupdate_scripts_classes[22m | [39m[0m
[92m[ DONE ][39m [1mupdate_scripts_classes[22m
[0m
[   0% ] [90m[1m_update_scan_actions[22m | Started Scanning actions... (485 steps)[39m[0m
[   0% ] [90m[1m_update_scan_actions[22m | KIT_corridor_corner.glb[39m[0m
[   0% ] [90m[1m_update_scan_actions[22m | KIT_corridor_corner_LOD1.glb[39m[0m
[   0% ] [90m[1m_update_scan_actions[22m | KIT_corridor_corner_LOD1_pavilion_basecolor.png[39m[0m
[   0% ] [90m[1m_update_scan_actions[22m | KIT_corridor_corner_LOD1_pavilion_normal.png[39m[0m
[   0% ] [90m[1m_update_scan_actions[22m | KIT_corridor_corner_LOD1_pavilion_orm.png[39m[0m
[   1% ] [90m[1m_update_scan_actions[22m | KIT_corridor_corner_pavilion_basecolor.png[39m[0m
[   1% ] [90m[1m_update_scan_actions[22m | KIT_corridor_corner_pavilion_normal.png[39m[0m
[   1% ] [90m[1m_update_scan_actions[22m | KIT_corridor_corner_pavilion_orm.png[39m[0m
[   1% ] [90m[1m_update_scan_actions[22m | KIT_corridor_stair.glb[39m[0m
[   1% ] [90m[1m_update_scan_actions[22m | KIT_corridor_stair_LOD1.glb[39m[0m
[   2% ] [90m[1m_update_scan_actions[22m | KIT_corridor_stair_LOD1_pavilion_basecolor.png[39m[0m
[   2% ] [90m[1m_update_scan_actions[22m | KIT_corridor_stair_LOD1_pavilion_normal.png[39m[0m
[   2% ] [90m[1m_update_scan_actions[22m | KIT_corridor_stair_LOD1_pavilion_orm.png[39m[0m
[   2% ] [90m[1m_update_scan_actions[22m | KIT_corridor_stair_pavilion_basecolor.png[39m[0m
[   2% ] [90m[1m_update_scan_actions[22m | KIT_corridor_stair_pavilion_normal.png[39m[0m
[   3% ] [90m[1m_update_scan_actions[22m | KIT_corridor_stair_pavilion_orm.png[39m[0m
[   3% ] [90m[1m_update_scan_actions[22m | KIT_corridor_straight.glb[39m[0m
[   3% ] [90m[1m_update_scan_actions[22m | KIT_corridor_straight_LOD1.glb[39m[0m
[   3% ] [90m[1m_update_scan_actions[22m | KIT_corridor_straight_LOD1_pavilion_basecolor.png[39m[0m
[   3% ] [90m[1m_update_scan_actions[22m | KIT_corridor_straight_LOD1_pavilion_normal.png[39m[0m
[   4% ] [90m[1m_update_scan_actions[22m | KIT_corridor_straight_LOD1_pavilion_orm.png[39m[0m
[   4% ] [90m[1m_update_scan_actions[22m | KIT_corridor_straight_pavilion_basecolor.png[39m[0m
[   4% ] [90m[1m_update_scan_actions[22m | KIT_corridor_straight_pavilion_normal.png[39m[0m
[   4% ] [90m[1m_update_scan_actions[22m | KIT_corridor_straight_pavilion_orm.png[39m[0m
[   4% ] [90m[1m_update_scan_actions[22m | KIT_corridor_tee.glb[39m[0m
[   5% ] [90m[1m_update_scan_actions[22m | KIT_corridor_tee_LOD1.glb[39m[0m
[   5% ] [90m[1m_update_scan_actions[22m | KIT_corridor_tee_LOD1_pavilion_basecolor.png[39m[0m
[   5% ] [90m[1m_update_scan_actions[22m | KIT_corridor_tee_LOD1_pavilion_normal.png[39m[0m
[   5% ] [90m[1m_update_scan_actions[22m | KIT_corridor_tee_LOD1_pavilion_orm.png[39m[0m
[   5% ] [90m[1m_update_scan_actions[22m | KIT_corridor_tee_pavilion_basecolor.png[39m[0m
[   6% ] [90m[1m_update_scan_actions[22m | KIT_corridor_tee_pavilion_normal.png[39m[0m
[   6% ] [90m[1m_update_scan_actions[22m | KIT_corridor_tee_pavilion_orm.png[39m[0m
[   6% ] [90m[1m_update_scan_actions[22m | flora-basecolor.png[39m[0m
[   6% ] [90m[1m_update_scan_actions[22m | KIT_flora_bamboo_large.glb[39m[0m
[   6% ] [90m[1m_update_scan_actions[22m | KIT_flora_bamboo_large_LOD1.glb[39m[0m
[   7% ] [90m[1m_update_scan_actions[22m | KIT_flora_bamboo_medium.glb[39m[0m
[   7% ] [90m[1m_update_scan_actions[22m | KIT_flora_bamboo_medium_LOD1.glb[39m[0m
[   7% ] [90m[1m_update_scan_actions[22m | KIT_flora_bamboo_small.glb[39m[0m
[   7% ] [90m[1m_update_scan_actions[22m | KIT_flora_bamboo_small_LOD1.glb[39m[0m
[   8% ] [90m[1m_update_scan_actions[22m | KIT_flora_banana.glb[39m[0m
[   8% ] [90m[1m_update_scan_actions[22m | KIT_flora_banana_LOD1.glb[39m[0m
[   8% ] [90m[1m_update_scan_actions[22m | KIT_flora_plum.glb[39m[0m
[   8% ] [90m[1m_update_scan_actions[22m | KIT_flora_plum_LOD1.glb[39m[0m
[   8% ] [90m[1m_update_scan_actions[22m | KIT_flora_potted.glb[39m[0m
[   9% ] [90m[1m_update_scan_actions[22m | KIT_flora_potted_LOD1.glb[39m[0m
[   9% ] [90m[1m_update_scan_actions[22m | KIT_flora_reed.glb[39m[0m
[   9% ] [90m[1m_update_scan_actions[22m | KIT_flora_reed_LOD1.glb[39m[0m
[   9% ] [90m[1m_update_scan_actions[22m | KIT_flora_willow.glb[39m[0m
[   9% ] [90m[1m_update_scan_actions[22m | KIT_flora_willow_LOD1.glb[39m[0m
[  10% ] [90m[1m_update_scan_actions[22m | KIT_pavilion_bench.glb[39m[0m
[  10% ] [90m[1m_update_scan_actions[22m | KIT_pavilion_bench_LOD1.glb[39m[0m
[  10% ] [90m[1m_update_scan_actions[22m | KIT_pavilion_bench_LOD1_pavilion_basecolor.png[39m[0m
[  10% ] [90m[1m_update_scan_actions[22m | KIT_pavilion_bench_LOD1_pavilion_normal.png[39m[0m
[  10% ] [90m[1m_update_scan_actions[22m | KIT_pavilion_bench_LOD1_pavilion_orm.png[39m[0m
[  11% ] [90m[1m_update_scan_actions[22m | KIT_pavilion_bench_pavilion_basecolor.png[39m[0m
[  11% ] [90m[1m_update_scan_actions[22m | KIT_pavilion_bench_pavilion_normal.png[39m[0m
[  11% ] [90m[1m_update_scan_actions[22m | KIT_pavilion_bench_pavilion_orm.png[39m[0m
[  11% ] [90m[1m_update_scan_actions[22m | KIT_pavilion_bracket.glb[39m[0m
[  11% ] [90m[1m_update_scan_actions[22m | KIT_pavilion_bracket_LOD1.glb[39m[0m
[  12% ] [90m[1m_update_scan_actions[22m | KIT_pavilion_bracket_LOD1_pavilion_basecolor.png[39m[0m
[  12% ] [90m[1m_update_scan_actions[22m | KIT_pavilion_bracket_LOD1_pavilion_normal.png[39m[0m
[  12% ] [90m[1m_update_scan_actions[22m | KIT_pavilion_bracket_LOD1_pavilion_orm.png[39m[0m
[  12% ] [90m[1m_update_scan_actions[22m | KIT_pavilion_bracket_pavilion_basecolor.png[39m[0m
[  12% ] [90m[1m_update_scan_actions[22m | KIT_pavilion_bracket_pavilion_normal.png[39m[0m
[  13% ] [90m[1m_update_scan_actions[22m | KIT_pavilion_bracket_pavilion_orm.png[39m[0m
[  13% ] [90m[1m_update_scan_actions[22m | KIT_pavilion_eave_strip.glb[39m[0m
[  13% ] [90m[1m_update_scan_actions[22m | KIT_pavilion_eave_strip_LOD1.glb[39m[0m
[  13% ] [90m[1m_update_scan_actions[22m | KIT_pavilion_eave_strip_LOD1_pavilion_basecolor.png[39m[0m
[  13% ] [90m[1m_update_scan_actions[22m | KIT_pavilion_eave_strip_LOD1_pavilion_normal.png[39m[0m
[  14% ] [90m[1m_update_scan_actions[22m | KIT_pavilion_eave_strip_LOD1_pavilion_orm.png[39m[0m
[  14% ] [90m[1m_update_scan_actions[22m | KIT_pavilion_eave_strip_pavilion_basecolor.png[39m[0m
[  14% ] [90m[1m_update_scan_actions[22m | KIT_pavilion_eave_strip_pavilion_normal.png[39m[0m
[  14% ] [90m[1m_update_scan_actions[22m | KIT_pavilion_eave_strip_pavilion_orm.png[39m[0m
[  15% ] [90m[1m_update_scan_actions[22m | KIT_pavilion_post.glb[39m[0m
[  15% ] [90m[1m_update_scan_actions[22m | KIT_pavilion_post_LOD1.glb[39m[0m
[  15% ] [90m[1m_update_scan_actions[22m | KIT_pavilion_post_LOD1_pavilion_basecolor.png[39m[0m
[  15% ] [90m[1m_update_scan_actions[22m | KIT_pavilion_post_LOD1_pavilion_normal.png[39m[0m
[  15% ] [90m[1m_update_scan_actions[22m | KIT_pavilion_post_LOD1_pavilion_orm.png[39m[0m
[  16% ] [90m[1m_update_scan_actions[22m | KIT_pavilion_post_pavilion_basecolor.png[39m[0m
[  16% ] [90m[1m_update_scan_actions[22m | KIT_pavilion_post_pavilion_normal.png[39m[0m
[  16% ] [90m[1m_update_scan_actions[22m | KIT_pavilion_post_pavilion_orm.png[39m[0m
[  16% ] [90m[1m_update_scan_actions[22m | KIT_pavilion_roof_hex.glb[39m[0m
[  16% ] [90m[1m_update_scan_actions[22m | KIT_pavilion_roof_hex_LOD1.glb[39m[0m
[  17% ] [90m[1m_update_scan_actions[22m | KIT_pavilion_roof_hex_LOD1_pavilion_basecolor.png[39m[0m
[  17% ] [90m[1m_update_scan_actions[22m | KIT_pavilion_roof_hex_LOD1_pavilion_normal.png[39m[0m
[  17% ] [90m[1m_update_scan_actions[22m | KIT_pavilion_roof_hex_LOD1_pavilion_orm.png[39m[0m
[  17% ] [90m[1m_update_scan_actions[22m | KIT_pavilion_roof_hex_pavilion_basecolor.png[39m[0m
[  17% ] [90m[1m_update_scan_actions[22m | KIT_pavilion_roof_hex_pavilion_normal.png[39m[0m
[  18% ] [90m[1m_update_scan_actions[22m | KIT_pavilion_roof_hex_pavilion_orm.png[39m[0m
[  18% ] [90m[1m_update_scan_actions[22m | KIT_pavilion_roof_square.glb[39m[0m
[  18% ] [90m[1m_update_scan_actions[22m | KIT_pavilion_roof_square_LOD1.glb[39m[0m
[  18% ] [90m[1m_update_scan_actions[22m | KIT_pavilion_roof_square_LOD1_pavilion_basecolor.png[39m[0m
[  18% ] [90m[1m_update_scan_actions[22m | KIT_pavilion_roof_square_LOD1_pavilion_normal.png[39m[0m
[  19% ] [90m[1m_update_scan_actions[22m | KIT_pavilion_roof_square_LOD1_pavilion_orm.png[39m[0m
[  19% ] [90m[1m_update_scan_actions[22m | KIT_pavilion_roof_square_pavilion_basecolor.png[39m[0m
[  19% ] [90m[1m_update_scan_actions[22m | KIT_pavilion_roof_square_pavilion_normal.png[39m[0m
[  19% ] [90m[1m_update_scan_actions[22m | KIT_pavilion_roof_square_pavilion_orm.png[39m[0m
[  19% ] [90m[1m_update_scan_actions[22m | KIT_props_brazier.glb[39m[0m
[  20% ] [90m[1m_update_scan_actions[22m | KIT_props_brazier_LOD1.glb[39m[0m
[  20% ] [90m[1m_update_scan_actions[22m | KIT_props_folding_chair.glb[39m[0m
[  20% ] [90m[1m_update_scan_actions[22m | KIT_props_folding_chair_LOD1.glb[39m[0m
[  20% ] [90m[1m_update_scan_actions[22m | KIT_props_incense_burner.glb[39m[0m
[  20% ] [90m[1m_update_scan_actions[22m | KIT_props_incense_burner_LOD1.glb[39m[0m
[  21% ] [90m[1m_update_scan_actions[22m | KIT_props_lantern_hanging.glb[39m[0m
[  21% ] [90m[1m_update_scan_actions[22m | KIT_props_lantern_hanging_LOD1.glb[39m[0m
[  21% ] [90m[1m_update_scan_actions[22m | KIT_props_lantern_standing.glb[39m[0m
[  21% ] [90m[1m_update_scan_actions[22m | KIT_props_lantern_standing_LOD1.glb[39m[0m
[  22% ] [90m[1m_update_scan_actions[22m | KIT_props_screen.glb[39m[0m
[  22% ] [90m[1m_update_scan_actions[22m | KIT_props_screen_LOD1.glb[39m[0m
[  22% ] [90m[1m_update_scan_actions[22m | KIT_props_scroll.glb[39m[0m
[  22% ] [90m[1m_update_scan_actions[22m | KIT_props_scroll_LOD1.glb[39m[0m
[  22% ] [90m[1m_update_scan_actions[22m | KIT_props_stone_stool.glb[39m[0m
[  23% ] [90m[1m_update_scan_actions[22m | KIT_props_stone_stool_LOD1.glb[39m[0m
[  23% ] [90m[1m_update_scan_actions[22m | KIT_props_stone_table.glb[39m[0m
[  23% ] [90m[1m_update_scan_actions[22m | KIT_props_stone_table_LOD1.glb[39m[0m
[  23% ] [90m[1m_update_scan_actions[22m | props-basecolor.png[39m[0m
[  23% ] [90m[1m_update_scan_actions[22m | props-emission.png[39m[0m
[  24% ] [90m[1m_update_scan_actions[22m | props-orm.png[39m[0m
[  24% ] [90m[1m_update_scan_actions[22m | KIT_rockery_arch.glb[39m[0m
[  24% ] [90m[1m_update_scan_actions[22m | KIT_rockery_arch_LOD1.glb[39m[0m
[  24% ] [90m[1m_update_scan_actions[22m | KIT_rockery_arch_LOD1_pavilion_basecolor.png[39m[0m
[  24% ] [90m[1m_update_scan_actions[22m | KIT_rockery_arch_LOD1_pavilion_normal.png[39m[0m
[  25% ] [90m[1m_update_scan_actions[22m | KIT_rockery_arch_LOD1_pavilion_orm.png[39m[0m
[  25% ] [90m[1m_update_scan_actions[22m | KIT_rockery_arch_pavilion_basecolor.png[39m[0m
[  25% ] [90m[1m_update_scan_actions[22m | KIT_rockery_arch_pavilion_normal.png[39m[0m
[  25% ] [90m[1m_update_scan_actions[22m | KIT_rockery_arch_pavilion_orm.png[39m[0m
[  25% ] [90m[1m_update_scan_actions[22m | KIT_rockery_cliff.glb[39m[0m
[  26% ] [90m[1m_update_scan_actions[22m | KIT_rockery_cliff_LOD1.glb[39m[0m
[  26% ] [90m[1m_update_scan_actions[22m | KIT_rockery_cliff_LOD1_pavilion_basecolor.png[39m[0m
[  26% ] [90m[1m_update_scan_actions[22m | KIT_rockery_cliff_LOD1_pavilion_normal.png[39m[0m
[  26% ] [90m[1m_update_scan_actions[22m | KIT_rockery_cliff_LOD1_pavilion_orm.png[39m[0m
[  26% ] [90m[1m_update_scan_actions[22m | KIT_rockery_cliff_pavilion_basecolor.png[39m[0m
[  27% ] [90m[1m_update_scan_actions[22m | KIT_rockery_cliff_pavilion_normal.png[39m[0m
[  27% ] [90m[1m_update_scan_actions[22m | KIT_rockery_cliff_pavilion_orm.png[39m[0m
[  27% ] [90m[1m_update_scan_actions[22m | KIT_rockery_large.glb[39m[0m
[  27% ] [90m[1m_update_scan_actions[22m | KIT_rockery_large_LOD1.glb[39m[0m
[  27% ] [90m[1m_update_scan_actions[22m | KIT_rockery_large_LOD1_pavilion_basecolor.png[39m[0m
[  28% ] [90m[1m_update_scan_actions[22m | KIT_rockery_large_LOD1_pavilion_normal.png[39m[0m
[  28% ] [90m[1m_update_scan_actions[22m | KIT_rockery_large_LOD1_pavilion_orm.png[39m[0m
[  28% ] [90m[1m_update_scan_actions[22m | KIT_rockery_large_pavilion_basecolor.png[39m[0m
[  28% ] [90m[1m_update_scan_actions[22m | KIT_rockery_large_pavilion_normal.png[39m[0m
[  29% ] [90m[1m_update_scan_actions[22m | KIT_rockery_large_pavilion_orm.png[39m[0m
[  29% ] [90m[1m_update_scan_actions[22m | KIT_rockery_medium.glb[39m[0m
[  29% ] [90m[1m_update_scan_actions[22m | KIT_rockery_medium_LOD1.glb[39m[0m
[  29% ] [90m[1m_update_scan_actions[22m | KIT_rockery_medium_LOD1_pavilion_basecolor.png[39m[0m
[  29% ] [90m[1m_update_scan_actions[22m | KIT_rockery_medium_LOD1_pavilion_normal.png[39m[0m
[  30% ] [90m[1m_update_scan_actions[22m | KIT_rockery_medium_LOD1_pavilion_orm.png[39m[0m
[  30% ] [90m[1m_update_scan_actions[22m | KIT_rockery_medium_pavilion_basecolor.png[39m[0m
[  30% ] [90m[1m_update_scan_actions[22m | KIT_rockery_medium_pavilion_normal.png[39m[0m
[  30% ] [90m[1m_update_scan_actions[22m | KIT_rockery_medium_pavilion_orm.png[39m[0m
[  30% ] [90m[1m_update_scan_actions[22m | KIT_rockery_small.glb[39m[0m
[  31% ] [90m[1m_update_scan_actions[22m | KIT_rockery_small_LOD1.glb[39m[0m
[  31% ] [90m[1m_update_scan_actions[22m | KIT_rockery_small_LOD1_pavilion_basecolor.png[39m[0m
[  31% ] [90m[1m_update_scan_actions[22m | KIT_rockery_small_LOD1_pavilion_normal.png[39m[0m
[  31% ] [90m[1m_update_scan_actions[22m | KIT_rockery_small_LOD1_pavilion_orm.png[39m[0m
[  31% ] [90m[1m_update_scan_actions[22m | KIT_rockery_small_pavilion_basecolor.png[39m[0m
[  32% ] [90m[1m_update_scan_actions[22m | KIT_rockery_small_pavilion_normal.png[39m[0m
[  32% ] [90m[1m_update_scan_actions[22m | KIT_rockery_small_pavilion_orm.png[39m[0m
[  32% ] [90m[1m_update_scan_actions[22m | KIT_rockery_tunnel.glb[39m[0m
[  32% ] [90m[1m_update_scan_actions[22m | KIT_rockery_tunnel_LOD1.glb[39m[0m
[  32% ] [90m[1m_update_scan_actions[22m | KIT_rockery_tunnel_LOD1_pavilion_basecolor.png[39m[0m
[  33% ] [90m[1m_update_scan_actions[22m | KIT_rockery_tunnel_LOD1_pavilion_normal.png[39m[0m
[  33% ] [90m[1m_update_scan_actions[22m | KIT_rockery_tunnel_LOD1_pavilion_orm.png[39m[0m
[  33% ] [90m[1m_update_scan_actions[22m | KIT_rockery_tunnel_pavilion_basecolor.png[39m[0m
[  33% ] [90m[1m_update_scan_actions[22m | KIT_rockery_tunnel_pavilion_normal.png[39m[0m
[  33% ] [90m[1m_update_scan_actions[22m | KIT_rockery_tunnel_pavilion_orm.png[39m[0m
[  34% ] [90m[1m_update_scan_actions[22m | KIT_stage_cyclorama_dusk.glb[39m[0m
[  34% ] [90m[1m_update_scan_actions[22m | KIT_stage_cyclorama_dusk_LOD1.glb[39m[0m
[  34% ] [90m[1m_update_scan_actions[22m | KIT_stage_cyclorama_mist.glb[39m[0m
[  34% ] [90m[1m_update_scan_actions[22m | KIT_stage_cyclorama_mist_LOD1.glb[39m[0m
[  34% ] [90m[1m_update_scan_actions[22m | KIT_stage_cyclorama_moonlit.glb[39m[0m
[  35% ] [90m[1m_update_scan_actions[22m | KIT_stage_cyclorama_moonlit_LOD1.glb[39m[0m
[  35% ] [90m[1m_update_scan_actions[22m | KIT_stage_floor_boards.glb[39m[0m
[  35% ] [90m[1m_update_scan_actions[22m | KIT_stage_floor_boards_LOD1.glb[39m[0m
[  35% ] [90m[1m_update_scan_actions[22m | KIT_stage_fog_plane.glb[39m[0m
[  36% ] [90m[1m_update_scan_actions[22m | KIT_stage_fog_plane_LOD1.glb[39m[0m
[  36% ] [90m[1m_update_scan_actions[22m | KIT_stage_gel_frame.glb[39m[0m
[  36% ] [90m[1m_update_scan_actions[22m | KIT_stage_gel_frame_LOD1.glb[39m[0m
[  36% ] [90m[1m_update_scan_actions[22m | KIT_stage_studio_wall.glb[39m[0m
[  36% ] [90m[1m_update_scan_actions[22m | KIT_stage_studio_wall_LOD1.glb[39m[0m
[  37% ] [90m[1m_update_scan_actions[22m | KIT_tech_cable_run.glb[39m[0m
[  37% ] [90m[1m_update_scan_actions[22m | KIT_tech_cable_run_LOD1.glb[39m[0m
[  37% ] [90m[1m_update_scan_actions[22m | KIT_tech_cell_door.glb[39m[0m
[  37% ] [90m[1m_update_scan_actions[22m | KIT_tech_cell_door_LOD1.glb[39m[0m
[  37% ] [90m[1m_update_scan_actions[22m | KIT_tech_crt_amber.glb[39m[0m
[  38% ] [90m[1m_update_scan_actions[22m | KIT_tech_crt_amber_LOD1.glb[39m[0m
[  38% ] [90m[1m_update_scan_actions[22m | KIT_tech_crt_green.glb[39m[0m
[  38% ] [90m[1m_update_scan_actions[22m | KIT_tech_crt_green_LOD1.glb[39m[0m
[  38% ] [90m[1m_update_scan_actions[22m | KIT_tech_monitor_bank.glb[39m[0m
[  38% ] [90m[1m_update_scan_actions[22m | KIT_tech_monitor_bank_LOD1.glb[39m[0m
[  39% ] [90m[1m_update_scan_actions[22m | KIT_tech_terminal_desk.glb[39m[0m
[  39% ] [90m[1m_update_scan_actions[22m | KIT_tech_terminal_desk_LOD1.glb[39m[0m
[  39% ] [90m[1m_update_scan_actions[22m | tech-basecolor.png[39m[0m
[  39% ] [90m[1m_update_scan_actions[22m | tech-emission.png[39m[0m
[  39% ] [90m[1m_update_scan_actions[22m | tech-orm.png[39m[0m
[  40% ] [90m[1m_update_scan_actions[22m | KIT_wall_bay.glb[39m[0m
[  40% ] [90m[1m_update_scan_actions[22m | KIT_wall_bay_LOD1.glb[39m[0m
[  40% ] [90m[1m_update_scan_actions[22m | KIT_wall_bay_LOD1_wall_basecolor.png[39m[0m
[  40% ] [90m[1m_update_scan_actions[22m | KIT_wall_bay_LOD1_wall_normal.png[39m[0m
[  40% ] [90m[1m_update_scan_actions[22m | KIT_wall_bay_LOD1_wall_orm.png[39m[0m
[  41% ] [90m[1m_update_scan_actions[22m | KIT_wall_bay_wall_basecolor.png[39m[0m
[  41% ] [90m[1m_update_scan_actions[22m | KIT_wall_bay_wall_normal.png[39m[0m
[  41% ] [90m[1m_update_scan_actions[22m | KIT_wall_bay_wall_orm.png[39m[0m
[  41% ] [90m[1m_update_scan_actions[22m | KIT_wall_moon_gate.glb[39m[0m
[  41% ] [90m[1m_update_scan_actions[22m | KIT_wall_moon_gate_LOD1.glb[39m[0m
[  42% ] [90m[1m_update_scan_actions[22m | KIT_wall_moon_gate_LOD1_wall_basecolor.png[39m[0m
[  42% ] [90m[1m_update_scan_actions[22m | KIT_wall_moon_gate_LOD1_wall_normal.png[39m[0m
[  42% ] [90m[1m_update_scan_actions[22m | KIT_wall_moon_gate_LOD1_wall_orm.png[39m[0m
[  42% ] [90m[1m_update_scan_actions[22m | KIT_wall_moon_gate_wall_basecolor.png[39m[0m
[  43% ] [90m[1m_update_scan_actions[22m | KIT_wall_moon_gate_wall_normal.png[39m[0m
[  43% ] [90m[1m_update_scan_actions[22m | KIT_wall_moon_gate_wall_orm.png[39m[0m
[  43% ] [90m[1m_update_scan_actions[22m | KIT_wall_roof_cap.glb[39m[0m
[  43% ] [90m[1m_update_scan_actions[22m | KIT_wall_roof_cap_LOD1.glb[39m[0m
[  43% ] [90m[1m_update_scan_actions[22m | KIT_wall_roof_cap_LOD1_wall_basecolor.png[39m[0m
[  44% ] [90m[1m_update_scan_actions[22m | KIT_wall_roof_cap_LOD1_wall_normal.png[39m[0m
[  44% ] [90m[1m_update_scan_actions[22m | KIT_wall_roof_cap_LOD1_wall_orm.png[39m[0m
[  44% ] [90m[1m_update_scan_actions[22m | KIT_wall_roof_cap_wall_basecolor.png[39m[0m
[  44% ] [90m[1m_update_scan_actions[22m | KIT_wall_roof_cap_wall_normal.png[39m[0m
[  44% ] [90m[1m_update_scan_actions[22m | KIT_wall_roof_cap_wall_orm.png[39m[0m
[  45% ] [90m[1m_update_scan_actions[22m | KIT_wall_vase_gate.glb[39m[0m
[  45% ] [90m[1m_update_scan_actions[22m | KIT_wall_vase_gate_LOD1.glb[39m[0m
[  45% ] [90m[1m_update_scan_actions[22m | KIT_wall_vase_gate_LOD1_wall_basecolor.png[39m[0m
[  45% ] [90m[1m_update_scan_actions[22m | KIT_wall_vase_gate_LOD1_wall_normal.png[39m[0m
[  45% ] [90m[1m_update_scan_actions[22m | KIT_wall_vase_gate_LOD1_wall_orm.png[39m[0m
[  46% ] [90m[1m_update_scan_actions[22m | KIT_wall_vase_gate_wall_basecolor.png[39m[0m
[  46% ] [90m[1m_update_scan_actions[22m | KIT_wall_vase_gate_wall_normal.png[39m[0m
[  46% ] [90m[1m_update_scan_actions[22m | KIT_wall_vase_gate_wall_orm.png[39m[0m
[  46% ] [90m[1m_update_scan_actions[22m | KIT_wall_window_diamond.glb[39m[0m
[  46% ] [90m[1m_update_scan_actions[22m | KIT_wall_window_diamond_LOD1.glb[39m[0m
[  47% ] [90m[1m_update_scan_actions[22m | KIT_wall_window_diamond_LOD1_wall_basecolor.png[39m[0m
[  47% ] [90m[1m_update_scan_actions[22m | KIT_wall_window_diamond_LOD1_wall_normal.png[39m[0m
[  47% ] [90m[1m_update_scan_actions[22m | KIT_wall_window_diamond_LOD1_wall_orm.png[39m[0m
[  47% ] [90m[1m_update_scan_actions[22m | KIT_wall_window_diamond_wall_basecolor.png[39m[0m
[  47% ] [90m[1m_update_scan_actions[22m | KIT_wall_window_diamond_wall_normal.png[39m[0m
[  48% ] [90m[1m_update_scan_actions[22m | KIT_wall_window_diamond_wall_orm.png[39m[0m
[  48% ] [90m[1m_update_scan_actions[22m | KIT_wall_window_hex.glb[39m[0m
[  48% ] [90m[1m_update_scan_actions[22m | KIT_wall_window_hex_LOD1.glb[39m[0m
[  48% ] [90m[1m_update_scan_actions[22m | KIT_wall_window_hex_LOD1_wall_basecolor.png[39m[0m
[  48% ] [90m[1m_update_scan_actions[22m | KIT_wall_window_hex_LOD1_wall_normal.png[39m[0m
[  49% ] [90m[1m_update_scan_actions[22m | KIT_wall_window_hex_LOD1_wall_orm.png[39m[0m
[  49% ] [90m[1m_update_scan_actions[22m | KIT_wall_window_hex_wall_basecolor.png[39m[0m
[  49% ] [90m[1m_update_scan_actions[22m | KIT_wall_window_hex_wall_normal.png[39m[0m
[  49% ] [90m[1m_update_scan_actions[22m | KIT_wall_window_hex_wall_orm.png[39m[0m
[  50% ] [90m[1m_update_scan_actions[22m | KIT_wall_window_ice.glb[39m[0m
[  50% ] [90m[1m_update_scan_actions[22m | KIT_wall_window_ice_LOD1.glb[39m[0m
[  50% ] [90m[1m_update_scan_actions[22m | KIT_wall_window_ice_LOD1_wall_basecolor.png[39m[0m
[  50% ] [90m[1m_update_scan_actions[22m | KIT_wall_window_ice_LOD1_wall_normal.png[39m[0m
[  50% ] [90m[1m_update_scan_actions[22m | KIT_wall_window_ice_LOD1_wall_orm.png[39m[0m
[  51% ] [90m[1m_update_scan_actions[22m | KIT_wall_window_ice_wall_basecolor.png[39m[0m
[  51% ] [90m[1m_update_scan_actions[22m | KIT_wall_window_ice_wall_normal.png[39m[0m
[  51% ] [90m[1m_update_scan_actions[22m | KIT_wall_window_ice_wall_orm.png[39m[0m
[  51% ] [90m[1m_update_scan_actions[22m | KIT_wall_window_square.glb[39m[0m
[  51% ] [90m[1m_update_scan_actions[22m | KIT_wall_window_square_LOD1.glb[39m[0m
[  52% ] [90m[1m_update_scan_actions[22m | KIT_wall_window_square_LOD1_wall_basecolor.png[39m[0m
[  52% ] [90m[1m_update_scan_actions[22m | KIT_wall_window_square_LOD1_wall_normal.png[39m[0m
[  52% ] [90m[1m_update_scan_actions[22m | KIT_wall_window_square_LOD1_wall_orm.png[39m[0m
[  52% ] [90m[1m_update_scan_actions[22m | KIT_wall_window_square_wall_basecolor.png[39m[0m
[  52% ] [90m[1m_update_scan_actions[22m | KIT_wall_window_square_wall_normal.png[39m[0m
[  53% ] [90m[1m_update_scan_actions[22m | KIT_wall_window_square_wall_orm.png[39m[0m
[  53% ] [90m[1m_update_scan_actions[22m | KIT_water_embankment.glb[39m[0m
[  53% ] [90m[1m_update_scan_actions[22m | KIT_water_embankment_LOD1.glb[39m[0m
[  53% ] [90m[1m_update_scan_actions[22m | KIT_water_embankment_LOD1_pavilion_basecolor.png[39m[0m
[  53% ] [90m[1m_update_scan_actions[22m | KIT_water_embankment_LOD1_pavilion_normal.png[39m[0m
[  54% ] [90m[1m_update_scan_actions[22m | KIT_water_embankment_LOD1_pavilion_orm.png[39m[0m
[  54% ] [90m[1m_update_scan_actions[22m | KIT_water_embankment_pavilion_basecolor.png[39m[0m
[  54% ] [90m[1m_update_scan_actions[22m | KIT_water_embankment_pavilion_normal.png[39m[0m
[  54% ] [90m[1m_update_scan_actions[22m | KIT_water_embankment_pavilion_orm.png[39m[0m
[  54% ] [90m[1m_update_scan_actions[22m | KIT_water_lotus.glb[39m[0m
[  55% ] [90m[1m_update_scan_actions[22m | KIT_water_lotus_LOD1.glb[39m[0m
[  55% ] [90m[1m_update_scan_actions[22m | KIT_water_pond.glb[39m[0m
[  55% ] [90m[1m_update_scan_actions[22m | KIT_water_pond_LOD1.glb[39m[0m
[  55% ] [90m[1m_update_scan_actions[22m | KIT_water_stone_bridge.glb[39m[0m
[  55% ] [90m[1m_update_scan_actions[22m | KIT_water_stone_bridge_LOD1.glb[39m[0m
[  56% ] [90m[1m_update_scan_actions[22m | KIT_water_stone_bridge_LOD1_pavilion_basecolor.png[39m[0m
[  56% ] [90m[1m_update_scan_actions[22m | KIT_water_stone_bridge_LOD1_pavilion_normal.png[39m[0m
[  56% ] [90m[1m_update_scan_actions[22m | KIT_water_stone_bridge_LOD1_pavilion_orm.png[39m[0m
[  56% ] [90m[1m_update_scan_actions[22m | KIT_water_stone_bridge_pavilion_basecolor.png[39m[0m
[  56% ] [90m[1m_update_scan_actions[22m | KIT_water_stone_bridge_pavilion_normal.png[39m[0m
[  57% ] [90m[1m_update_scan_actions[22m | KIT_water_stone_bridge_pavilion_orm.png[39m[0m
[  57% ] [90m[1m_update_scan_actions[22m | KIT_water_stream.glb[39m[0m
[  57% ] [90m[1m_update_scan_actions[22m | KIT_water_stream_LOD1.glb[39m[0m
[  57% ] [90m[1m_update_scan_actions[22m | KIT_water_wood_bridge.glb[39m[0m
[  58% ] [90m[1m_update_scan_actions[22m | KIT_water_wood_bridge_LOD1.glb[39m[0m
[  58% ] [90m[1m_update_scan_actions[22m | KIT_water_wood_bridge_LOD1_pavilion_basecolor.png[39m[0m
[  58% ] [90m[1m_update_scan_actions[22m | KIT_water_wood_bridge_LOD1_pavilion_normal.png[39m[0m
[  58% ] [90m[1m_update_scan_actions[22m | KIT_water_wood_bridge_LOD1_pavilion_orm.png[39m[0m
[  58% ] [90m[1m_update_scan_actions[22m | KIT_water_wood_bridge_pavilion_basecolor.png[39m[0m
[  59% ] [90m[1m_update_scan_actions[22m | KIT_water_wood_bridge_pavilion_normal.png[39m[0m
[  59% ] [90m[1m_update_scan_actions[22m | KIT_water_wood_bridge_pavilion_orm.png[39m[0m
[  59% ] [90m[1m_update_scan_actions[22m | KIT_stage.glb[39m[0m
[  59% ] [90m[1m_update_scan_actions[22m | KIT_stage_LOD1.glb[39m[0m
[  59% ] [90m[1m_update_scan_actions[22m | garden-of-dreams.glb[39m[0m
[  60% ] [90m[1m_update_scan_actions[22m | garden-of-dreams_aojing-guan-title.png[39m[0m
[  60% ] [90m[1m_update_scan_actions[22m | garden-of-dreams_bamboo-scroll.png[39m[0m
[  60% ] [90m[1m_update_scan_actions[22m | garden-of-dreams_cyclorama-moonlit.png[39m[0m
[  60% ] [90m[1m_update_scan_actions[22m | garden-of-dreams_cyclorama-painted.png[39m[0m
[  60% ] [90m[1m_update_scan_actions[22m | garden-of-dreams_daguan-title.png[39m[0m
[  61% ] [90m[1m_update_scan_actions[22m | garden-of-dreams_daoxiang-cun-title.png[39m[0m
[  61% ] [90m[1m_update_scan_actions[22m | garden-of-dreams_daoxiang-paddy-v1.png[39m[0m
[  61% ] [90m[1m_update_scan_actions[22m | garden-of-dreams_flora-basecolor.png[39m[0m
[  61% ] [90m[1m_update_scan_actions[22m | garden-of-dreams_fog-mask.png[39m[0m
[  61% ] [90m[1m_update_scan_actions[22m | garden-of-dreams_gate-inscription-normal.png[39m[0m
[  62% ] [90m[1m_update_scan_actions[22m | garden-of-dreams_gate-inscription.png[39m[0m
[  62% ] [90m[1m_update_scan_actions[22m | garden-of-dreams_gate-water-drips.png[39m[0m
[  62% ] [90m[1m_update_scan_actions[22m | garden-of-dreams_hall-title.png[39m[0m
[  62% ] [90m[1m_update_scan_actions[22m | garden-of-dreams_hengwu-yuan-title.png[39m[0m
[  62% ] [90m[1m_update_scan_actions[22m | garden-of-dreams_longcui-an-title.png[39m[0m
[  63% ] [90m[1m_update_scan_actions[22m | garden-of-dreams_moon-paint.png[39m[0m
[  63% ] [90m[1m_update_scan_actions[22m | garden-of-dreams_mountain-paint.png[39m[0m
[  63% ] [90m[1m_update_scan_actions[22m | garden-of-dreams_pavilion_basecolor.png[39m[0m
[  63% ] [90m[1m_update_scan_actions[22m | garden-of-dreams_pavilion_normal.png[39m[0m
[  63% ] [90m[1m_update_scan_actions[22m | garden-of-dreams_pavilion_orm.png[39m[0m
[  64% ] [90m[1m_update_scan_actions[22m | garden-of-dreams_plum-scroll.png[39m[0m
[  64% ] [90m[1m_update_scan_actions[22m | garden-of-dreams_props-basecolor.png[39m[0m
[  64% ] [90m[1m_update_scan_actions[22m | garden-of-dreams_props-emission.png[39m[0m
[  64% ] [90m[1m_update_scan_actions[22m | garden-of-dreams_props-orm.png[39m[0m
[  65% ] [90m[1m_update_scan_actions[22m | garden-of-dreams_qinfang-ting-title.png[39m[0m
[  65% ] [90m[1m_update_scan_actions[22m | garden-of-dreams_stage-basecolor.png[39m[0m
[  65% ] [90m[1m_update_scan_actions[22m | garden-of-dreams_stage-orm.png[39m[0m
[  65% ] [90m[1m_update_scan_actions[22m | garden-of-dreams_tech-basecolor.png[39m[0m
[  65% ] [90m[1m_update_scan_actions[22m | garden-of-dreams_tech-emission.png[39m[0m
[  66% ] [90m[1m_update_scan_actions[22m | garden-of-dreams_tech-orm.png[39m[0m
[  66% ] [90m[1m_update_scan_actions[22m | garden-of-dreams_tubi-title.png[39m[0m
[  66% ] [90m[1m_update_scan_actions[22m | garden-of-dreams_wall_basecolor.png[39m[0m
[  66% ] [90m[1m_update_scan_actions[22m | garden-of-dreams_wall_normal.png[39m[0m
[  66% ] [90m[1m_update_scan_actions[22m | garden-of-dreams_wall_orm.png[39m[0m
[  67% ] [90m[1m_update_scan_actions[22m | garden-of-dreams_xiaoxiang-guan-title.png[39m[0m
[  67% ] [90m[1m_update_scan_actions[22m | garden-of-dreams_yihong-yuan-title.png[39m[0m
[  67% ] [90m[1m_update_scan_actions[22m | cast.wav[39m[0m
[  67% ] [90m[1m_update_scan_actions[22m | crt.wav[39m[0m
[  67% ] [90m[1m_update_scan_actions[22m | lanterns.wav[39m[0m
[  68% ] [90m[1m_update_scan_actions[22m | reveal.wav[39m[0m
[  68% ] [90m[1m_update_scan_actions[22m | tunnel.wav[39m[0m
[  68% ] [90m[1m_update_scan_actions[22m | water.wav[39m[0m
[  68% ] [90m[1m_update_scan_actions[22m | SITE_stage_MAT_painted_moon-back.png[39m[0m
[  68% ] [90m[1m_update_scan_actions[22m | SITE_stage_MAT_painted_moon-front.png[39m[0m
[  69% ] [90m[1m_update_scan_actions[22m | SITE_stage_MAT_painted_mountains_0-back.png[39m[0m
[  69% ] [90m[1m_update_scan_actions[22m | SITE_stage_MAT_painted_mountains_0-front.png[39m[0m
[  69% ] [90m[1m_update_scan_actions[22m | SITE_stage_MAT_painted_mountains_1-back.png[39m[0m
[  69% ] [90m[1m_update_scan_actions[22m | SITE_stage_MAT_painted_mountains_1-front.png[39m[0m
[  69% ] [90m[1m_update_scan_actions[22m | SITE_stage_MAT_painted_mountains_2-back.png[39m[0m
[  70% ] [90m[1m_update_scan_actions[22m | SITE_stage_MAT_painted_mountains_2-front.png[39m[0m
[  70% ] [90m[1m_update_scan_actions[22m | SITE_stage_MAT_stage_canopy_paint-front.png[39m[0m
[  70% ] [90m[1m_update_scan_actions[22m | SITE_stage_MAT_stage_cyclorama_moonlit_MAT_stage_atlas-front.png[39m[0m
[  70% ] [90m[1m_update_scan_actions[22m | SITE_terminal-cells_MAT_backstage.png[39m[0m
[  70% ] [90m[1m_update_scan_actions[22m | SITE_terminal-cells_MAT_lattice_wood.png[39m[0m
[  71% ] [90m[1m_update_scan_actions[22m | SITE_terminal-cells_MAT_plaster_rock.png[39m[0m
[  71% ] [90m[1m_update_scan_actions[22m | SITE_terminal-cells_MAT_props_atlas.png[39m[0m
[  71% ] [90m[1m_update_scan_actions[22m | SITE_terminal-cells_MAT_stage_atlas.png[39m[0m
[  71% ] [90m[1m_update_scan_actions[22m | SITE_terminal-cells_MAT_tech_atlas.png[39m[0m
[  72% ] [90m[1m_update_scan_actions[22m | SITE_terminal-cells_MAT_terminal_scroll.png[39m[0m
[  72% ] [90m[1m_update_scan_actions[22m | HERO_gate_water_drips.001.png[39m[0m
[  72% ] [90m[1m_update_scan_actions[22m | HERO_qinfang_bridge.001.png[39m[0m
[  72% ] [90m[1m_update_scan_actions[22m | HERO_study_scroll_bamboo.001.png[39m[0m
[  72% ] [90m[1m_update_scan_actions[22m | HERO_study_scroll_plum.001.png[39m[0m
[  73% ] [90m[1m_update_scan_actions[22m | HERO_table_hexagram.001.png[39m[0m
[  73% ] [90m[1m_update_scan_actions[22m | HERO_table_line_1_broken.001.png[39m[0m
[  73% ] [90m[1m_update_scan_actions[22m | HERO_table_line_1_solid.001.png[39m[0m
[  73% ] [90m[1m_update_scan_actions[22m | HERO_table_line_2_broken.001.png[39m[0m
[  73% ] [90m[1m_update_scan_actions[22m | HERO_table_line_2_solid.001.png[39m[0m
[  74% ] [90m[1m_update_scan_actions[22m | HERO_table_line_3_broken.001.png[39m[0m
[  74% ] [90m[1m_update_scan_actions[22m | HERO_table_line_3_solid.001.png[39m[0m
[  74% ] [90m[1m_update_scan_actions[22m | HERO_table_line_4_broken.001.png[39m[0m
[  74% ] [90m[1m_update_scan_actions[22m | HERO_table_line_4_solid.001.png[39m[0m
[  74% ] [90m[1m_update_scan_actions[22m | HERO_table_line_5_broken.001.png[39m[0m
[  75% ] [90m[1m_update_scan_actions[22m | HERO_table_line_5_solid.001.png[39m[0m
[  75% ] [90m[1m_update_scan_actions[22m | HERO_table_line_6_broken.001.png[39m[0m
[  75% ] [90m[1m_update_scan_actions[22m | HERO_table_line_6_solid.001.png[39m[0m
[  75% ] [90m[1m_update_scan_actions[22m | HERO_table_pedestal.001.png[39m[0m
[  75% ] [90m[1m_update_scan_actions[22m | SITE_aojing-guan_MAT_backstage.png[39m[0m
[  76% ] [90m[1m_update_scan_actions[22m | SITE_aojing-guan_MAT_crt_amber.png[39m[0m
[  76% ] [90m[1m_update_scan_actions[22m | SITE_aojing-guan_MAT_lattice_wood.png[39m[0m
[  76% ] [90m[1m_update_scan_actions[22m | SITE_aojing-guan_MAT_plaster_rock.png[39m[0m
[  76% ] [90m[1m_update_scan_actions[22m | SITE_aojing-guan_MAT_rooftile.png[39m[0m
[  76% ] [90m[1m_update_scan_actions[22m | SITE_aojing-guan_MAT_whitewash.png[39m[0m
[  77% ] [90m[1m_update_scan_actions[22m | SITE_daguan-lou_MAT_backstage.png[39m[0m
[  77% ] [90m[1m_update_scan_actions[22m | SITE_daguan-lou_MAT_bronze.png[39m[0m
[  77% ] [90m[1m_update_scan_actions[22m | SITE_daguan-lou_MAT_crt_amber.png[39m[0m
[  77% ] [90m[1m_update_scan_actions[22m | SITE_daguan-lou_MAT_daguan_lacquer.png[39m[0m
[  77% ] [90m[1m_update_scan_actions[22m | SITE_daguan-lou_MAT_daguan_recess.png[39m[0m
[  78% ] [90m[1m_update_scan_actions[22m | SITE_daguan-lou_MAT_lattice_wood.png[39m[0m
[  78% ] [90m[1m_update_scan_actions[22m | SITE_daguan-lou_MAT_plaster_rock.png[39m[0m
[  78% ] [90m[1m_update_scan_actions[22m | SITE_daguan-lou_MAT_rooftile.png[39m[0m
[  78% ] [90m[1m_update_scan_actions[22m | SITE_daguan-lou_MAT_whitewash.png[39m[0m
[  79% ] [90m[1m_update_scan_actions[22m | SITE_daoxiang-cun_MAT_backstage.png[39m[0m
[  79% ] [90m[1m_update_scan_actions[22m | SITE_daoxiang-cun_MAT_bronze.png[39m[0m
[  79% ] [90m[1m_update_scan_actions[22m | SITE_daoxiang-cun_MAT_crt_amber.png[39m[0m
[  79% ] [90m[1m_update_scan_actions[22m | SITE_daoxiang-cun_MAT_lattice_wood.png[39m[0m
[  79% ] [90m[1m_update_scan_actions[22m | SITE_daoxiang-cun_MAT_paddy_painted_texture.png[39m[0m
[  80% ] [90m[1m_update_scan_actions[22m | SITE_daoxiang-cun_MAT_plaster_rock.png[39m[0m
[  80% ] [90m[1m_update_scan_actions[22m | SITE_daoxiang-cun_MAT_thatch.png[39m[0m
[  80% ] [90m[1m_update_scan_actions[22m | SITE_daoxiang-cun_MAT_whitewash.png[39m[0m
[  80% ] [90m[1m_update_scan_actions[22m | SITE_hengwu-yuan_MAT_backstage.png[39m[0m
[  80% ] [90m[1m_update_scan_actions[22m | SITE_hengwu-yuan_MAT_bronze.png[39m[0m
[  81% ] [90m[1m_update_scan_actions[22m | SITE_hengwu-yuan_MAT_crt_amber.png[39m[0m
[  81% ] [90m[1m_update_scan_actions[22m | SITE_hengwu-yuan_MAT_foliage_card.png[39m[0m
[  81% ] [90m[1m_update_scan_actions[22m | SITE_hengwu-yuan_MAT_lattice_wood.png[39m[0m
[  81% ] [90m[1m_update_scan_actions[22m | SITE_hengwu-yuan_MAT_plaster_rock.png[39m[0m
[  81% ] [90m[1m_update_scan_actions[22m | SITE_hengwu-yuan_MAT_props_atlas.png[39m[0m
[  82% ] [90m[1m_update_scan_actions[22m | SITE_hengwu-yuan_MAT_rooftile.png[39m[0m
[  82% ] [90m[1m_update_scan_actions[22m | SITE_hengwu-yuan_MAT_wall_atlas.png[39m[0m
[  82% ] [90m[1m_update_scan_actions[22m | SITE_hengwu-yuan_MAT_whitewash.png[39m[0m
[  82% ] [90m[1m_update_scan_actions[22m | SITE_longcui-an_MAT_backstage.png[39m[0m
[  82% ] [90m[1m_update_scan_actions[22m | SITE_longcui-an_MAT_bronze.png[39m[0m
[  83% ] [90m[1m_update_scan_actions[22m | SITE_longcui-an_MAT_lattice_wood.png[39m[0m
[  83% ] [90m[1m_update_scan_actions[22m | SITE_longcui-an_MAT_plaster_rock.png[39m[0m
[  83% ] [90m[1m_update_scan_actions[22m | SITE_longcui-an_MAT_props_atlas.png[39m[0m
[  83% ] [90m[1m_update_scan_actions[22m | SITE_longcui-an_MAT_rooftile.png[39m[0m
[  83% ] [90m[1m_update_scan_actions[22m | SITE_longcui-an_MAT_whitewash.png[39m[0m
[  84% ] [90m[1m_update_scan_actions[22m | SITE_ouxiang-xie_MAT_bronze.png[39m[0m
[  84% ] [90m[1m_update_scan_actions[22m | SITE_ouxiang-xie_MAT_lattice_wood.png[39m[0m
[  84% ] [90m[1m_update_scan_actions[22m | SITE_ouxiang-xie_MAT_lotus_leaf.png[39m[0m
[  84% ] [90m[1m_update_scan_actions[22m | SITE_ouxiang-xie_MAT_plaster_rock.png[39m[0m
[  84% ] [90m[1m_update_scan_actions[22m | SITE_ouxiang-xie_MAT_props_atlas.png[39m[0m
[  85% ] [90m[1m_update_scan_actions[22m | SITE_ouxiang-xie_MAT_rooftile.png[39m[0m
[  85% ] [90m[1m_update_scan_actions[22m | SITE_qinfang-ting_MAT_lattice_wood.png[39m[0m
[  85% ] [90m[1m_update_scan_actions[22m | SITE_qinfang-ting_MAT_lotus_leaf.png[39m[0m
[  85% ] [90m[1m_update_scan_actions[22m | SITE_qinfang-ting_MAT_pavilion_atlas.png[39m[0m
[  86% ] [90m[1m_update_scan_actions[22m | SITE_qinfang-ting_MAT_plaster_rock.png[39m[0m
[  86% ] [90m[1m_update_scan_actions[22m | SITE_qinfang-ting_MAT_props_atlas.png[39m[0m
[  86% ] [90m[1m_update_scan_actions[22m | SITE_qiushuang-zhai_MAT_backstage.png[39m[0m
[  86% ] [90m[1m_update_scan_actions[22m | SITE_qiushuang-zhai_MAT_bronze.png[39m[0m
[  86% ] [90m[1m_update_scan_actions[22m | SITE_qiushuang-zhai_MAT_lattice_wood.png[39m[0m
[  87% ] [90m[1m_update_scan_actions[22m | SITE_qiushuang-zhai_MAT_plaster_rock.png[39m[0m
[  87% ] [90m[1m_update_scan_actions[22m | SITE_qiushuang-zhai_MAT_props_atlas.png[39m[0m
[  87% ] [90m[1m_update_scan_actions[22m | SITE_qiushuang-zhai_MAT_rooftile.png[39m[0m
[  87% ] [90m[1m_update_scan_actions[22m | SITE_qiushuang-zhai_MAT_tech_atlas.png[39m[0m
[  87% ] [90m[1m_update_scan_actions[22m | SITE_qiushuang-zhai_MAT_whitewash.png[39m[0m
[  88% ] [90m[1m_update_scan_actions[22m | SITE_rockery-gate_MAT_foliage_card.png[39m[0m
[  88% ] [90m[1m_update_scan_actions[22m | SITE_rockery-gate_MAT_lattice_wood.png[39m[0m
[  88% ] [90m[1m_update_scan_actions[22m | SITE_rockery-gate_MAT_pavilion_atlas.png[39m[0m
[  88% ] [90m[1m_update_scan_actions[22m | SITE_rockery-gate_MAT_plaster_rock.png[39m[0m
[  88% ] [90m[1m_update_scan_actions[22m | SITE_rockery-gate_MAT_props_atlas.png[39m[0m
[  89% ] [90m[1m_update_scan_actions[22m | SITE_stage_MAT_backstage.png[39m[0m
[  89% ] [90m[1m_update_scan_actions[22m | SITE_stage_MAT_lattice_wood.png[39m[0m
[  89% ] [90m[1m_update_scan_actions[22m | SITE_stage_MAT_painted_moon.png[39m[0m
[  89% ] [90m[1m_update_scan_actions[22m | SITE_stage_MAT_painted_mountains_0.png[39m[0m
[  89% ] [90m[1m_update_scan_actions[22m | SITE_stage_MAT_painted_mountains_1.png[39m[0m
[  90% ] [90m[1m_update_scan_actions[22m | SITE_stage_MAT_painted_mountains_2.png[39m[0m
[  90% ] [90m[1m_update_scan_actions[22m | SITE_stage_MAT_plaster_rock.png[39m[0m
[  90% ] [90m[1m_update_scan_actions[22m | SITE_stage_MAT_stage_canvas.png[39m[0m
[  90% ] [90m[1m_update_scan_actions[22m | SITE_terminal-cells_MAT_backstage.png[39m[0m
[  90% ] [90m[1m_update_scan_actions[22m | SITE_terminal-cells_MAT_lattice_wood.png[39m[0m
[  91% ] [90m[1m_update_scan_actions[22m | SITE_terminal-cells_MAT_plaster_rock.png[39m[0m
[  91% ] [90m[1m_update_scan_actions[22m | SITE_terminal-cells_MAT_props_atlas.png[39m[0m
[  91% ] [90m[1m_update_scan_actions[22m | SITE_terminal-cells_MAT_stage_atlas.png[39m[0m
[  91% ] [90m[1m_update_scan_actions[22m | SITE_terminal-cells_MAT_tech_atlas.png[39m[0m
[  91% ] [90m[1m_update_scan_actions[22m | SITE_terminal-cells_MAT_terminal_scroll.png[39m[0m
[  92% ] [90m[1m_update_scan_actions[22m | SITE_tubi-tang_MAT_backstage.png[39m[0m
[  92% ] [90m[1m_update_scan_actions[22m | SITE_tubi-tang_MAT_bronze.png[39m[0m
[  92% ] [90m[1m_update_scan_actions[22m | SITE_tubi-tang_MAT_crt_amber.png[39m[0m
[  92% ] [90m[1m_update_scan_actions[22m | SITE_tubi-tang_MAT_lantern.png[39m[0m
[  93% ] [90m[1m_update_scan_actions[22m | SITE_tubi-tang_MAT_lattice_wood.png[39m[0m
[  93% ] [90m[1m_update_scan_actions[22m | SITE_tubi-tang_MAT_plaster_rock.png[39m[0m
[  93% ] [90m[1m_update_scan_actions[22m | SITE_tubi-tang_MAT_props_atlas.png[39m[0m
[  93% ] [90m[1m_update_scan_actions[22m | SITE_tubi-tang_MAT_rooftile.png[39m[0m
[  93% ] [90m[1m_update_scan_actions[22m | SITE_tubi-tang_MAT_tubi_terrace_plaster.png[39m[0m
[  94% ] [90m[1m_update_scan_actions[22m | SITE_tubi-tang_MAT_whitewash.png[39m[0m
[  94% ] [90m[1m_update_scan_actions[22m | SITE_xiaoxiang-guan_MAT_backstage.png[39m[0m
[  94% ] [90m[1m_update_scan_actions[22m | SITE_xiaoxiang-guan_MAT_bronze.png[39m[0m
[  94% ] [90m[1m_update_scan_actions[22m | SITE_xiaoxiang-guan_MAT_crt_amber.png[39m[0m
[  94% ] [90m[1m_update_scan_actions[22m | SITE_xiaoxiang-guan_MAT_lattice_wood.png[39m[0m
[  95% ] [90m[1m_update_scan_actions[22m | SITE_xiaoxiang-guan_MAT_plaster_rock.png[39m[0m
[  95% ] [90m[1m_update_scan_actions[22m | SITE_xiaoxiang-guan_MAT_rooftile.png[39m[0m
[  95% ] [90m[1m_update_scan_actions[22m | SITE_xiaoxiang-guan_MAT_whitewash.png[39m[0m
[  95% ] [90m[1m_update_scan_actions[22m | SITE_yihong-yuan_MAT_backstage.png[39m[0m
[  95% ] [90m[1m_update_scan_actions[22m | SITE_yihong-yuan_MAT_bronze.png[39m[0m
[  96% ] [90m[1m_update_scan_actions[22m | SITE_yihong-yuan_MAT_crt_amber.png[39m[0m
[  96% ] [90m[1m_update_scan_actions[22m | SITE_yihong-yuan_MAT_lattice_wood.png[39m[0m
[  96% ] [90m[1m_update_scan_actions[22m | SITE_yihong-yuan_MAT_plaster_rock.png[39m[0m
[  96% ] [90m[1m_update_scan_actions[22m | SITE_yihong-yuan_MAT_rooftile.png[39m[0m
[  96% ] [90m[1m_update_scan_actions[22m | SITE_yihong-yuan_MAT_yihong_lacquer.png[39m[0m
[  97% ] [90m[1m_update_scan_actions[22m | SITE_ziling-zhou_MAT_lotus_leaf.png[39m[0m
[  97% ] [90m[1m_update_scan_actions[22m | SITE_ziling-zhou_MAT_pavilion_atlas.png[39m[0m
[  97% ] [90m[1m_update_scan_actions[22m | SITE_ziling-zhou_MAT_plaster_rock.png[39m[0m
[  97% ] [90m[1m_update_scan_actions[22m | cyclorama-dusk.png[39m[0m
[  97% ] [90m[1m_update_scan_actions[22m | cyclorama-mist.png[39m[0m
[  98% ] [90m[1m_update_scan_actions[22m | cyclorama-moonlit.png[39m[0m
[  98% ] [90m[1m_update_scan_actions[22m | mountain-paint.png[39m[0m
[  98% ] [90m[1m_update_scan_actions[22m | stage-basecolor.png[39m[0m
[  98% ] [90m[1m_update_scan_actions[22m | stage-orm.png[39m[0m
[  98% ] [90m[1m_update_scan_actions[22m | fog-mask.png[39m[0m
[  99% ] [90m[1m_update_scan_actions[22m | tech-noir-atlas.png[39m[0m
[  99% ] [90m[1m_update_scan_actions[22m | water-normal.png[39m[0m
[  99% ] [90m[1m_update_scan_actions[22m | cycles-unit-sun.png[39m[0m
[92m[ DONE ][39m [1m_update_scan_actions[22m
[0m
[   0% ] [90m[1mreimport[22m | Started (Re)Importing Assets (485 steps)[39m[0m
[   0% ] [90m[1mreimport[22m | Preparing files to reimport...[39m[0m
[   0% ] [90m[1mreimport[22m | Preparing files to reimport...[39m[0m
[   0% ] [90m[1mreimport[22m | Preparing files to reimport...[39m[0m
[   0% ] [90m[1mreimport[22m | Preparing files to reimport...[39m[0m
[   0% ] [90m[1mreimport[22m | Preparing files to reimport...[39m[0m
[   1% ] [90m[1mreimport[22m | Preparing files to reimport...[39m[0m
[   1% ] [90m[1mreimport[22m | Preparing files to reimport...[39m[0m
[   1% ] [90m[1mreimport[22m | Preparing files to reimport...[39m[0m
[   1% ] [90m[1mreimport[22m | Preparing files to reimport...[39m[0m
[   1% ] [90m[1mreimport[22m | Preparing files to reimport...[39m[0m
[   2% ] [90m[1mreimport[22m | Preparing files to reimport...[39m[0m
[   2% ] [90m[1mreimport[22m | Preparing files to reimport...[39m[0m
[   2% ] [90m[1mreimport[22m | Preparing files to reimport...[39m[0m
[   2% ] [90m[1mreimport[22m | Preparing files to reimport...[39m[0m
[   2% ] [90m[1mreimport[22m | Preparing files to reimport...[39m[0m
[   3% ] [90m[1mreimport[22m | Preparing files to reimport...[39m[0m
[   3% ] [90m[1mreimport[22m | Preparing files to reimport...[39m[0m
[   3% ] [90m[1mreimport[22m | Preparing files to reimport...[39m[0m
[   3% ] [90m[1mreimport[22m | Preparing files to reimport...[39m[0m
[   3% ] [90m[1mreimport[22m | Preparing files to reimport...[39m[0m
[   4% ] [90m[1mreimport[22m | Preparing files to reimport...[39m[0m
[   4% ] [90m[1mreimport[22m | Preparing files to reimport...[39m[0m
[   4% ] [90m[1mreimport[22m | Preparing files to reimport...[39m[0m
[   4% ] [90m[1mreimport[22m | Preparing files to reimport...[39m[0m
[   4% ] [90m[1mreimport[22m | Preparing files to reimport...[39m[0m
[   5% ] [90m[1mreimport[22m | Preparing files to reimport...[39m[0m
[   5% ] [90m[1mreimport[22m | Preparing files to reimport...[39m[0m
[   5% ] [90m[1mreimport[22m | Preparing files to reimport...[39m[0m
[   5% ] [90m[1mreimport[22m | Preparing files to reimport...[39m[0m
[   5% ] [90m[1mreimport[22m | Preparing files to reimport...[39m[0m
[   6% ] [90m[1mreimport[22m | Preparing files to reimport...[39m[0m
[   6% ] [90m[1mreimport[22m | Preparing files to reimport...[39m[0m
[   6% ] [90m[1mreimport[22m | Preparing files to reimport...[39m[0m
[   6% ] [90m[1mreimport[22m | Preparing files to reimport...[39m[0m
[   6% ] [90m[1mreimport[22m | Preparing files to reimport...[39m[0m
[   7% ] [90m[1mreimport[22m | Preparing files to reimport...[39m[0m
[   7% ] [90m[1mreimport[22m | Preparing files to reimport...[39m[0m
[   7% ] [90m[1mreimport[22m | Preparing files to reimport...[39m[0m
[   7% ] [90m[1mreimport[22m | Preparing files to reimport...[39m[0m
[   8% ] [90m[1mreimport[22m | Preparing files to reimport...[39m[0m
[   8% ] [90m[1mreimport[22m | Preparing files to reimport...[39m[0m
[   8% ] [90m[1mreimport[22m | Preparing files to reimport...[39m[0m
[   8% ] [90m[1mreimport[22m | Preparing files to reimport...[39m[0m
[   8% ] [90m[1mreimport[22m | Preparing files to reimport...[39m[0m
[   9% ] [90m[1mreimport[22m | Preparing files to reimport...[39m[0m
[   9% ] [90m[1mreimport[22m | Preparing files to reimport...[39m[0m
[   9% ] [90m[1mreimport[22m | Preparing files to reimport...[39m[0m
[   9% ] [90m[1mreimport[22m | Preparing files to reimport...[39m[0m
[   9% ] [90m[1mreimport[22m | Preparing files to reimport...[39m[0m
[  10% ] [90m[1mreimport[22m | Preparing files to reimport...[39m[0m
[  10% ] [90m[1mreimport[22m | Preparing files to reimport...[39m[0m
[  10% ] [90m[1mreimport[22m | Preparing files to reimport...[39m[0m
[  10% ] [90m[1mreimport[22m | Preparing files to reimport...[39m[0m
[  10% ] [90m[1mreimport[22m | Preparing files to reimport...[39m[0m
[  11% ] [90m[1mreimport[22m | Preparing files to reimport...[39m[0m
[  11% ] [90m[1mreimport[22m | Preparing files to reimport...[39m[0m
[  11% ] [90m[1mreimport[22m | Preparing files to reimport...[39m[0m
[  11% ] [90m[1mreimport[22m | Preparing files to reimport...[39m[0m
[  11% ] [90m[1mreimport[22m | Preparing files to reimport...[39m[0m
[  12% ] [90m[1mreimport[22m | Preparing files to reimport...[39m[0m
[  12% ] [90m[1mreimport[22m | Preparing files to reimport...[39m[0m
[  12% ] [90m[1mreimport[22m | Preparing files to reimport...[39m[0m
[  12% ] [90m[1mreimport[22m | Preparing files to reimport...[39m[0m
[  12% ] [90m[1mreimport[22m | Preparing files to reimport...[39m[0m
[  13% ] [90m[1mreimport[22m | Preparing files to reimport...[39m[0m
[  13% ] [90m[1mreimport[22m | Preparing files to reimport...[39m[0m
[  13% ] [90m[1mreimport[22m | Preparing files to reimport...[39m[0m
[  13% ] [90m[1mreimport[22m | Preparing files to reimport...[39m[0m
[  13% ] [90m[1mreimport[22m | Preparing files to reimport...[39m[0m
[  14% ] [90m[1mreimport[22m | Preparing files to reimport...[39m[0m
[  14% ] [90m[1mreimport[22m | Preparing files to reimport...[39m[0m
[  14% ] [90m[1mreimport[22m | Preparing files to reimport...[39m[0m
[  14% ] [90m[1mreimport[22m | Preparing files to reimport...[39m[0m
[  15% ] [90m[1mreimport[22m | Preparing files to reimport...[39m[0m
[  15% ] [90m[1mreimport[22m | Preparing files to reimport...[39m[0m
[  15% ] [90m[1mreimport[22m | Preparing files to reimport...[39m[0m
[  15% ] [90m[1mreimport[22m | Preparing files to reimport...[39m[0m
[  15% ] [90m[1mreimport[22m | Preparing files to reimport...[39m[0m
[  16% ] [90m[1mreimport[22m | Preparing files to reimport...[39m[0m
[  16% ] [90m[1mreimport[22m | Preparing files to reimport...[39m[0m
[  16% ] [90m[1mreimport[22m | Preparing files to reimport...[39m[0m
[  16% ] [90m[1mreimport[22m | Preparing files to reimport...[39m[0m
[  16% ] [90m[1mreimport[22m | Preparing files to reimport...[39m[0m
[  17% ] [90m[1mreimport[22m | Preparing files to reimport...[39m[0m
[  17% ] [90m[1mreimport[22m | Preparing files to reimport...[39m[0m
[  17% ] [90m[1mreimport[22m | Preparing files to reimport...[39m[0m
[  17% ] [90m[1mreimport[22m | Preparing files to reimport...[39m[0m
[  17% ] [90m[1mreimport[22m | Preparing files to reimport...[39m[0m
[  18% ] [90m[1mreimport[22m | Preparing files to reimport...[39m[0m
[  18% ] [90m[1mreimport[22m | Preparing files to reimport...[39m[0m
[  18% ] [90m[1mreimport[22m | Preparing files to reimport...[39m[0m
[  18% ] [90m[1mreimport[22m | Preparing files to reimport...[39m[0m
[  18% ] [90m[1mreimport[22m | Preparing files to reimport...[39m[0m
[  19% ] [90m[1mreimport[22m | Preparing files to reimport...[39m[0m
[  19% ] [90m[1mreimport[22m | Preparing files to reimport...[39m[0m
[  19% ] [90m[1mreimport[22m | Preparing files to reimport...[39m[0m
[  19% ] [90m[1mreimport[22m | Preparing files to reimport...[39m[0m
[  19% ] [90m[1mreimport[22m | Preparing files to reimport...[39m[0m
[  20% ] [90m[1mreimport[22m | Preparing files to reimport...[39m[0m
[  20% ] [90m[1mreimport[22m | Preparing files to reimport...[39m[0m
[  20% ] [90m[1mreimport[22m | Preparing files to reimport...[39m[0m
[  20% ] [90m[1mreimport[22m | Preparing files to reimport...[39m[0m
[  20% ] [90m[1mreimport[22m | Preparing files to reimport...[39m[0m
[  21% ] [90m[1mreimport[22m | Preparing files to reimport...[39m[0m
[  21% ] [90m[1mreimport[22m | Preparing files to reimport...[39m[0m
[  21% ] [90m[1mreimport[22m | Preparing files to reimport...[39m[0m
[  21% ] [90m[1mreimport[22m | Preparing files to reimport...[39m[0m
[  22% ] [90m[1mreimport[22m | Preparing files to reimport...[39m[0m
[  22% ] [90m[1mreimport[22m | Preparing files to reimport...[39m[0m
[  22% ] [90m[1mreimport[22m | Preparing files to reimport...[39m[0m
[  22% ] [90m[1mreimport[22m | Preparing files to reimport...[39m[0m
[  22% ] [90m[1mreimport[22m | Preparing files to reimport...[39m[0m
[  23% ] [90m[1mreimport[22m | Preparing files to reimport...[39m[0m
[  23% ] [90m[1mreimport[22m | Preparing files to reimport...[39m[0m
[  23% ] [90m[1mreimport[22m | Preparing files to reimport...[39m[0m
[  23% ] [90m[1mreimport[22m | Preparing files to reimport...[39m[0m
[  23% ] [90m[1mreimport[22m | Preparing files to reimport...[39m[0m
[  24% ] [90m[1mreimport[22m | Preparing files to reimport...[39m[0m
[  24% ] [90m[1mreimport[22m | Preparing files to reimport...[39m[0m
[  24% ] [90m[1mreimport[22m | Preparing files to reimport...[39m[0m
[  24% ] [90m[1mreimport[22m | Preparing files to reimport...[39m[0m
[  24% ] [90m[1mreimport[22m | Preparing files to reimport...[39m[0m
[  25% ] [90m[1mreimport[22m | Preparing files to reimport...[39m[0m
[  25% ] [90m[1mreimport[22m | Preparing files to reimport...[39m[0m
[  25% ] [90m[1mreimport[22m | Preparing files to reimport...[39m[0m
[  25% ] [90m[1mreimport[22m | Preparing files to reimport...[39m[0m
[  25% ] [90m[1mreimport[22m | Preparing files to reimport...[39m[0m
[  26% ] [90m[1mreimport[22m | Preparing files to reimport...[39m[0m
[  26% ] [90m[1mreimport[22m | Preparing files to reimport...[39m[0m
[  26% ] [90m[1mreimport[22m | Preparing files to reimport...[39m[0m
[  26% ] [90m[1mreimport[22m | Preparing files to reimport...[39m[0m
[  26% ] [90m[1mreimport[22m | Preparing files to reimport...[39m[0m
[  27% ] [90m[1mreimport[22m | Preparing files to reimport...[39m[0m
[  27% ] [90m[1mreimport[22m | Preparing files to reimport...[39m[0m
[  27% ] [90m[1mreimport[22m | Preparing files to reimport...[39m[0m
[  27% ] [90m[1mreimport[22m | Preparing files to reimport...[39m[0m
[  27% ] [90m[1mreimport[22m | Preparing files to reimport...[39m[0m
[  28% ] [90m[1mreimport[22m | Preparing files to reimport...[39m[0m
[  28% ] [90m[1mreimport[22m | Preparing files to reimport...[39m[0m
[  28% ] [90m[1mreimport[22m | Preparing files to reimport...[39m[0m
[  28% ] [90m[1mreimport[22m | Preparing files to reimport...[39m[0m
[  29% ] [90m[1mreimport[22m | Preparing files to reimport...[39m[0m
[  29% ] [90m[1mreimport[22m | Preparing files to reimport...[39m[0m
[  29% ] [90m[1mreimport[22m | Preparing files to reimport...[39m[0m
[  29% ] [90m[1mreimport[22m | Preparing files to reimport...[39m[0m
[  29% ] [90m[1mreimport[22m | Preparing files to reimport...[39m[0m
[  30% ] [90m[1mreimport[22m | Preparing files to reimport...[39m[0m
[  30% ] [90m[1mreimport[22m | Preparing files to reimport...[39m[0m
[  30% ] [90m[1mreimport[22m | Preparing files to reimport...[39m[0m
[  30% ] [90m[1mreimport[22m | Preparing files to reimport...[39m[0m
[  30% ] [90m[1mreimport[22m | Preparing files to reimport...[39m[0m
[  31% ] [90m[1mreimport[22m | Preparing files to reimport...[39m[0m
[  31% ] [90m[1mreimport[22m | Preparing files to reimport...[39m[0m
[  31% ] [90m[1mreimport[22m | Preparing files to reimport...[39m[0m
[  31% ] [90m[1mreimport[22m | Preparing files to reimport...[39m[0m
[  31% ] [90m[1mreimport[22m | Preparing files to reimport...[39m[0m
[  32% ] [90m[1mreimport[22m | Preparing files to reimport...[39m[0m
[  32% ] [90m[1mreimport[22m | Preparing files to reimport...[39m[0m
[  32% ] [90m[1mreimport[22m | Preparing files to reimport...[39m[0m
[  32% ] [90m[1mreimport[22m | Preparing files to reimport...[39m[0m
[  32% ] [90m[1mreimport[22m | Preparing files to reimport...[39m[0m
[  33% ] [90m[1mreimport[22m | Preparing files to reimport...[39m[0m
[  33% ] [90m[1mreimport[22m | Preparing files to reimport...[39m[0m
[  33% ] [90m[1mreimport[22m | Preparing files to reimport...[39m[0m
[  33% ] [90m[1mreimport[22m | Preparing files to reimport...[39m[0m
[  33% ] [90m[1mreimport[22m | Preparing files to reimport...[39m[0m
[  34% ] [90m[1mreimport[22m | Preparing files to reimport...[39m[0m
[  34% ] [90m[1mreimport[22m | Preparing files to reimport...[39m[0m
[  34% ] [90m[1mreimport[22m | Preparing files to reimport...[39m[0m
[  34% ] [90m[1mreimport[22m | Preparing files to reimport...[39m[0m
[  34% ] [90m[1mreimport[22m | Preparing files to reimport...[39m[0m
[  35% ] [90m[1mreimport[22m | Preparing files to reimport...[39m[0m
[  35% ] [90m[1mreimport[22m | Preparing files to reimport...[39m[0m
[  35% ] [90m[1mreimport[22m | Preparing files to reimport...[39m[0m
[  35% ] [90m[1mreimport[22m | Preparing files to reimport...[39m[0m
[  36% ] [90m[1mreimport[22m | Preparing files to reimport...[39m[0m
[  36% ] [90m[1mreimport[22m | Preparing files to reimport...[39m[0m
[  36% ] [90m[1mreimport[22m | Preparing files to reimport...[39m[0m
[  36% ] [90m[1mreimport[22m | Preparing files to reimport...[39m[0m
[  36% ] [90m[1mreimport[22m | Preparing files to reimport...[39m[0m
[  37% ] [90m[1mreimport[22m | Preparing files to reimport...[39m[0m
[  37% ] [90m[1mreimport[22m | Preparing files to reimport...[39m[0m
[  37% ] [90m[1mreimport[22m | Preparing files to reimport...[39m[0m
[  37% ] [90m[1mreimport[22m | Preparing files to reimport...[39m[0m
[  37% ] [90m[1mreimport[22m | Preparing files to reimport...[39m[0m
[  38% ] [90m[1mreimport[22m | Preparing files to reimport...[39m[0m
[  38% ] [90m[1mreimport[22m | Preparing files to reimport...[39m[0m
[  38% ] [90m[1mreimport[22m | Preparing files to reimport...[39m[0m
[  38% ] [90m[1mreimport[22m | Preparing files to reimport...[39m[0m
[  38% ] [90m[1mreimport[22m | Preparing files to reimport...[39m[0m
[  39% ] [90m[1mreimport[22m | Preparing files to reimport...[39m[0m
[  39% ] [90m[1mreimport[22m | Preparing files to reimport...[39m[0m
[  39% ] [90m[1mreimport[22m | Preparing files to reimport...[39m[0m
[  39% ] [90m[1mreimport[22m | Preparing files to reimport...[39m[0m
[  39% ] [90m[1mreimport[22m | Preparing files to reimport...[39m[0m
[  40% ] [90m[1mreimport[22m | Preparing files to reimport...[39m[0m
[  40% ] [90m[1mreimport[22m | Preparing files to reimport...[39m[0m
[  40% ] [90m[1mreimport[22m | Preparing files to reimport...[39m[0m
[  40% ] [90m[1mreimport[22m | Preparing files to reimport...[39m[0m
[  40% ] [90m[1mreimport[22m | Preparing files to reimport...[39m[0m
[  41% ] [90m[1mreimport[22m | Preparing files to reimport...[39m[0m
[  41% ] [90m[1mreimport[22m | Preparing files to reimport...[39m[0m
[  41% ] [90m[1mreimport[22m | Preparing files to reimport...[39m[0m
[  41% ] [90m[1mreimport[22m | Preparing files to reimport...[39m[0m
[  41% ] [90m[1mreimport[22m | Preparing files to reimport...[39m[0m
[  42% ] [90m[1mreimport[22m | Preparing files to reimport...[39m[0m
[  42% ] [90m[1mreimport[22m | Preparing files to reimport...[39m[0m
[  42% ] [90m[1mreimport[22m | Preparing files to reimport...[39m[0m
[  42% ] [90m[1mreimport[22m | Preparing files to reimport...[39m[0m
[  43% ] [90m[1mreimport[22m | Preparing files to reimport...[39m[0m
[  43% ] [90m[1mreimport[22m | Preparing files to reimport...[39m[0m
[  43% ] [90m[1mreimport[22m | Preparing files to reimport...[39m[0m
[  43% ] [90m[1mreimport[22m | Preparing files to reimport...[39m[0m
[  43% ] [90m[1mreimport[22m | Preparing files to reimport...[39m[0m
[  44% ] [90m[1mreimport[22m | Preparing files to reimport...[39m[0m
[  44% ] [90m[1mreimport[22m | Preparing files to reimport...[39m[0m
[  44% ] [90m[1mreimport[22m | Preparing files to reimport...[39m[0m
[  44% ] [90m[1mreimport[22m | Preparing files to reimport...[39m[0m
[  44% ] [90m[1mreimport[22m | Preparing files to reimport...[39m[0m
[  45% ] [90m[1mreimport[22m | Preparing files to reimport...[39m[0m
[  45% ] [90m[1mreimport[22m | Preparing files to reimport...[39m[0m
[  45% ] [90m[1mreimport[22m | Preparing files to reimport...[39m[0m
[  45% ] [90m[1mreimport[22m | Preparing files to reimport...[39m[0m
[  45% ] [90m[1mreimport[22m | Preparing files to reimport...[39m[0m
[  46% ] [90m[1mreimport[22m | Preparing files to reimport...[39m[0m
[  46% ] [90m[1mreimport[22m | Preparing files to reimport...[39m[0m
[  46% ] [90m[1mreimport[22m | Preparing files to reimport...[39m[0m
[  46% ] [90m[1mreimport[22m | Preparing files to reimport...[39m[0m
[  46% ] [90m[1mreimport[22m | Preparing files to reimport...[39m[0m
[  47% ] [90m[1mreimport[22m | Preparing files to reimport...[39m[0m
[  47% ] [90m[1mreimport[22m | Preparing files to reimport...[39m[0m
[  47% ] [90m[1mreimport[22m | Preparing files to reimport...[39m[0m
[  47% ] [90m[1mreimport[22m | Preparing files to reimport...[39m[0m
[  47% ] [90m[1mreimport[22m | Preparing files to reimport...[39m[0m
[  48% ] [90m[1mreimport[22m | Preparing files to reimport...[39m[0m
[  48% ] [90m[1mreimport[22m | Preparing files to reimport...[39m[0m
[  48% ] [90m[1mreimport[22m | Preparing files to reimport...[39m[0m
[  48% ] [90m[1mreimport[22m | Preparing files to reimport...[39m[0m
[  48% ] [90m[1mreimport[22m | Preparing files to reimport...[39m[0m
[  49% ] [90m[1mreimport[22m | Preparing files to reimport...[39m[0m
[  49% ] [90m[1mreimport[22m | Preparing files to reimport...[39m[0m
[  49% ] [90m[1mreimport[22m | Preparing files to reimport...[39m[0m
[  49% ] [90m[1mreimport[22m | Preparing files to reimport...[39m[0m
[  50% ] [90m[1mreimport[22m | Preparing files to reimport...[39m[0m
[  50% ] [90m[1mreimport[22m | Preparing files to reimport...[39m[0m
[  50% ] [90m[1mreimport[22m | Preparing files to reimport...[39m[0m
[  50% ] [90m[1mreimport[22m | Preparing files to reimport...[39m[0m
[  50% ] [90m[1mreimport[22m | Preparing files to reimport...[39m[0m
[  51% ] [90m[1mreimport[22m | Preparing files to reimport...[39m[0m
[  51% ] [90m[1mreimport[22m | Preparing files to reimport...[39m[0m
[  51% ] [90m[1mreimport[22m | Preparing files to reimport...[39m[0m
[  51% ] [90m[1mreimport[22m | Preparing files to reimport...[39m[0m
[  51% ] [90m[1mreimport[22m | Preparing files to reimport...[39m[0m
[  52% ] [90m[1mreimport[22m | Preparing files to reimport...[39m[0m
[  52% ] [90m[1mreimport[22m | Preparing files to reimport...[39m[0m
[  52% ] [90m[1mreimport[22m | Preparing files to reimport...[39m[0m
[  52% ] [90m[1mreimport[22m | Preparing files to reimport...[39m[0m
[  52% ] [90m[1mreimport[22m | Preparing files to reimport...[39m[0m
[  53% ] [90m[1mreimport[22m | Preparing files to reimport...[39m[0m
[  53% ] [90m[1mreimport[22m | Preparing files to reimport...[39m[0m
[  53% ] [90m[1mreimport[22m | Preparing files to reimport...[39m[0m
[  53% ] [90m[1mreimport[22m | Preparing files to reimport...[39m[0m
[  53% ] [90m[1mreimport[22m | Preparing files to reimport...[39m[0m
[  54% ] [90m[1mreimport[22m | Preparing files to reimport...[39m[0m
[  54% ] [90m[1mreimport[22m | Preparing files to reimport...[39m[0m
[  54% ] [90m[1mreimport[22m | Preparing files to reimport...[39m[0m
[  54% ] [90m[1mreimport[22m | Preparing files to reimport...[39m[0m
[  54% ] [90m[1mreimport[22m | Preparing files to reimport...[39m[0m
[  55% ] [90m[1mreimport[22m | Preparing files to reimport...[39m[0m
[  55% ] [90m[1mreimport[22m | Preparing files to reimport...[39m[0m
[  55% ] [90m[1mreimport[22m | Preparing files to reimport...[39m[0m
[  55% ] [90m[1mreimport[22m | Preparing files to reimport...[39m[0m
[  55% ] [90m[1mreimport[22m | Preparing files to reimport...[39m[0m
[  56% ] [90m[1mreimport[22m | Preparing files to reimport...[39m[0m
[  56% ] [90m[1mreimport[22m | Preparing files to reimport...[39m[0m
[  56% ] [90m[1mreimport[22m | Preparing files to reimport...[39m[0m
[  56% ] [90m[1mreimport[22m | Preparing files to reimport...[39m[0m
[  56% ] [90m[1mreimport[22m | Preparing files to reimport...[39m[0m
[  57% ] [90m[1mreimport[22m | Preparing files to reimport...[39m[0m
[  57% ] [90m[1mreimport[22m | Preparing files to reimport...[39m[0m
[  57% ] [90m[1mreimport[22m | Preparing files to reimport...[39m[0m
[  57% ] [90m[1mreimport[22m | Preparing files to reimport...[39m[0m
[  58% ] [90m[1mreimport[22m | Preparing files to reimport...[39m[0m
[  58% ] [90m[1mreimport[22m | Preparing files to reimport...[39m[0m
[  58% ] [90m[1mreimport[22m | Preparing files to reimport...[39m[0m
[  58% ] [90m[1mreimport[22m | Preparing files to reimport...[39m[0m
[  58% ] [90m[1mreimport[22m | Preparing files to reimport...[39m[0m
[  59% ] [90m[1mreimport[22m | Preparing files to reimport...[39m[0m
[  59% ] [90m[1mreimport[22m | Preparing files to reimport...[39m[0m
[  59% ] [90m[1mreimport[22m | Preparing files to reimport...[39m[0m
[  59% ] [90m[1mreimport[22m | Preparing files to reimport...[39m[0m
[  59% ] [90m[1mreimport[22m | Preparing files to reimport...[39m[0m
[  60% ] [90m[1mreimport[22m | Preparing files to reimport...[39m[0m
[  60% ] [90m[1mreimport[22m | Preparing files to reimport...[39m[0m
[  60% ] [90m[1mreimport[22m | Preparing files to reimport...[39m[0m
[  60% ] [90m[1mreimport[22m | Preparing files to reimport...[39m[0m
[  60% ] [90m[1mreimport[22m | Preparing files to reimport...[39m[0m
[  61% ] [90m[1mreimport[22m | Preparing files to reimport...[39m[0m
[  61% ] [90m[1mreimport[22m | Preparing files to reimport...[39m[0m
[  61% ] [90m[1mreimport[22m | Preparing files to reimport...[39m[0m
[  61% ] [90m[1mreimport[22m | Preparing files to reimport...[39m[0m
[  61% ] [90m[1mreimport[22m | Preparing files to reimport...[39m[0m
[  62% ] [90m[1mreimport[22m | Preparing files to reimport...[39m[0m
[  62% ] [90m[1mreimport[22m | Preparing files to reimport...[39m[0m
[  62% ] [90m[1mreimport[22m | Preparing files to reimport...[39m[0m
[  62% ] [90m[1mreimport[22m | Preparing files to reimport...[39m[0m
[  62% ] [90m[1mreimport[22m | Preparing files to reimport...[39m[0m
[  63% ] [90m[1mreimport[22m | Preparing files to reimport...[39m[0m
[  63% ] [90m[1mreimport[22m | Preparing files to reimport...[39m[0m
[  63% ] [90m[1mreimport[22m | Preparing files to reimport...[39m[0m
[  63% ] [90m[1mreimport[22m | Preparing files to reimport...[39m[0m
[  63% ] [90m[1mreimport[22m | Preparing files to reimport...[39m[0m
[  64% ] [90m[1mreimport[22m | Preparing files to reimport...[39m[0m
[  64% ] [90m[1mreimport[22m | Preparing files to reimport...[39m[0m
[  64% ] [90m[1mreimport[22m | Preparing files to reimport...[39m[0m
[  64% ] [90m[1mreimport[22m | Preparing files to reimport...[39m[0m
[  65% ] [90m[1mreimport[22m | Preparing files to reimport...[39m[0m
[  65% ] [90m[1mreimport[22m | Preparing files to reimport...[39m[0m
[  65% ] [90m[1mreimport[22m | Preparing files to reimport...[39m[0m
[  65% ] [90m[1mreimport[22m | Preparing files to reimport...[39m[0m
[  65% ] [90m[1mreimport[22m | Preparing files to reimport...[39m[0m
[  66% ] [90m[1mreimport[22m | Preparing files to reimport...[39m[0m
[  66% ] [90m[1mreimport[22m | Preparing files to reimport...[39m[0m
[  66% ] [90m[1mreimport[22m | Preparing files to reimport...[39m[0m
[  66% ] [90m[1mreimport[22m | Preparing files to reimport...[39m[0m
[  66% ] [90m[1mreimport[22m | Preparing files to reimport...[39m[0m
[  67% ] [90m[1mreimport[22m | Preparing files to reimport...[39m[0m
[  67% ] [90m[1mreimport[22m | Preparing files to reimport...[39m[0m
[  67% ] [90m[1mreimport[22m | Preparing files to reimport...[39m[0m
[  67% ] [90m[1mreimport[22m | Preparing files to reimport...[39m[0m
[  67% ] [90m[1mreimport[22m | Preparing files to reimport...[39m[0m
[  68% ] [90m[1mreimport[22m | Preparing files to reimport...[39m[0m
[  68% ] [90m[1mreimport[22m | Preparing files to reimport...[39m[0m
[  68% ] [90m[1mreimport[22m | Preparing files to reimport...[39m[0m
[  68% ] [90m[1mreimport[22m | Preparing files to reimport...[39m[0m
[  68% ] [90m[1mreimport[22m | Preparing files to reimport...[39m[0m
[  69% ] [90m[1mreimport[22m | Preparing files to reimport...[39m[0m
[  69% ] [90m[1mreimport[22m | Preparing files to reimport...[39m[0m
[  69% ] [90m[1mreimport[22m | Preparing files to reimport...[39m[0m
[  69% ] [90m[1mreimport[22m | Preparing files to reimport...[39m[0m
[  69% ] [90m[1mreimport[22m | Preparing files to reimport...[39m[0m
[  70% ] [90m[1mreimport[22m | Preparing files to reimport...[39m[0m
[  70% ] [90m[1mreimport[22m | Preparing files to reimport...[39m[0m
[  70% ] [90m[1mreimport[22m | Preparing files to reimport...[39m[0m
[  70% ] [90m[1mreimport[22m | Preparing files to reimport...[39m[0m
[  70% ] [90m[1mreimport[22m | Preparing files to reimport...[39m[0m
[  71% ] [90m[1mreimport[22m | Preparing files to reimport...[39m[0m
[  71% ] [90m[1mreimport[22m | Preparing files to reimport...[39m[0m
[  71% ] [90m[1mreimport[22m | Preparing files to reimport...[39m[0m
[  71% ] [90m[1mreimport[22m | Preparing files to reimport...[39m[0m
[  72% ] [90m[1mreimport[22m | Preparing files to reimport...[39m[0m
[  72% ] [90m[1mreimport[22m | Preparing files to reimport...[39m[0m
[  72% ] [90m[1mreimport[22m | Preparing files to reimport...[39m[0m
[  72% ] [90m[1mreimport[22m | Preparing files to reimport...[39m[0m
[  72% ] [90m[1mreimport[22m | Preparing files to reimport...[39m[0m
[  73% ] [90m[1mreimport[22m | Preparing files to reimport...[39m[0m
[  73% ] [90m[1mreimport[22m | Preparing files to reimport...[39m[0m
[  73% ] [90m[1mreimport[22m | Preparing files to reimport...[39m[0m
[  73% ] [90m[1mreimport[22m | Preparing files to reimport...[39m[0m
[  73% ] [90m[1mreimport[22m | Preparing files to reimport...[39m[0m
[  74% ] [90m[1mreimport[22m | Preparing files to reimport...[39m[0m
[  74% ] [90m[1mreimport[22m | Preparing files to reimport...[39m[0m
[  74% ] [90m[1mreimport[22m | Preparing files to reimport...[39m[0m
[  74% ] [90m[1mreimport[22m | Preparing files to reimport...[39m[0m
[  74% ] [90m[1mreimport[22m | Preparing files to reimport...[39m[0m
[  75% ] [90m[1mreimport[22m | Preparing files to reimport...[39m[0m
[  75% ] [90m[1mreimport[22m | Preparing files to reimport...[39m[0m
[  75% ] [90m[1mreimport[22m | Preparing files to reimport...[39m[0m
[  75% ] [90m[1mreimport[22m | Preparing files to reimport...[39m[0m
[  75% ] [90m[1mreimport[22m | Preparing files to reimport...[39m[0m
[  76% ] [90m[1mreimport[22m | Preparing files to reimport...[39m[0m
[  76% ] [90m[1mreimport[22m | Preparing files to reimport...[39m[0m
[  76% ] [90m[1mreimport[22m | Preparing files to reimport...[39m[0m
[  76% ] [90m[1mreimport[22m | Preparing files to reimport...[39m[0m
[  76% ] [90m[1mreimport[22m | Preparing files to reimport...[39m[0m
[  77% ] [90m[1mreimport[22m | Preparing files to reimport...[39m[0m
[  77% ] [90m[1mreimport[22m | Preparing files to reimport...[39m[0m
[  77% ] [90m[1mreimport[22m | Preparing files to reimport...[39m[0m
[  77% ] [90m[1mreimport[22m | Preparing files to reimport...[39m[0m
[  77% ] [90m[1mreimport[22m | Preparing files to reimport...[39m[0m
[  78% ] [90m[1mreimport[22m | Preparing files to reimport...[39m[0m
[  78% ] [90m[1mreimport[22m | Preparing files to reimport...[39m[0m
[  78% ] [90m[1mreimport[22m | Preparing files to reimport...[39m[0m
[  78% ] [90m[1mreimport[22m | Preparing files to reimport...[39m[0m
[  79% ] [90m[1mreimport[22m | Preparing files to reimport...[39m[0m
[  79% ] [90m[1mreimport[22m | Preparing files to reimport...[39m[0m
[  79% ] [90m[1mreimport[22m | Preparing files to reimport...[39m[0m
[  79% ] [90m[1mreimport[22m | Preparing files to reimport...[39m[0m
[  79% ] [90m[1mreimport[22m | Preparing files to reimport...[39m[0m
[  80% ] [90m[1mreimport[22m | Preparing files to reimport...[39m[0m
[  80% ] [90m[1mreimport[22m | Preparing files to reimport...[39m[0m
[  80% ] [90m[1mreimport[22m | Preparing files to reimport...[39m[0m
[  80% ] [90m[1mreimport[22m | Preparing files to reimport...[39m[0m
[  80% ] [90m[1mreimport[22m | Preparing files to reimport...[39m[0m
[  81% ] [90m[1mreimport[22m | Preparing files to reimport...[39m[0m
[  81% ] [90m[1mreimport[22m | Preparing files to reimport...[39m[0m
[  81% ] [90m[1mreimport[22m | Preparing files to reimport...[39m[0m
[  81% ] [90m[1mreimport[22m | Preparing files to reimport...[39m[0m
[  81% ] [90m[1mreimport[22m | Preparing files to reimport...[39m[0m
[  82% ] [90m[1mreimport[22m | Preparing files to reimport...[39m[0m
[  82% ] [90m[1mreimport[22m | Preparing files to reimport...[39m[0m
[  82% ] [90m[1mreimport[22m | Preparing files to reimport...[39m[0m
[  82% ] [90m[1mreimport[22m | Preparing files to reimport...[39m[0m
[  82% ] [90m[1mreimport[22m | Preparing files to reimport...[39m[0m
[  83% ] [90m[1mreimport[22m | Preparing files to reimport...[39m[0m
[  83% ] [90m[1mreimport[22m | Preparing files to reimport...[39m[0m
[  83% ] [90m[1mreimport[22m | Preparing files to reimport...[39m[0m
[  83% ] [90m[1mreimport[22m | Preparing files to reimport...[39m[0m
[  83% ] [90m[1mreimport[22m | Preparing files to reimport...[39m[0m
[  84% ] [90m[1mreimport[22m | Preparing files to reimport...[39m[0m
[  84% ] [90m[1mreimport[22m | Preparing files to reimport...[39m[0m
[  84% ] [90m[1mreimport[22m | Preparing files to reimport...[39m[0m
[  84% ] [90m[1mreimport[22m | Preparing files to reimport...[39m[0m
[  84% ] [90m[1mreimport[22m | Preparing files to reimport...[39m[0m
[  85% ] [90m[1mreimport[22m | Preparing files to reimport...[39m[0m
[  85% ] [90m[1mreimport[22m | Preparing files to reimport...[39m[0m
[  85% ] [90m[1mreimport[22m | Preparing files to reimport...[39m[0m
[  85% ] [90m[1mreimport[22m | Preparing files to reimport...[39m[0m
[  86% ] [90m[1mreimport[22m | Preparing files to reimport...[39m[0m
[  86% ] [90m[1mreimport[22m | Preparing files to reimport...[39m[0m
[  86% ] [90m[1mreimport[22m | Preparing files to reimport...[39m[0m
[  86% ] [90m[1mreimport[22m | Preparing files to reimport...[39m[0m
[  86% ] [90m[1mreimport[22m | Preparing files to reimport...[39m[0m
[  87% ] [90m[1mreimport[22m | Preparing files to reimport...[39m[0m
[  87% ] [90m[1mreimport[22m | Preparing files to reimport...[39m[0m
[  87% ] [90m[1mreimport[22m | Preparing files to reimport...[39m[0m
[  87% ] [90m[1mreimport[22m | Preparing files to reimport...[39m[0m
[  87% ] [90m[1mreimport[22m | Preparing files to reimport...[39m[0m
[  88% ] [90m[1mreimport[22m | Preparing files to reimport...[39m[0m
[  88% ] [90m[1mreimport[22m | Preparing files to reimport...[39m[0m
[  88% ] [90m[1mreimport[22m | Preparing files to reimport...[39m[0m
[  88% ] [90m[1mreimport[22m | Preparing files to reimport...[39m[0m
[  88% ] [90m[1mreimport[22m | Preparing files to reimport...[39m[0m
[  89% ] [90m[1mreimport[22m | Preparing files to reimport...[39m[0m
[  89% ] [90m[1mreimport[22m | Preparing files to reimport...[39m[0m
[  89% ] [90m[1mreimport[22m | Preparing files to reimport...[39m[0m
[  89% ] [90m[1mreimport[22m | Preparing files to reimport...[39m[0m
[  89% ] [90m[1mreimport[22m | Preparing files to reimport...[39m[0m
[  90% ] [90m[1mreimport[22m | Preparing files to reimport...[39m[0m
[  90% ] [90m[1mreimport[22m | Preparing files to reimport...[39m[0m
[  90% ] [90m[1mreimport[22m | Preparing files to reimport...[39m[0m
[  90% ] [90m[1mreimport[22m | Preparing files to reimport...[39m[0m
[  90% ] [90m[1mreimport[22m | Preparing files to reimport...[39m[0m
[  91% ] [90m[1mreimport[22m | Preparing files to reimport...[39m[0m
[  91% ] [90m[1mreimport[22m | Preparing files to reimport...[39m[0m
[  91% ] [90m[1mreimport[22m | Preparing files to reimport...[39m[0m
[  91% ] [90m[1mreimport[22m | Preparing files to reimport...[39m[0m
[  91% ] [90m[1mreimport[22m | Preparing files to reimport...[39m[0m
[  92% ] [90m[1mreimport[22m | Preparing files to reimport...[39m[0m
[  92% ] [90m[1mreimport[22m | Preparing files to reimport...[39m[0m
[  92% ] [90m[1mreimport[22m | Preparing files to reimport...[39m[0m
[  92% ] [90m[1mreimport[22m | Preparing files to reimport...[39m[0m
[  93% ] [90m[1mreimport[22m | Preparing files to reimport...[39m[0m
[  93% ] [90m[1mreimport[22m | Preparing files to reimport...[39m[0m
[  93% ] [90m[1mreimport[22m | Preparing files to reimport...[39m[0m
[  93% ] [90m[1mreimport[22m | Preparing files to reimport...[39m[0m
[  93% ] [90m[1mreimport[22m | Preparing files to reimport...[39m[0m
[  94% ] [90m[1mreimport[22m | Preparing files to reimport...[39m[0m
[  94% ] [90m[1mreimport[22m | Preparing files to reimport...[39m[0m
[  94% ] [90m[1mreimport[22m | Preparing files to reimport...[39m[0m
[  94% ] [90m[1mreimport[22m | Preparing files to reimport...[39m[0m
[  94% ] [90m[1mreimport[22m | Preparing files to reimport...[39m[0m
[  95% ] [90m[1mreimport[22m | Preparing files to reimport...[39m[0m
[  95% ] [90m[1mreimport[22m | Preparing files to reimport...[39m[0m
[  95% ] [90m[1mreimport[22m | Preparing files to reimport...[39m[0m
[  95% ] [90m[1mreimport[22m | Preparing files to reimport...[39m[0m
[  95% ] [90m[1mreimport[22m | Preparing files to reimport...[39m[0m
[  96% ] [90m[1mreimport[22m | Preparing files to reimport...[39m[0m
[  96% ] [90m[1mreimport[22m | Preparing files to reimport...[39m[0m
[  96% ] [90m[1mreimport[22m | Preparing files to reimport...[39m[0m
[  96% ] [90m[1mreimport[22m | Preparing files to reimport...[39m[0m
[  96% ] [90m[1mreimport[22m | Preparing files to reimport...[39m[0m
[  97% ] [90m[1mreimport[22m | Preparing files to reimport...[39m[0m
[  97% ] [90m[1mreimport[22m | Preparing files to reimport...[39m[0m
[  97% ] [90m[1mreimport[22m | Preparing files to reimport...[39m[0m
[  97% ] [90m[1mreimport[22m | Preparing files to reimport...[39m[0m
[  97% ] [90m[1mreimport[22m | Preparing files to reimport...[39m[0m
[  98% ] [90m[1mreimport[22m | Preparing files to reimport...[39m[0m
[  98% ] [90m[1mreimport[22m | Preparing files to reimport...[39m[0m
[  98% ] [90m[1mreimport[22m | Preparing files to reimport...[39m[0m
[  98% ] [90m[1mreimport[22m | Preparing files to reimport...[39m[0m
[  98% ] [90m[1mreimport[22m | Preparing files to reimport...[39m[0m
[  99% ] [90m[1mreimport[22m | Preparing files to reimport...[39m[0m
[  99% ] [90m[1mreimport[22m | Preparing files to reimport...[39m[0m
[  99% ] [90m[1mreimport[22m | Preparing files to reimport...[39m[0m
[   0% ] [90m[1mreimport[22m | Executing pre-reimport operations...[39m[0m
[   0% ] [90m[1mpreload_reimporting_scene[22m | Started Preparing scenes for reload (1 steps)[39m[0m
[   0% ] [90m[1mpreload_reimporting_scene[22m | Analyzing scene [empty][39m[0m
[  50% ] [90m[1mpreload_reimporting_scene[22m | Preparation done.[39m[0m
[92m[ DONE ][39m [1mpreload_reimporting_scene[22m
[0m
[   0% ] [90m[1mreimport[22m | SITE_stage_MAT_painted_mountains_2-back.png[39m[0m
[   0% ] [90m[1mreimport[22m | SITE_stage_MAT_painted_mountains_1-front.png[39m[0m
[   0% ] [90m[1mreimport[22m | SITE_stage_MAT_painted_mountains_1-back.png[39m[0m
[   0% ] [90m[1mreimport[22m | SITE_stage_MAT_painted_mountains_0-front.png[39m[0m
[   0% ] [90m[1mreimport[22m | SITE_stage_MAT_painted_mountains_0-back.png[39m[0m
[   1% ] [90m[1mreimport[22m | SITE_stage_MAT_painted_moon-front.png[39m[0m
[   1% ] [90m[1mreimport[22m | SITE_stage_MAT_painted_moon-back.png[39m[0m
[   1% ] [90m[1mreimport[22m | garden-of-dreams_yihong-yuan-title.png[39m[0m
[   1% ] [90m[1mreimport[22m | garden-of-dreams_xiaoxiang-guan-title.png[39m[0m
[   1% ] [90m[1mreimport[22m | garden-of-dreams_wall_orm.png[39m[0m
[   2% ] [90m[1mreimport[22m | garden-of-dreams_wall_normal.png[39m[0m
[   2% ] [90m[1mreimport[22m | garden-of-dreams_wall_basecolor.png[39m[0m
[   2% ] [90m[1mreimport[22m | garden-of-dreams_tubi-title.png[39m[0m
[   2% ] [90m[1mreimport[22m | garden-of-dreams_tech-orm.png[39m[0m
[   2% ] [90m[1mreimport[22m | garden-of-dreams_tech-emission.png[39m[0m
[   3% ] [90m[1mreimport[22m | garden-of-dreams_tech-basecolor.png[39m[0m
[   3% ] [90m[1mreimport[22m | garden-of-dreams_stage-orm.png[39m[0m
[   3% ] [90m[1mreimport[22m | garden-of-dreams_stage-basecolor.png[39m[0m
[   3% ] [90m[1mreimport[22m | garden-of-dreams_qinfang-ting-title.png[39m[0m
[   3% ] [90m[1mreimport[22m | garden-of-dreams_props-orm.png[39m[0m
[   4% ] [90m[1mreimport[22m | garden-of-dreams_props-emission.png[39m[0m
[   4% ] [90m[1mreimport[22m | garden-of-dreams_props-basecolor.png[39m[0m
[   4% ] [90m[1mreimport[22m | garden-of-dreams_plum-scroll.png[39m[0m
[   4% ] [90m[1mreimport[22m | garden-of-dreams_pavilion_orm.png[39m[0m
[   4% ] [90m[1mreimport[22m | garden-of-dreams_pavilion_normal.png[39m[0m
[   5% ] [90m[1mreimport[22m | garden-of-dreams_pavilion_basecolor.png[39m[0m
[   5% ] [90m[1mreimport[22m | garden-of-dreams_mountain-paint.png[39m[0m
[   5% ] [90m[1mreimport[22m | garden-of-dreams_moon-paint.png[39m[0m
[   5% ] [90m[1mreimport[22m | SITE_aojing-guan_MAT_backstage.png[39m[0m
[   5% ] [90m[1mreimport[22m | HERO_table_pedestal.001.png[39m[0m
[   6% ] [90m[1mreimport[22m | HERO_table_line_6_solid.001.png[39m[0m
[   6% ] [90m[1mreimport[22m | HERO_table_line_6_broken.001.png[39m[0m
[   6% ] [90m[1mreimport[22m | HERO_table_line_5_solid.001.png[39m[0m
[   6% ] [90m[1mreimport[22m | HERO_table_line_5_broken.001.png[39m[0m
[   6% ] [90m[1mreimport[22m | HERO_table_line_4_solid.001.png[39m[0m
[   7% ] [90m[1mreimport[22m | HERO_table_line_4_broken.001.png[39m[0m
[   7% ] [90m[1mreimport[22m | HERO_table_line_3_solid.001.png[39m[0m
[   7% ] [90m[1mreimport[22m | HERO_table_line_3_broken.001.png[39m[0m
[   7% ] [90m[1mreimport[22m | HERO_table_line_2_solid.001.png[39m[0m
[   8% ] [90m[1mreimport[22m | HERO_table_line_2_broken.001.png[39m[0m
[   8% ] [90m[1mreimport[22m | HERO_table_line_1_solid.001.png[39m[0m
[   8% ] [90m[1mreimport[22m | HERO_table_line_1_broken.001.png[39m[0m
[   8% ] [90m[1mreimport[22m | HERO_table_hexagram.001.png[39m[0m
[   8% ] [90m[1mreimport[22m | HERO_study_scroll_plum.001.png[39m[0m
[   9% ] [90m[1mreimport[22m | HERO_study_scroll_bamboo.001.png[39m[0m
[   9% ] [90m[1mreimport[22m | HERO_qinfang_bridge.001.png[39m[0m
[   9% ] [90m[1mreimport[22m | HERO_gate_water_drips.001.png[39m[0m
[   9% ] [90m[1mreimport[22m | SITE_terminal-cells_MAT_terminal_scroll.png[39m[0m
[   9% ] [90m[1mreimport[22m | SITE_terminal-cells_MAT_tech_atlas.png[39m[0m
[  10% ] [90m[1mreimport[22m | SITE_terminal-cells_MAT_stage_atlas.png[39m[0m
[  10% ] [90m[1mreimport[22m | SITE_terminal-cells_MAT_props_atlas.png[39m[0m
[  10% ] [90m[1mreimport[22m | SITE_terminal-cells_MAT_plaster_rock.png[39m[0m
[  10% ] [90m[1mreimport[22m | SITE_terminal-cells_MAT_lattice_wood.png[39m[0m
[  10% ] [90m[1mreimport[22m | SITE_terminal-cells_MAT_backstage.png[39m[0m
[  11% ] [90m[1mreimport[22m | SITE_stage_MAT_stage_cyclorama_moonlit_MAT_stage_atlas-front.png[39m[0m
[  11% ] [90m[1mreimport[22m | SITE_stage_MAT_stage_canopy_paint-front.png[39m[0m
[  11% ] [90m[1mreimport[22m | SITE_stage_MAT_painted_mountains_2-front.png[39m[0m
[  11% ] [90m[1mreimport[22m | KIT_water_embankment_pavilion_basecolor.png[39m[0m
[  11% ] [90m[1mreimport[22m | KIT_water_embankment_LOD1_pavilion_orm.png[39m[0m
[  12% ] [90m[1mreimport[22m | KIT_water_embankment_LOD1_pavilion_normal.png[39m[0m
[  12% ] [90m[1mreimport[22m | KIT_water_embankment_LOD1_pavilion_basecolor.png[39m[0m
[  12% ] [90m[1mreimport[22m | KIT_wall_window_square_wall_orm.png[39m[0m
[  12% ] [90m[1mreimport[22m | KIT_wall_window_square_wall_normal.png[39m[0m
[  12% ] [90m[1mreimport[22m | KIT_wall_window_square_wall_basecolor.png[39m[0m
[  13% ] [90m[1mreimport[22m | KIT_wall_window_square_LOD1_wall_orm.png[39m[0m
[  13% ] [90m[1mreimport[22m | KIT_wall_window_square_LOD1_wall_normal.png[39m[0m
[  13% ] [90m[1mreimport[22m | KIT_wall_window_square_LOD1_wall_basecolor.png[39m[0m
[  13% ] [90m[1mreimport[22m | KIT_wall_window_ice_wall_orm.png[39m[0m
[  13% ] [90m[1mreimport[22m | KIT_wall_window_ice_wall_normal.png[39m[0m
[  14% ] [90m[1mreimport[22m | KIT_wall_window_ice_wall_basecolor.png[39m[0m
[  14% ] [90m[1mreimport[22m | KIT_wall_window_ice_LOD1_wall_orm.png[39m[0m
[  14% ] [90m[1mreimport[22m | KIT_wall_window_ice_LOD1_wall_normal.png[39m[0m
[  14% ] [90m[1mreimport[22m | KIT_wall_window_ice_LOD1_wall_basecolor.png[39m[0m
[  15% ] [90m[1mreimport[22m | KIT_wall_window_hex_wall_orm.png[39m[0m
[  15% ] [90m[1mreimport[22m | KIT_wall_window_hex_wall_normal.png[39m[0m
[  15% ] [90m[1mreimport[22m | KIT_wall_window_hex_wall_basecolor.png[39m[0m
[  15% ] [90m[1mreimport[22m | KIT_wall_window_hex_LOD1_wall_orm.png[39m[0m
[  15% ] [90m[1mreimport[22m | KIT_wall_window_hex_LOD1_wall_normal.png[39m[0m
[  16% ] [90m[1mreimport[22m | KIT_wall_window_hex_LOD1_wall_basecolor.png[39m[0m
[  16% ] [90m[1mreimport[22m | KIT_wall_window_diamond_wall_orm.png[39m[0m
[  16% ] [90m[1mreimport[22m | KIT_wall_window_diamond_wall_normal.png[39m[0m
[  16% ] [90m[1mreimport[22m | KIT_wall_window_diamond_wall_basecolor.png[39m[0m
[  16% ] [90m[1mreimport[22m | KIT_wall_window_diamond_LOD1_wall_orm.png[39m[0m
[  17% ] [90m[1mreimport[22m | KIT_wall_window_diamond_LOD1_wall_normal.png[39m[0m
[  17% ] [90m[1mreimport[22m | KIT_wall_window_diamond_LOD1_wall_basecolor.png[39m[0m
[  17% ] [90m[1mreimport[22m | garden-of-dreams_longcui-an-title.png[39m[0m
[  17% ] [90m[1mreimport[22m | garden-of-dreams_hengwu-yuan-title.png[39m[0m
[  17% ] [90m[1mreimport[22m | garden-of-dreams_hall-title.png[39m[0m
[  18% ] [90m[1mreimport[22m | garden-of-dreams_gate-water-drips.png[39m[0m
[  18% ] [90m[1mreimport[22m | garden-of-dreams_gate-inscription.png[39m[0m
[  18% ] [90m[1mreimport[22m | garden-of-dreams_gate-inscription-normal.png[39m[0m
[  18% ] [90m[1mreimport[22m | garden-of-dreams_fog-mask.png[39m[0m
[  18% ] [90m[1mreimport[22m | garden-of-dreams_flora-basecolor.png[39m[0m
[  19% ] [90m[1mreimport[22m | garden-of-dreams_daoxiang-paddy-v1.png[39m[0m
[  19% ] [90m[1mreimport[22m | garden-of-dreams_daoxiang-cun-title.png[39m[0m
[  19% ] [90m[1mreimport[22m | garden-of-dreams_daguan-title.png[39m[0m
[  19% ] [90m[1mreimport[22m | garden-of-dreams_cyclorama-painted.png[39m[0m
[  19% ] [90m[1mreimport[22m | garden-of-dreams_cyclorama-moonlit.png[39m[0m
[  20% ] [90m[1mreimport[22m | garden-of-dreams_bamboo-scroll.png[39m[0m
[  20% ] [90m[1mreimport[22m | garden-of-dreams_aojing-guan-title.png[39m[0m
[  20% ] [90m[1mreimport[22m | KIT_water_wood_bridge_pavilion_orm.png[39m[0m
[  20% ] [90m[1mreimport[22m | KIT_water_wood_bridge_pavilion_normal.png[39m[0m
[  20% ] [90m[1mreimport[22m | KIT_water_wood_bridge_pavilion_basecolor.png[39m[0m
[  21% ] [90m[1mreimport[22m | KIT_water_wood_bridge_LOD1_pavilion_orm.png[39m[0m
[  21% ] [90m[1mreimport[22m | KIT_water_wood_bridge_LOD1_pavilion_normal.png[39m[0m
[  21% ] [90m[1mreimport[22m | KIT_water_wood_bridge_LOD1_pavilion_basecolor.png[39m[0m
[  21% ] [90m[1mreimport[22m | KIT_water_stone_bridge_pavilion_orm.png[39m[0m
[  22% ] [90m[1mreimport[22m | KIT_water_stone_bridge_pavilion_normal.png[39m[0m
[  22% ] [90m[1mreimport[22m | KIT_water_stone_bridge_pavilion_basecolor.png[39m[0m
[  22% ] [90m[1mreimport[22m | KIT_water_stone_bridge_LOD1_pavilion_orm.png[39m[0m
[  22% ] [90m[1mreimport[22m | KIT_water_stone_bridge_LOD1_pavilion_normal.png[39m[0m
[  22% ] [90m[1mreimport[22m | KIT_water_stone_bridge_LOD1_pavilion_basecolor.png[39m[0m
[  23% ] [90m[1mreimport[22m | KIT_water_embankment_pavilion_orm.png[39m[0m
[  23% ] [90m[1mreimport[22m | KIT_water_embankment_pavilion_normal.png[39m[0m
[  23% ] [90m[1mreimport[22m | SITE_tubi-tang_MAT_rooftile.png[39m[0m
[  23% ] [90m[1mreimport[22m | SITE_tubi-tang_MAT_props_atlas.png[39m[0m
[  23% ] [90m[1mreimport[22m | SITE_tubi-tang_MAT_plaster_rock.png[39m[0m
[  24% ] [90m[1mreimport[22m | SITE_tubi-tang_MAT_lattice_wood.png[39m[0m
[  24% ] [90m[1mreimport[22m | SITE_tubi-tang_MAT_lantern.png[39m[0m
[  24% ] [90m[1mreimport[22m | SITE_tubi-tang_MAT_crt_amber.png[39m[0m
[  24% ] [90m[1mreimport[22m | SITE_tubi-tang_MAT_bronze.png[39m[0m
[  24% ] [90m[1mreimport[22m | SITE_tubi-tang_MAT_backstage.png[39m[0m
[  25% ] [90m[1mreimport[22m | SITE_terminal-cells_MAT_terminal_scroll.png[39m[0m
[  25% ] [90m[1mreimport[22m | SITE_terminal-cells_MAT_tech_atlas.png[39m[0m
[  25% ] [90m[1mreimport[22m | SITE_terminal-cells_MAT_stage_atlas.png[39m[0m
[  25% ] [90m[1mreimport[22m | SITE_terminal-cells_MAT_props_atlas.png[39m[0m
[  25% ] [90m[1mreimport[22m | SITE_terminal-cells_MAT_plaster_rock.png[39m[0m
[  26% ] [90m[1mreimport[22m | SITE_terminal-cells_MAT_lattice_wood.png[39m[0m
[  26% ] [90m[1mreimport[22m | SITE_terminal-cells_MAT_backstage.png[39m[0m
[  26% ] [90m[1mreimport[22m | SITE_stage_MAT_stage_canvas.png[39m[0m
[  26% ] [90m[1mreimport[22m | SITE_stage_MAT_plaster_rock.png[39m[0m
[  26% ] [90m[1mreimport[22m | SITE_stage_MAT_painted_mountains_2.png[39m[0m
[  27% ] [90m[1mreimport[22m | SITE_stage_MAT_painted_mountains_1.png[39m[0m
[  27% ] [90m[1mreimport[22m | SITE_stage_MAT_painted_mountains_0.png[39m[0m
[  27% ] [90m[1mreimport[22m | SITE_stage_MAT_painted_moon.png[39m[0m
[  27% ] [90m[1mreimport[22m | SITE_stage_MAT_lattice_wood.png[39m[0m
[  27% ] [90m[1mreimport[22m | SITE_stage_MAT_backstage.png[39m[0m
[  28% ] [90m[1mreimport[22m | SITE_rockery-gate_MAT_props_atlas.png[39m[0m
[  28% ] [90m[1mreimport[22m | SITE_rockery-gate_MAT_plaster_rock.png[39m[0m
[  28% ] [90m[1mreimport[22m | SITE_rockery-gate_MAT_pavilion_atlas.png[39m[0m
[  28% ] [90m[1mreimport[22m | SITE_rockery-gate_MAT_lattice_wood.png[39m[0m
[  29% ] [90m[1mreimport[22m | SITE_rockery-gate_MAT_foliage_card.png[39m[0m
[  29% ] [90m[1mreimport[22m | cycles-unit-sun.png[39m[0m
[  29% ] [90m[1mreimport[22m | water-normal.png[39m[0m
[  29% ] [90m[1mreimport[22m | tech-noir-atlas.png[39m[0m
[  29% ] [90m[1mreimport[22m | fog-mask.png[39m[0m
[  30% ] [90m[1mreimport[22m | stage-orm.png[39m[0m
[  30% ] [90m[1mreimport[22m | stage-basecolor.png[39m[0m
[  30% ] [90m[1mreimport[22m | mountain-paint.png[39m[0m
[  30% ] [90m[1mreimport[22m | cyclorama-moonlit.png[39m[0m
[  30% ] [90m[1mreimport[22m | cyclorama-mist.png[39m[0m
[  31% ] [90m[1mreimport[22m | cyclorama-dusk.png[39m[0m
[  31% ] [90m[1mreimport[22m | SITE_ziling-zhou_MAT_plaster_rock.png[39m[0m
[  31% ] [90m[1mreimport[22m | SITE_ziling-zhou_MAT_pavilion_atlas.png[39m[0m
[  31% ] [90m[1mreimport[22m | SITE_ziling-zhou_MAT_lotus_leaf.png[39m[0m
[  31% ] [90m[1mreimport[22m | SITE_yihong-yuan_MAT_yihong_lacquer.png[39m[0m
[  32% ] [90m[1mreimport[22m | SITE_yihong-yuan_MAT_rooftile.png[39m[0m
[  32% ] [90m[1mreimport[22m | SITE_yihong-yuan_MAT_plaster_rock.png[39m[0m
[  32% ] [90m[1mreimport[22m | SITE_yihong-yuan_MAT_lattice_wood.png[39m[0m
[  32% ] [90m[1mreimport[22m | SITE_yihong-yuan_MAT_crt_amber.png[39m[0m
[  32% ] [90m[1mreimport[22m | SITE_yihong-yuan_MAT_bronze.png[39m[0m
[  33% ] [90m[1mreimport[22m | SITE_yihong-yuan_MAT_backstage.png[39m[0m
[  33% ] [90m[1mreimport[22m | SITE_xiaoxiang-guan_MAT_whitewash.png[39m[0m
[  33% ] [90m[1mreimport[22m | SITE_xiaoxiang-guan_MAT_rooftile.png[39m[0m
[  33% ] [90m[1mreimport[22m | SITE_xiaoxiang-guan_MAT_plaster_rock.png[39m[0m
[  33% ] [90m[1mreimport[22m | SITE_xiaoxiang-guan_MAT_lattice_wood.png[39m[0m
[  34% ] [90m[1mreimport[22m | SITE_xiaoxiang-guan_MAT_crt_amber.png[39m[0m
[  34% ] [90m[1mreimport[22m | SITE_xiaoxiang-guan_MAT_bronze.png[39m[0m
[  34% ] [90m[1mreimport[22m | SITE_xiaoxiang-guan_MAT_backstage.png[39m[0m
[  34% ] [90m[1mreimport[22m | SITE_tubi-tang_MAT_whitewash.png[39m[0m
[  34% ] [90m[1mreimport[22m | SITE_tubi-tang_MAT_tubi_terrace_plaster.png[39m[0m
[  35% ] [90m[1mreimport[22m | SITE_hengwu-yuan_MAT_props_atlas.png[39m[0m
[  35% ] [90m[1mreimport[22m | SITE_hengwu-yuan_MAT_plaster_rock.png[39m[0m
[  35% ] [90m[1mreimport[22m | SITE_hengwu-yuan_MAT_lattice_wood.png[39m[0m
[  35% ] [90m[1mreimport[22m | SITE_hengwu-yuan_MAT_foliage_card.png[39m[0m
[  36% ] [90m[1mreimport[22m | SITE_hengwu-yuan_MAT_crt_amber.png[39m[0m
[  36% ] [90m[1mreimport[22m | SITE_hengwu-yuan_MAT_bronze.png[39m[0m
[  36% ] [90m[1mreimport[22m | SITE_hengwu-yuan_MAT_backstage.png[39m[0m
[  36% ] [90m[1mreimport[22m | SITE_daoxiang-cun_MAT_whitewash.png[39m[0m
[  36% ] [90m[1mreimport[22m | SITE_daoxiang-cun_MAT_thatch.png[39m[0m
[  37% ] [90m[1mreimport[22m | SITE_daoxiang-cun_MAT_plaster_rock.png[39m[0m
[  37% ] [90m[1mreimport[22m | SITE_daoxiang-cun_MAT_paddy_painted_texture.png[39m[0m
[  37% ] [90m[1mreimport[22m | SITE_daoxiang-cun_MAT_lattice_wood.png[39m[0m
[  37% ] [90m[1mreimport[22m | SITE_daoxiang-cun_MAT_crt_amber.png[39m[0m
[  37% ] [90m[1mreimport[22m | SITE_daoxiang-cun_MAT_bronze.png[39m[0m
[  38% ] [90m[1mreimport[22m | SITE_daoxiang-cun_MAT_backstage.png[39m[0m
[  38% ] [90m[1mreimport[22m | SITE_daguan-lou_MAT_whitewash.png[39m[0m
[  38% ] [90m[1mreimport[22m | SITE_daguan-lou_MAT_rooftile.png[39m[0m
[  38% ] [90m[1mreimport[22m | SITE_daguan-lou_MAT_plaster_rock.png[39m[0m
[  38% ] [90m[1mreimport[22m | SITE_daguan-lou_MAT_lattice_wood.png[39m[0m
[  39% ] [90m[1mreimport[22m | SITE_daguan-lou_MAT_daguan_recess.png[39m[0m
[  39% ] [90m[1mreimport[22m | SITE_daguan-lou_MAT_daguan_lacquer.png[39m[0m
[  39% ] [90m[1mreimport[22m | SITE_daguan-lou_MAT_crt_amber.png[39m[0m
[  39% ] [90m[1mreimport[22m | SITE_daguan-lou_MAT_bronze.png[39m[0m
[  39% ] [90m[1mreimport[22m | SITE_daguan-lou_MAT_backstage.png[39m[0m
[  40% ] [90m[1mreimport[22m | SITE_aojing-guan_MAT_whitewash.png[39m[0m
[  40% ] [90m[1mreimport[22m | SITE_aojing-guan_MAT_rooftile.png[39m[0m
[  40% ] [90m[1mreimport[22m | SITE_aojing-guan_MAT_plaster_rock.png[39m[0m
[  40% ] [90m[1mreimport[22m | SITE_aojing-guan_MAT_lattice_wood.png[39m[0m
[  40% ] [90m[1mreimport[22m | SITE_aojing-guan_MAT_crt_amber.png[39m[0m
[  41% ] [90m[1mreimport[22m | SITE_qiushuang-zhai_MAT_whitewash.png[39m[0m
[  41% ] [90m[1mreimport[22m | SITE_qiushuang-zhai_MAT_tech_atlas.png[39m[0m
[  41% ] [90m[1mreimport[22m | SITE_qiushuang-zhai_MAT_rooftile.png[39m[0m
[  41% ] [90m[1mreimport[22m | SITE_qiushuang-zhai_MAT_props_atlas.png[39m[0m
[  41% ] [90m[1mreimport[22m | SITE_qiushuang-zhai_MAT_plaster_rock.png[39m[0m
[  42% ] [90m[1mreimport[22m | SITE_qiushuang-zhai_MAT_lattice_wood.png[39m[0m
[  42% ] [90m[1mreimport[22m | SITE_qiushuang-zhai_MAT_bronze.png[39m[0m
[  42% ] [90m[1mreimport[22m | SITE_qiushuang-zhai_MAT_backstage.png[39m[0m
[  42% ] [90m[1mreimport[22m | SITE_qinfang-ting_MAT_props_atlas.png[39m[0m
[  43% ] [90m[1mreimport[22m | SITE_qinfang-ting_MAT_plaster_rock.png[39m[0m
[  43% ] [90m[1mreimport[22m | SITE_qinfang-ting_MAT_pavilion_atlas.png[39m[0m
[  43% ] [90m[1mreimport[22m | SITE_qinfang-ting_MAT_lotus_leaf.png[39m[0m
[  43% ] [90m[1mreimport[22m | SITE_qinfang-ting_MAT_lattice_wood.png[39m[0m
[  43% ] [90m[1mreimport[22m | SITE_ouxiang-xie_MAT_rooftile.png[39m[0m
[  44% ] [90m[1mreimport[22m | SITE_ouxiang-xie_MAT_props_atlas.png[39m[0m
[  44% ] [90m[1mreimport[22m | SITE_ouxiang-xie_MAT_plaster_rock.png[39m[0m
[  44% ] [90m[1mreimport[22m | SITE_ouxiang-xie_MAT_lotus_leaf.png[39m[0m
[  44% ] [90m[1mreimport[22m | SITE_ouxiang-xie_MAT_lattice_wood.png[39m[0m
[  44% ] [90m[1mreimport[22m | SITE_ouxiang-xie_MAT_bronze.png[39m[0m
[  45% ] [90m[1mreimport[22m | SITE_longcui-an_MAT_whitewash.png[39m[0m
[  45% ] [90m[1mreimport[22m | SITE_longcui-an_MAT_rooftile.png[39m[0m
[  45% ] [90m[1mreimport[22m | SITE_longcui-an_MAT_props_atlas.png[39m[0m
[  45% ] [90m[1mreimport[22m | SITE_longcui-an_MAT_plaster_rock.png[39m[0m
[  45% ] [90m[1mreimport[22m | SITE_longcui-an_MAT_lattice_wood.png[39m[0m
[  46% ] [90m[1mreimport[22m | SITE_longcui-an_MAT_bronze.png[39m[0m
[  46% ] [90m[1mreimport[22m | SITE_longcui-an_MAT_backstage.png[39m[0m
[  46% ] [90m[1mreimport[22m | SITE_hengwu-yuan_MAT_whitewash.png[39m[0m
[  46% ] [90m[1mreimport[22m | SITE_hengwu-yuan_MAT_wall_atlas.png[39m[0m
[  46% ] [90m[1mreimport[22m | SITE_hengwu-yuan_MAT_rooftile.png[39m[0m
[  47% ] [90m[1mreimport[22m | KIT_pavilion_bracket_LOD1_pavilion_normal.png[39m[0m
[  47% ] [90m[1mreimport[22m | KIT_rockery_medium_pavilion_orm.png[39m[0m
[  47% ] [90m[1mreimport[22m | KIT_rockery_medium_pavilion_normal.png[39m[0m
[  47% ] [90m[1mreimport[22m | KIT_rockery_medium_pavilion_basecolor.png[39m[0m
[  47% ] [90m[1mreimport[22m | KIT_rockery_medium_LOD1_pavilion_orm.png[39m[0m
[  48% ] [90m[1mreimport[22m | KIT_rockery_medium_LOD1_pavilion_normal.png[39m[0m
[  48% ] [90m[1mreimport[22m | KIT_rockery_medium_LOD1_pavilion_basecolor.png[39m[0m
[  48% ] [90m[1mreimport[22m | KIT_pavilion_bracket_LOD1_pavilion_orm.png[39m[0m
[  48% ] [90m[1mreimport[22m | KIT_pavilion_bracket_pavilion_basecolor.png[39m[0m
[  48% ] [90m[1mreimport[22m | KIT_rockery_large_pavilion_orm.png[39m[0m
[  49% ] [90m[1mreimport[22m | KIT_rockery_large_pavilion_normal.png[39m[0m
[  49% ] [90m[1mreimport[22m | KIT_rockery_large_pavilion_basecolor.png[39m[0m
[  49% ] [90m[1mreimport[22m | KIT_rockery_large_LOD1_pavilion_orm.png[39m[0m
[  49% ] [90m[1mreimport[22m | KIT_rockery_large_LOD1_pavilion_normal.png[39m[0m
[  50% ] [90m[1mreimport[22m | KIT_rockery_large_LOD1_pavilion_basecolor.png[39m[0m
[  50% ] [90m[1mreimport[22m | KIT_pavilion_bracket_pavilion_normal.png[39m[0m
[  50% ] [90m[1mreimport[22m | KIT_pavilion_bracket_pavilion_orm.png[39m[0m
[  50% ] [90m[1mreimport[22m | KIT_rockery_cliff_pavilion_orm.png[39m[0m
[  50% ] [90m[1mreimport[22m | KIT_pavilion_bench_LOD1_pavilion_basecolor.png[39m[0m
[  51% ] [90m[1mreimport[22m | KIT_pavilion_bench_LOD1_pavilion_normal.png[39m[0m
[  51% ] [90m[1mreimport[22m | KIT_pavilion_bench_LOD1_pavilion_orm.png[39m[0m
[  51% ] [90m[1mreimport[22m | KIT_pavilion_bench_pavilion_basecolor.png[39m[0m
[  51% ] [90m[1mreimport[22m | KIT_pavilion_bench_pavilion_normal.png[39m[0m
[  51% ] [90m[1mreimport[22m | KIT_pavilion_bench_pavilion_orm.png[39m[0m
[  52% ] [90m[1mreimport[22m | KIT_rockery_tunnel_pavilion_orm.png[39m[0m
[  52% ] [90m[1mreimport[22m | KIT_rockery_tunnel_pavilion_normal.png[39m[0m
[  52% ] [90m[1mreimport[22m | KIT_rockery_tunnel_pavilion_basecolor.png[39m[0m
[  52% ] [90m[1mreimport[22m | KIT_rockery_tunnel_LOD1_pavilion_orm.png[39m[0m
[  52% ] [90m[1mreimport[22m | KIT_rockery_tunnel_LOD1_pavilion_normal.png[39m[0m
[  53% ] [90m[1mreimport[22m | KIT_rockery_tunnel_LOD1_pavilion_basecolor.png[39m[0m
[  53% ] [90m[1mreimport[22m | KIT_rockery_small_pavilion_orm.png[39m[0m
[  53% ] [90m[1mreimport[22m | KIT_rockery_small_pavilion_normal.png[39m[0m
[  53% ] [90m[1mreimport[22m | KIT_rockery_small_pavilion_basecolor.png[39m[0m
[  53% ] [90m[1mreimport[22m | KIT_rockery_small_LOD1_pavilion_orm.png[39m[0m
[  54% ] [90m[1mreimport[22m | KIT_rockery_small_LOD1_pavilion_normal.png[39m[0m
[  54% ] [90m[1mreimport[22m | KIT_rockery_small_LOD1_pavilion_basecolor.png[39m[0m
[  54% ] [90m[1mreimport[22m | KIT_pavilion_bracket_LOD1_pavilion_basecolor.png[39m[0m
[  54% ] [90m[1mreimport[22m | KIT_pavilion_eave_strip_pavilion_orm.png[39m[0m
[  54% ] [90m[1mreimport[22m | KIT_pavilion_post_LOD1_pavilion_basecolor.png[39m[0m
[  55% ] [90m[1mreimport[22m | KIT_pavilion_post_LOD1_pavilion_normal.png[39m[0m
[  55% ] [90m[1mreimport[22m | KIT_pavilion_post_LOD1_pavilion_orm.png[39m[0m
[  55% ] [90m[1mreimport[22m | KIT_pavilion_post_pavilion_basecolor.png[39m[0m
[  55% ] [90m[1mreimport[22m | KIT_pavilion_post_pavilion_normal.png[39m[0m
[  55% ] [90m[1mreimport[22m | KIT_pavilion_post_pavilion_orm.png[39m[0m
[  56% ] [90m[1mreimport[22m | KIT_pavilion_roof_hex_LOD1_pavilion_basecolor.png[39m[0m
[  56% ] [90m[1mreimport[22m | KIT_pavilion_roof_hex_LOD1_pavilion_normal.png[39m[0m
[  56% ] [90m[1mreimport[22m | KIT_pavilion_roof_hex_LOD1_pavilion_orm.png[39m[0m
[  56% ] [90m[1mreimport[22m | KIT_pavilion_roof_hex_pavilion_basecolor.png[39m[0m
[  56% ] [90m[1mreimport[22m | KIT_pavilion_roof_square_pavilion_orm.png[39m[0m
[  57% ] [90m[1mreimport[22m | KIT_pavilion_roof_square_pavilion_normal.png[39m[0m
[  57% ] [90m[1mreimport[22m | KIT_pavilion_roof_square_pavilion_basecolor.png[39m[0m
[  57% ] [90m[1mreimport[22m | KIT_pavilion_roof_square_LOD1_pavilion_orm.png[39m[0m
[  57% ] [90m[1mreimport[22m | KIT_pavilion_roof_square_LOD1_pavilion_normal.png[39m[0m
[  58% ] [90m[1mreimport[22m | KIT_pavilion_roof_square_LOD1_pavilion_basecolor.png[39m[0m
[  58% ] [90m[1mreimport[22m | KIT_pavilion_roof_hex_pavilion_normal.png[39m[0m
[  58% ] [90m[1mreimport[22m | KIT_pavilion_roof_hex_pavilion_orm.png[39m[0m
[  58% ] [90m[1mreimport[22m | KIT_rockery_cliff_pavilion_normal.png[39m[0m
[  58% ] [90m[1mreimport[22m | KIT_rockery_cliff_pavilion_basecolor.png[39m[0m
[  59% ] [90m[1mreimport[22m | KIT_rockery_cliff_LOD1_pavilion_orm.png[39m[0m
[  59% ] [90m[1mreimport[22m | KIT_rockery_cliff_LOD1_pavilion_normal.png[39m[0m
[  59% ] [90m[1mreimport[22m | KIT_rockery_cliff_LOD1_pavilion_basecolor.png[39m[0m
[  59% ] [90m[1mreimport[22m | KIT_rockery_arch_pavilion_orm.png[39m[0m
[  59% ] [90m[1mreimport[22m | KIT_rockery_arch_pavilion_normal.png[39m[0m
[  60% ] [90m[1mreimport[22m | KIT_rockery_arch_pavilion_basecolor.png[39m[0m
[  60% ] [90m[1mreimport[22m | KIT_rockery_arch_LOD1_pavilion_orm.png[39m[0m
[  60% ] [90m[1mreimport[22m | KIT_rockery_arch_LOD1_pavilion_normal.png[39m[0m
[  60% ] [90m[1mreimport[22m | KIT_rockery_arch_LOD1_pavilion_basecolor.png[39m[0m
[  60% ] [90m[1mreimport[22m | KIT_pavilion_eave_strip_LOD1_pavilion_basecolor.png[39m[0m
[  61% ] [90m[1mreimport[22m | KIT_pavilion_eave_strip_LOD1_pavilion_normal.png[39m[0m
[  61% ] [90m[1mreimport[22m | props-orm.png[39m[0m
[  61% ] [90m[1mreimport[22m | props-emission.png[39m[0m
[  61% ] [90m[1mreimport[22m | props-basecolor.png[39m[0m
[  61% ] [90m[1mreimport[22m | KIT_pavilion_eave_strip_LOD1_pavilion_orm.png[39m[0m
[  62% ] [90m[1mreimport[22m | KIT_pavilion_eave_strip_pavilion_basecolor.png[39m[0m
[  62% ] [90m[1mreimport[22m | KIT_pavilion_eave_strip_pavilion_normal.png[39m[0m
[  62% ] [90m[1mreimport[22m | tech-basecolor.png[39m[0m
[  62% ] [90m[1mreimport[22m | KIT_corridor_tee_LOD1_pavilion_normal.png[39m[0m
[  62% ] [90m[1mreimport[22m | KIT_corridor_tee_LOD1_pavilion_basecolor.png[39m[0m
[  63% ] [90m[1mreimport[22m | tech-emission.png[39m[0m
[  63% ] [90m[1mreimport[22m | tech-orm.png[39m[0m
[  63% ] [90m[1mreimport[22m | KIT_corridor_straight_pavilion_orm.png[39m[0m
[  63% ] [90m[1mreimport[22m | KIT_corridor_straight_pavilion_normal.png[39m[0m
[  63% ] [90m[1mreimport[22m | KIT_wall_bay_LOD1_wall_basecolor.png[39m[0m
[  64% ] [90m[1mreimport[22m | KIT_wall_bay_LOD1_wall_normal.png[39m[0m
[  64% ] [90m[1mreimport[22m | KIT_corridor_straight_pavilion_basecolor.png[39m[0m
[  64% ] [90m[1mreimport[22m | KIT_corridor_straight_LOD1_pavilion_orm.png[39m[0m
[  64% ] [90m[1mreimport[22m | KIT_corridor_straight_LOD1_pavilion_normal.png[39m[0m
[  65% ] [90m[1mreimport[22m | KIT_corridor_straight_LOD1_pavilion_basecolor.png[39m[0m
[  65% ] [90m[1mreimport[22m | KIT_wall_roof_cap_LOD1_wall_normal.png[39m[0m
[  65% ] [90m[1mreimport[22m | KIT_wall_roof_cap_LOD1_wall_basecolor.png[39m[0m
[  65% ] [90m[1mreimport[22m | KIT_wall_bay_LOD1_wall_orm.png[39m[0m
[  65% ] [90m[1mreimport[22m | KIT_wall_bay_wall_basecolor.png[39m[0m
[  66% ] [90m[1mreimport[22m | KIT_wall_bay_wall_normal.png[39m[0m
[  66% ] [90m[1mreimport[22m | KIT_wall_bay_wall_orm.png[39m[0m
[  66% ] [90m[1mreimport[22m | KIT_corridor_stair_pavilion_orm.png[39m[0m
[  66% ] [90m[1mreimport[22m | KIT_corridor_stair_pavilion_normal.png[39m[0m
[  66% ] [90m[1mreimport[22m | KIT_corridor_stair_pavilion_basecolor.png[39m[0m
[  67% ] [90m[1mreimport[22m | KIT_corridor_stair_LOD1_pavilion_orm.png[39m[0m
[  67% ] [90m[1mreimport[22m | KIT_wall_moon_gate_LOD1_wall_basecolor.png[39m[0m
[  67% ] [90m[1mreimport[22m | KIT_wall_moon_gate_LOD1_wall_normal.png[39m[0m
[  67% ] [90m[1mreimport[22m | KIT_wall_moon_gate_LOD1_wall_orm.png[39m[0m
[  67% ] [90m[1mreimport[22m | KIT_wall_moon_gate_wall_basecolor.png[39m[0m
[  68% ] [90m[1mreimport[22m | KIT_wall_moon_gate_wall_normal.png[39m[0m
[  68% ] [90m[1mreimport[22m | KIT_wall_moon_gate_wall_orm.png[39m[0m
[  68% ] [90m[1mreimport[22m | KIT_corridor_stair_LOD1_pavilion_normal.png[39m[0m
[  68% ] [90m[1mreimport[22m | KIT_corridor_stair_LOD1_pavilion_basecolor.png[39m[0m
[  68% ] [90m[1mreimport[22m | KIT_wall_vase_gate_wall_orm.png[39m[0m
[  69% ] [90m[1mreimport[22m | KIT_wall_vase_gate_wall_normal.png[39m[0m
[  69% ] [90m[1mreimport[22m | KIT_wall_vase_gate_wall_basecolor.png[39m[0m
[  69% ] [90m[1mreimport[22m | KIT_wall_vase_gate_LOD1_wall_orm.png[39m[0m
[  69% ] [90m[1mreimport[22m | KIT_corridor_corner_LOD1_pavilion_basecolor.png[39m[0m
[  69% ] [90m[1mreimport[22m | KIT_corridor_corner_LOD1_pavilion_normal.png[39m[0m
[  70% ] [90m[1mreimport[22m | KIT_wall_vase_gate_LOD1_wall_normal.png[39m[0m
[  70% ] [90m[1mreimport[22m | KIT_wall_vase_gate_LOD1_wall_basecolor.png[39m[0m
[  70% ] [90m[1mreimport[22m | KIT_corridor_corner_LOD1_pavilion_orm.png[39m[0m
[  70% ] [90m[1mreimport[22m | KIT_corridor_corner_pavilion_basecolor.png[39m[0m
[  70% ] [90m[1mreimport[22m | KIT_wall_roof_cap_wall_orm.png[39m[0m
[  71% ] [90m[1mreimport[22m | KIT_wall_roof_cap_wall_normal.png[39m[0m
[  71% ] [90m[1mreimport[22m | KIT_corridor_corner_pavilion_normal.png[39m[0m
[  71% ] [90m[1mreimport[22m | KIT_corridor_corner_pavilion_orm.png[39m[0m
[  71% ] [90m[1mreimport[22m | KIT_wall_roof_cap_wall_basecolor.png[39m[0m
[  72% ] [90m[1mreimport[22m | KIT_wall_roof_cap_LOD1_wall_orm.png[39m[0m
[  72% ] [90m[1mreimport[22m | flora-basecolor.png[39m[0m
[  72% ] [90m[1mreimport[22m | KIT_corridor_tee_pavilion_orm.png[39m[0m
[  72% ] [90m[1mreimport[22m | KIT_corridor_tee_pavilion_normal.png[39m[0m
[  72% ] [90m[1mreimport[22m | KIT_corridor_tee_LOD1_pavilion_orm.png[39m[0m
[  73% ] [90m[1mreimport[22m | KIT_corridor_tee_pavilion_basecolor.png[39m[0m
[  73% ] [90m[1mreimport[22m | SITE_stage_MAT_painted_mountains_2-back.png[39m[0m
[  73% ] [90m[1mreimport[22m | SITE_stage_MAT_painted_mountains_1-front.png[39m[0m
[  73% ] [90m[1mreimport[22m | SITE_stage_MAT_painted_mountains_1-back.png[39m[0m
[  73% ] [90m[1mreimport[22m | SITE_stage_MAT_painted_mountains_0-front.png[39m[0m
[  74% ] [90m[1mreimport[22m | SITE_stage_MAT_painted_mountains_0-back.png[39m[0m
[  74% ] [90m[1mreimport[22m | SITE_stage_MAT_painted_moon-front.png[39m[0m
[  74% ] [90m[1mreimport[22m | KIT_corridor_stair_LOD1.glb[39m[0m
[   0% ] [90m[1mimport[22m | Started Import Scene (104 steps)[39m[0m
[   0% ] [90m[1mimport[22m | Importing Scene...[39m[0m
[   1% ] [90m[1mimport[22m | Running Custom Script...[39m[0m
[  99% ] [90m[1mimport[22m | Saving...[39m[0m
[92m[ DONE ][39m [1mimport[22m
[0m
[  74% ] [90m[1mreimport[22m | KIT_pavilion_post.glb[39m[0m
[   0% ] [90m[1mimport[22m | Started Import Scene (104 steps)[39m[0m
[   0% ] [90m[1mimport[22m | Importing Scene...[39m[0m
[   1% ] [90m[1mimport[22m | Running Custom Script...[39m[0m
[  99% ] [90m[1mimport[22m | Saving...[39m[0m
[92m[ DONE ][39m [1mimport[22m
[0m
[  74% ] [90m[1mreimport[22m | KIT_pavilion_post_LOD1.glb[39m[0m
[   0% ] [90m[1mimport[22m | Started Import Scene (104 steps)[39m[0m
[   0% ] [90m[1mimport[22m | Importing Scene...[39m[0m
[   1% ] [90m[1mimport[22m | Running Custom Script...[39m[0m
[  99% ] [90m[1mimport[22m | Saving...[39m[0m
[92m[ DONE ][39m [1mimport[22m
[0m
[  75% ] [90m[1mreimport[22m | KIT_corridor_stair.glb[39m[0m
[   0% ] [90m[1mimport[22m | Started Import Scene (104 steps)[39m[0m
[   0% ] [90m[1mimport[22m | Importing Scene...[39m[0m
[   1% ] [90m[1mimport[22m | Running Custom Script...[39m[0m
[  99% ] [90m[1mimport[22m | Saving...[39m[0m
[92m[ DONE ][39m [1mimport[22m
[0m
[  75% ] [90m[1mreimport[22m | KIT_pavilion_roof_hex_LOD1.glb[39m[0m
[   0% ] [90m[1mimport[22m | Started Import Scene (104 steps)[39m[0m
[   0% ] [90m[1mimport[22m | Importing Scene...[39m[0m
[   1% ] [90m[1mimport[22m | Running Custom Script...[39m[0m
[  99% ] [90m[1mimport[22m | Saving...[39m[0m
[92m[ DONE ][39m [1mimport[22m
[0m
[  75% ] [90m[1mreimport[22m | KIT_pavilion_roof_hex.glb[39m[0m
[   0% ] [90m[1mimport[22m | Started Import Scene (104 steps)[39m[0m
[   0% ] [90m[1mimport[22m | Importing Scene...[39m[0m
[   1% ] [90m[1mimport[22m | Running Custom Script...[39m[0m
[  99% ] [90m[1mimport[22m | Saving...[39m[0m
[92m[ DONE ][39m [1mimport[22m
[0m
[  75% ] [90m[1mreimport[22m | KIT_corridor_corner_LOD1.glb[39m[0m
[   0% ] [90m[1mimport[22m | Started Import Scene (104 steps)[39m[0m
[   0% ] [90m[1mimport[22m | Importing Scene...[39m[0m
[   1% ] [90m[1mimport[22m | Running Custom Script...[39m[0m
[  99% ] [90m[1mimport[22m | Saving...[39m[0m
[92m[ DONE ][39m [1mimport[22m
[0m
[  75% ] [90m[1mreimport[22m | KIT_corridor_corner.glb[39m[0m
[   0% ] [90m[1mimport[22m | Started Import Scene (104 steps)[39m[0m
[   0% ] [90m[1mimport[22m | Importing Scene...[39m[0m
[   1% ] [90m[1mimport[22m | Running Custom Script...[39m[0m
[  99% ] [90m[1mimport[22m | Saving...[39m[0m
[92m[ DONE ][39m [1mimport[22m
[0m
[  76% ] [90m[1mreimport[22m | KIT_flora_willow_LOD1.glb[39m[0m
[   0% ] [90m[1mimport[22m | Started Import Scene (104 steps)[39m[0m
[   0% ] [90m[1mimport[22m | Importing Scene...[39m[0m
[   1% ] [90m[1mimport[22m | Running Custom Script...[39m[0m
[  99% ] [90m[1mimport[22m | Saving...[39m[0m
[92m[ DONE ][39m [1mimport[22m
[0m
[  76% ] [90m[1mreimport[22m | KIT_pavilion_bench.glb[39m[0m
[   0% ] [90m[1mimport[22m | Started Import Scene (104 steps)[39m[0m
[   0% ] [90m[1mimport[22m | Importing Scene...[39m[0m
[   1% ] [90m[1mimport[22m | Running Custom Script...[39m[0m
[  99% ] [90m[1mimport[22m | Saving...[39m[0m
[92m[ DONE ][39m [1mimport[22m
[0m
[  76% ] [90m[1mreimport[22m | KIT_pavilion_bench_LOD1.glb[39m[0m
[   0% ] [90m[1mimport[22m | Started Import Scene (104 steps)[39m[0m
[   0% ] [90m[1mimport[22m | Importing Scene...[39m[0m
[   1% ] [90m[1mimport[22m | Running Custom Script...[39m[0m
[  99% ] [90m[1mimport[22m | Saving...[39m[0m
[92m[ DONE ][39m [1mimport[22m
[0m
[  76% ] [90m[1mreimport[22m | KIT_flora_willow.glb[39m[0m
[   0% ] [90m[1mimport[22m | Started Import Scene (104 steps)[39m[0m
[   0% ] [90m[1mimport[22m | Importing Scene...[39m[0m
[   1% ] [90m[1mimport[22m | Running Custom Script...[39m[0m
[  99% ] [90m[1mimport[22m | Saving...[39m[0m
[92m[ DONE ][39m [1mimport[22m
[0m
[  76% ] [90m[1mreimport[22m | KIT_flora_reed_LOD1.glb[39m[0m
[   0% ] [90m[1mimport[22m | Started Import Scene (104 steps)[39m[0m
[   0% ] [90m[1mimport[22m | Importing Scene...[39m[0m
[   1% ] [90m[1mimport[22m | Running Custom Script...[39m[0m
[  99% ] [90m[1mimport[22m | Saving...[39m[0m
[92m[ DONE ][39m [1mimport[22m
[0m
[  77% ] [90m[1mreimport[22m | KIT_flora_reed.glb[39m[0m
[   0% ] [90m[1mimport[22m | Started Import Scene (104 steps)[39m[0m
[   0% ] [90m[1mimport[22m | Importing Scene...[39m[0m
[   1% ] [90m[1mimport[22m | Running Custom Script...[39m[0m
[  99% ] [90m[1mimport[22m | Saving...[39m[0m
[92m[ DONE ][39m [1mimport[22m
[0m
[  77% ] [90m[1mreimport[22m | KIT_flora_potted_LOD1.glb[39m[0m
[   0% ] [90m[1mimport[22m | Started Import Scene (104 steps)[39m[0m
[   0% ] [90m[1mimport[22m | Importing Scene...[39m[0m
[   1% ] [90m[1mimport[22m | Running Custom Script...[39m[0m
[  99% ] [90m[1mimport[22m | Saving...[39m[0m
[92m[ DONE ][39m [1mimport[22m
[0m
[  77% ] [90m[1mreimport[22m | KIT_flora_potted.glb[39m[0m
[   0% ] [90m[1mimport[22m | Started Import Scene (104 steps)[39m[0m
[   0% ] [90m[1mimport[22m | Importing Scene...[39m[0m
[   1% ] [90m[1mimport[22m | Running Custom Script...[39m[0m
[  99% ] [90m[1mimport[22m | Saving...[39m[0m
[92m[ DONE ][39m [1mimport[22m
[0m
[  77% ] [90m[1mreimport[22m | KIT_flora_plum_LOD1.glb[39m[0m
[   0% ] [90m[1mimport[22m | Started Import Scene (104 steps)[39m[0m
[   0% ] [90m[1mimport[22m | Importing Scene...[39m[0m
[   1% ] [90m[1mimport[22m | Running Custom Script...[39m[0m
[  99% ] [90m[1mimport[22m | Saving...[39m[0m
[92m[ DONE ][39m [1mimport[22m
[0m
[  77% ] [90m[1mreimport[22m | KIT_flora_plum.glb[39m[0m
[   0% ] [90m[1mimport[22m | Started Import Scene (104 steps)[39m[0m
[   0% ] [90m[1mimport[22m | Importing Scene...[39m[0m
[   1% ] [90m[1mimport[22m | Running Custom Script...[39m[0m
[  99% ] [90m[1mimport[22m | Saving...[39m[0m
[92m[ DONE ][39m [1mimport[22m
[0m
[  78% ] [90m[1mreimport[22m | KIT_flora_banana_LOD1.glb[39m[0m
[   0% ] [90m[1mimport[22m | Started Import Scene (104 steps)[39m[0m
[   0% ] [90m[1mimport[22m | Importing Scene...[39m[0m
[   1% ] [90m[1mimport[22m | Running Custom Script...[39m[0m
[  99% ] [90m[1mimport[22m | Saving...[39m[0m
[92m[ DONE ][39m [1mimport[22m
[0m
[  78% ] [90m[1mreimport[22m | KIT_flora_banana.glb[39m[0m
[   0% ] [90m[1mimport[22m | Started Import Scene (104 steps)[39m[0m
[   0% ] [90m[1mimport[22m | Importing Scene...[39m[0m
[   1% ] [90m[1mimport[22m | Running Custom Script...[39m[0m
[  99% ] [90m[1mimport[22m | Saving...[39m[0m
[92m[ DONE ][39m [1mimport[22m
[0m
[  78% ] [90m[1mreimport[22m | KIT_flora_bamboo_small_LOD1.glb[39m[0m
[   0% ] [90m[1mimport[22m | Started Import Scene (104 steps)[39m[0m
[   0% ] [90m[1mimport[22m | Importing Scene...[39m[0m
[   1% ] [90m[1mimport[22m | Running Custom Script...[39m[0m
[  99% ] [90m[1mimport[22m | Saving...[39m[0m
[92m[ DONE ][39m [1mimport[22m
[0m
[  78% ] [90m[1mreimport[22m | KIT_flora_bamboo_small.glb[39m[0m
[   0% ] [90m[1mimport[22m | Started Import Scene (104 steps)[39m[0m
[   0% ] [90m[1mimport[22m | Importing Scene...[39m[0m
[   1% ] [90m[1mimport[22m | Running Custom Script...[39m[0m
[  99% ] [90m[1mimport[22m | Saving...[39m[0m
[92m[ DONE ][39m [1mimport[22m
[0m
[  79% ] [90m[1mreimport[22m | KIT_flora_bamboo_medium_LOD1.glb[39m[0m
[   0% ] [90m[1mimport[22m | Started Import Scene (104 steps)[39m[0m
[   0% ] [90m[1mimport[22m | Importing Scene...[39m[0m
[   1% ] [90m[1mimport[22m | Running Custom Script...[39m[0m
[  99% ] [90m[1mimport[22m | Saving...[39m[0m
[92m[ DONE ][39m [1mimport[22m
[0m
[  79% ] [90m[1mreimport[22m | KIT_pavilion_bracket.glb[39m[0m
[   0% ] [90m[1mimport[22m | Started Import Scene (104 steps)[39m[0m
[   0% ] [90m[1mimport[22m | Importing Scene...[39m[0m
[   1% ] [90m[1mimport[22m | Running Custom Script...[39m[0m
[  99% ] [90m[1mimport[22m | Saving...[39m[0m
[92m[ DONE ][39m [1mimport[22m
[0m
[  79% ] [90m[1mreimport[22m | KIT_pavilion_bracket_LOD1.glb[39m[0m
[   0% ] [90m[1mimport[22m | Started Import Scene (104 steps)[39m[0m
[   0% ] [90m[1mimport[22m | Importing Scene...[39m[0m
[   1% ] [90m[1mimport[22m | Running Custom Script...[39m[0m
[  99% ] [90m[1mimport[22m | Saving...[39m[0m
[92m[ DONE ][39m [1mimport[22m
[0m
[  79% ] [90m[1mreimport[22m | KIT_flora_bamboo_medium.glb[39m[0m
[   0% ] [90m[1mimport[22m | Started Import Scene (104 steps)[39m[0m
[   0% ] [90m[1mimport[22m | Importing Scene...[39m[0m
[   1% ] [90m[1mimport[22m | Running Custom Script...[39m[0m
[  99% ] [90m[1mimport[22m | Saving...[39m[0m
[92m[ DONE ][39m [1mimport[22m
[0m
[  79% ] [90m[1mreimport[22m | KIT_flora_bamboo_large_LOD1.glb[39m[0m
[   0% ] [90m[1mimport[22m | Started Import Scene (104 steps)[39m[0m
[   0% ] [90m[1mimport[22m | Importing Scene...[39m[0m
[   1% ] [90m[1mimport[22m | Running Custom Script...[39m[0m
[  99% ] [90m[1mimport[22m | Saving...[39m[0m
[92m[ DONE ][39m [1mimport[22m
[0m
[  80% ] [90m[1mreimport[22m | KIT_flora_bamboo_large.glb[39m[0m
[   0% ] [90m[1mimport[22m | Started Import Scene (104 steps)[39m[0m
[   0% ] [90m[1mimport[22m | Importing Scene...[39m[0m
[   1% ] [90m[1mimport[22m | Running Custom Script...[39m[0m
[  99% ] [90m[1mimport[22m | Saving...[39m[0m
[92m[ DONE ][39m [1mimport[22m
[0m
[  80% ] [90m[1mreimport[22m | KIT_corridor_tee_LOD1.glb[39m[0m
[   0% ] [90m[1mimport[22m | Started Import Scene (104 steps)[39m[0m
[   0% ] [90m[1mimport[22m | Importing Scene...[39m[0m
[   1% ] [90m[1mimport[22m | Running Custom Script...[39m[0m
[  99% ] [90m[1mimport[22m | Saving...[39m[0m
[92m[ DONE ][39m [1mimport[22m
[0m
[  80% ] [90m[1mreimport[22m | KIT_corridor_tee.glb[39m[0m
[   0% ] [90m[1mimport[22m | Started Import Scene (104 steps)[39m[0m
[   0% ] [90m[1mimport[22m | Importing Scene...[39m[0m
[   1% ] [90m[1mimport[22m | Running Custom Script...[39m[0m
[  99% ] [90m[1mimport[22m | Saving...[39m[0m
[92m[ DONE ][39m [1mimport[22m
[0m
[  80% ] [90m[1mreimport[22m | KIT_corridor_straight_LOD1.glb[39m[0m
[   0% ] [90m[1mimport[22m | Started Import Scene (104 steps)[39m[0m
[   0% ] [90m[1mimport[22m | Importing Scene...[39m[0m
[   1% ] [90m[1mimport[22m | Running Custom Script...[39m[0m
[  99% ] [90m[1mimport[22m | Saving...[39m[0m
[92m[ DONE ][39m [1mimport[22m
[0m
[  80% ] [90m[1mreimport[22m | KIT_corridor_straight.glb[39m[0m
[   0% ] [90m[1mimport[22m | Started Import Scene (104 steps)[39m[0m
[   0% ] [90m[1mimport[22m | Importing Scene...[39m[0m
[   1% ] [90m[1mimport[22m | Running Custom Script...[39m[0m
[  99% ] [90m[1mimport[22m | Saving...[39m[0m
[92m[ DONE ][39m [1mimport[22m
[0m
[  81% ] [90m[1mreimport[22m | KIT_pavilion_eave_strip.glb[39m[0m
[   0% ] [90m[1mimport[22m | Started Import Scene (104 steps)[39m[0m
[   0% ] [90m[1mimport[22m | Importing Scene...[39m[0m
[   1% ] [90m[1mimport[22m | Running Custom Script...[39m[0m
[  99% ] [90m[1mimport[22m | Saving...[39m[0m
[92m[ DONE ][39m [1mimport[22m
[0m
[  81% ] [90m[1mreimport[22m | KIT_pavilion_eave_strip_LOD1.glb[39m[0m
[   0% ] [90m[1mimport[22m | Started Import Scene (104 steps)[39m[0m
[   0% ] [90m[1mimport[22m | Importing Scene...[39m[0m
[   1% ] [90m[1mimport[22m | Running Custom Script...[39m[0m
[  99% ] [90m[1mimport[22m | Saving...[39m[0m
[92m[ DONE ][39m [1mimport[22m
[0m
[  81% ] [90m[1mreimport[22m | KIT_wall_bay_LOD1.glb[39m[0m
[   0% ] [90m[1mimport[22m | Started Import Scene (104 steps)[39m[0m
[   0% ] [90m[1mimport[22m | Importing Scene...[39m[0m
[   1% ] [90m[1mimport[22m | Running Custom Script...[39m[0m
[  99% ] [90m[1mimport[22m | Saving...[39m[0m
[92m[ DONE ][39m [1mimport[22m
[0m
[  81% ] [90m[1mreimport[22m | KIT_wall_bay.glb[39m[0m
[   0% ] [90m[1mimport[22m | Started Import Scene (104 steps)[39m[0m
[   0% ] [90m[1mimport[22m | Importing Scene...[39m[0m
[   1% ] [90m[1mimport[22m | Running Custom Script...[39m[0m
[  99% ] [90m[1mimport[22m | Saving...[39m[0m
[92m[ DONE ][39m [1mimport[22m
[0m
[  81% ] [90m[1mreimport[22m | KIT_water_stream.glb[39m[0m
[   0% ] [90m[1mimport[22m | Started Import Scene (104 steps)[39m[0m
[   0% ] [90m[1mimport[22m | Importing Scene...[39m[0m
[   1% ] [90m[1mimport[22m | Running Custom Script...[39m[0m
[  99% ] [90m[1mimport[22m | Saving...[39m[0m
[92m[ DONE ][39m [1mimport[22m
[0m
[  82% ] [90m[1mreimport[22m | KIT_water_stream_LOD1.glb[39m[0m
[   0% ] [90m[1mimport[22m | Started Import Scene (104 steps)[39m[0m
[   0% ] [90m[1mimport[22m | Importing Scene...[39m[0m
[   1% ] [90m[1mimport[22m | Running Custom Script...[39m[0m
[  99% ] [90m[1mimport[22m | Saving...[39m[0m
[92m[ DONE ][39m [1mimport[22m
[0m
[  82% ] [90m[1mreimport[22m | KIT_water_wood_bridge.glb[39m[0m
[   0% ] [90m[1mimport[22m | Started Import Scene (104 steps)[39m[0m
[   0% ] [90m[1mimport[22m | Importing Scene...[39m[0m
[   1% ] [90m[1mimport[22m | Running Custom Script...[39m[0m
[  99% ] [90m[1mimport[22m | Saving...[39m[0m
[92m[ DONE ][39m [1mimport[22m
[0m
[  82% ] [90m[1mreimport[22m | KIT_water_wood_bridge_LOD1.glb[39m[0m
[   0% ] [90m[1mimport[22m | Started Import Scene (104 steps)[39m[0m
[   0% ] [90m[1mimport[22m | Importing Scene...[39m[0m
[   1% ] [90m[1mimport[22m | Running Custom Script...[39m[0m
[  99% ] [90m[1mimport[22m | Saving...[39m[0m
[92m[ DONE ][39m [1mimport[22m
[0m
[  82% ] [90m[1mreimport[22m | KIT_tech_terminal_desk_LOD1.glb[39m[0m
[   0% ] [90m[1mimport[22m | Started Import Scene (104 steps)[39m[0m
[   0% ] [90m[1mimport[22m | Importing Scene...[39m[0m
[   1% ] [90m[1mimport[22m | Running Custom Script...[39m[0m
[  99% ] [90m[1mimport[22m | Saving...[39m[0m
[92m[ DONE ][39m [1mimport[22m
[0m
[  82% ] [90m[1mreimport[22m | KIT_tech_terminal_desk.glb[39m[0m
[   0% ] [90m[1mimport[22m | Started Import Scene (104 steps)[39m[0m
[   0% ] [90m[1mimport[22m | Importing Scene...[39m[0m
[   1% ] [90m[1mimport[22m | Running Custom Script...[39m[0m
[  99% ] [90m[1mimport[22m | Saving...[39m[0m
[92m[ DONE ][39m [1mimport[22m
[0m
[  83% ] [90m[1mreimport[22m | KIT_tech_monitor_bank_LOD1.glb[39m[0m
[   0% ] [90m[1mimport[22m | Started Import Scene (104 steps)[39m[0m
[   0% ] [90m[1mimport[22m | Importing Scene...[39m[0m
[   1% ] [90m[1mimport[22m | Running Custom Script...[39m[0m
[  99% ] [90m[1mimport[22m | Saving...[39m[0m
[92m[ DONE ][39m [1mimport[22m
[0m
[  83% ] [90m[1mreimport[22m | KIT_tech_monitor_bank.glb[39m[0m
[   0% ] [90m[1mimport[22m | Started Import Scene (104 steps)[39m[0m
[   0% ] [90m[1mimport[22m | Importing Scene...[39m[0m
[   1% ] [90m[1mimport[22m | Running Custom Script...[39m[0m
[  99% ] [90m[1mimport[22m | Saving...[39m[0m
[92m[ DONE ][39m [1mimport[22m
[0m
[  83% ] [90m[1mreimport[22m | KIT_tech_crt_green_LOD1.glb[39m[0m
[   0% ] [90m[1mimport[22m | Started Import Scene (104 steps)[39m[0m
[   0% ] [90m[1mimport[22m | Importing Scene...[39m[0m
[   1% ] [90m[1mimport[22m | Running Custom Script...[39m[0m
[  99% ] [90m[1mimport[22m | Saving...[39m[0m
[92m[ DONE ][39m [1mimport[22m
[0m
[  83% ] [90m[1mreimport[22m | KIT_stage.glb[39m[0m
[   0% ] [90m[1mimport[22m | Started Import Scene (104 steps)[39m[0m
[   0% ] [90m[1mimport[22m | Importing Scene...[39m[0m
[   1% ] [90m[1mimport[22m | Running Custom Script...[39m[0m
[  99% ] [90m[1mimport[22m | Saving...[39m[0m
[92m[ DONE ][39m [1mimport[22m
[0m
[  83% ] [90m[1mreimport[22m | KIT_stage_LOD1.glb[39m[0m
[   0% ] [90m[1mimport[22m | Started Import Scene (104 steps)[39m[0m
[   0% ] [90m[1mimport[22m | Importing Scene...[39m[0m
[   1% ] [90m[1mimport[22m | Running Custom Script...[39m[0m
[  99% ] [90m[1mimport[22m | Saving...[39m[0m
[92m[ DONE ][39m [1mimport[22m
[0m
[  84% ] [90m[1mreimport[22m | garden-of-dreams.glb[39m[0m
[   0% ] [90m[1mimport[22m | Started Import Scene (104 steps)[39m[0m
[   0% ] [90m[1mimport[22m | Importing Scene...[39m[0m
[   1% ] [90m[1mimport[22m | Running Custom Script...[39m[0m
[  99% ] [90m[1mimport[22m | Saving...[39m[0m
[92m[ DONE ][39m [1mimport[22m
[0m
[  84% ] [90m[1mreimport[22m | KIT_tech_crt_green.glb[39m[0m
[   0% ] [90m[1mimport[22m | Started Import Scene (104 steps)[39m[0m
[   0% ] [90m[1mimport[22m | Importing Scene...[39m[0m
[   1% ] [90m[1mimport[22m | Running Custom Script...[39m[0m
[  99% ] [90m[1mimport[22m | Saving...[39m[0m
[92m[ DONE ][39m [1mimport[22m
[0m
[  84% ] [90m[1mreimport[22m | KIT_tech_crt_amber_LOD1.glb[39m[0m
[   0% ] [90m[1mimport[22m | Started Import Scene (104 steps)[39m[0m
[   0% ] [90m[1mimport[22m | Importing Scene...[39m[0m
[   1% ] [90m[1mimport[22m | Running Custom Script...[39m[0m
[  99% ] [90m[1mimport[22m | Saving...[39m[0m
[92m[ DONE ][39m [1mimport[22m
[0m
[  84% ] [90m[1mreimport[22m | KIT_tech_crt_amber.glb[39m[0m
[   0% ] [90m[1mimport[22m | Started Import Scene (104 steps)[39m[0m
[   0% ] [90m[1mimport[22m | Importing Scene...[39m[0m
[   1% ] [90m[1mimport[22m | Running Custom Script...[39m[0m
[  99% ] [90m[1mimport[22m | Saving...[39m[0m
[92m[ DONE ][39m [1mimport[22m
[0m
[  84% ] [90m[1mreimport[22m | KIT_tech_cell_door_LOD1.glb[39m[0m
[   0% ] [90m[1mimport[22m | Started Import Scene (104 steps)[39m[0m
[   0% ] [90m[1mimport[22m | Importing Scene...[39m[0m
[   1% ] [90m[1mimport[22m | Running Custom Script...[39m[0m
[  99% ] [90m[1mimport[22m | Saving...[39m[0m
[92m[ DONE ][39m [1mimport[22m
[0m
[  85% ] [90m[1mreimport[22m | KIT_tech_cell_door.glb[39m[0m
[   0% ] [90m[1mimport[22m | Started Import Scene (104 steps)[39m[0m
[   0% ] [90m[1mimport[22m | Importing Scene...[39m[0m
[   1% ] [90m[1mimport[22m | Running Custom Script...[39m[0m
[  99% ] [90m[1mimport[22m | Saving...[39m[0m
[92m[ DONE ][39m [1mimport[22m
[0m
[  85% ] [90m[1mreimport[22m | KIT_tech_cable_run_LOD1.glb[39m[0m
[   0% ] [90m[1mimport[22m | Started Import Scene (104 steps)[39m[0m
[   0% ] [90m[1mimport[22m | Importing Scene...[39m[0m
[   1% ] [90m[1mimport[22m | Running Custom Script...[39m[0m
[  99% ] [90m[1mimport[22m | Saving...[39m[0m
[92m[ DONE ][39m [1mimport[22m
[0m
[  85% ] [90m[1mreimport[22m | KIT_tech_cable_run.glb[39m[0m
[   0% ] [90m[1mimport[22m | Started Import Scene (104 steps)[39m[0m
[   0% ] [90m[1mimport[22m | Importing Scene...[39m[0m
[   1% ] [90m[1mimport[22m | Running Custom Script...[39m[0m
[  99% ] [90m[1mimport[22m | Saving...[39m[0m
[92m[ DONE ][39m [1mimport[22m
[0m
[  85% ] [90m[1mreimport[22m | KIT_stage_studio_wall_LOD1.glb[39m[0m
[   0% ] [90m[1mimport[22m | Started Import Scene (104 steps)[39m[0m
[   0% ] [90m[1mimport[22m | Importing Scene...[39m[0m
[   1% ] [90m[1mimport[22m | Running Custom Script...[39m[0m
[  99% ] [90m[1mimport[22m | Saving...[39m[0m
[92m[ DONE ][39m [1mimport[22m
[0m
[  86% ] [90m[1mreimport[22m | KIT_wall_window_diamond_LOD1.glb[39m[0m
[   0% ] [90m[1mimport[22m | Started Import Scene (104 steps)[39m[0m
[   0% ] [90m[1mimport[22m | Importing Scene...[39m[0m
[   1% ] [90m[1mimport[22m | Running Custom Script...[39m[0m
[  99% ] [90m[1mimport[22m | Saving...[39m[0m
[92m[ DONE ][39m [1mimport[22m
[0m
[  86% ] [90m[1mreimport[22m | KIT_wall_window_diamond.glb[39m[0m
[   0% ] [90m[1mimport[22m | Started Import Scene (104 steps)[39m[0m
[   0% ] [90m[1mimport[22m | Importing Scene...[39m[0m
[   1% ] [90m[1mimport[22m | Running Custom Script...[39m[0m
[  99% ] [90m[1mimport[22m | Saving...[39m[0m
[92m[ DONE ][39m [1mimport[22m
[0m
[  86% ] [90m[1mreimport[22m | KIT_wall_window_hex.glb[39m[0m
[   0% ] [90m[1mimport[22m | Started Import Scene (104 steps)[39m[0m
[   0% ] [90m[1mimport[22m | Importing Scene...[39m[0m
[   1% ] [90m[1mimport[22m | Running Custom Script...[39m[0m
[  99% ] [90m[1mimport[22m | Saving...[39m[0m
[92m[ DONE ][39m [1mimport[22m
[0m
[  86% ] [90m[1mreimport[22m | KIT_wall_window_hex_LOD1.glb[39m[0m
[   0% ] [90m[1mimport[22m | Started Import Scene (104 steps)[39m[0m
[   0% ] [90m[1mimport[22m | Importing Scene...[39m[0m
[   1% ] [90m[1mimport[22m | Running Custom Script...[39m[0m
[  99% ] [90m[1mimport[22m | Saving...[39m[0m
[92m[ DONE ][39m [1mimport[22m
[0m
[  86% ] [90m[1mreimport[22m | KIT_wall_vase_gate_LOD1.glb[39m[0m
[   0% ] [90m[1mimport[22m | Started Import Scene (104 steps)[39m[0m
[   0% ] [90m[1mimport[22m | Importing Scene...[39m[0m
[   1% ] [90m[1mimport[22m | Running Custom Script...[39m[0m
[  99% ] [90m[1mimport[22m | Saving...[39m[0m
[92m[ DONE ][39m [1mimport[22m
[0m
[  87% ] [90m[1mreimport[22m | KIT_wall_vase_gate.glb[39m[0m
[   0% ] [90m[1mimport[22m | Started Import Scene (104 steps)[39m[0m
[   0% ] [90m[1mimport[22m | Importing Scene...[39m[0m
[   1% ] [90m[1mimport[22m | Running Custom Script...[39m[0m
[  99% ] [90m[1mimport[22m | Saving...[39m[0m
[92m[ DONE ][39m [1mimport[22m
[0m
[  87% ] [90m[1mreimport[22m | KIT_wall_window_ice.glb[39m[0m
[   0% ] [90m[1mimport[22m | Started Import Scene (104 steps)[39m[0m
[   0% ] [90m[1mimport[22m | Importing Scene...[39m[0m
[   1% ] [90m[1mimport[22m | Running Custom Script...[39m[0m
[  99% ] [90m[1mimport[22m | Saving...[39m[0m
[92m[ DONE ][39m [1mimport[22m
[0m
[  87% ] [90m[1mreimport[22m | KIT_wall_window_ice_LOD1.glb[39m[0m
[   0% ] [90m[1mimport[22m | Started Import Scene (104 steps)[39m[0m
[   0% ] [90m[1mimport[22m | Importing Scene...[39m[0m
[   1% ] [90m[1mimport[22m | Running Custom Script...[39m[0m
[  99% ] [90m[1mimport[22m | Saving...[39m[0m
[92m[ DONE ][39m [1mimport[22m
[0m
[  87% ] [90m[1mreimport[22m | KIT_wall_roof_cap_LOD1.glb[39m[0m
[   0% ] [90m[1mimport[22m | Started Import Scene (104 steps)[39m[0m
[   0% ] [90m[1mimport[22m | Importing Scene...[39m[0m
[   1% ] [90m[1mimport[22m | Running Custom Script...[39m[0m
[  99% ] [90m[1mimport[22m | Saving...[39m[0m
[92m[ DONE ][39m [1mimport[22m
[0m
[  87% ] [90m[1mreimport[22m | KIT_wall_roof_cap.glb[39m[0m
[   0% ] [90m[1mimport[22m | Started Import Scene (104 steps)[39m[0m
[   0% ] [90m[1mimport[22m | Importing Scene...[39m[0m
[   1% ] [90m[1mimport[22m | Running Custom Script...[39m[0m
[  99% ] [90m[1mimport[22m | Saving...[39m[0m
[92m[ DONE ][39m [1mimport[22m
[0m
[  88% ] [90m[1mreimport[22m | KIT_wall_window_square.glb[39m[0m
[   0% ] [90m[1mimport[22m | Started Import Scene (104 steps)[39m[0m
[   0% ] [90m[1mimport[22m | Importing Scene...[39m[0m
[   1% ] [90m[1mimport[22m | Running Custom Script...[39m[0m
[  99% ] [90m[1mimport[22m | Saving...[39m[0m
[92m[ DONE ][39m [1mimport[22m
[0m
[  88% ] [90m[1mreimport[22m | KIT_wall_window_square_LOD1.glb[39m[0m
[   0% ] [90m[1mimport[22m | Started Import Scene (104 steps)[39m[0m
[   0% ] [90m[1mimport[22m | Importing Scene...[39m[0m
[   1% ] [90m[1mimport[22m | Running Custom Script...[39m[0m
[  99% ] [90m[1mimport[22m | Saving...[39m[0m
[92m[ DONE ][39m [1mimport[22m
[0m
[  88% ] [90m[1mreimport[22m | KIT_water_embankment.glb[39m[0m
[   0% ] [90m[1mimport[22m | Started Import Scene (104 steps)[39m[0m
[   0% ] [90m[1mimport[22m | Importing Scene...[39m[0m
[   1% ] [90m[1mimport[22m | Running Custom Script...[39m[0m
[  99% ] [90m[1mimport[22m | Saving...[39m[0m
[92m[ DONE ][39m [1mimport[22m
[0m
[  88% ] [90m[1mreimport[22m | KIT_water_embankment_LOD1.glb[39m[0m
[   0% ] [90m[1mimport[22m | Started Import Scene (104 steps)[39m[0m
[   0% ] [90m[1mimport[22m | Importing Scene...[39m[0m
[   1% ] [90m[1mimport[22m | Running Custom Script...[39m[0m
[  99% ] [90m[1mimport[22m | Saving...[39m[0m
[92m[ DONE ][39m [1mimport[22m
[0m
[  88% ] [90m[1mreimport[22m | KIT_wall_moon_gate_LOD1.glb[39m[0m
[   0% ] [90m[1mimport[22m | Started Import Scene (104 steps)[39m[0m
[   0% ] [90m[1mimport[22m | Importing Scene...[39m[0m
[   1% ] [90m[1mimport[22m | Running Custom Script...[39m[0m
[  99% ] [90m[1mimport[22m | Saving...[39m[0m
[92m[ DONE ][39m [1mimport[22m
[0m
[  89% ] [90m[1mreimport[22m | KIT_wall_moon_gate.glb[39m[0m
[   0% ] [90m[1mimport[22m | Started Import Scene (104 steps)[39m[0m
[   0% ] [90m[1mimport[22m | Importing Scene...[39m[0m
[   1% ] [90m[1mimport[22m | Running Custom Script...[39m[0m
[  99% ] [90m[1mimport[22m | Saving...[39m[0m
[92m[ DONE ][39m [1mimport[22m
[0m
[  89% ] [90m[1mreimport[22m | KIT_water_lotus.glb[39m[0m
[   0% ] [90m[1mimport[22m | Started Import Scene (104 steps)[39m[0m
[   0% ] [90m[1mimport[22m | Importing Scene...[39m[0m
[   1% ] [90m[1mimport[22m | Running Custom Script...[39m[0m
[  99% ] [90m[1mimport[22m | Saving...[39m[0m
[92m[ DONE ][39m [1mimport[22m
[0m
[  89% ] [90m[1mreimport[22m | KIT_water_lotus_LOD1.glb[39m[0m
[   0% ] [90m[1mimport[22m | Started Import Scene (104 steps)[39m[0m
[   0% ] [90m[1mimport[22m | Importing Scene...[39m[0m
[   1% ] [90m[1mimport[22m | Running Custom Script...[39m[0m
[  99% ] [90m[1mimport[22m | Saving...[39m[0m
[92m[ DONE ][39m [1mimport[22m
[0m
[  89% ] [90m[1mreimport[22m | KIT_water_pond.glb[39m[0m
[   0% ] [90m[1mimport[22m | Started Import Scene (104 steps)[39m[0m
[   0% ] [90m[1mimport[22m | Importing Scene...[39m[0m
[   1% ] [90m[1mimport[22m | Running Custom Script...[39m[0m
[  99% ] [90m[1mimport[22m | Saving...[39m[0m
[92m[ DONE ][39m [1mimport[22m
[0m
[  89% ] [90m[1mreimport[22m | KIT_water_pond_LOD1.glb[39m[0m
[   0% ] [90m[1mimport[22m | Started Import Scene (104 steps)[39m[0m
[   0% ] [90m[1mimport[22m | Importing Scene...[39m[0m
[   1% ] [90m[1mimport[22m | Running Custom Script...[39m[0m
[  99% ] [90m[1mimport[22m | Saving...[39m[0m
[92m[ DONE ][39m [1mimport[22m
[0m
[  90% ] [90m[1mreimport[22m | KIT_water_stone_bridge.glb[39m[0m
[   0% ] [90m[1mimport[22m | Started Import Scene (104 steps)[39m[0m
[   0% ] [90m[1mimport[22m | Importing Scene...[39m[0m
[   1% ] [90m[1mimport[22m | Running Custom Script...[39m[0m
[  99% ] [90m[1mimport[22m | Saving...[39m[0m
[92m[ DONE ][39m [1mimport[22m
[0m
[  90% ] [90m[1mreimport[22m | KIT_water_stone_bridge_LOD1.glb[39m[0m
[   0% ] [90m[1mimport[22m | Started Import Scene (104 steps)[39m[0m
[   0% ] [90m[1mimport[22m | Importing Scene...[39m[0m
[   1% ] [90m[1mimport[22m | Running Custom Script...[39m[0m
[  99% ] [90m[1mimport[22m | Saving...[39m[0m
[92m[ DONE ][39m [1mimport[22m
[0m
[  90% ] [90m[1mreimport[22m | KIT_rockery_arch_LOD1.glb[39m[0m
[   0% ] [90m[1mimport[22m | Started Import Scene (104 steps)[39m[0m
[   0% ] [90m[1mimport[22m | Importing Scene...[39m[0m
[   1% ] [90m[1mimport[22m | Running Custom Script...[39m[0m
[  99% ] [90m[1mimport[22m | Saving...[39m[0m
[92m[ DONE ][39m [1mimport[22m
[0m
[  90% ] [90m[1mreimport[22m | KIT_rockery_arch.glb[39m[0m
[   0% ] [90m[1mimport[22m | Started Import Scene (104 steps)[39m[0m
[   0% ] [90m[1mimport[22m | Importing Scene...[39m[0m
[   1% ] [90m[1mimport[22m | Running Custom Script...[39m[0m
[  99% ] [90m[1mimport[22m | Saving...[39m[0m
[92m[ DONE ][39m [1mimport[22m
[0m
[  90% ] [90m[1mreimport[22m | KIT_props_stone_table_LOD1.glb[39m[0m
[   0% ] [90m[1mimport[22m | Started Import Scene (104 steps)[39m[0m
[   0% ] [90m[1mimport[22m | Importing Scene...[39m[0m
[   1% ] [90m[1mimport[22m | Running Custom Script...[39m[0m
[  99% ] [90m[1mimport[22m | Saving...[39m[0m
[92m[ DONE ][39m [1mimport[22m
[0m
[  91% ] [90m[1mreimport[22m | KIT_props_stone_table.glb[39m[0m
[   0% ] [90m[1mimport[22m | Started Import Scene (104 steps)[39m[0m
[   0% ] [90m[1mimport[22m | Importing Scene...[39m[0m
[   1% ] [90m[1mimport[22m | Running Custom Script...[39m[0m
[  99% ] [90m[1mimport[22m | Saving...[39m[0m
[92m[ DONE ][39m [1mimport[22m
[0m
[  91% ] [90m[1mreimport[22m | KIT_props_stone_stool_LOD1.glb[39m[0m
[   0% ] [90m[1mimport[22m | Started Import Scene (104 steps)[39m[0m
[   0% ] [90m[1mimport[22m | Importing Scene...[39m[0m
[   1% ] [90m[1mimport[22m | Running Custom Script...[39m[0m
[  99% ] [90m[1mimport[22m | Saving...[39m[0m
[92m[ DONE ][39m [1mimport[22m
[0m
[  91% ] [90m[1mreimport[22m | KIT_props_stone_stool.glb[39m[0m
[   0% ] [90m[1mimport[22m | Started Import Scene (104 steps)[39m[0m
[   0% ] [90m[1mimport[22m | Importing Scene...[39m[0m
[   1% ] [90m[1mimport[22m | Running Custom Script...[39m[0m
[  99% ] [90m[1mimport[22m | Saving...[39m[0m
[92m[ DONE ][39m [1mimport[22m
[0m
[  91% ] [90m[1mreimport[22m | KIT_props_scroll_LOD1.glb[39m[0m
[   0% ] [90m[1mimport[22m | Started Import Scene (104 steps)[39m[0m
[   0% ] [90m[1mimport[22m | Importing Scene...[39m[0m
[   1% ] [90m[1mimport[22m | Running Custom Script...[39m[0m
[  99% ] [90m[1mimport[22m | Saving...[39m[0m
[92m[ DONE ][39m [1mimport[22m
[0m
[  91% ] [90m[1mreimport[22m | KIT_props_scroll.glb[39m[0m
[   0% ] [90m[1mimport[22m | Started Import Scene (104 steps)[39m[0m
[   0% ] [90m[1mimport[22m | Importing Scene...[39m[0m
[   1% ] [90m[1mimport[22m | Running Custom Script...[39m[0m
[  99% ] [90m[1mimport[22m | Saving...[39m[0m
[92m[ DONE ][39m [1mimport[22m
[0m
[  92% ] [90m[1mreimport[22m | KIT_props_screen_LOD1.glb[39m[0m
[   0% ] [90m[1mimport[22m | Started Import Scene (104 steps)[39m[0m
[   0% ] [90m[1mimport[22m | Importing Scene...[39m[0m
[   1% ] [90m[1mimport[22m | Running Custom Script...[39m[0m
[  99% ] [90m[1mimport[22m | Saving...[39m[0m
[92m[ DONE ][39m [1mimport[22m
[0m
[  92% ] [90m[1mreimport[22m | KIT_props_screen.glb[39m[0m
[   0% ] [90m[1mimport[22m | Started Import Scene (104 steps)[39m[0m
[   0% ] [90m[1mimport[22m | Importing Scene...[39m[0m
[   1% ] [90m[1mimport[22m | Running Custom Script...[39m[0m
[  99% ] [90m[1mimport[22m | Saving...[39m[0m
[92m[ DONE ][39m [1mimport[22m
[0m
[  92% ] [90m[1mreimport[22m | KIT_props_lantern_standing_LOD1.glb[39m[0m
[   0% ] [90m[1mimport[22m | Started Import Scene (104 steps)[39m[0m
[   0% ] [90m[1mimport[22m | Importing Scene...[39m[0m
[   1% ] [90m[1mimport[22m | Running Custom Script...[39m[0m
[  99% ] [90m[1mimport[22m | Saving...[39m[0m
[92m[ DONE ][39m [1mimport[22m
[0m
[  92% ] [90m[1mreimport[22m | KIT_props_lantern_standing.glb[39m[0m
[   0% ] [90m[1mimport[22m | Started Import Scene (104 steps)[39m[0m
[   0% ] [90m[1mimport[22m | Importing Scene...[39m[0m
[   1% ] [90m[1mimport[22m | Running Custom Script...[39m[0m
[  99% ] [90m[1mimport[22m | Saving...[39m[0m
[92m[ DONE ][39m [1mimport[22m
[0m
[  93% ] [90m[1mreimport[22m | KIT_props_lantern_hanging_LOD1.glb[39m[0m
[   0% ] [90m[1mimport[22m | Started Import Scene (104 steps)[39m[0m
[   0% ] [90m[1mimport[22m | Importing Scene...[39m[0m
[   1% ] [90m[1mimport[22m | Running Custom Script...[39m[0m
[  99% ] [90m[1mimport[22m | Saving...[39m[0m
[92m[ DONE ][39m [1mimport[22m
[0m
[  93% ] [90m[1mreimport[22m | KIT_props_lantern_hanging.glb[39m[0m
[   0% ] [90m[1mimport[22m | Started Import Scene (104 steps)[39m[0m
[   0% ] [90m[1mimport[22m | Importing Scene...[39m[0m
[   1% ] [90m[1mimport[22m | Running Custom Script...[39m[0m
[  99% ] [90m[1mimport[22m | Saving...[39m[0m
[92m[ DONE ][39m [1mimport[22m
[0m
[  93% ] [90m[1mreimport[22m | KIT_props_incense_burner_LOD1.glb[39m[0m
[   0% ] [90m[1mimport[22m | Started Import Scene (104 steps)[39m[0m
[   0% ] [90m[1mimport[22m | Importing Scene...[39m[0m
[   1% ] [90m[1mimport[22m | Running Custom Script...[39m[0m
[  99% ] [90m[1mimport[22m | Saving...[39m[0m
[92m[ DONE ][39m [1mimport[22m
[0m
[  93% ] [90m[1mreimport[22m | KIT_props_incense_burner.glb[39m[0m
[   0% ] [90m[1mimport[22m | Started Import Scene (104 steps)[39m[0m
[   0% ] [90m[1mimport[22m | Importing Scene...[39m[0m
[   1% ] [90m[1mimport[22m | Running Custom Script...[39m[0m
[  99% ] [90m[1mimport[22m | Saving...[39m[0m
[92m[ DONE ][39m [1mimport[22m
[0m
[  93% ] [90m[1mreimport[22m | KIT_props_folding_chair_LOD1.glb[39m[0m
[   0% ] [90m[1mimport[22m | Started Import Scene (104 steps)[39m[0m
[   0% ] [90m[1mimport[22m | Importing Scene...[39m[0m
[   1% ] [90m[1mimport[22m | Running Custom Script...[39m[0m
[  99% ] [90m[1mimport[22m | Saving...[39m[0m
[92m[ DONE ][39m [1mimport[22m
[0m
[  94% ] [90m[1mreimport[22m | KIT_props_folding_chair.glb[39m[0m
[   0% ] [90m[1mimport[22m | Started Import Scene (104 steps)[39m[0m
[   0% ] [90m[1mimport[22m | Importing Scene...[39m[0m
[   1% ] [90m[1mimport[22m | Running Custom Script...[39m[0m
[  99% ] [90m[1mimport[22m | Saving...[39m[0m
[92m[ DONE ][39m [1mimport[22m
[0m
[  94% ] [90m[1mreimport[22m | KIT_props_brazier_LOD1.glb[39m[0m
[   0% ] [90m[1mimport[22m | Started Import Scene (104 steps)[39m[0m
[   0% ] [90m[1mimport[22m | Importing Scene...[39m[0m
[   1% ] [90m[1mimport[22m | Running Custom Script...[39m[0m
[  99% ] [90m[1mimport[22m | Saving...[39m[0m
[92m[ DONE ][39m [1mimport[22m
[0m
[  94% ] [90m[1mreimport[22m | KIT_props_brazier.glb[39m[0m
[   0% ] [90m[1mimport[22m | Started Import Scene (104 steps)[39m[0m
[   0% ] [90m[1mimport[22m | Importing Scene...[39m[0m
[   1% ] [90m[1mimport[22m | Running Custom Script...[39m[0m
[  99% ] [90m[1mimport[22m | Saving...[39m[0m
[92m[ DONE ][39m [1mimport[22m
[0m
[  94% ] [90m[1mreimport[22m | KIT_pavilion_roof_square_LOD1.glb[39m[0m
[   0% ] [90m[1mimport[22m | Started Import Scene (104 steps)[39m[0m
[   0% ] [90m[1mimport[22m | Importing Scene...[39m[0m
[   1% ] [90m[1mimport[22m | Running Custom Script...[39m[0m
[  99% ] [90m[1mimport[22m | Saving...[39m[0m
[92m[ DONE ][39m [1mimport[22m
[0m
[  94% ] [90m[1mreimport[22m | KIT_pavilion_roof_square.glb[39m[0m
[   0% ] [90m[1mimport[22m | Started Import Scene (104 steps)[39m[0m
[   0% ] [90m[1mimport[22m | Importing Scene...[39m[0m
[   1% ] [90m[1mimport[22m | Running Custom Script...[39m[0m
[  99% ] [90m[1mimport[22m | Saving...[39m[0m
[92m[ DONE ][39m [1mimport[22m
[0m
[  95% ] [90m[1mreimport[22m | KIT_stage_studio_wall.glb[39m[0m
[   0% ] [90m[1mimport[22m | Started Import Scene (104 steps)[39m[0m
[   0% ] [90m[1mimport[22m | Importing Scene...[39m[0m
[   1% ] [90m[1mimport[22m | Running Custom Script...[39m[0m
[  99% ] [90m[1mimport[22m | Saving...[39m[0m
[92m[ DONE ][39m [1mimport[22m
[0m
[  95% ] [90m[1mreimport[22m | KIT_stage_gel_frame_LOD1.glb[39m[0m
[   0% ] [90m[1mimport[22m | Started Import Scene (104 steps)[39m[0m
[   0% ] [90m[1mimport[22m | Importing Scene...[39m[0m
[   1% ] [90m[1mimport[22m | Running Custom Script...[39m[0m
[  99% ] [90m[1mimport[22m | Saving...[39m[0m
[92m[ DONE ][39m [1mimport[22m
[0m
[  95% ] [90m[1mreimport[22m | KIT_stage_gel_frame.glb[39m[0m
[   0% ] [90m[1mimport[22m | Started Import Scene (104 steps)[39m[0m
[   0% ] [90m[1mimport[22m | Importing Scene...[39m[0m
[   1% ] [90m[1mimport[22m | Running Custom Script...[39m[0m
[  99% ] [90m[1mimport[22m | Saving...[39m[0m
[92m[ DONE ][39m [1mimport[22m
[0m
[  95% ] [90m[1mreimport[22m | KIT_stage_fog_plane_LOD1.glb[39m[0m
[   0% ] [90m[1mimport[22m | Started Import Scene (104 steps)[39m[0m
[   0% ] [90m[1mimport[22m | Importing Scene...[39m[0m
[   1% ] [90m[1mimport[22m | Running Custom Script...[39m[0m
[  99% ] [90m[1mimport[22m | Saving...[39m[0m
[92m[ DONE ][39m [1mimport[22m
[0m
[  95% ] [90m[1mreimport[22m | KIT_stage_fog_plane.glb[39m[0m
[   0% ] [90m[1mimport[22m | Started Import Scene (104 steps)[39m[0m
[   0% ] [90m[1mimport[22m | Importing Scene...[39m[0m
[   1% ] [90m[1mimport[22m | Running Custom Script...[39m[0m
[  99% ] [90m[1mimport[22m | Saving...[39m[0m
[92m[ DONE ][39m [1mimport[22m
[0m
[  96% ] [90m[1mreimport[22m | KIT_stage_floor_boards_LOD1.glb[39m[0m
[   0% ] [90m[1mimport[22m | Started Import Scene (104 steps)[39m[0m
[   0% ] [90m[1mimport[22m | Importing Scene...[39m[0m
[   1% ] [90m[1mimport[22m | Running Custom Script...[39m[0m
[  99% ] [90m[1mimport[22m | Saving...[39m[0m
[92m[ DONE ][39m [1mimport[22m
[0m
[  96% ] [90m[1mreimport[22m | KIT_stage_floor_boards.glb[39m[0m
[   0% ] [90m[1mimport[22m | Started Import Scene (104 steps)[39m[0m
[   0% ] [90m[1mimport[22m | Importing Scene...[39m[0m
[   1% ] [90m[1mimport[22m | Running Custom Script...[39m[0m
[  99% ] [90m[1mimport[22m | Saving...[39m[0m
[92m[ DONE ][39m [1mimport[22m
[0m
[  96% ] [90m[1mreimport[22m | KIT_stage_cyclorama_moonlit_LOD1.glb[39m[0m
[   0% ] [90m[1mimport[22m | Started Import Scene (104 steps)[39m[0m
[   0% ] [90m[1mimport[22m | Importing Scene...[39m[0m
[   1% ] [90m[1mimport[22m | Running Custom Script...[39m[0m
[  99% ] [90m[1mimport[22m | Saving...[39m[0m
[92m[ DONE ][39m [1mimport[22m
[0m
[  96% ] [90m[1mreimport[22m | KIT_stage_cyclorama_moonlit.glb[39m[0m
[   0% ] [90m[1mimport[22m | Started Import Scene (104 steps)[39m[0m
[   0% ] [90m[1mimport[22m | Importing Scene...[39m[0m
[   1% ] [90m[1mimport[22m | Running Custom Script...[39m[0m
[  99% ] [90m[1mimport[22m | Saving...[39m[0m
[92m[ DONE ][39m [1mimport[22m
[0m
[  96% ] [90m[1mreimport[22m | KIT_stage_cyclorama_mist_LOD1.glb[39m[0m
[   0% ] [90m[1mimport[22m | Started Import Scene (104 steps)[39m[0m
[   0% ] [90m[1mimport[22m | Importing Scene...[39m[0m
[   1% ] [90m[1mimport[22m | Running Custom Script...[39m[0m
[  99% ] [90m[1mimport[22m | Saving...[39m[0m
[92m[ DONE ][39m [1mimport[22m
[0m
[  97% ] [90m[1mreimport[22m | KIT_stage_cyclorama_mist.glb[39m[0m
[   0% ] [90m[1mimport[22m | Started Import Scene (104 steps)[39m[0m
[   0% ] [90m[1mimport[22m | Importing Scene...[39m[0m
[   1% ] [90m[1mimport[22m | Running Custom Script...[39m[0m
[  99% ] [90m[1mimport[22m | Saving...[39m[0m
[92m[ DONE ][39m [1mimport[22m
[0m
[  97% ] [90m[1mreimport[22m | KIT_stage_cyclorama_dusk_LOD1.glb[39m[0m
[   0% ] [90m[1mimport[22m | Started Import Scene (104 steps)[39m[0m
[   0% ] [90m[1mimport[22m | Importing Scene...[39m[0m
[   1% ] [90m[1mimport[22m | Running Custom Script...[39m[0m
[  99% ] [90m[1mimport[22m | Saving...[39m[0m
[92m[ DONE ][39m [1mimport[22m
[0m
[  97% ] [90m[1mreimport[22m | KIT_stage_cyclorama_dusk.glb[39m[0m
[   0% ] [90m[1mimport[22m | Started Import Scene (104 steps)[39m[0m
[   0% ] [90m[1mimport[22m | Importing Scene...[39m[0m
[   1% ] [90m[1mimport[22m | Running Custom Script...[39m[0m
[  99% ] [90m[1mimport[22m | Saving...[39m[0m
[92m[ DONE ][39m [1mimport[22m
[0m
[  97% ] [90m[1mreimport[22m | KIT_rockery_tunnel_LOD1.glb[39m[0m
[   0% ] [90m[1mimport[22m | Started Import Scene (104 steps)[39m[0m
[   0% ] [90m[1mimport[22m | Importing Scene...[39m[0m
[   1% ] [90m[1mimport[22m | Running Custom Script...[39m[0m
[  99% ] [90m[1mimport[22m | Saving...[39m[0m
[92m[ DONE ][39m [1mimport[22m
[0m
[  97% ] [90m[1mreimport[22m | KIT_rockery_tunnel.glb[39m[0m
[   0% ] [90m[1mimport[22m | Started Import Scene (104 steps)[39m[0m
[   0% ] [90m[1mimport[22m | Importing Scene...[39m[0m
[   1% ] [90m[1mimport[22m | Running Custom Script...[39m[0m
[  99% ] [90m[1mimport[22m | Saving...[39m[0m
[92m[ DONE ][39m [1mimport[22m
[0m
[  98% ] [90m[1mreimport[22m | KIT_rockery_small_LOD1.glb[39m[0m
[   0% ] [90m[1mimport[22m | Started Import Scene (104 steps)[39m[0m
[   0% ] [90m[1mimport[22m | Importing Scene...[39m[0m
[   1% ] [90m[1mimport[22m | Running Custom Script...[39m[0m
[  99% ] [90m[1mimport[22m | Saving...[39m[0m
[92m[ DONE ][39m [1mimport[22m
[0m
[  98% ] [90m[1mreimport[22m | KIT_rockery_small.glb[39m[0m
[   0% ] [90m[1mimport[22m | Started Import Scene (104 steps)[39m[0m
[   0% ] [90m[1mimport[22m | Importing Scene...[39m[0m
[   1% ] [90m[1mimport[22m | Running Custom Script...[39m[0m
[  99% ] [90m[1mimport[22m | Saving...[39m[0m
[92m[ DONE ][39m [1mimport[22m
[0m
[  98% ] [90m[1mreimport[22m | KIT_rockery_medium_LOD1.glb[39m[0m
[   0% ] [90m[1mimport[22m | Started Import Scene (104 steps)[39m[0m
[   0% ] [90m[1mimport[22m | Importing Scene...[39m[0m
[   1% ] [90m[1mimport[22m | Running Custom Script...[39m[0m
[  99% ] [90m[1mimport[22m | Saving...[39m[0m
[92m[ DONE ][39m [1mimport[22m
[0m
[  98% ] [90m[1mreimport[22m | KIT_rockery_medium.glb[39m[0m
[   0% ] [90m[1mimport[22m | Started Import Scene (104 steps)[39m[0m
[   0% ] [90m[1mimport[22m | Importing Scene...[39m[0m
[   1% ] [90m[1mimport[22m | Running Custom Script...[39m[0m
[  99% ] [90m[1mimport[22m | Saving...[39m[0m
[92m[ DONE ][39m [1mimport[22m
[0m
[  98% ] [90m[1mreimport[22m | KIT_rockery_large_LOD1.glb[39m[0m
[   0% ] [90m[1mimport[22m | Started Import Scene (104 steps)[39m[0m
[   0% ] [90m[1mimport[22m | Importing Scene...[39m[0m
[   1% ] [90m[1mimport[22m | Running Custom Script...[39m[0m
[  99% ] [90m[1mimport[22m | Saving...[39m[0m
[92m[ DONE ][39m [1mimport[22m
[0m
[  99% ] [90m[1mreimport[22m | KIT_rockery_large.glb[39m[0m
[   0% ] [90m[1mimport[22m | Started Import Scene (104 steps)[39m[0m
[   0% ] [90m[1mimport[22m | Importing Scene...[39m[0m
[   1% ] [90m[1mimport[22m | Running Custom Script...[39m[0m
[  99% ] [90m[1mimport[22m | Saving...[39m[0m
[92m[ DONE ][39m [1mimport[22m
[0m
[  99% ] [90m[1mreimport[22m | KIT_rockery_cliff_LOD1.glb[39m[0m
[   0% ] [90m[1mimport[22m | Started Import Scene (104 steps)[39m[0m
[   0% ] [90m[1mimport[22m | Importing Scene...[39m[0m
[   1% ] [90m[1mimport[22m | Running Custom Script...[39m[0m
[  99% ] [90m[1mimport[22m | Saving...[39m[0m
[92m[ DONE ][39m [1mimport[22m
[0m
[  99% ] [90m[1mreimport[22m | KIT_rockery_cliff.glb[39m[0m
[   0% ] [90m[1mimport[22m | Started Import Scene (104 steps)[39m[0m
[   0% ] [90m[1mimport[22m | Importing Scene...[39m[0m
[   1% ] [90m[1mimport[22m | Running Custom Script...[39m[0m
[  99% ] [90m[1mimport[22m | Saving...[39m[0m
[92m[ DONE ][39m [1mimport[22m
[0m
[  99% ] [90m[1mreimport[22m | Finalizing Asset Import...[39m[0m
[92m[ DONE ][39m [1mreimport[22m
[0m
[   0% ] [90m[1mreimport[22m | Started (Re)Importing Assets (485 steps)[39m[0m
[   0% ] [90m[1mreimport[22m | Executing post-reimport operations...[39m[0m
[92m[ DONE ][39m [1mreimport[22m
[0m
[   0% ] [90m[1mloading_editor_layout[22m | Started Loading editor (5 steps)[39m[0m
[   0% ] [90m[1mloading_editor_layout[22m | Loading editor layout...[39m[0m
[  16% ] [90m[1mloading_editor_layout[22m | Loading docks...[39m[0m
[92m[ DONE ][39m [1mloading_editor_layout[22m
[0m
