00:00.336  blend            | Read blend: "/Users/auchan/projects/garden-of-dreams/.superpowers/sdd/2026-09-23-garden-completion/water-edge-source/lit-native-review/blender/authoring.blend"
BlenderMCP addon registered
INFO Draco is available, use library at /Applications/Blender.app/Contents/Resources/5.2/scripts/addons_core/io_scene_gltf2/libbf_intern_draco_bridge.dylib
INFO MeshOptimizer is available, use library at /Applications/Blender.app/Contents/Resources/5.2/scripts/addons_core/io_scene_gltf2/libbf_intern_meshopt_bridge.dylib
18:38:05 | INFO: Starting glTF 2.0 export
18:38:05 | INFO: Extracting primitive: COL_aojing_approach.001
18:38:05 | INFO: Primitives created: 1
18:38:05 | INFO: Extracting primitive: COL_aojing_approach.004
18:38:05 | INFO: Primitives created: 1
18:38:05 | INFO: Extracting primitive: COL_aojing_approach_guard.001
18:38:05 | INFO: Primitives created: 1
18:38:05 | INFO: Extracting primitive: COL_aojing_approach_guard.004
18:38:05 | INFO: Primitives created: 1
18:38:05 | INFO: Extracting primitive: COL_aojing_approach_ramp.002
18:38:05 | INFO: Primitives created: 1
18:38:05 | INFO: Extracting primitive: COL_daoxiang_approach.002
18:38:05 | INFO: Primitives created: 1
18:38:05 | INFO: Extracting primitive: COL_daoxiang_approach.003
18:38:05 | INFO: Primitives created: 1
18:38:05 | INFO: Extracting primitive: COL_hengwu_approach.002
18:38:05 | INFO: Primitives created: 1
18:38:05 | INFO: Extracting primitive: COL_hengwu_approach.003
18:38:05 | INFO: Primitives created: 1
18:38:05 | INFO: Extracting primitive: COL_longcui_approach.003
18:38:05 | INFO: Primitives created: 1
18:38:05 | INFO: Extracting primitive: COL_longcui_approach.004
18:38:05 | INFO: Primitives created: 1
18:38:05 | INFO: Extracting primitive: COL_longcui_approach.005
18:38:05 | INFO: Primitives created: 1
18:38:05 | INFO: Extracting primitive: Cube.009
18:38:05 | INFO: Primitives created: 1
18:38:05 | INFO: Extracting primitive: Cube.011
18:38:05 | INFO: Primitives created: 1
18:38:05 | INFO: Extracting primitive: Cube.012
18:38:05 | INFO: Primitives created: 1
18:38:05 | INFO: Extracting primitive: Cube.013
18:38:05 | INFO: Primitives created: 1
18:38:05 | INFO: Extracting primitive: Cube.019
18:38:05 | INFO: Primitives created: 1
18:38:05 | INFO: Extracting primitive: Cube.020
18:38:05 | INFO: Primitives created: 1
18:38:05 | INFO: Extracting primitive: Cube.023
18:38:05 | INFO: Primitives created: 1
18:38:05 | INFO: Extracting primitive: Cube.024
18:38:05 | INFO: Primitives created: 1
18:38:05 | INFO: Extracting primitive: Cube.048
18:38:05 | INFO: Primitives created: 1
18:38:05 | INFO: Extracting primitive: Cube.050
18:38:05 | INFO: Primitives created: 1
18:38:05 | INFO: Extracting primitive: Cube.052
18:38:05 | INFO: Primitives created: 1
18:38:05 | INFO: Extracting primitive: Cube.092
18:38:05 | INFO: Primitives created: 1
18:38:05 | INFO: Extracting primitive: Cube.093
18:38:05 | INFO: Primitives created: 1
18:38:05 | INFO: Extracting primitive: Cube.094
18:38:05 | INFO: Primitives created: 1
18:38:05 | INFO: Extracting primitive: Cube.095
18:38:05 | INFO: Primitives created: 1
18:38:05 | INFO: Extracting primitive: Cube.096
18:38:05 | INFO: Primitives created: 1
18:38:05 | INFO: Extracting primitive: Cube.097
18:38:05 | INFO: Primitives created: 1
18:38:05 | INFO: Extracting primitive: Cube.098
18:38:05 | INFO: Primitives created: 1
18:38:05 | INFO: Extracting primitive: Cube.099
18:38:05 | INFO: Primitives created: 1
18:38:05 | INFO: Extracting primitive: Cube.100
18:38:05 | INFO: Primitives created: 1
18:38:05 | INFO: Extracting primitive: Cube.101
18:38:05 | INFO: Primitives created: 1
18:38:05 | INFO: Extracting primitive: Cube.102
18:38:05 | INFO: Primitives created: 1
18:38:05 | INFO: Extracting primitive: Cube.103
18:38:05 | INFO: Primitives created: 1
18:38:05 | INFO: Extracting primitive: Cube.104
18:38:05 | INFO: Primitives created: 1
18:38:05 | INFO: Extracting primitive: Cube.105
18:38:05 | INFO: Primitives created: 1
18:38:05 | INFO: Extracting primitive: Cube.106
18:38:05 | INFO: Primitives created: 1
18:38:05 | INFO: Extracting primitive: Cube.107
18:38:05 | INFO: Primitives created: 1
18:38:05 | INFO: Extracting primitive: Cube.108
18:38:05 | INFO: Primitives created: 1
18:38:05 | INFO: Extracting primitive: Cube.109
18:38:05 | INFO: Primitives created: 1
18:38:05 | INFO: Extracting primitive: Cube.110
18:38:05 | INFO: Primitives created: 1
18:38:05 | INFO: Extracting primitive: Cube.111
18:38:05 | INFO: Primitives created: 1
18:38:05 | INFO: Extracting primitive: Cube.112
18:38:05 | INFO: Primitives created: 1
18:38:05 | INFO: Extracting primitive: Cube.113
18:38:05 | INFO: Primitives created: 1
18:38:05 | INFO: Extracting primitive: Cube.114
18:38:05 | INFO: Primitives created: 1
18:38:05 | INFO: Extracting primitive: Cube.115
18:38:05 | INFO: Primitives created: 1
18:38:05 | INFO: Extracting primitive: Cube.116
18:38:05 | INFO: Primitives created: 1
18:38:05 | INFO: Extracting primitive: Cube.117
18:38:05 | INFO: Primitives created: 1
18:38:05 | INFO: Extracting primitive: Cube.118
18:38:05 | INFO: Primitives created: 1
18:38:05 | INFO: Extracting primitive: Cube.119
18:38:05 | INFO: Primitives created: 1
18:38:05 | INFO: Extracting primitive: Cube.120
18:38:05 | INFO: Primitives created: 1
18:38:05 | INFO: Extracting primitive: Cube.121
18:38:05 | INFO: Primitives created: 1
18:38:05 | INFO: Extracting primitive: Cube.122
18:38:05 | INFO: Primitives created: 1
18:38:05 | INFO: Extracting primitive: Cube.123
18:38:05 | INFO: Primitives created: 1
18:38:05 | INFO: Extracting primitive: Cube.124
18:38:05 | INFO: Primitives created: 1
18:38:05 | INFO: Extracting primitive: Cube.125
18:38:05 | INFO: Primitives created: 1
18:38:05 | INFO: Extracting primitive: Cube.126
18:38:05 | INFO: Primitives created: 1
18:38:05 | INFO: Extracting primitive: Cube.127
18:38:05 | INFO: Primitives created: 1
18:38:05 | INFO: Extracting primitive: Cube.128
18:38:05 | INFO: Primitives created: 1
18:38:05 | INFO: Extracting primitive: Cube.129
18:38:05 | INFO: Primitives created: 1
18:38:05 | INFO: Extracting primitive: Cube.130
18:38:05 | INFO: Primitives created: 1
18:38:05 | INFO: Extracting primitive: Cube.131
18:38:05 | INFO: Primitives created: 1
18:38:05 | INFO: Extracting primitive: Cube.132
18:38:05 | INFO: Primitives created: 1
18:38:05 | INFO: Extracting primitive: Cube.133
18:38:05 | INFO: Primitives created: 1
18:38:05 | INFO: Extracting primitive: Cube.134
18:38:05 | INFO: Primitives created: 1
18:38:05 | INFO: Extracting primitive: Cube.135
18:38:05 | INFO: Primitives created: 1
18:38:05 | INFO: Extracting primitive: Cube.136
18:38:05 | INFO: Primitives created: 1
18:38:05 | INFO: Extracting primitive: Cube.137
18:38:05 | INFO: Primitives created: 1
18:38:05 | INFO: Extracting primitive: Cube.138
18:38:05 | INFO: Primitives created: 1
18:38:05 | INFO: Extracting primitive: Cube.139
18:38:05 | INFO: Primitives created: 1
18:38:05 | INFO: Extracting primitive: Cube.140
18:38:05 | INFO: Primitives created: 1
18:38:05 | INFO: Extracting primitive: Cube.141
18:38:05 | INFO: Primitives created: 1
18:38:05 | INFO: Extracting primitive: Cube.142
18:38:05 | INFO: Primitives created: 1
18:38:05 | INFO: Extracting primitive: Cube.143
18:38:05 | INFO: Primitives created: 1
18:38:05 | INFO: Extracting primitive: Cube.144
18:38:05 | INFO: Primitives created: 1
18:38:05 | INFO: Extracting primitive: COL_stone_walk.005
18:38:05 | INFO: Primitives created: 1
18:38:05 | INFO: Extracting primitive: COL_stone_walk.008
18:38:05 | INFO: Primitives created: 1
18:38:05 | INFO: Extracting primitive: COL_stone_walk.009
18:38:05 | INFO: Primitives created: 1
18:38:05 | INFO: Extracting primitive: COL_stone_walk.010
18:38:05 | INFO: Primitives created: 1
18:38:05 | INFO: Extracting primitive: COL_stone_walk.011
18:38:05 | INFO: Primitives created: 1
18:38:05 | INFO: Extracting primitive: COL_stone_walk.012
18:38:05 | INFO: Primitives created: 1
18:38:05 | INFO: Extracting primitive: COL_study_approach.002
18:38:05 | INFO: Primitives created: 1
18:38:05 | INFO: Extracting primitive: COL_tubi_approach.001
18:38:05 | INFO: Primitives created: 1
18:38:05 | INFO: Extracting primitive: COL_tubi_approach.002
18:38:05 | INFO: Primitives created: 1
18:38:05 | INFO: Extracting primitive: COL_tubi_approach.007
18:38:05 | INFO: Primitives created: 1
18:38:05 | INFO: Extracting primitive: COL_tubi_approach.008
18:38:05 | INFO: Primitives created: 1
18:38:05 | INFO: Extracting primitive: KIT_stage_floor.001
18:38:05 | INFO: Primitives created: 1
18:38:05 | INFO: Extracting primitive: AOJING_approach_guard.001
18:38:05 | INFO: Primitives created: 1
18:38:05 | INFO: Extracting primitive: KIT_stage_painted_moon.001
18:38:05 | INFO: Primitives created: 1
18:38:05 | INFO: Extracting primitive: KIT_stage_painted_mountain_layer.003
18:38:05 | INFO: Primitives created: 1
18:38:05 | INFO: Extracting primitive: KIT_stage_painted_mountain_layer.004
18:38:05 | INFO: Primitives created: 1
18:38:05 | INFO: Extracting primitive: KIT_stage_painted_mountain_layer.005
18:38:05 | INFO: Primitives created: 1
18:38:05 | INFO: Extracting primitive: KIT_water_stone_walk.005
18:38:05 | INFO: Primitives created: 1
18:38:05 | INFO: Extracting primitive: Painted coved ceiling candidate.001
18:38:05 | INFO: Primitives created: 1
18:38:05 | INFO: Extracting primitive: KIT_stage_painted_canvas.002
18:38:05 | INFO: Primitives created: 1
18:38:05 | INFO: Extracting primitive: Eight painted cyclorama arcs.001
18:38:05 | WARNING: More than one shader node tex image used for a texture. The resulting glTF sampler will behave like the first shader node tex image.
18:38:05 | INFO: Primitives created: 2
18:38:05 | INFO: Extracting primitive: KIT_stage_fog_plane_render.002
18:38:05 | INFO: Primitives created: 1
18:38:05 | INFO: Finished glTF 2.0 export in 0.17463183403015137 s

18:38:18 | INFO: Starting glTF 2.0 export
18:38:18 | INFO: Extracting primitive: Cube.147
18:38:18 | INFO: Primitives created: 1
18:38:18 | INFO: Extracting primitive: Cube.148
18:38:18 | INFO: Primitives created: 1
18:38:18 | INFO: Extracting primitive: Cube.149
18:38:18 | INFO: Primitives created: 1
18:38:18 | INFO: Extracting primitive: Cube.150
18:38:18 | INFO: Primitives created: 1
18:38:18 | INFO: Extracting primitive: COL_bridge_crosswalk.002
18:38:18 | INFO: Primitives created: 1
18:38:18 | INFO: Extracting primitive: COL_bridge_crosswalk.003
18:38:18 | INFO: Primitives created: 1
18:38:18 | INFO: Extracting primitive: COL_floor_joint_pavilion_east_joint.001
18:38:18 | INFO: Primitives created: 1
18:38:18 | INFO: Extracting primitive: COL_floor_joint_pavilion_west_joint.001
18:38:18 | INFO: Primitives created: 1
18:38:18 | INFO: Extracting primitive: Cube.146
18:38:18 | INFO: Primitives created: 1
18:38:18 | INFO: Extracting primitive: Cube.145
18:38:18 | INFO: Primitives created: 1
18:38:18 | INFO: Extracting primitive: COL_corridor_floor.009
18:38:18 | INFO: Primitives created: 1
18:38:18 | INFO: Extracting primitive: COL_corridor_side.015
18:38:18 | INFO: Primitives created: 1
18:38:18 | INFO: Extracting primitive: COL_corridor_side.016
18:38:18 | INFO: Primitives created: 1
18:38:18 | INFO: Extracting primitive: COL_corridor_post.016
18:38:18 | INFO: Primitives created: 1
18:38:18 | INFO: Extracting primitive: COL_corridor_post.017
18:38:18 | INFO: Primitives created: 1
18:38:18 | INFO: Extracting primitive: COL_corridor_floor.010
18:38:18 | INFO: Primitives created: 1
18:38:18 | INFO: Extracting primitive: COL_corridor_side.017
18:38:18 | INFO: Primitives created: 1
18:38:18 | INFO: Extracting primitive: COL_corridor_side.018
18:38:18 | INFO: Primitives created: 1
18:38:18 | INFO: Extracting primitive: COL_corridor_post.018
18:38:18 | INFO: Primitives created: 1
18:38:18 | INFO: Extracting primitive: COL_corridor_post.019
18:38:18 | INFO: Primitives created: 1
18:38:18 | INFO: Extracting primitive: COL_corridor_floor.011
18:38:18 | INFO: Primitives created: 1
18:38:18 | INFO: Extracting primitive: COL_corridor_side.019
18:38:18 | INFO: Primitives created: 1
18:38:18 | INFO: Extracting primitive: COL_corridor_side.020
18:38:18 | INFO: Primitives created: 1
18:38:18 | INFO: Extracting primitive: COL_corridor_post.020
18:38:18 | INFO: Primitives created: 1
18:38:18 | INFO: Extracting primitive: COL_corridor_post.021
18:38:18 | INFO: Primitives created: 1
18:38:18 | INFO: Extracting primitive: COL_corridor_floor.012
18:38:18 | INFO: Primitives created: 1
18:38:18 | INFO: Extracting primitive: COL_corridor_side.021
18:38:18 | INFO: Primitives created: 1
18:38:18 | INFO: Extracting primitive: COL_corridor_side.022
18:38:18 | INFO: Primitives created: 1
18:38:18 | INFO: Extracting primitive: COL_corridor_post.022
18:38:18 | INFO: Primitives created: 1
18:38:18 | INFO: Extracting primitive: COL_corridor_post.023
18:38:18 | INFO: Primitives created: 1
18:38:18 | INFO: Extracting primitive: COL_corridor_floor.001
18:38:18 | INFO: Primitives created: 1
18:38:18 | INFO: Extracting primitive: COL_corridor_side.001
18:38:18 | INFO: Primitives created: 1
18:38:18 | INFO: Extracting primitive: COL_corridor_side.002
18:38:18 | INFO: Primitives created: 1
18:38:18 | INFO: Extracting primitive: COL_corridor_post.001
18:38:18 | INFO: Primitives created: 1
18:38:18 | INFO: Extracting primitive: COL_corridor_post.002
18:38:19 | INFO: Primitives created: 1
18:38:19 | INFO: Extracting primitive: COL_corridor_floor.002
18:38:19 | INFO: Primitives created: 1
18:38:19 | INFO: Extracting primitive: COL_corridor_side.003
18:38:19 | INFO: Primitives created: 1
18:38:19 | INFO: Extracting primitive: COL_corridor_side.004
18:38:19 | INFO: Primitives created: 1
18:38:19 | INFO: Extracting primitive: COL_corridor_post.003
18:38:19 | INFO: Primitives created: 1
18:38:19 | INFO: Extracting primitive: COL_corridor_post.004
18:38:19 | INFO: Primitives created: 1
18:38:19 | INFO: Extracting primitive: COL_corridor_floor.003
18:38:19 | INFO: Primitives created: 1
18:38:19 | INFO: Extracting primitive: COL_corridor_side.005
18:38:19 | INFO: Primitives created: 1
18:38:19 | INFO: Extracting primitive: COL_corridor_side.006
18:38:19 | INFO: Primitives created: 1
18:38:19 | INFO: Extracting primitive: COL_corridor_post.005
18:38:19 | INFO: Primitives created: 1
18:38:19 | INFO: Extracting primitive: COL_corridor_post.006
18:38:19 | INFO: Primitives created: 1
18:38:19 | INFO: Extracting primitive: COL_corridor_floor.004
18:38:19 | INFO: Primitives created: 1
18:38:19 | INFO: Extracting primitive: COL_corridor_side.007
18:38:19 | INFO: Primitives created: 1
18:38:19 | INFO: Extracting primitive: COL_corridor_side.008
18:38:19 | INFO: Primitives created: 1
18:38:19 | INFO: Extracting primitive: COL_corridor_post.007
18:38:19 | INFO: Primitives created: 1
18:38:19 | INFO: Extracting primitive: COL_corridor_post.008
18:38:19 | INFO: Primitives created: 1
18:38:19 | INFO: Extracting primitive: COL_corridor_floor.005
18:38:19 | INFO: Primitives created: 1
18:38:19 | INFO: Extracting primitive: COL_corridor_side.009
18:38:19 | INFO: Primitives created: 1
18:38:19 | INFO: Extracting primitive: COL_corridor_side.010
18:38:19 | INFO: Primitives created: 1
18:38:19 | INFO: Extracting primitive: COL_corridor_post.009
18:38:19 | INFO: Primitives created: 1
18:38:19 | INFO: Extracting primitive: COL_corridor_post.010
18:38:19 | INFO: Primitives created: 1
18:38:19 | INFO: Extracting primitive: COL_corridor_floor.006
18:38:19 | INFO: Primitives created: 1
18:38:19 | INFO: Extracting primitive: COL_corridor_side.011
18:38:19 | INFO: Primitives created: 1
18:38:19 | INFO: Extracting primitive: COL_corridor_post.011
18:38:19 | INFO: Primitives created: 1
18:38:19 | INFO: Extracting primitive: COL_corridor_post.012
18:38:19 | INFO: Primitives created: 1
18:38:19 | INFO: Extracting primitive: COL_corridor_floor.007
18:38:19 | INFO: Primitives created: 1
18:38:19 | INFO: Extracting primitive: COL_corridor_side.012
18:38:19 | INFO: Primitives created: 1
18:38:19 | INFO: Extracting primitive: COL_corridor_post.013
18:38:19 | INFO: Primitives created: 1
18:38:19 | INFO: Extracting primitive: COL_corridor_floor.008
18:38:19 | INFO: Primitives created: 1
18:38:19 | INFO: Extracting primitive: COL_corridor_side.013
18:38:19 | INFO: Primitives created: 1
18:38:19 | INFO: Extracting primitive: COL_corridor_side.014
18:38:19 | INFO: Primitives created: 1
18:38:19 | INFO: Extracting primitive: COL_corridor_post.014
18:38:19 | INFO: Primitives created: 1
18:38:19 | INFO: Extracting primitive: COL_corridor_post.015
18:38:19 | INFO: Primitives created: 1
18:38:19 | INFO: Extracting primitive: COL_corridor_floor.013
18:38:19 | INFO: Primitives created: 1
18:38:19 | INFO: Extracting primitive: COL_corridor_side.023
18:38:19 | INFO: Primitives created: 1
18:38:19 | INFO: Extracting primitive: COL_corridor_side.024
18:38:19 | INFO: Primitives created: 1
18:38:19 | INFO: Extracting primitive: COL_corridor_post.024
18:38:19 | INFO: Primitives created: 1
18:38:19 | INFO: Extracting primitive: COL_corridor_post.025
18:38:19 | INFO: Primitives created: 1
18:38:19 | INFO: Extracting primitive: COL_corridor_floor.014
18:38:19 | INFO: Primitives created: 1
18:38:19 | INFO: Extracting primitive: COL_corridor_side.025
18:38:19 | INFO: Primitives created: 1
18:38:19 | INFO: Extracting primitive: COL_corridor_side.026
18:38:19 | INFO: Primitives created: 1
18:38:19 | INFO: Extracting primitive: COL_corridor_post.026
18:38:19 | INFO: Primitives created: 1
18:38:19 | INFO: Extracting primitive: COL_corridor_post.027
18:38:19 | INFO: Primitives created: 1
18:38:19 | INFO: Extracting primitive: COL_corridor_floor.015
18:38:19 | INFO: Primitives created: 1
18:38:19 | INFO: Extracting primitive: COL_corridor_side.027
18:38:19 | INFO: Primitives created: 1
18:38:19 | INFO: Extracting primitive: COL_corridor_side.028
18:38:19 | INFO: Primitives created: 1
18:38:19 | INFO: Extracting primitive: COL_corridor_post.028
18:38:19 | INFO: Primitives created: 1
18:38:19 | INFO: Extracting primitive: COL_corridor_post.029
18:38:19 | INFO: Primitives created: 1
18:38:19 | INFO: Extracting primitive: COL_corridor_floor.016
18:38:19 | INFO: Primitives created: 1
18:38:19 | INFO: Extracting primitive: COL_corridor_side.029
18:38:19 | INFO: Primitives created: 1
18:38:19 | INFO: Extracting primitive: COL_corridor_side.030
18:38:19 | INFO: Primitives created: 1
18:38:19 | INFO: Extracting primitive: COL_corridor_post.030
18:38:19 | INFO: Primitives created: 1
18:38:19 | INFO: Extracting primitive: COL_corridor_post.031
18:38:19 | INFO: Primitives created: 1
18:38:19 | INFO: Extracting primitive: COL_qinfang_deck.001
18:38:19 | INFO: Primitives created: 1
18:38:19 | INFO: Extracting primitive: COL_pavilion_bench.001
18:38:19 | INFO: Primitives created: 1
18:38:19 | INFO: Extracting primitive: COL_pavilion_bench.002
18:38:19 | INFO: Primitives created: 1
18:38:19 | INFO: Extracting primitive: COL_pavilion_bracket.001
18:38:19 | INFO: Primitives created: 1
18:38:19 | INFO: Extracting primitive: COL_pavilion_bracket.002
18:38:19 | INFO: Primitives created: 1
18:38:19 | INFO: Extracting primitive: COL_pavilion_bracket.003
18:38:19 | INFO: Primitives created: 1
18:38:19 | INFO: Extracting primitive: COL_pavilion_bracket.004
18:38:19 | INFO: Primitives created: 1
18:38:19 | INFO: Extracting primitive: COL_pavilion_bracket.005
18:38:19 | INFO: Primitives created: 1
18:38:19 | INFO: Extracting primitive: COL_pavilion_bracket.006
18:38:19 | INFO: Primitives created: 1
18:38:19 | INFO: Extracting primitive: COL_pavilion_post.001
18:38:19 | INFO: Primitives created: 1
18:38:19 | INFO: Extracting primitive: COL_pavilion_post.002
18:38:19 | INFO: Primitives created: 1
18:38:19 | INFO: Extracting primitive: COL_pavilion_post.003
18:38:19 | INFO: Primitives created: 1
18:38:19 | INFO: Extracting primitive: COL_pavilion_post.004
18:38:19 | INFO: Primitives created: 1
18:38:19 | INFO: Extracting primitive: COL_pavilion_post.005
18:38:19 | INFO: Primitives created: 1
18:38:19 | INFO: Extracting primitive: COL_pavilion_post.006
18:38:19 | INFO: Primitives created: 1
18:38:19 | INFO: Extracting primitive: COL_pavilion_roof.001
18:38:19 | INFO: Primitives created: 1
18:38:19 | INFO: Extracting primitive: COL_water_embankment.082
18:38:19 | INFO: Primitives created: 1
18:38:19 | INFO: Extracting primitive: COL_water_embankment.083
18:38:19 | INFO: Primitives created: 1
18:38:19 | INFO: Extracting primitive: COL_water_embankment.084
18:38:19 | INFO: Primitives created: 1
18:38:19 | INFO: Extracting primitive: COL_water_embankment.085
18:38:19 | INFO: Primitives created: 1
18:38:19 | INFO: Extracting primitive: COL_water_embankment.086
18:38:19 | INFO: Primitives created: 1
18:38:19 | INFO: Extracting primitive: COL_water_embankment.087
18:38:19 | INFO: Primitives created: 1
18:38:19 | INFO: Extracting primitive: COL_water_embankment.088
18:38:19 | INFO: Primitives created: 1
18:38:19 | INFO: Extracting primitive: COL_water_embankment.089
18:38:19 | INFO: Primitives created: 1
18:38:19 | INFO: Extracting primitive: COL_water_embankment.090
18:38:19 | INFO: Primitives created: 1
18:38:19 | INFO: Extracting primitive: COL_water_embankment.091
18:38:19 | INFO: Primitives created: 1
18:38:19 | INFO: Extracting primitive: COL_water_embankment.092
18:38:19 | INFO: Primitives created: 1
18:38:19 | INFO: Extracting primitive: COL_water_embankment.093
18:38:19 | INFO: Primitives created: 1
18:38:19 | INFO: Extracting primitive: COL_water_embankment.094
18:38:19 | INFO: Primitives created: 1
18:38:19 | INFO: Extracting primitive: COL_water_embankment.095
18:38:19 | INFO: Primitives created: 1
18:38:19 | INFO: Extracting primitive: COL_water_embankment.096
18:38:19 | INFO: Primitives created: 1
18:38:19 | INFO: Extracting primitive: COL_water_embankment.097
18:38:19 | INFO: Primitives created: 1
18:38:19 | INFO: Extracting primitive: COL_water_embankment.098
18:38:19 | INFO: Primitives created: 1
18:38:19 | INFO: Extracting primitive: COL_water_embankment.099
18:38:19 | INFO: Primitives created: 1
18:38:19 | INFO: Extracting primitive: COL_water_embankment.100
18:38:19 | INFO: Primitives created: 1
18:38:19 | INFO: Extracting primitive: COL_water_embankment.101
18:38:19 | INFO: Primitives created: 1
18:38:19 | INFO: Extracting primitive: COL_water_embankment.102
18:38:19 | INFO: Primitives created: 1
18:38:19 | INFO: Extracting primitive: COL_water_embankment.103
18:38:19 | INFO: Primitives created: 1
18:38:19 | INFO: Extracting primitive: COL_water_embankment.104
18:38:19 | INFO: Primitives created: 1
18:38:19 | INFO: Extracting primitive: COL_water_embankment.105
18:38:19 | INFO: Primitives created: 1
18:38:19 | INFO: Extracting primitive: COL_water_embankment.106
18:38:19 | INFO: Primitives created: 1
18:38:19 | INFO: Extracting primitive: COL_water_embankment.107
18:38:19 | INFO: Primitives created: 1
18:38:19 | INFO: Extracting primitive: COL_water_embankment.108
18:38:19 | INFO: Primitives created: 1
18:38:19 | INFO: Extracting primitive: COL_water_embankment.055
18:38:19 | INFO: Primitives created: 1
18:38:19 | INFO: Extracting primitive: COL_water_embankment.056
18:38:19 | INFO: Primitives created: 1
18:38:19 | INFO: Extracting primitive: COL_water_embankment.057
18:38:19 | INFO: Primitives created: 1
18:38:19 | INFO: Extracting primitive: COL_water_embankment.058
18:38:19 | INFO: Primitives created: 1
18:38:19 | INFO: Extracting primitive: COL_water_embankment.059
18:38:19 | INFO: Primitives created: 1
18:38:19 | INFO: Extracting primitive: COL_water_embankment.060
18:38:19 | INFO: Primitives created: 1
18:38:19 | INFO: Extracting primitive: COL_water_embankment.061
18:38:19 | INFO: Primitives created: 1
18:38:19 | INFO: Extracting primitive: COL_water_embankment.062
18:38:19 | INFO: Primitives created: 1
18:38:19 | INFO: Extracting primitive: COL_water_embankment.063
18:38:19 | INFO: Primitives created: 1
18:38:19 | INFO: Extracting primitive: COL_water_embankment.064
18:38:19 | INFO: Primitives created: 1
18:38:19 | INFO: Extracting primitive: COL_water_embankment.065
18:38:19 | INFO: Primitives created: 1
18:38:19 | INFO: Extracting primitive: COL_water_embankment.066
18:38:19 | INFO: Primitives created: 1
18:38:19 | INFO: Extracting primitive: COL_water_embankment.067
18:38:19 | INFO: Primitives created: 1
18:38:19 | INFO: Extracting primitive: COL_water_embankment.068
18:38:19 | INFO: Primitives created: 1
18:38:19 | INFO: Extracting primitive: COL_water_embankment.069
18:38:19 | INFO: Primitives created: 1
18:38:19 | INFO: Extracting primitive: COL_water_embankment.070
18:38:19 | INFO: Primitives created: 1
18:38:19 | INFO: Extracting primitive: COL_water_embankment.071
18:38:19 | INFO: Primitives created: 1
18:38:19 | INFO: Extracting primitive: COL_water_embankment.072
18:38:19 | INFO: Primitives created: 1
18:38:19 | INFO: Extracting primitive: COL_water_embankment.073
18:38:19 | INFO: Primitives created: 1
18:38:19 | INFO: Extracting primitive: COL_water_embankment.074
18:38:19 | INFO: Primitives created: 1
18:38:19 | INFO: Extracting primitive: COL_water_embankment.075
18:38:19 | INFO: Primitives created: 1
18:38:19 | INFO: Extracting primitive: COL_water_embankment.076
18:38:19 | INFO: Primitives created: 1
18:38:19 | INFO: Extracting primitive: COL_water_embankment.077
18:38:19 | INFO: Primitives created: 1
18:38:19 | INFO: Extracting primitive: COL_water_embankment.078
18:38:19 | INFO: Primitives created: 1
18:38:19 | INFO: Extracting primitive: COL_water_embankment.079
18:38:19 | INFO: Primitives created: 1
18:38:19 | INFO: Extracting primitive: COL_water_embankment.080
18:38:19 | INFO: Primitives created: 1
18:38:19 | INFO: Extracting primitive: COL_water_embankment.081
18:38:19 | INFO: Primitives created: 1
18:38:19 | INFO: Extracting primitive: KIT_flora_bamboo_large_render.001
18:38:19 | WARNING: More than one shader node tex image used for a texture. The resulting glTF sampler will behave like the first shader node tex image.
18:38:19 | INFO: Primitives created: 1
18:38:19 | INFO: Extracting primitive: KIT_flora_bamboo_large_render.002
18:38:19 | INFO: Primitives created: 1
18:38:19 | INFO: Extracting primitive: KIT_flora_bamboo_small_render.001
18:38:19 | INFO: Primitives created: 1
18:38:19 | INFO: Extracting primitive: KIT_flora_willow_render.001
18:38:19 | INFO: Primitives created: 1
18:38:19 | INFO: Extracting primitive: KIT_flora_willow_render.002
18:38:19 | INFO: Primitives created: 1
18:38:19 | INFO: Extracting primitive: HERO_qinfang-ting_title.002
18:38:19 | WARNING: More than one shader node tex image used for a texture. The resulting glTF sampler will behave like the first shader node tex image.
18:38:19 | INFO: Primitives created: 1
18:38:19 | INFO: Extracting primitive: HERO_qinfang_bridge.001
18:38:19 | INFO: Primitives created: 1
18:38:19 | INFO: Extracting primitive: HERO_table_hexagram.001
18:38:19 | INFO: Primitives created: 1
18:38:19 | INFO: Extracting primitive: line_piece.005
18:38:19 | WARNING: More than one shader node tex image used for a texture. The resulting glTF sampler will behave like the first shader node tex image.
18:38:19 | INFO: Primitives created: 1
18:38:19 | INFO: Extracting primitive: line_piece.002
18:38:19 | INFO: Primitives created: 1
18:38:19 | INFO: Extracting primitive: line_piece.011
18:38:19 | INFO: Primitives created: 1
18:38:19 | INFO: Extracting primitive: line_piece.008
18:38:19 | INFO: Primitives created: 1
18:38:19 | INFO: Extracting primitive: line_piece.017
18:38:19 | INFO: Primitives created: 1
18:38:19 | INFO: Extracting primitive: line_piece.014
18:38:19 | INFO: Primitives created: 1
18:38:19 | INFO: Extracting primitive: line_piece.019
18:38:19 | INFO: Primitives created: 1
18:38:19 | INFO: Extracting primitive: line_piece.018
18:38:19 | INFO: Primitives created: 1
18:38:19 | INFO: Extracting primitive: line_piece.021
18:38:19 | INFO: Primitives created: 1
18:38:19 | INFO: Extracting primitive: line_piece.020
18:38:19 | INFO: Primitives created: 1
18:38:19 | INFO: Extracting primitive: line_piece.023
18:38:19 | INFO: Primitives created: 1
18:38:19 | INFO: Extracting primitive: line_piece.022
18:38:19 | INFO: Primitives created: 1
18:38:19 | INFO: Extracting primitive: HERO_table_pedestal.001
18:38:19 | INFO: Primitives created: 1
18:38:19 | INFO: Extracting primitive: KIT_corridor_rail.008
18:38:19 | INFO: Primitives created: 1
18:38:19 | INFO: Extracting primitive: KIT_water_lotus_lotus_pad.001
18:38:19 | INFO: Primitives created: 1
18:38:19 | INFO: Extracting primitive: KIT_pavilion_roof_shell.001
18:38:19 | INFO: Primitives created: 1
18:38:19 | INFO: Extracting primitive: KIT_pavilion_plinth.001
18:38:19 | INFO: Primitives created: 1
18:38:19 | INFO: Extracting primitive: KIT_props_lantern_hanging_render.001
18:38:19 | WARNING: More than one shader node tex image used for a texture. The resulting glTF sampler will behave like the first shader node tex image.
18:38:19 | INFO: Primitives created: 1
18:38:19 | INFO: Extracting primitive: KIT_water_stream.001
18:38:19 | INFO: Primitives created: 1
18:38:19 | INFO: Finished glTF 2.0 export in 0.2569282054901123 s

18:38:19 | INFO: Starting glTF 2.0 export
18:38:19 | INFO: Extracting primitive: COL_GATE_banana_planter.001
18:38:19 | INFO: Primitives created: 1
18:38:19 | INFO: Extracting primitive: KIT_rockery_passage.022
18:38:19 | INFO: Primitives created: 1
18:38:19 | INFO: Extracting primitive: KIT_rockery_passage.024
18:38:19 | INFO: Primitives created: 1
18:38:19 | INFO: Extracting primitive: KIT_rockery_cliff.006
18:38:19 | INFO: Primitives created: 1
18:38:19 | INFO: Extracting primitive: KIT_rockery_cliff.008
18:38:19 | INFO: Primitives created: 1
18:38:19 | INFO: Extracting primitive: KIT_rockery_passage.004
18:38:19 | INFO: Primitives created: 1
18:38:19 | INFO: Extracting primitive: KIT_rockery_passage.016
18:38:19 | INFO: Primitives created: 1
18:38:19 | INFO: Extracting primitive: KIT_rockery_passage.018
18:38:19 | INFO: Primitives created: 1
18:38:19 | INFO: Extracting primitive: KIT_rockery_passage.020
18:38:19 | INFO: Primitives created: 1
18:38:19 | INFO: Extracting primitive: GATE_paving.003
18:38:19 | INFO: Primitives created: 1
18:38:19 | INFO: Extracting primitive: HERO_gate_inscription.001
18:38:19 | WARNING: More than one shader node tex image used for a texture. The resulting glTF sampler will behave like the first shader node tex image.
18:38:19 | INFO: Primitives created: 1
18:38:19 | INFO: Extracting primitive: HERO_gate_water_drips.001
18:38:19 | WARNING: More than one shader node tex image used for a texture. The resulting glTF sampler will behave like the first shader node tex image.
18:38:19 | INFO: Primitives created: 1
18:38:19 | INFO: Extracting primitive: GATE_banana_pseudostem.001
18:38:19 | INFO: Primitives created: 1
18:38:19 | INFO: Extracting primitive: GATE_banana_soil.001
18:38:19 | INFO: Primitives created: 1
18:38:19 | INFO: Extracting primitive: KIT_rockery_passage.001
18:38:19 | WARNING: More than one shader node tex image used for a texture. The resulting glTF sampler will behave like the first shader node tex image.
18:38:19 | INFO: Primitives created: 1
18:38:19 | INFO: Extracting primitive: GATE_paving.002
18:38:19 | INFO: Primitives created: 1
18:38:19 | INFO: Extracting primitive: KIT_props_lantern_hanging_render.008
18:38:19 | WARNING: More than one shader node tex image used for a texture. The resulting glTF sampler will behave like the first shader node tex image.
18:38:19 | INFO: Primitives created: 1
18:38:19 | INFO: Extracting primitive: KIT_stage_fog_plane_render.017
18:38:19 | INFO: Primitives created: 1
18:38:19 | INFO: Finished glTF 2.0 export in 0.06805896759033203 s

18:38:20 | INFO: Starting glTF 2.0 export
18:38:20 | INFO: Extracting primitive: COL_cell_floor.006
18:38:20 | INFO: Primitives created: 1
18:38:20 | INFO: Extracting primitive: COL_cell_floor.007
18:38:20 | INFO: Primitives created: 1
18:38:20 | INFO: Extracting primitive: COL_cell_floor.008
18:38:20 | INFO: Primitives created: 1
18:38:20 | INFO: Extracting primitive: COL_cell_floor.009
18:38:20 | INFO: Primitives created: 1
18:38:20 | INFO: Extracting primitive: COL_cell_floor.010
18:38:20 | INFO: Primitives created: 1
18:38:20 | INFO: Extracting primitive: COL_cell_floor.011
18:38:20 | INFO: Primitives created: 1
18:38:20 | INFO: Extracting primitive: COL_cell_wall.012
18:38:20 | INFO: Primitives created: 1
18:38:20 | INFO: Extracting primitive: COL_cell_wall.013
18:38:20 | INFO: Primitives created: 1
18:38:20 | INFO: Extracting primitive: COL_cell_wall.014
18:38:20 | INFO: Primitives created: 1
18:38:20 | INFO: Extracting primitive: COL_cell_wall.015
18:38:20 | INFO: Primitives created: 1
18:38:20 | INFO: Extracting primitive: COL_cell_wall.016
18:38:20 | INFO: Primitives created: 1
18:38:20 | INFO: Extracting primitive: COL_cell_wall.017
18:38:20 | INFO: Primitives created: 1
18:38:20 | INFO: Extracting primitive: COL_cell_wall.018
18:38:20 | INFO: Primitives created: 1
18:38:20 | INFO: Extracting primitive: COL_cell_wall.019
18:38:20 | INFO: Primitives created: 1
18:38:20 | INFO: Extracting primitive: COL_cell_wall.020
18:38:20 | INFO: Primitives created: 1
18:38:20 | INFO: Extracting primitive: COL_cell_wall.021
18:38:20 | INFO: Primitives created: 1
18:38:20 | INFO: Extracting primitive: COL_cell_wall.022
18:38:20 | INFO: Primitives created: 1
18:38:20 | INFO: Extracting primitive: COL_cell_wall.023
18:38:20 | INFO: Primitives created: 1
18:38:20 | INFO: Extracting primitive: COL_entry_corridor.001
18:38:20 | INFO: Primitives created: 1
18:38:20 | INFO: Extracting primitive: COL_entry_walk.002
18:38:20 | INFO: Primitives created: 1
18:38:20 | INFO: Extracting primitive: COL_entry_walk.003
18:38:20 | INFO: Primitives created: 1
18:38:20 | INFO: Extracting primitive: COL_floor_joint_cell_threshold_0.001
18:38:20 | INFO: Primitives created: 1
18:38:20 | INFO: Extracting primitive: COL_floor_joint_cell_threshold_1.001
18:38:20 | INFO: Primitives created: 1
18:38:20 | INFO: Extracting primitive: COL_floor_joint_cell_threshold_2.001
18:38:20 | INFO: Primitives created: 1
18:38:20 | INFO: Extracting primitive: COL_floor_joint_cell_threshold_3.001
18:38:20 | INFO: Primitives created: 1
18:38:20 | INFO: Extracting primitive: COL_floor_joint_cell_threshold_4.001
18:38:20 | INFO: Primitives created: 1
18:38:20 | INFO: Extracting primitive: COL_floor_joint_cell_threshold_5.001
18:38:20 | INFO: Primitives created: 1
18:38:20 | INFO: Extracting primitive: Cube.193
18:38:20 | INFO: Primitives created: 1
18:38:20 | INFO: Extracting primitive: Cube.194
18:38:20 | INFO: Primitives created: 1
18:38:20 | INFO: Extracting primitive: Cube.195
18:38:20 | INFO: Primitives created: 1
18:38:20 | INFO: Extracting primitive: Cube.196
18:38:20 | INFO: Primitives created: 1
18:38:20 | INFO: Extracting primitive: Cube.197
18:38:20 | INFO: Primitives created: 1
18:38:20 | INFO: Extracting primitive: Cube.198
18:38:20 | INFO: Primitives created: 1
18:38:20 | INFO: Extracting primitive: Cube.199
18:38:20 | INFO: Primitives created: 1
18:38:20 | INFO: Extracting primitive: Cube.200
18:38:20 | INFO: Primitives created: 1
18:38:20 | INFO: Extracting primitive: Cube.151
18:38:20 | INFO: Primitives created: 1
18:38:20 | INFO: Extracting primitive: Cube.152
18:38:20 | INFO: Primitives created: 1
18:38:20 | INFO: Extracting primitive: Cube.153
18:38:20 | INFO: Primitives created: 1
18:38:20 | INFO: Extracting primitive: Cube.154
18:38:20 | INFO: Primitives created: 1
18:38:20 | INFO: Extracting primitive: Cube.155
18:38:20 | INFO: Primitives created: 1
18:38:20 | INFO: Extracting primitive: Cube.156
18:38:20 | INFO: Primitives created: 1
18:38:20 | INFO: Extracting primitive: Cube.157
18:38:20 | INFO: Primitives created: 1
18:38:20 | INFO: Extracting primitive: Cube.158
18:38:20 | INFO: Primitives created: 1
18:38:20 | INFO: Extracting primitive: Cube.159
18:38:20 | INFO: Primitives created: 1
18:38:20 | INFO: Extracting primitive: Cube.160
18:38:20 | INFO: Primitives created: 1
18:38:20 | INFO: Extracting primitive: Cube.161
18:38:20 | INFO: Primitives created: 1
18:38:20 | INFO: Extracting primitive: Cube.162
18:38:20 | INFO: Primitives created: 1
18:38:20 | INFO: Extracting primitive: Cube.163
18:38:20 | INFO: Primitives created: 1
18:38:20 | INFO: Extracting primitive: Cube.164
18:38:20 | INFO: Primitives created: 1
18:38:20 | INFO: Extracting primitive: Cube.165
18:38:20 | INFO: Primitives created: 1
18:38:20 | INFO: Extracting primitive: Cube.166
18:38:20 | INFO: Primitives created: 1
18:38:20 | INFO: Extracting primitive: Cube.167
18:38:20 | INFO: Primitives created: 1
18:38:20 | INFO: Extracting primitive: Cube.168
18:38:20 | INFO: Primitives created: 1
18:38:20 | INFO: Extracting primitive: Cube.169
18:38:20 | INFO: Primitives created: 1
18:38:20 | INFO: Extracting primitive: Cube.170
18:38:20 | INFO: Primitives created: 1
18:38:20 | INFO: Extracting primitive: Cube.171
18:38:20 | INFO: Primitives created: 1
18:38:20 | INFO: Extracting primitive: Cube.172
18:38:20 | INFO: Primitives created: 1
18:38:20 | INFO: Extracting primitive: Cube.173
18:38:20 | INFO: Primitives created: 1
18:38:20 | INFO: Extracting primitive: Cube.174
18:38:20 | INFO: Primitives created: 1
18:38:20 | INFO: Extracting primitive: Cube.175
18:38:20 | INFO: Primitives created: 1
18:38:20 | INFO: Extracting primitive: Cube.176
18:38:20 | INFO: Primitives created: 1
18:38:20 | INFO: Extracting primitive: Cube.177
18:38:20 | INFO: Primitives created: 1
18:38:20 | INFO: Extracting primitive: Cube.178
18:38:20 | INFO: Primitives created: 1
18:38:20 | INFO: Extracting primitive: Cube.179
18:38:20 | INFO: Primitives created: 1
18:38:20 | INFO: Extracting primitive: Cube.180
18:38:20 | INFO: Primitives created: 1
18:38:20 | INFO: Extracting primitive: Cube.181
18:38:20 | INFO: Primitives created: 1
18:38:20 | INFO: Extracting primitive: Cube.182
18:38:20 | INFO: Primitives created: 1
18:38:20 | INFO: Extracting primitive: Cube.183
18:38:20 | INFO: Primitives created: 1
18:38:20 | INFO: Extracting primitive: Cube.184
18:38:20 | INFO: Primitives created: 1
18:38:20 | INFO: Extracting primitive: Cube.185
18:38:20 | INFO: Primitives created: 1
18:38:20 | INFO: Extracting primitive: Cube.186
18:38:20 | INFO: Primitives created: 1
18:38:20 | INFO: Extracting primitive: Cube.187
18:38:20 | INFO: Primitives created: 1
18:38:20 | INFO: Extracting primitive: Cube.188
18:38:20 | INFO: Primitives created: 1
18:38:20 | INFO: Extracting primitive: Cube.189
18:38:20 | INFO: Primitives created: 1
18:38:20 | INFO: Extracting primitive: Cube.190
18:38:20 | INFO: Primitives created: 1
18:38:20 | INFO: Extracting primitive: Cube.191
18:38:20 | INFO: Primitives created: 1
18:38:20 | INFO: Extracting primitive: Cube.192
18:38:20 | INFO: Primitives created: 1
18:38:20 | INFO: Extracting primitive: KIT_tech_cell_side.012
18:38:20 | INFO: Primitives created: 1
18:38:20 | INFO: Extracting primitive: KIT_wall_window_bar.030
18:38:20 | INFO: Primitives created: 1
18:38:20 | INFO: Extracting primitive: KIT_stage_entry_walk.002
18:38:20 | INFO: Primitives created: 1
18:38:20 | INFO: Extracting primitive: KIT_props_folding_chair_render.001
18:38:20 | WARNING: More than one shader node tex image used for a texture. The resulting glTF sampler will behave like the first shader node tex image.
18:38:20 | INFO: Primitives created: 1
18:38:20 | INFO: Extracting primitive: KIT_stage_floor_boards_render.002
18:38:20 | WARNING: More than one shader node tex image used for a texture. The resulting glTF sampler will behave like the first shader node tex image.
18:38:20 | INFO: Primitives created: 1
18:38:20 | INFO: Extracting primitive: KIT_stage_gel_frame_render.002
18:38:20 | INFO: Primitives created: 2
18:38:20 | INFO: Extracting primitive: KIT_stage_studio_wall_render.002
18:38:20 | INFO: Primitives created: 1
18:38:20 | INFO: Extracting primitive: KIT_stage_fog_plane_render.020
18:38:20 | INFO: Primitives created: 1
18:38:20 | INFO: Extracting primitive: KIT_tech_terminal_desk_render.001
18:38:20 | WARNING: More than one shader node tex image used for a texture. The resulting glTF sampler will behave like the first shader node tex image.
18:38:20 | INFO: Primitives created: 1
18:38:20 | INFO: Extracting primitive: KIT_props_scroll_render.001
18:38:20 | WARNING: More than one shader node tex image used for a texture. The resulting glTF sampler will behave like the first shader node tex image.
18:38:20 | INFO: Primitives created: 1
18:38:20 | INFO: Finished glTF 2.0 export in 0.16553378105163574 s

18:38:21 | INFO: Starting glTF 2.0 export
18:38:21 | INFO: Extracting primitive: COL_qiushuang-zhai_floor.001
18:38:21 | INFO: Primitives created: 1
18:38:21 | INFO: Extracting primitive: COL_study_desk_centre.002
18:38:21 | INFO: Primitives created: 1
18:38:21 | INFO: Extracting primitive: COL_study_desk_left.002
18:38:21 | INFO: Primitives created: 1
18:38:21 | INFO: Extracting primitive: COL_study_desk_right.002
18:38:21 | INFO: Primitives created: 1
18:38:21 | INFO: Extracting primitive: COL_study_front_walk.002
18:38:21 | INFO: Primitives created: 1
18:38:21 | INFO: Extracting primitive: COL_study_front_wall.002
18:38:21 | INFO: Primitives created: 1
18:38:21 | INFO: Extracting primitive: COL_study_post.001
18:38:21 | INFO: Primitives created: 1
18:38:21 | INFO: Extracting primitive: COL_study_post.002
18:38:21 | INFO: Primitives created: 1
18:38:21 | INFO: Extracting primitive: COL_study_post.003
18:38:21 | INFO: Primitives created: 1
18:38:21 | INFO: Extracting primitive: COL_study_post.008
18:38:21 | INFO: Primitives created: 1
18:38:21 | INFO: Extracting primitive: Cube.201
18:38:21 | INFO: Primitives created: 1
18:38:21 | INFO: Extracting primitive: Cube.202
18:38:21 | INFO: Primitives created: 1
18:38:21 | INFO: Extracting primitive: Cube.203
18:38:21 | INFO: Primitives created: 1
18:38:21 | INFO: Extracting primitive: HERO_study_scroll_bamboo.002
18:38:21 | INFO: Primitives created: 1
18:38:21 | INFO: Extracting primitive: HERO_study_scroll_plum.002
18:38:21 | INFO: Primitives created: 1
18:38:21 | INFO: Extracting primitive: HERO_study_title.002
18:38:21 | WARNING: More than one shader node tex image used for a texture. The resulting glTF sampler will behave like the first shader node tex image.
18:38:21 | INFO: Primitives created: 1
18:38:21 | INFO: Extracting primitive: SITE_qiushuang-zhai_backstage.001
18:38:21 | INFO: Primitives created: 1
18:38:21 | INFO: Extracting primitive: KIT_pavilion_finial.005
18:38:21 | INFO: Primitives created: 1
18:38:21 | INFO: Extracting primitive: KIT_wall_lattice_vertical.042
18:38:21 | INFO: Primitives created: 1
18:38:21 | INFO: Extracting primitive: SITE_qiushuang-zhai_platform.001
18:38:21 | INFO: Primitives created: 1
18:38:21 | INFO: Extracting primitive: KIT_props_lantern_hanging_render.010
18:38:21 | WARNING: More than one shader node tex image used for a texture. The resulting glTF sampler will behave like the first shader node tex image.
18:38:21 | INFO: Primitives created: 1
18:38:21 | INFO: Extracting primitive: KIT_pavilion_roof.005
18:38:21 | INFO: Primitives created: 1
18:38:21 | INFO: Extracting primitive: KIT_tech_terminal_desk_render.007
18:38:21 | WARNING: More than one shader node tex image used for a texture. The resulting glTF sampler will behave like the first shader node tex image.
18:38:21 | INFO: Primitives created: 1
18:38:21 | INFO: Extracting primitive: SITE_qiushuang-zhai_front.001
18:38:21 | INFO: Primitives created: 1
18:38:21 | INFO: Finished glTF 2.0 export in 0.04903817176818848 s

18:38:22 | INFO: Starting glTF 2.0 export
18:38:22 | INFO: Extracting primitive: COL_tubi-tang_floor.001
18:38:22 | INFO: Primitives created: 1
18:38:22 | INFO: Extracting primitive: COL_tubi_closed_hall.002
18:38:22 | INFO: Primitives created: 1
18:38:22 | INFO: Extracting primitive: COL_tubi_hall_post.001
18:38:22 | INFO: Primitives created: 1
18:38:22 | INFO: Extracting primitive: COL_tubi_hall_post.002
18:38:22 | INFO: Primitives created: 1
18:38:22 | INFO: Extracting primitive: COL_tubi_hall_post.006
18:38:22 | INFO: Primitives created: 1
18:38:22 | INFO: Extracting primitive: COL_tubi_parapet.001
18:38:22 | INFO: Primitives created: 1
18:38:22 | INFO: Extracting primitive: COL_tubi_parapet.002
18:38:22 | INFO: Primitives created: 1
18:38:22 | INFO: Extracting primitive: COL_tubi_parapet.003
18:38:22 | INFO: Primitives created: 1
18:38:22 | INFO: Extracting primitive: COL_tubi_parapet.008
18:38:22 | INFO: Primitives created: 1
18:38:22 | INFO: Extracting primitive: COL_tubi_stair_guard.001
18:38:22 | INFO: Primitives created: 1
18:38:22 | INFO: Extracting primitive: COL_tubi_stair_guard.004
18:38:22 | INFO: Primitives created: 1
18:38:22 | INFO: Extracting primitive: COL_tubi_stair_ramp.002
18:38:22 | INFO: Primitives created: 1
18:38:22 | INFO: Extracting primitive: COL_tubi_terrace.002
18:38:22 | INFO: Primitives created: 1
18:38:22 | INFO: Extracting primitive: COL_tubi_topic_table.002
18:38:22 | INFO: Primitives created: 1
18:38:22 | INFO: Extracting primitive: COL_tubi_view_bench_left.001
18:38:22 | INFO: Primitives created: 1
18:38:22 | INFO: Extracting primitive: COL_tubi_view_bench_right.001
18:38:22 | INFO: Primitives created: 1
18:38:22 | INFO: Extracting primitive: HERO_tubi_title.002
18:38:22 | WARNING: More than one shader node tex image used for a texture. The resulting glTF sampler will behave like the first shader node tex image.
18:38:22 | INFO: Primitives created: 1
18:38:22 | INFO: Extracting primitive: SITE_tubi-tang_backstage.001
18:38:22 | INFO: Primitives created: 1
18:38:22 | INFO: Extracting primitive: KIT_pavilion_finial.007
18:38:22 | INFO: Primitives created: 1
18:38:22 | INFO: Extracting primitive: KIT_wall_amber_window.003
18:38:22 | INFO: Primitives created: 1
18:38:22 | INFO: Extracting primitive: TUBI_topic_line.001
18:38:22 | INFO: Primitives created: 1
18:38:22 | INFO: Extracting primitive: KIT_wall_lattice_vertical.063
18:38:22 | INFO: Primitives created: 1
18:38:22 | INFO: Extracting primitive: SITE_tubi-tang_platform.001
18:38:22 | INFO: Primitives created: 1
18:38:22 | INFO: Extracting primitive: KIT_props_lantern_hanging_render.012
18:38:22 | WARNING: More than one shader node tex image used for a texture. The resulting glTF sampler will behave like the first shader node tex image.
18:38:22 | INFO: Primitives created: 1
18:38:22 | INFO: Extracting primitive: KIT_pavilion_roof.007
18:38:22 | INFO: Primitives created: 1
18:38:22 | INFO: Extracting primitive: TUBI_terrace.002
18:38:22 | INFO: Primitives created: 1
18:38:22 | INFO: Extracting primitive: SITE_tubi-tang_front.001
18:38:22 | INFO: Primitives created: 1
18:38:22 | INFO: Finished glTF 2.0 export in 0.03900003433227539 s

IMPERIAL_JOINED_TOPOLOGY {(16, 26): 2, (16, 28): 576}
18:38:27 | INFO: Starting glTF 2.0 export
18:38:27 | INFO: Extracting primitive: COL_daguan_central_step.003
18:38:27 | INFO: Primitives created: 1
18:38:27 | INFO: Extracting primitive: COL_daguan_central_step.004
18:38:27 | INFO: Primitives created: 1
18:38:27 | INFO: Extracting primitive: COL_daguan_central_step.005
18:38:27 | INFO: Primitives created: 1
18:38:27 | INFO: Extracting primitive: COL_daguan_closed_front.001
18:38:27 | INFO: Primitives created: 1
18:38:27 | INFO: Extracting primitive: COL_daguan_column.006
18:38:27 | INFO: Primitives created: 1
18:38:27 | INFO: Extracting primitive: COL_daguan_column.007
18:38:27 | INFO: Primitives created: 1
18:38:27 | INFO: Extracting primitive: COL_daguan_column.008
18:38:27 | INFO: Primitives created: 1
18:38:27 | INFO: Extracting primitive: COL_daguan_column.009
18:38:27 | INFO: Primitives created: 1
18:38:27 | INFO: Extracting primitive: COL_daguan_column.010
18:38:27 | INFO: Primitives created: 1
18:38:27 | INFO: Extracting primitive: COL_daguan_column.011
18:38:27 | INFO: Primitives created: 1
18:38:27 | INFO: Extracting primitive: COL_daguan_floor.001
18:38:27 | INFO: Primitives created: 1
18:38:27 | INFO: Extracting primitive: COL_daguan_return_wall.002
18:38:27 | INFO: Primitives created: 1
18:38:27 | INFO: Extracting primitive: COL_daguan_return_wall.003
18:38:27 | INFO: Primitives created: 1
18:38:27 | INFO: Extracting primitive: HERO_daguan_title.001
18:38:27 | WARNING: More than one shader node tex image used for a texture. The resulting glTF sampler will behave like the first shader node tex image.
18:38:27 | INFO: Primitives created: 1
18:38:27 | INFO: Extracting primitive: DAGUAN_backstage.001
18:38:27 | INFO: Primitives created: 1
18:38:27 | INFO: Extracting primitive: DAGUAN_door_stud.180
18:38:27 | INFO: Primitives created: 1
18:38:27 | INFO: Extracting primitive: DAGUAN_amber_transom.002
18:38:27 | INFO: Primitives created: 1
18:38:27 | INFO: Extracting primitive: DAGUAN_closed_door.010
18:38:27 | INFO: Primitives created: 1
18:38:27 | INFO: Extracting primitive: DAGUAN_recessed_panel.020
18:38:27 | INFO: Primitives created: 1
18:38:27 | INFO: Extracting primitive: DAGUAN_column.006
18:38:27 | INFO: Primitives created: 1
18:38:27 | INFO: Extracting primitive: DAGUAN_platform.001
18:38:27 | INFO: Primitives created: 1
18:38:27 | INFO: Extracting primitive: DAGUAN_lower_roof.001
18:38:27 | INFO: Primitives created: 1
18:38:27 | INFO: Extracting primitive: DAGUAN_front.001
18:38:27 | INFO: Primitives created: 1
18:38:27 | INFO: Finished glTF 2.0 export in 0.04358506202697754 s

18:38:28 | INFO: Starting glTF 2.0 export
18:38:28 | INFO: Extracting primitive: COL_ouxiang_approach.001
18:38:28 | INFO: Primitives created: 1
18:38:28 | INFO: Extracting primitive: COL_ouxiang_deck.001
18:38:28 | INFO: Primitives created: 1
18:38:28 | INFO: Extracting primitive: COL_ouxiang_post.004
18:38:28 | INFO: Primitives created: 1
18:38:28 | INFO: Extracting primitive: COL_ouxiang_post.005
18:38:28 | INFO: Primitives created: 1
18:38:28 | INFO: Extracting primitive: COL_ouxiang_post.006
18:38:28 | INFO: Primitives created: 1
18:38:28 | INFO: Extracting primitive: COL_ouxiang_post.007
18:38:28 | INFO: Primitives created: 1
18:38:28 | INFO: Extracting primitive: COL_ouxiang_rail.002
18:38:28 | INFO: Primitives created: 1
18:38:28 | INFO: Extracting primitive: COL_ouxiang_rail.003
18:38:28 | INFO: Primitives created: 1
18:38:28 | INFO: Extracting primitive: COL_ouxiang_side_rail.004
18:38:28 | INFO: Primitives created: 1
18:38:28 | INFO: Extracting primitive: COL_ouxiang_side_rail.005
18:38:28 | INFO: Primitives created: 1
18:38:28 | INFO: Extracting primitive: COL_ouxiang_side_rail.006
18:38:28 | INFO: Primitives created: 1
18:38:28 | INFO: Extracting primitive: COL_ouxiang_side_rail.007
18:38:28 | INFO: Primitives created: 1
18:38:28 | INFO: Extracting primitive: COL_ouxiang_table.001
18:38:28 | INFO: Primitives created: 1
18:38:28 | INFO: Extracting primitive: KIT_props_tea_cup.006
18:38:28 | INFO: Primitives created: 1
18:38:28 | INFO: Extracting primitive: SITE_ouxiang_deck.001
18:38:28 | INFO: Primitives created: 1
18:38:28 | INFO: Extracting primitive: WESTERN_kit_lotus_lotus_pad.001
18:38:28 | INFO: Primitives created: 1
18:38:28 | INFO: Extracting primitive: KIT_pavilion_water_pier.004
18:38:28 | INFO: Primitives created: 1
18:38:28 | INFO: Extracting primitive: KIT_props_lantern_hanging_render.013
18:38:28 | WARNING: More than one shader node tex image used for a texture. The resulting glTF sampler will behave like the first shader node tex image.
18:38:28 | INFO: Primitives created: 1
18:38:28 | INFO: Extracting primitive: KIT_pavilion_water_hipped_roof.001
18:38:28 | INFO: Primitives created: 1
18:38:28 | INFO: Finished glTF 2.0 export in 0.03199481964111328 s

18:38:30 | INFO: Starting glTF 2.0 export
18:38:30 | INFO: Extracting primitive: COL_hengwu-yuan_floor.001
18:38:30 | INFO: Primitives created: 1
18:38:30 | INFO: Extracting primitive: COL_hengwu_closed_hall.002
18:38:30 | INFO: Primitives created: 1
18:38:30 | INFO: Extracting primitive: COL_hengwu_court.002
18:38:30 | INFO: Primitives created: 1
18:38:30 | INFO: Extracting primitive: COL_hengwu_hall_post.001
18:38:30 | INFO: Primitives created: 1
18:38:30 | INFO: Extracting primitive: COL_hengwu_hall_post.002
18:38:30 | INFO: Primitives created: 1
18:38:30 | INFO: Extracting primitive: COL_hengwu_hall_post.006
18:38:30 | INFO: Primitives created: 1
18:38:30 | INFO: Extracting primitive: COL_wall_bay.001
18:38:30 | INFO: Primitives created: 1
18:38:30 | INFO: Extracting primitive: COL_wall_bay.002
18:38:30 | INFO: Primitives created: 1
18:38:30 | INFO: Extracting primitive: COL_wall_bay.003
18:38:30 | INFO: Primitives created: 1
18:38:30 | INFO: Extracting primitive: COL_wall_bay.004
18:38:30 | INFO: Primitives created: 1
18:38:30 | INFO: Extracting primitive: COL_wall_bay.005
18:38:30 | INFO: Primitives created: 1
18:38:30 | INFO: Extracting primitive: COL_wall_bay.006
18:38:30 | INFO: Primitives created: 1
18:38:30 | INFO: Extracting primitive: KIT_wall_plaster.002
18:38:30 | INFO: Primitives created: 1
18:38:30 | INFO: Extracting primitive: COL_wall_window.001
18:38:30 | INFO: Primitives created: 1
18:38:30 | INFO: Extracting primitive: COL_wall_window.002
18:38:30 | INFO: Primitives created: 1
18:38:30 | INFO: Extracting primitive: COL_hengwu_rock.001
18:38:30 | INFO: Primitives created: 1
18:38:30 | INFO: Extracting primitive: COL_hengwu_rock.002
18:38:30 | INFO: Primitives created: 1
18:38:30 | INFO: Extracting primitive: COL_hengwu_rock.006
18:38:30 | INFO: Primitives created: 1
18:38:30 | INFO: Extracting primitive: COL_hengwu_stool.001
18:38:30 | INFO: Primitives created: 1
18:38:30 | INFO: Extracting primitive: COL_hengwu_stool.002
18:38:30 | INFO: Primitives created: 1
18:38:30 | INFO: Extracting primitive: COL_hengwu_stool.003
18:38:30 | INFO: Primitives created: 1
18:38:30 | INFO: Extracting primitive: COL_hengwu_stool.008
18:38:30 | INFO: Primitives created: 1
18:38:30 | INFO: Extracting primitive: COL_hengwu_table.002
18:38:30 | INFO: Primitives created: 1
18:38:30 | INFO: Extracting primitive: HERO_hengwu-yuan_title.002
18:38:30 | WARNING: More than one shader node tex image used for a texture. The resulting glTF sampler will behave like the first shader node tex image.
18:38:30 | INFO: Primitives created: 1
18:38:30 | INFO: Extracting primitive: SITE_hengwu-yuan_backstage.001
18:38:30 | INFO: Primitives created: 1
18:38:30 | INFO: Extracting primitive: KIT_pavilion_finial.011
18:38:30 | INFO: Primitives created: 1
18:38:30 | INFO: Extracting primitive: KIT_wall_amber_window.006
18:38:30 | INFO: Primitives created: 1
18:38:30 | INFO: Extracting primitive: HENGWU_herb_leaf.001
18:38:30 | INFO: Primitives created: 1
18:38:30 | INFO: Extracting primitive: KIT_wall_lattice_vertical.105
18:38:30 | INFO: Primitives created: 1
18:38:30 | INFO: Extracting primitive: SITE_hengwu-yuan_platform.001
18:38:30 | INFO: Primitives created: 1
18:38:30 | INFO: Extracting primitive: KIT_props_lantern_hanging_render.015
18:38:30 | WARNING: More than one shader node tex image used for a texture. The resulting glTF sampler will behave like the first shader node tex image.
18:38:30 | INFO: Primitives created: 1
18:38:30 | INFO: Extracting primitive: KIT_pavilion_roof.011
18:38:30 | INFO: Primitives created: 1
18:38:30 | INFO: Extracting primitive: KIT_wall_bay.001
18:38:30 | WARNING: More than one shader node tex image used for a texture. The resulting glTF sampler will behave like the first shader node tex image.
18:38:30 | INFO: Primitives created: 1
18:38:30 | INFO: Extracting primitive: SITE_hengwu-yuan_front.001
18:38:30 | INFO: Primitives created: 1
18:38:30 | INFO: Finished glTF 2.0 export in 0.12206912040710449 s

18:38:31 | INFO: Starting glTF 2.0 export
18:38:31 | INFO: Extracting primitive: COL_yihong_closed_front.002
18:38:31 | INFO: Primitives created: 1
18:38:31 | INFO: Extracting primitive: COL_yihong_court_side.001
18:38:31 | INFO: Primitives created: 1
18:38:31 | INFO: Extracting primitive: COL_yihong_court_side.004
18:38:31 | INFO: Primitives created: 1
18:38:31 | INFO: Extracting primitive: COL_yihong_floor.002
18:38:31 | INFO: Primitives created: 1
18:38:31 | INFO: Extracting primitive: COL_yihong_planter.001
18:38:31 | INFO: Primitives created: 1
18:38:31 | INFO: Extracting primitive: COL_yihong_planter.004
18:38:31 | INFO: Primitives created: 1
18:38:31 | INFO: Extracting primitive: COL_yihong_side_return.001
18:38:31 | INFO: Primitives created: 1
18:38:31 | INFO: Extracting primitive: COL_yihong_side_return.004
18:38:31 | INFO: Primitives created: 1
18:38:31 | INFO: Extracting primitive: COL_yihong_threshold.002
18:38:31 | INFO: Primitives created: 1
18:38:31 | INFO: Extracting primitive: KIT_flora_banana_render.001
18:38:31 | WARNING: More than one shader node tex image used for a texture. The resulting glTF sampler will behave like the first shader node tex image.
18:38:31 | INFO: Primitives created: 1
18:38:31 | INFO: Extracting primitive: KIT_flora_banana_render.002
18:38:31 | INFO: Primitives created: 1
18:38:31 | INFO: Extracting primitive: HERO_yihong-yuan_title.002
18:38:31 | WARNING: More than one shader node tex image used for a texture. The resulting glTF sampler will behave like the first shader node tex image.
18:38:31 | INFO: Primitives created: 1
18:38:31 | INFO: Extracting primitive: YIHONG_backstage.002
18:38:31 | INFO: Primitives created: 1
18:38:31 | INFO: Extracting primitive: YIHONG_door_rail.001
18:38:31 | INFO: Primitives created: 1
18:38:31 | INFO: Extracting primitive: YIHONG_amber_window.002
18:38:31 | INFO: Primitives created: 1
18:38:31 | INFO: Extracting primitive: YIHONG_door_panel.001
18:38:31 | INFO: Primitives created: 1
18:38:31 | INFO: Extracting primitive: YIHONG_paving.002
18:38:31 | INFO: Primitives created: 1
18:38:31 | INFO: Extracting primitive: YIHONG_court_cap.001
18:38:31 | INFO: Primitives created: 1
18:38:31 | INFO: Extracting primitive: YIHONG_closed_front.002
18:38:31 | INFO: Primitives created: 1
18:38:31 | INFO: Finished glTF 2.0 export in 0.02911210060119629 s

18:38:31 | INFO: Starting glTF 2.0 export
18:38:31 | INFO: Extracting primitive: COL_xiaoxiang_bamboo_bed.004
18:38:31 | INFO: Primitives created: 1
18:38:31 | INFO: Extracting primitive: COL_xiaoxiang_bamboo_bed.005
18:38:31 | INFO: Primitives created: 1
18:38:31 | INFO: Extracting primitive: COL_xiaoxiang_bamboo_bed.006
18:38:31 | INFO: Primitives created: 1
18:38:31 | INFO: Extracting primitive: COL_xiaoxiang_bamboo_bed.007
18:38:31 | INFO: Primitives created: 1
18:38:31 | INFO: Extracting primitive: COL_xiaoxiang_closed_front.001
18:38:31 | INFO: Primitives created: 1
18:38:31 | INFO: Extracting primitive: COL_xiaoxiang_floor.001
18:38:31 | INFO: Primitives created: 1
18:38:31 | INFO: Extracting primitive: COL_xiaoxiang_return.002
18:38:31 | INFO: Primitives created: 1
18:38:31 | INFO: Extracting primitive: COL_xiaoxiang_return.003
18:38:31 | INFO: Primitives created: 1
18:38:31 | INFO: Extracting primitive: COL_xiaoxiang_threshold.001
18:38:31 | INFO: Primitives created: 1
18:38:31 | INFO: Extracting primitive: KIT_flora_bamboo_large_render.003
18:38:31 | WARNING: More than one shader node tex image used for a texture. The resulting glTF sampler will behave like the first shader node tex image.
18:38:31 | INFO: Primitives created: 1
18:38:31 | INFO: Extracting primitive: KIT_flora_bamboo_medium_render.001
18:38:31 | INFO: Primitives created: 1
18:38:31 | INFO: Extracting primitive: KIT_flora_bamboo_small_render.002
18:38:31 | INFO: Primitives created: 1
18:38:31 | INFO: Extracting primitive: KIT_flora_bamboo_large_render.004
18:38:31 | INFO: Primitives created: 1
18:38:31 | INFO: Extracting primitive: HERO_xiaoxiang-guan_title.002
18:38:31 | WARNING: More than one shader node tex image used for a texture. The resulting glTF sampler will behave like the first shader node tex image.
18:38:31 | INFO: Primitives created: 1
18:38:31 | INFO: Extracting primitive: XIAOXIANG_black_back.001
18:38:31 | INFO: Primitives created: 1
18:38:31 | INFO: Extracting primitive: XIAOXIANG_gate_pull.002
18:38:31 | INFO: Primitives created: 1
18:38:31 | INFO: Extracting primitive: XIAOXIANG_amber_window.001
18:38:31 | INFO: Primitives created: 1
18:38:31 | INFO: Extracting primitive: XIAOXIANG_gate_leaf.002
18:38:31 | INFO: Primitives created: 1
18:38:31 | INFO: Extracting primitive: XIAOXIANG_paving.001
18:38:31 | INFO: Primitives created: 1
18:38:31 | INFO: Extracting primitive: XIAOXIANG_wall_cap.001
18:38:31 | INFO: Primitives created: 1
18:38:31 | INFO: Extracting primitive: XIAOXIANG_closed_front.001
18:38:31 | INFO: Primitives created: 1
18:38:31 | INFO: Finished glTF 2.0 export in 0.03333687782287598 s

18:38:32 | INFO: Starting glTF 2.0 export
18:38:32 | INFO: Extracting primitive: COL_longcui_burner.001
18:38:32 | INFO: Primitives created: 1
18:38:32 | INFO: Extracting primitive: COL_longcui_closed_front.001
18:38:32 | INFO: Primitives created: 1
18:38:32 | INFO: Extracting primitive: COL_longcui_floor.001
18:38:32 | INFO: Primitives created: 1
18:38:32 | INFO: Extracting primitive: COL_longcui_plum_trunk.002
18:38:32 | INFO: Primitives created: 1
18:38:32 | INFO: Extracting primitive: COL_longcui_plum_trunk.003
18:38:32 | INFO: Primitives created: 1
18:38:32 | INFO: Extracting primitive: COL_longcui_return.002
18:38:32 | INFO: Primitives created: 1
18:38:32 | INFO: Extracting primitive: COL_longcui_return.003
18:38:32 | INFO: Primitives created: 1
18:38:32 | INFO: Extracting primitive: COL_longcui_threshold.001
18:38:32 | INFO: Primitives created: 1
18:38:32 | INFO: Extracting primitive: KIT_flora_plum_render.001
18:38:32 | WARNING: More than one shader node tex image used for a texture. The resulting glTF sampler will behave like the first shader node tex image.
18:38:32 | INFO: Primitives created: 1
18:38:32 | INFO: Extracting primitive: KIT_flora_plum_render.002
18:38:32 | INFO: Primitives created: 1
18:38:32 | INFO: Extracting primitive: HERO_longcui-an_title.002
18:38:32 | WARNING: More than one shader node tex image used for a texture. The resulting glTF sampler will behave like the first shader node tex image.
18:38:32 | INFO: Primitives created: 1
18:38:32 | INFO: Extracting primitive: LONGCUI_backstage.001
18:38:32 | INFO: Primitives created: 1
18:38:32 | INFO: Extracting primitive: LONGCUI_gate_pull.002
18:38:32 | INFO: Primitives created: 1
18:38:32 | INFO: Extracting primitive: LONGCUI_closed_gate.002
18:38:32 | INFO: Primitives created: 1
18:38:32 | INFO: Extracting primitive: LONGCUI_paving.001
18:38:32 | INFO: Primitives created: 1
18:38:32 | INFO: Extracting primitive: KIT_props_lantern_hanging_render.016
18:38:32 | WARNING: More than one shader node tex image used for a texture. The resulting glTF sampler will behave like the first shader node tex image.
18:38:32 | INFO: Primitives created: 1
18:38:32 | INFO: Extracting primitive: LONGCUI_wall_cap.001
18:38:32 | INFO: Primitives created: 1
18:38:32 | INFO: Extracting primitive: LONGCUI_closed_front.001
18:38:32 | INFO: Primitives created: 1
18:38:32 | INFO: Finished glTF 2.0 export in 0.03199005126953125 s

18:38:32 | INFO: Starting glTF 2.0 export
18:38:32 | INFO: Extracting primitive: COL_aojing_closed_front.002
18:38:32 | INFO: Primitives created: 1
18:38:32 | INFO: Extracting primitive: COL_aojing_dry_ledge.002
18:38:32 | INFO: Primitives created: 1
18:38:32 | INFO: Extracting primitive: COL_aojing_hall_floor.002
18:38:32 | INFO: Primitives created: 1
18:38:32 | INFO: Extracting primitive: COL_aojing_ledge_end.002
18:38:32 | INFO: Primitives created: 1
18:38:32 | INFO: Extracting primitive: COL_aojing_ledge_parapet.002
18:38:32 | INFO: Primitives created: 1
18:38:32 | INFO: Extracting primitive: COL_aojing_return.001
18:38:32 | INFO: Primitives created: 1
18:38:32 | INFO: Extracting primitive: COL_aojing_return.004
18:38:32 | INFO: Primitives created: 1
18:38:32 | INFO: Extracting primitive: HERO_aojing-guan_title.002
18:38:32 | WARNING: More than one shader node tex image used for a texture. The resulting glTF sampler will behave like the first shader node tex image.
18:38:32 | INFO: Primitives created: 1
18:38:32 | INFO: Extracting primitive: AOJING_pond.002
18:38:32 | INFO: Primitives created: 1
18:38:32 | INFO: Extracting primitive: AOJING_backstage.002
18:38:32 | INFO: Primitives created: 1
18:38:32 | INFO: Extracting primitive: AOJING_amber_window.002
18:38:32 | INFO: Primitives created: 1
18:38:32 | INFO: Extracting primitive: AOJING_window_lattice.001
18:38:32 | INFO: Primitives created: 1
18:38:32 | INFO: Extracting primitive: AOJING_dry_ledge.002
18:38:32 | INFO: Primitives created: 1
18:38:32 | INFO: Extracting primitive: AOJING_roof.002
18:38:32 | INFO: Primitives created: 1
18:38:32 | INFO: Extracting primitive: AOJING_closed_front.002
18:38:32 | INFO: Primitives created: 1
18:38:32 | INFO: Finished glTF 2.0 export in 0.025966882705688477 s

18:38:33 | INFO: Starting glTF 2.0 export
18:38:33 | INFO: Extracting primitive: COL_daoxiang_closed_front.001
18:38:33 | INFO: Primitives created: 1
18:38:33 | INFO: Extracting primitive: COL_daoxiang_court.001
18:38:33 | INFO: Primitives created: 1
18:38:33 | INFO: Extracting primitive: COL_daoxiang_fence.004
18:38:33 | INFO: Primitives created: 1
18:38:33 | INFO: Extracting primitive: COL_daoxiang_fence.005
18:38:33 | INFO: Primitives created: 1
18:38:33 | INFO: Extracting primitive: COL_daoxiang_fence.006
18:38:33 | INFO: Primitives created: 1
18:38:33 | INFO: Extracting primitive: COL_daoxiang_fence.007
18:38:33 | INFO: Primitives created: 1
18:38:33 | INFO: Extracting primitive: COL_daoxiang_side.002
18:38:33 | INFO: Primitives created: 1
18:38:33 | INFO: Extracting primitive: COL_daoxiang_side.003
18:38:33 | INFO: Primitives created: 1
18:38:33 | INFO: Extracting primitive: HERO_daoxiang-cun_title.002
18:38:33 | WARNING: More than one shader node tex image used for a texture. The resulting glTF sampler will behave like the first shader node tex image.
18:38:33 | INFO: Primitives created: 1
18:38:33 | INFO: Extracting primitive: DAOXIANG_backstage.001
18:38:33 | INFO: Primitives created: 1
18:38:33 | INFO: Extracting primitive: DAOXIANG_door_latch.001
18:38:33 | INFO: Primitives created: 1
18:38:33 | INFO: Extracting primitive: DAOXIANG_warm_sliver.001
18:38:33 | INFO: Primitives created: 1
18:38:33 | INFO: Extracting primitive: DAOXIANG_closed_door.001
18:38:33 | INFO: Primitives created: 1
18:38:33 | INFO: Extracting primitive: DAOXIANG_paddy_painting.001
18:38:33 | INFO: Primitives created: 1
18:38:33 | INFO: Extracting primitive: DAOXIANG_court.001
18:38:33 | INFO: Primitives created: 1
18:38:33 | INFO: Extracting primitive: DAOXIANG_thatch_mass.001
18:38:33 | INFO: Primitives created: 1
18:38:33 | INFO: Extracting primitive: DAOXIANG_front.001
18:38:33 | INFO: Primitives created: 1
18:38:33 | INFO: Finished glTF 2.0 export in 0.03861403465270996 s

18:38:34 | INFO: Starting glTF 2.0 export
18:38:34 | INFO: Extracting primitive: COL_water_bridge_side.001
18:38:34 | INFO: Primitives created: 1
18:38:34 | INFO: Extracting primitive: COL_water_bridge_side.004
18:38:34 | INFO: Primitives created: 1
18:38:34 | INFO: Extracting primitive: COL_water_bridge_deck.002
18:38:34 | INFO: Primitives created: 1
18:38:34 | INFO: Extracting primitive: COL_ziling_landing.001
18:38:34 | INFO: Primitives created: 1
18:38:34 | INFO: Extracting primitive: TEMP_reed_geometry.001
18:38:34 | WARNING: More than one shader node tex image used for a texture. The resulting glTF sampler will behave like the first shader node tex image.
18:38:34 | INFO: Primitives created: 1
18:38:34 | INFO: Extracting primitive: TEMP_reed_geometry.002
18:38:34 | INFO: Primitives created: 1
18:38:34 | INFO: Extracting primitive: TEMP_reed_geometry.003
18:38:34 | INFO: Primitives created: 1
18:38:34 | INFO: Extracting primitive: TEMP_reed_geometry.004
18:38:34 | INFO: Primitives created: 1
18:38:34 | INFO: Extracting primitive: TEMP_reed_geometry.005
18:38:34 | INFO: Primitives created: 1
18:38:34 | INFO: Extracting primitive: TEMP_reed_geometry.006
18:38:34 | INFO: Primitives created: 1
18:38:34 | INFO: Extracting primitive: TEMP_reed_geometry.007
18:38:34 | INFO: Primitives created: 1
18:38:34 | INFO: Extracting primitive: TEMP_reed_geometry.008
18:38:34 | INFO: Primitives created: 1
18:38:34 | INFO: Extracting primitive: TEMP_reed_geometry.009
18:38:34 | INFO: Primitives created: 1
18:38:34 | INFO: Extracting primitive: TEMP_reed_geometry.010
18:38:34 | INFO: Primitives created: 1
18:38:34 | INFO: Extracting primitive: WESTERN_kit_lotus.004_lotus_pad.001
18:38:34 | INFO: Primitives created: 1
18:38:34 | INFO: Extracting primitive: KIT_water_plank.002
18:38:34 | WARNING: More than one shader node tex image used for a texture. The resulting glTF sampler will behave like the first shader node tex image.
18:38:34 | INFO: Primitives created: 1
18:38:34 | INFO: Extracting primitive: SITE_ziling_island.001
18:38:34 | INFO: Primitives created: 1
18:38:34 | INFO: Finished glTF 2.0 export in 0.06070518493652344 s

18:38:34 | INFO: Starting glTF 2.0 export
18:38:34 | INFO: Extracting primitive: COL_aojing_approach.001
18:38:34 | INFO: Primitives created: 1
18:38:34 | INFO: Extracting primitive: COL_aojing_approach.004
18:38:34 | INFO: Primitives created: 1
18:38:34 | INFO: Extracting primitive: COL_aojing_approach_guard.001
18:38:34 | INFO: Primitives created: 1
18:38:34 | INFO: Extracting primitive: COL_aojing_approach_guard.004
18:38:34 | INFO: Primitives created: 1
18:38:34 | INFO: Extracting primitive: COL_aojing_approach_ramp.002
18:38:34 | INFO: Primitives created: 1
18:38:34 | INFO: Extracting primitive: COL_aojing_closed_front.002
18:38:34 | INFO: Primitives created: 1
18:38:34 | INFO: Extracting primitive: COL_aojing_dry_ledge.002
18:38:34 | INFO: Primitives created: 1
18:38:34 | INFO: Extracting primitive: COL_aojing_hall_floor.002
18:38:34 | INFO: Primitives created: 1
18:38:34 | INFO: Extracting primitive: COL_aojing_ledge_end.002
18:38:34 | INFO: Primitives created: 1
18:38:34 | INFO: Extracting primitive: COL_aojing_ledge_parapet.002
18:38:34 | INFO: Primitives created: 1
18:38:34 | INFO: Extracting primitive: COL_aojing_return.001
18:38:34 | INFO: Primitives created: 1
18:38:34 | INFO: Extracting primitive: COL_aojing_return.004
18:38:34 | INFO: Primitives created: 1
18:38:34 | INFO: Extracting primitive: Cube.147
18:38:34 | INFO: Primitives created: 1
18:38:34 | INFO: Extracting primitive: Cube.148
18:38:34 | INFO: Primitives created: 1
18:38:34 | INFO: Extracting primitive: Cube.149
18:38:34 | INFO: Primitives created: 1
18:38:34 | INFO: Extracting primitive: Cube.150
18:38:34 | INFO: Primitives created: 1
18:38:34 | INFO: Extracting primitive: COL_bridge_crosswalk.002
18:38:34 | INFO: Primitives created: 1
18:38:34 | INFO: Extracting primitive: COL_bridge_crosswalk.003
18:38:34 | INFO: Primitives created: 1
18:38:34 | INFO: Extracting primitive: COL_cell_floor.006
18:38:34 | INFO: Primitives created: 1
18:38:34 | INFO: Extracting primitive: COL_cell_floor.007
18:38:34 | INFO: Primitives created: 1
18:38:34 | INFO: Extracting primitive: COL_cell_floor.008
18:38:34 | INFO: Primitives created: 1
18:38:34 | INFO: Extracting primitive: COL_cell_floor.009
18:38:34 | INFO: Primitives created: 1
18:38:34 | INFO: Extracting primitive: COL_cell_floor.010
18:38:34 | INFO: Primitives created: 1
18:38:34 | INFO: Extracting primitive: COL_cell_floor.011
18:38:34 | INFO: Primitives created: 1
18:38:34 | INFO: Extracting primitive: COL_cell_wall.012
18:38:34 | INFO: Primitives created: 1
18:38:34 | INFO: Extracting primitive: COL_cell_wall.013
18:38:34 | INFO: Primitives created: 1
18:38:34 | INFO: Extracting primitive: COL_cell_wall.014
18:38:34 | INFO: Primitives created: 1
18:38:34 | INFO: Extracting primitive: COL_cell_wall.015
18:38:34 | INFO: Primitives created: 1
18:38:34 | INFO: Extracting primitive: COL_cell_wall.016
18:38:34 | INFO: Primitives created: 1
18:38:34 | INFO: Extracting primitive: COL_cell_wall.017
18:38:34 | INFO: Primitives created: 1
18:38:34 | INFO: Extracting primitive: COL_cell_wall.018
18:38:34 | INFO: Primitives created: 1
18:38:34 | INFO: Extracting primitive: COL_cell_wall.019
18:38:34 | INFO: Primitives created: 1
18:38:34 | INFO: Extracting primitive: COL_cell_wall.020
18:38:34 | INFO: Primitives created: 1
18:38:34 | INFO: Extracting primitive: COL_cell_wall.021
18:38:34 | INFO: Primitives created: 1
18:38:34 | INFO: Extracting primitive: COL_cell_wall.022
18:38:34 | INFO: Primitives created: 1
18:38:34 | INFO: Extracting primitive: COL_cell_wall.023
18:38:34 | INFO: Primitives created: 1
18:38:34 | INFO: Extracting primitive: COL_daguan_central_step.003
18:38:34 | INFO: Primitives created: 1
18:38:34 | INFO: Extracting primitive: COL_daguan_central_step.004
18:38:34 | INFO: Primitives created: 1
18:38:34 | INFO: Extracting primitive: COL_daguan_central_step.005
18:38:34 | INFO: Primitives created: 1
18:38:34 | INFO: Extracting primitive: COL_daguan_closed_front.001
18:38:34 | INFO: Primitives created: 1
18:38:34 | INFO: Extracting primitive: COL_daguan_column.006
18:38:34 | INFO: Primitives created: 1
18:38:34 | INFO: Extracting primitive: COL_daguan_column.007
18:38:34 | INFO: Primitives created: 1
18:38:34 | INFO: Extracting primitive: COL_daguan_column.008
18:38:34 | INFO: Primitives created: 1
18:38:34 | INFO: Extracting primitive: COL_daguan_column.009
18:38:34 | INFO: Primitives created: 1
18:38:34 | INFO: Extracting primitive: COL_daguan_column.010
18:38:34 | INFO: Primitives created: 1
18:38:34 | INFO: Extracting primitive: COL_daguan_column.011
18:38:34 | INFO: Primitives created: 1
18:38:34 | INFO: Extracting primitive: COL_daguan_floor.001
18:38:34 | INFO: Primitives created: 1
18:38:34 | INFO: Extracting primitive: COL_daguan_return_wall.002
18:38:34 | INFO: Primitives created: 1
18:38:34 | INFO: Extracting primitive: COL_daguan_return_wall.003
18:38:34 | INFO: Primitives created: 1
18:38:34 | INFO: Extracting primitive: COL_daoxiang_approach.002
18:38:34 | INFO: Primitives created: 1
18:38:34 | INFO: Extracting primitive: COL_daoxiang_approach.003
18:38:34 | INFO: Primitives created: 1
18:38:34 | INFO: Extracting primitive: COL_daoxiang_closed_front.001
18:38:34 | INFO: Primitives created: 1
18:38:34 | INFO: Extracting primitive: COL_daoxiang_court.001
18:38:34 | INFO: Primitives created: 1
18:38:34 | INFO: Extracting primitive: COL_daoxiang_fence.004
18:38:34 | INFO: Primitives created: 1
18:38:34 | INFO: Extracting primitive: COL_daoxiang_fence.005
18:38:34 | INFO: Primitives created: 1
18:38:34 | INFO: Extracting primitive: COL_daoxiang_fence.006
18:38:34 | INFO: Primitives created: 1
18:38:34 | INFO: Extracting primitive: COL_daoxiang_fence.007
18:38:34 | INFO: Primitives created: 1
18:38:34 | INFO: Extracting primitive: COL_daoxiang_side.002
18:38:34 | INFO: Primitives created: 1
18:38:34 | INFO: Extracting primitive: COL_daoxiang_side.003
18:38:34 | INFO: Primitives created: 1
18:38:34 | INFO: Extracting primitive: COL_entry_corridor.001
18:38:34 | INFO: Primitives created: 1
18:38:34 | INFO: Extracting primitive: COL_entry_walk.002
18:38:34 | INFO: Primitives created: 1
18:38:34 | INFO: Extracting primitive: COL_entry_walk.003
18:38:34 | INFO: Primitives created: 1
18:38:34 | INFO: Extracting primitive: COL_floor_joint_cell_threshold_0.001
18:38:34 | INFO: Primitives created: 1
18:38:34 | INFO: Extracting primitive: COL_floor_joint_cell_threshold_1.001
18:38:34 | INFO: Primitives created: 1
18:38:34 | INFO: Extracting primitive: COL_floor_joint_cell_threshold_2.001
18:38:34 | INFO: Primitives created: 1
18:38:34 | INFO: Extracting primitive: COL_floor_joint_cell_threshold_3.001
18:38:34 | INFO: Primitives created: 1
18:38:34 | INFO: Extracting primitive: COL_floor_joint_cell_threshold_4.001
18:38:34 | INFO: Primitives created: 1
18:38:34 | INFO: Extracting primitive: COL_floor_joint_cell_threshold_5.001
18:38:34 | INFO: Primitives created: 1
18:38:34 | INFO: Extracting primitive: COL_floor_joint_pavilion_east_joint.001
18:38:34 | INFO: Primitives created: 1
18:38:34 | INFO: Extracting primitive: COL_floor_joint_pavilion_west_joint.001
18:38:34 | INFO: Primitives created: 1
18:38:34 | INFO: Extracting primitive: Cube.146
18:38:34 | INFO: Primitives created: 1
18:38:34 | INFO: Extracting primitive: Cube.145
18:38:34 | INFO: Primitives created: 1
18:38:34 | INFO: Extracting primitive: COL_GATE_banana_planter.001
18:38:34 | INFO: Primitives created: 1
18:38:34 | INFO: Extracting primitive: KIT_rockery_passage.022
18:38:34 | INFO: Primitives created: 1
18:38:34 | INFO: Extracting primitive: KIT_rockery_passage.024
18:38:34 | INFO: Primitives created: 1
18:38:34 | INFO: Extracting primitive: KIT_rockery_cliff.006
18:38:34 | INFO: Primitives created: 1
18:38:34 | INFO: Extracting primitive: KIT_rockery_cliff.008
18:38:34 | INFO: Primitives created: 1
18:38:34 | INFO: Extracting primitive: KIT_rockery_passage.004
18:38:34 | INFO: Primitives created: 1
18:38:34 | INFO: Extracting primitive: KIT_rockery_passage.016
18:38:34 | INFO: Primitives created: 1
18:38:34 | INFO: Extracting primitive: KIT_rockery_passage.018
18:38:34 | INFO: Primitives created: 1
18:38:34 | INFO: Extracting primitive: KIT_rockery_passage.020
18:38:34 | INFO: Primitives created: 1
18:38:34 | INFO: Extracting primitive: GATE_paving.003
18:38:34 | INFO: Primitives created: 1
18:38:34 | INFO: Extracting primitive: COL_hengwu-yuan_floor.001
18:38:34 | INFO: Primitives created: 1
18:38:34 | INFO: Extracting primitive: COL_hengwu_approach.002
18:38:34 | INFO: Primitives created: 1
18:38:34 | INFO: Extracting primitive: COL_hengwu_approach.003
18:38:34 | INFO: Primitives created: 1
18:38:34 | INFO: Extracting primitive: COL_hengwu_closed_hall.002
18:38:34 | INFO: Primitives created: 1
18:38:34 | INFO: Extracting primitive: COL_hengwu_court.002
18:38:34 | INFO: Primitives created: 1
18:38:34 | INFO: Extracting primitive: COL_hengwu_hall_post.001
18:38:34 | INFO: Primitives created: 1
18:38:34 | INFO: Extracting primitive: COL_hengwu_hall_post.002
18:38:34 | INFO: Primitives created: 1
18:38:34 | INFO: Extracting primitive: COL_hengwu_hall_post.006
18:38:34 | INFO: Primitives created: 1
18:38:34 | INFO: Extracting primitive: COL_wall_bay.001
18:38:34 | INFO: Primitives created: 1
18:38:34 | INFO: Extracting primitive: COL_wall_bay.002
18:38:34 | INFO: Primitives created: 1
18:38:34 | INFO: Extracting primitive: COL_wall_bay.003
18:38:34 | INFO: Primitives created: 1
18:38:34 | INFO: Extracting primitive: COL_wall_bay.004
18:38:34 | INFO: Primitives created: 1
18:38:34 | INFO: Extracting primitive: COL_wall_bay.005
18:38:34 | INFO: Primitives created: 1
18:38:34 | INFO: Extracting primitive: COL_wall_bay.006
18:38:34 | INFO: Primitives created: 1
18:38:34 | INFO: Extracting primitive: KIT_wall_plaster.002
18:38:34 | INFO: Primitives created: 1
18:38:34 | INFO: Extracting primitive: COL_wall_window.001
18:38:34 | INFO: Primitives created: 1
18:38:34 | INFO: Extracting primitive: COL_wall_window.002
18:38:34 | INFO: Primitives created: 1
18:38:34 | INFO: Extracting primitive: COL_hengwu_rock.001
18:38:34 | INFO: Primitives created: 1
18:38:34 | INFO: Extracting primitive: COL_hengwu_rock.002
18:38:34 | INFO: Primitives created: 1
18:38:34 | INFO: Extracting primitive: COL_hengwu_rock.006
18:38:34 | INFO: Primitives created: 1
18:38:34 | INFO: Extracting primitive: COL_hengwu_stool.001
18:38:34 | INFO: Primitives created: 1
18:38:34 | INFO: Extracting primitive: COL_hengwu_stool.002
18:38:34 | INFO: Primitives created: 1
18:38:34 | INFO: Extracting primitive: COL_hengwu_stool.003
18:38:34 | INFO: Primitives created: 1
18:38:34 | INFO: Extracting primitive: COL_hengwu_stool.008
18:38:34 | INFO: Primitives created: 1
18:38:34 | INFO: Extracting primitive: COL_hengwu_table.002
18:38:34 | INFO: Primitives created: 1
18:38:34 | INFO: Extracting primitive: COL_longcui_approach.003
18:38:34 | INFO: Primitives created: 1
18:38:34 | INFO: Extracting primitive: COL_longcui_approach.004
18:38:34 | INFO: Primitives created: 1
18:38:34 | INFO: Extracting primitive: COL_longcui_approach.005
18:38:34 | INFO: Primitives created: 1
18:38:34 | INFO: Extracting primitive: COL_longcui_burner.001
18:38:34 | INFO: Primitives created: 1
18:38:34 | INFO: Extracting primitive: COL_longcui_closed_front.001
18:38:34 | INFO: Primitives created: 1
18:38:34 | INFO: Extracting primitive: COL_longcui_floor.001
18:38:34 | INFO: Primitives created: 1
18:38:34 | INFO: Extracting primitive: COL_longcui_plum_trunk.002
18:38:34 | INFO: Primitives created: 1
18:38:34 | INFO: Extracting primitive: COL_longcui_plum_trunk.003
18:38:34 | INFO: Primitives created: 1
18:38:34 | INFO: Extracting primitive: COL_longcui_return.002
18:38:34 | INFO: Primitives created: 1
18:38:34 | INFO: Extracting primitive: COL_longcui_return.003
18:38:34 | INFO: Primitives created: 1
18:38:34 | INFO: Extracting primitive: COL_longcui_threshold.001
18:38:34 | INFO: Primitives created: 1
18:38:34 | INFO: Extracting primitive: COL_ouxiang_approach.001
18:38:34 | INFO: Primitives created: 1
18:38:34 | INFO: Extracting primitive: COL_ouxiang_deck.001
18:38:34 | INFO: Primitives created: 1
18:38:34 | INFO: Extracting primitive: COL_ouxiang_post.004
18:38:34 | INFO: Primitives created: 1
18:38:34 | INFO: Extracting primitive: COL_ouxiang_post.005
18:38:34 | INFO: Primitives created: 1
18:38:34 | INFO: Extracting primitive: COL_ouxiang_post.006
18:38:34 | INFO: Primitives created: 1
18:38:34 | INFO: Extracting primitive: COL_ouxiang_post.007
18:38:34 | INFO: Primitives created: 1
18:38:34 | INFO: Extracting primitive: COL_ouxiang_rail.002
18:38:34 | INFO: Primitives created: 1
18:38:34 | INFO: Extracting primitive: COL_ouxiang_rail.003
18:38:34 | INFO: Primitives created: 1
18:38:34 | INFO: Extracting primitive: COL_ouxiang_side_rail.004
18:38:34 | INFO: Primitives created: 1
18:38:34 | INFO: Extracting primitive: COL_ouxiang_side_rail.005
18:38:34 | INFO: Primitives created: 1
18:38:34 | INFO: Extracting primitive: COL_ouxiang_side_rail.006
18:38:34 | INFO: Primitives created: 1
18:38:34 | INFO: Extracting primitive: COL_ouxiang_side_rail.007
18:38:34 | INFO: Primitives created: 1
18:38:34 | INFO: Extracting primitive: COL_ouxiang_table.001
18:38:34 | INFO: Primitives created: 1
18:38:34 | INFO: Extracting primitive: COL_corridor_floor.009
18:38:34 | INFO: Primitives created: 1
18:38:34 | INFO: Extracting primitive: COL_corridor_side.015
18:38:34 | INFO: Primitives created: 1
18:38:34 | INFO: Extracting primitive: COL_corridor_side.016
18:38:34 | INFO: Primitives created: 1
18:38:34 | INFO: Extracting primitive: COL_corridor_post.016
18:38:34 | INFO: Primitives created: 1
18:38:34 | INFO: Extracting primitive: COL_corridor_post.017
18:38:34 | INFO: Primitives created: 1
18:38:34 | INFO: Extracting primitive: COL_corridor_floor.010
18:38:34 | INFO: Primitives created: 1
18:38:34 | INFO: Extracting primitive: COL_corridor_side.017
18:38:34 | INFO: Primitives created: 1
18:38:34 | INFO: Extracting primitive: COL_corridor_side.018
18:38:34 | INFO: Primitives created: 1
18:38:34 | INFO: Extracting primitive: COL_corridor_post.018
18:38:34 | INFO: Primitives created: 1
18:38:34 | INFO: Extracting primitive: COL_corridor_post.019
18:38:34 | INFO: Primitives created: 1
18:38:34 | INFO: Extracting primitive: COL_corridor_floor.011
18:38:34 | INFO: Primitives created: 1
18:38:34 | INFO: Extracting primitive: COL_corridor_side.019
18:38:34 | INFO: Primitives created: 1
18:38:34 | INFO: Extracting primitive: COL_corridor_side.020
18:38:34 | INFO: Primitives created: 1
18:38:34 | INFO: Extracting primitive: COL_corridor_post.020
18:38:34 | INFO: Primitives created: 1
18:38:34 | INFO: Extracting primitive: COL_corridor_post.021
18:38:34 | INFO: Primitives created: 1
18:38:34 | INFO: Extracting primitive: COL_corridor_floor.012
18:38:34 | INFO: Primitives created: 1
18:38:34 | INFO: Extracting primitive: COL_corridor_side.021
18:38:34 | INFO: Primitives created: 1
18:38:34 | INFO: Extracting primitive: COL_corridor_side.022
18:38:34 | INFO: Primitives created: 1
18:38:34 | INFO: Extracting primitive: COL_corridor_post.022
18:38:34 | INFO: Primitives created: 1
18:38:34 | INFO: Extracting primitive: COL_corridor_post.023
18:38:34 | INFO: Primitives created: 1
18:38:34 | INFO: Extracting primitive: COL_corridor_floor.001
18:38:34 | INFO: Primitives created: 1
18:38:34 | INFO: Extracting primitive: COL_corridor_side.001
18:38:34 | INFO: Primitives created: 1
18:38:34 | INFO: Extracting primitive: COL_corridor_side.002
18:38:34 | INFO: Primitives created: 1
18:38:34 | INFO: Extracting primitive: COL_corridor_post.001
18:38:34 | INFO: Primitives created: 1
18:38:34 | INFO: Extracting primitive: COL_corridor_post.002
18:38:34 | INFO: Primitives created: 1
18:38:34 | INFO: Extracting primitive: COL_corridor_floor.002
18:38:34 | INFO: Primitives created: 1
18:38:34 | INFO: Extracting primitive: COL_corridor_side.003
18:38:34 | INFO: Primitives created: 1
18:38:34 | INFO: Extracting primitive: COL_corridor_side.004
18:38:34 | INFO: Primitives created: 1
18:38:34 | INFO: Extracting primitive: COL_corridor_post.003
18:38:34 | INFO: Primitives created: 1
18:38:34 | INFO: Extracting primitive: COL_corridor_post.004
18:38:34 | INFO: Primitives created: 1
18:38:34 | INFO: Extracting primitive: COL_corridor_floor.003
18:38:34 | INFO: Primitives created: 1
18:38:34 | INFO: Extracting primitive: COL_corridor_side.005
18:38:34 | INFO: Primitives created: 1
18:38:34 | INFO: Extracting primitive: COL_corridor_side.006
18:38:34 | INFO: Primitives created: 1
18:38:34 | INFO: Extracting primitive: COL_corridor_post.005
18:38:34 | INFO: Primitives created: 1
18:38:34 | INFO: Extracting primitive: COL_corridor_post.006
18:38:34 | INFO: Primitives created: 1
18:38:34 | INFO: Extracting primitive: COL_corridor_floor.004
18:38:34 | INFO: Primitives created: 1
18:38:34 | INFO: Extracting primitive: COL_corridor_side.007
18:38:34 | INFO: Primitives created: 1
18:38:34 | INFO: Extracting primitive: COL_corridor_side.008
18:38:34 | INFO: Primitives created: 1
18:38:34 | INFO: Extracting primitive: COL_corridor_post.007
18:38:34 | INFO: Primitives created: 1
18:38:34 | INFO: Extracting primitive: COL_corridor_post.008
18:38:34 | INFO: Primitives created: 1
18:38:34 | INFO: Extracting primitive: COL_corridor_floor.005
18:38:34 | INFO: Primitives created: 1
18:38:34 | INFO: Extracting primitive: COL_corridor_side.009
18:38:34 | INFO: Primitives created: 1
18:38:34 | INFO: Extracting primitive: COL_corridor_side.010
18:38:34 | INFO: Primitives created: 1
18:38:34 | INFO: Extracting primitive: COL_corridor_post.009
18:38:34 | INFO: Primitives created: 1
18:38:34 | INFO: Extracting primitive: COL_corridor_post.010
18:38:34 | INFO: Primitives created: 1
18:38:34 | INFO: Extracting primitive: COL_corridor_floor.006
18:38:34 | INFO: Primitives created: 1
18:38:34 | INFO: Extracting primitive: COL_corridor_side.011
18:38:34 | INFO: Primitives created: 1
18:38:34 | INFO: Extracting primitive: COL_corridor_post.011
18:38:34 | INFO: Primitives created: 1
18:38:34 | INFO: Extracting primitive: COL_corridor_post.012
18:38:34 | INFO: Primitives created: 1
18:38:34 | INFO: Extracting primitive: COL_corridor_floor.007
18:38:34 | INFO: Primitives created: 1
18:38:34 | INFO: Extracting primitive: COL_corridor_side.012
18:38:34 | INFO: Primitives created: 1
18:38:34 | INFO: Extracting primitive: COL_corridor_post.013
18:38:34 | INFO: Primitives created: 1
18:38:34 | INFO: Extracting primitive: COL_corridor_floor.008
18:38:34 | INFO: Primitives created: 1
18:38:34 | INFO: Extracting primitive: COL_corridor_side.013
18:38:34 | INFO: Primitives created: 1
18:38:34 | INFO: Extracting primitive: COL_corridor_side.014
18:38:34 | INFO: Primitives created: 1
18:38:34 | INFO: Extracting primitive: COL_corridor_post.014
18:38:34 | INFO: Primitives created: 1
18:38:34 | INFO: Extracting primitive: COL_corridor_post.015
18:38:34 | INFO: Primitives created: 1
18:38:34 | INFO: Extracting primitive: COL_corridor_floor.013
18:38:34 | INFO: Primitives created: 1
18:38:34 | INFO: Extracting primitive: COL_corridor_side.023
18:38:34 | INFO: Primitives created: 1
18:38:34 | INFO: Extracting primitive: COL_corridor_side.024
18:38:34 | INFO: Primitives created: 1
18:38:34 | INFO: Extracting primitive: COL_corridor_post.024
18:38:34 | INFO: Primitives created: 1
18:38:34 | INFO: Extracting primitive: COL_corridor_post.025
18:38:34 | INFO: Primitives created: 1
18:38:34 | INFO: Extracting primitive: COL_corridor_floor.014
18:38:34 | INFO: Primitives created: 1
18:38:34 | INFO: Extracting primitive: COL_corridor_side.025
18:38:34 | INFO: Primitives created: 1
18:38:34 | INFO: Extracting primitive: COL_corridor_side.026
18:38:34 | INFO: Primitives created: 1
18:38:34 | INFO: Extracting primitive: COL_corridor_post.026
18:38:34 | INFO: Primitives created: 1
18:38:34 | INFO: Extracting primitive: COL_corridor_post.027
18:38:34 | INFO: Primitives created: 1
18:38:34 | INFO: Extracting primitive: COL_corridor_floor.015
18:38:34 | INFO: Primitives created: 1
18:38:34 | INFO: Extracting primitive: COL_corridor_side.027
18:38:34 | INFO: Primitives created: 1
18:38:34 | INFO: Extracting primitive: COL_corridor_side.028
18:38:34 | INFO: Primitives created: 1
18:38:34 | INFO: Extracting primitive: COL_corridor_post.028
18:38:34 | INFO: Primitives created: 1
18:38:34 | INFO: Extracting primitive: COL_corridor_post.029
18:38:34 | INFO: Primitives created: 1
18:38:34 | INFO: Extracting primitive: COL_corridor_floor.016
18:38:34 | INFO: Primitives created: 1
18:38:34 | INFO: Extracting primitive: COL_corridor_side.029
18:38:34 | INFO: Primitives created: 1
18:38:34 | INFO: Extracting primitive: COL_corridor_side.030
18:38:34 | INFO: Primitives created: 1
18:38:34 | INFO: Extracting primitive: COL_corridor_post.030
18:38:34 | INFO: Primitives created: 1
18:38:34 | INFO: Extracting primitive: COL_corridor_post.031
18:38:34 | INFO: Primitives created: 1
18:38:34 | INFO: Extracting primitive: COL_qinfang_deck.001
18:38:34 | INFO: Primitives created: 1
18:38:34 | INFO: Extracting primitive: COL_pavilion_bench.001
18:38:34 | INFO: Primitives created: 1
18:38:34 | INFO: Extracting primitive: COL_pavilion_bench.002
18:38:34 | INFO: Primitives created: 1
18:38:34 | INFO: Extracting primitive: COL_pavilion_bracket.001
18:38:34 | INFO: Primitives created: 1
18:38:34 | INFO: Extracting primitive: COL_pavilion_bracket.002
18:38:34 | INFO: Primitives created: 1
18:38:34 | INFO: Extracting primitive: COL_pavilion_bracket.003
18:38:34 | INFO: Primitives created: 1
18:38:34 | INFO: Extracting primitive: COL_pavilion_bracket.004
18:38:34 | INFO: Primitives created: 1
18:38:34 | INFO: Extracting primitive: COL_pavilion_bracket.005
18:38:34 | INFO: Primitives created: 1
18:38:34 | INFO: Extracting primitive: COL_pavilion_bracket.006
18:38:34 | INFO: Primitives created: 1
18:38:34 | INFO: Extracting primitive: COL_pavilion_post.001
18:38:34 | INFO: Primitives created: 1
18:38:34 | INFO: Extracting primitive: COL_pavilion_post.002
18:38:34 | INFO: Primitives created: 1
18:38:34 | INFO: Extracting primitive: COL_pavilion_post.003
18:38:34 | INFO: Primitives created: 1
18:38:34 | INFO: Extracting primitive: COL_pavilion_post.004
18:38:34 | INFO: Primitives created: 1
18:38:34 | INFO: Extracting primitive: COL_pavilion_post.005
18:38:34 | INFO: Primitives created: 1
18:38:34 | INFO: Extracting primitive: COL_pavilion_post.006
18:38:34 | INFO: Primitives created: 1
18:38:34 | INFO: Extracting primitive: COL_pavilion_roof.001
18:38:34 | INFO: Primitives created: 1
18:38:34 | INFO: Extracting primitive: COL_qiushuang-zhai_floor.001
18:38:34 | INFO: Primitives created: 1
18:38:34 | INFO: Extracting primitive: Cube.009
18:38:34 | INFO: Primitives created: 1
18:38:34 | INFO: Extracting primitive: Cube.011
18:38:34 | INFO: Primitives created: 1
18:38:34 | INFO: Extracting primitive: Cube.012
18:38:34 | INFO: Primitives created: 1
18:38:34 | INFO: Extracting primitive: Cube.013
18:38:34 | INFO: Primitives created: 1
18:38:34 | INFO: Extracting primitive: Cube.019
18:38:34 | INFO: Primitives created: 1
18:38:34 | INFO: Extracting primitive: Cube.020
18:38:34 | INFO: Primitives created: 1
18:38:34 | INFO: Extracting primitive: Cube.023
18:38:34 | INFO: Primitives created: 1
18:38:34 | INFO: Extracting primitive: Cube.024
18:38:34 | INFO: Primitives created: 1
18:38:34 | INFO: Extracting primitive: Cube.048
18:38:34 | INFO: Primitives created: 1
18:38:34 | INFO: Extracting primitive: Cube.050
18:38:34 | INFO: Primitives created: 1
18:38:34 | INFO: Extracting primitive: Cube.052
18:38:34 | INFO: Primitives created: 1
18:38:34 | INFO: Extracting primitive: Cube.092
18:38:34 | INFO: Primitives created: 1
18:38:34 | INFO: Extracting primitive: Cube.093
18:38:34 | INFO: Primitives created: 1
18:38:34 | INFO: Extracting primitive: Cube.094
18:38:34 | INFO: Primitives created: 1
18:38:34 | INFO: Extracting primitive: Cube.095
18:38:34 | INFO: Primitives created: 1
18:38:34 | INFO: Extracting primitive: Cube.096
18:38:34 | INFO: Primitives created: 1
18:38:34 | INFO: Extracting primitive: Cube.097
18:38:34 | INFO: Primitives created: 1
18:38:34 | INFO: Extracting primitive: Cube.098
18:38:34 | INFO: Primitives created: 1
18:38:34 | INFO: Extracting primitive: Cube.099
18:38:34 | INFO: Primitives created: 1
18:38:34 | INFO: Extracting primitive: Cube.100
18:38:34 | INFO: Primitives created: 1
18:38:34 | INFO: Extracting primitive: Cube.101
18:38:34 | INFO: Primitives created: 1
18:38:34 | INFO: Extracting primitive: Cube.102
18:38:34 | INFO: Primitives created: 1
18:38:34 | INFO: Extracting primitive: Cube.103
18:38:34 | INFO: Primitives created: 1
18:38:34 | INFO: Extracting primitive: Cube.104
18:38:34 | INFO: Primitives created: 1
18:38:34 | INFO: Extracting primitive: Cube.105
18:38:34 | INFO: Primitives created: 1
18:38:34 | INFO: Extracting primitive: Cube.106
18:38:34 | INFO: Primitives created: 1
18:38:34 | INFO: Extracting primitive: Cube.107
18:38:34 | INFO: Primitives created: 1
18:38:34 | INFO: Extracting primitive: Cube.108
18:38:34 | INFO: Primitives created: 1
18:38:34 | INFO: Extracting primitive: Cube.109
18:38:34 | INFO: Primitives created: 1
18:38:34 | INFO: Extracting primitive: Cube.110
18:38:34 | INFO: Primitives created: 1
18:38:34 | INFO: Extracting primitive: Cube.111
18:38:34 | INFO: Primitives created: 1
18:38:34 | INFO: Extracting primitive: Cube.112
18:38:34 | INFO: Primitives created: 1
18:38:34 | INFO: Extracting primitive: Cube.113
18:38:34 | INFO: Primitives created: 1
18:38:34 | INFO: Extracting primitive: Cube.114
18:38:34 | INFO: Primitives created: 1
18:38:34 | INFO: Extracting primitive: Cube.115
18:38:34 | INFO: Primitives created: 1
18:38:34 | INFO: Extracting primitive: Cube.116
18:38:34 | INFO: Primitives created: 1
18:38:34 | INFO: Extracting primitive: Cube.117
18:38:34 | INFO: Primitives created: 1
18:38:34 | INFO: Extracting primitive: Cube.118
18:38:34 | INFO: Primitives created: 1
18:38:34 | INFO: Extracting primitive: Cube.119
18:38:34 | INFO: Primitives created: 1
18:38:34 | INFO: Extracting primitive: Cube.120
18:38:34 | INFO: Primitives created: 1
18:38:34 | INFO: Extracting primitive: Cube.121
18:38:34 | INFO: Primitives created: 1
18:38:34 | INFO: Extracting primitive: Cube.122
18:38:34 | INFO: Primitives created: 1
18:38:34 | INFO: Extracting primitive: Cube.123
18:38:34 | INFO: Primitives created: 1
18:38:34 | INFO: Extracting primitive: Cube.124
18:38:34 | INFO: Primitives created: 1
18:38:34 | INFO: Extracting primitive: Cube.125
18:38:34 | INFO: Primitives created: 1
18:38:34 | INFO: Extracting primitive: Cube.126
18:38:34 | INFO: Primitives created: 1
18:38:34 | INFO: Extracting primitive: Cube.127
18:38:34 | INFO: Primitives created: 1
18:38:34 | INFO: Extracting primitive: Cube.128
18:38:34 | INFO: Primitives created: 1
18:38:34 | INFO: Extracting primitive: Cube.129
18:38:34 | INFO: Primitives created: 1
18:38:34 | INFO: Extracting primitive: Cube.130
18:38:34 | INFO: Primitives created: 1
18:38:34 | INFO: Extracting primitive: Cube.131
18:38:34 | INFO: Primitives created: 1
18:38:34 | INFO: Extracting primitive: Cube.132
18:38:34 | INFO: Primitives created: 1
18:38:34 | INFO: Extracting primitive: Cube.133
18:38:34 | INFO: Primitives created: 1
18:38:34 | INFO: Extracting primitive: Cube.134
18:38:34 | INFO: Primitives created: 1
18:38:34 | INFO: Extracting primitive: Cube.135
18:38:34 | INFO: Primitives created: 1
18:38:34 | INFO: Extracting primitive: Cube.136
18:38:34 | INFO: Primitives created: 1
18:38:34 | INFO: Extracting primitive: Cube.137
18:38:34 | INFO: Primitives created: 1
18:38:34 | INFO: Extracting primitive: Cube.138
18:38:34 | INFO: Primitives created: 1
18:38:34 | INFO: Extracting primitive: Cube.139
18:38:34 | INFO: Primitives created: 1
18:38:34 | INFO: Extracting primitive: Cube.140
18:38:34 | INFO: Primitives created: 1
18:38:34 | INFO: Extracting primitive: Cube.141
18:38:34 | INFO: Primitives created: 1
18:38:34 | INFO: Extracting primitive: Cube.142
18:38:34 | INFO: Primitives created: 1
18:38:34 | INFO: Extracting primitive: Cube.143
18:38:34 | INFO: Primitives created: 1
18:38:34 | INFO: Extracting primitive: Cube.144
18:38:34 | INFO: Primitives created: 1
18:38:34 | INFO: Extracting primitive: Cube.193
18:38:34 | INFO: Primitives created: 1
18:38:34 | INFO: Extracting primitive: Cube.194
18:38:34 | INFO: Primitives created: 1
18:38:34 | INFO: Extracting primitive: Cube.195
18:38:34 | INFO: Primitives created: 1
18:38:34 | INFO: Extracting primitive: Cube.196
18:38:34 | INFO: Primitives created: 1
18:38:34 | INFO: Extracting primitive: Cube.197
18:38:34 | INFO: Primitives created: 1
18:38:34 | INFO: Extracting primitive: Cube.198
18:38:34 | INFO: Primitives created: 1
18:38:34 | INFO: Extracting primitive: Cube.199
18:38:34 | INFO: Primitives created: 1
18:38:34 | INFO: Extracting primitive: Cube.200
18:38:34 | INFO: Primitives created: 1
18:38:34 | INFO: Extracting primitive: COL_stone_walk.005
18:38:34 | INFO: Primitives created: 1
18:38:34 | INFO: Extracting primitive: COL_stone_walk.008
18:38:34 | INFO: Primitives created: 1
18:38:34 | INFO: Extracting primitive: COL_stone_walk.009
18:38:34 | INFO: Primitives created: 1
18:38:34 | INFO: Extracting primitive: COL_stone_walk.010
18:38:34 | INFO: Primitives created: 1
18:38:34 | INFO: Extracting primitive: COL_stone_walk.011
18:38:34 | INFO: Primitives created: 1
18:38:34 | INFO: Extracting primitive: COL_stone_walk.012
18:38:34 | INFO: Primitives created: 1
18:38:34 | INFO: Extracting primitive: COL_study_approach.002
18:38:34 | INFO: Primitives created: 1
18:38:34 | INFO: Extracting primitive: COL_study_desk_centre.002
18:38:34 | INFO: Primitives created: 1
18:38:34 | INFO: Extracting primitive: COL_study_desk_left.002
18:38:34 | INFO: Primitives created: 1
18:38:34 | INFO: Extracting primitive: COL_study_desk_right.002
18:38:34 | INFO: Primitives created: 1
18:38:34 | INFO: Extracting primitive: COL_study_front_walk.002
18:38:34 | INFO: Primitives created: 1
18:38:34 | INFO: Extracting primitive: COL_study_front_wall.002
18:38:34 | INFO: Primitives created: 1
18:38:34 | INFO: Extracting primitive: COL_study_post.001
18:38:34 | INFO: Primitives created: 1
18:38:34 | INFO: Extracting primitive: COL_study_post.002
18:38:34 | INFO: Primitives created: 1
18:38:34 | INFO: Extracting primitive: COL_study_post.003
18:38:34 | INFO: Primitives created: 1
18:38:34 | INFO: Extracting primitive: COL_study_post.008
18:38:34 | INFO: Primitives created: 1
18:38:34 | INFO: Extracting primitive: Cube.151
18:38:34 | INFO: Primitives created: 1
18:38:34 | INFO: Extracting primitive: Cube.152
18:38:34 | INFO: Primitives created: 1
18:38:34 | INFO: Extracting primitive: Cube.153
18:38:34 | INFO: Primitives created: 1
18:38:34 | INFO: Extracting primitive: Cube.154
18:38:34 | INFO: Primitives created: 1
18:38:34 | INFO: Extracting primitive: Cube.155
18:38:34 | INFO: Primitives created: 1
18:38:34 | INFO: Extracting primitive: Cube.156
18:38:34 | INFO: Primitives created: 1
18:38:34 | INFO: Extracting primitive: Cube.157
18:38:34 | INFO: Primitives created: 1
18:38:34 | INFO: Extracting primitive: Cube.158
18:38:34 | INFO: Primitives created: 1
18:38:34 | INFO: Extracting primitive: Cube.159
18:38:34 | INFO: Primitives created: 1
18:38:34 | INFO: Extracting primitive: Cube.160
18:38:34 | INFO: Primitives created: 1
18:38:34 | INFO: Extracting primitive: Cube.161
18:38:34 | INFO: Primitives created: 1
18:38:34 | INFO: Extracting primitive: Cube.162
18:38:34 | INFO: Primitives created: 1
18:38:34 | INFO: Extracting primitive: Cube.163
18:38:34 | INFO: Primitives created: 1
18:38:34 | INFO: Extracting primitive: Cube.164
18:38:34 | INFO: Primitives created: 1
18:38:34 | INFO: Extracting primitive: Cube.165
18:38:34 | INFO: Primitives created: 1
18:38:34 | INFO: Extracting primitive: Cube.166
18:38:34 | INFO: Primitives created: 1
18:38:34 | INFO: Extracting primitive: Cube.167
18:38:34 | INFO: Primitives created: 1
18:38:34 | INFO: Extracting primitive: Cube.168
18:38:34 | INFO: Primitives created: 1
18:38:34 | INFO: Extracting primitive: Cube.169
18:38:34 | INFO: Primitives created: 1
18:38:34 | INFO: Extracting primitive: Cube.170
18:38:34 | INFO: Primitives created: 1
18:38:34 | INFO: Extracting primitive: Cube.171
18:38:34 | INFO: Primitives created: 1
18:38:34 | INFO: Extracting primitive: Cube.172
18:38:34 | INFO: Primitives created: 1
18:38:34 | INFO: Extracting primitive: Cube.173
18:38:34 | INFO: Primitives created: 1
18:38:34 | INFO: Extracting primitive: Cube.174
18:38:34 | INFO: Primitives created: 1
18:38:34 | INFO: Extracting primitive: Cube.175
18:38:34 | INFO: Primitives created: 1
18:38:34 | INFO: Extracting primitive: Cube.176
18:38:34 | INFO: Primitives created: 1
18:38:34 | INFO: Extracting primitive: Cube.177
18:38:34 | INFO: Primitives created: 1
18:38:34 | INFO: Extracting primitive: Cube.178
18:38:34 | INFO: Primitives created: 1
18:38:34 | INFO: Extracting primitive: Cube.179
18:38:34 | INFO: Primitives created: 1
18:38:34 | INFO: Extracting primitive: Cube.180
18:38:34 | INFO: Primitives created: 1
18:38:34 | INFO: Extracting primitive: Cube.201
18:38:34 | INFO: Primitives created: 1
18:38:34 | INFO: Extracting primitive: Cube.202
18:38:34 | INFO: Primitives created: 1
18:38:34 | INFO: Extracting primitive: Cube.203
18:38:34 | INFO: Primitives created: 1
18:38:34 | INFO: Extracting primitive: Cube.181
18:38:34 | INFO: Primitives created: 1
18:38:34 | INFO: Extracting primitive: Cube.182
18:38:34 | INFO: Primitives created: 1
18:38:34 | INFO: Extracting primitive: Cube.183
18:38:34 | INFO: Primitives created: 1
18:38:34 | INFO: Extracting primitive: Cube.184
18:38:34 | INFO: Primitives created: 1
18:38:34 | INFO: Extracting primitive: Cube.185
18:38:34 | INFO: Primitives created: 1
18:38:34 | INFO: Extracting primitive: Cube.186
18:38:34 | INFO: Primitives created: 1
18:38:34 | INFO: Extracting primitive: Cube.187
18:38:34 | INFO: Primitives created: 1
18:38:34 | INFO: Extracting primitive: Cube.188
18:38:34 | INFO: Primitives created: 1
18:38:34 | INFO: Extracting primitive: Cube.189
18:38:34 | INFO: Primitives created: 1
18:38:34 | INFO: Extracting primitive: Cube.190
18:38:34 | INFO: Primitives created: 1
18:38:34 | INFO: Extracting primitive: Cube.191
18:38:34 | INFO: Primitives created: 1
18:38:34 | INFO: Extracting primitive: Cube.192
18:38:34 | INFO: Primitives created: 1
18:38:34 | INFO: Extracting primitive: COL_tubi-tang_floor.001
18:38:34 | INFO: Primitives created: 1
18:38:34 | INFO: Extracting primitive: COL_tubi_approach.001
18:38:34 | INFO: Primitives created: 1
18:38:34 | INFO: Extracting primitive: COL_tubi_approach.002
18:38:34 | INFO: Primitives created: 1
18:38:34 | INFO: Extracting primitive: COL_tubi_approach.007
18:38:34 | INFO: Primitives created: 1
18:38:34 | INFO: Extracting primitive: COL_tubi_approach.008
18:38:34 | INFO: Primitives created: 1
18:38:34 | INFO: Extracting primitive: COL_tubi_closed_hall.002
18:38:34 | INFO: Primitives created: 1
18:38:34 | INFO: Extracting primitive: COL_tubi_hall_post.001
18:38:34 | INFO: Primitives created: 1
18:38:34 | INFO: Extracting primitive: COL_tubi_hall_post.002
18:38:34 | INFO: Primitives created: 1
18:38:34 | INFO: Extracting primitive: COL_tubi_hall_post.006
18:38:34 | INFO: Primitives created: 1
18:38:34 | INFO: Extracting primitive: COL_tubi_parapet.001
18:38:34 | INFO: Primitives created: 1
18:38:34 | INFO: Extracting primitive: COL_tubi_parapet.002
18:38:34 | INFO: Primitives created: 1
18:38:34 | INFO: Extracting primitive: COL_tubi_parapet.003
18:38:34 | INFO: Primitives created: 1
18:38:34 | INFO: Extracting primitive: COL_tubi_parapet.008
18:38:34 | INFO: Primitives created: 1
18:38:34 | INFO: Extracting primitive: COL_tubi_stair_guard.001
18:38:34 | INFO: Primitives created: 1
18:38:34 | INFO: Extracting primitive: COL_tubi_stair_guard.004
18:38:34 | INFO: Primitives created: 1
18:38:34 | INFO: Extracting primitive: COL_tubi_stair_ramp.002
18:38:34 | INFO: Primitives created: 1
18:38:34 | INFO: Extracting primitive: COL_tubi_terrace.002
18:38:34 | INFO: Primitives created: 1
18:38:34 | INFO: Extracting primitive: COL_tubi_topic_table.002
18:38:34 | INFO: Primitives created: 1
18:38:34 | INFO: Extracting primitive: COL_tubi_view_bench_left.001
18:38:34 | INFO: Primitives created: 1
18:38:34 | INFO: Extracting primitive: COL_tubi_view_bench_right.001
18:38:34 | INFO: Primitives created: 1
18:38:34 | INFO: Extracting primitive: COL_water_embankment.082
18:38:34 | INFO: Primitives created: 1
18:38:34 | INFO: Extracting primitive: COL_water_embankment.083
18:38:34 | INFO: Primitives created: 1
18:38:34 | INFO: Extracting primitive: COL_water_embankment.084
18:38:34 | INFO: Primitives created: 1
18:38:34 | INFO: Extracting primitive: COL_water_embankment.085
18:38:34 | INFO: Primitives created: 1
18:38:34 | INFO: Extracting primitive: COL_water_embankment.086
18:38:34 | INFO: Primitives created: 1
18:38:34 | INFO: Extracting primitive: COL_water_embankment.087
18:38:34 | INFO: Primitives created: 1
18:38:34 | INFO: Extracting primitive: COL_water_embankment.088
18:38:34 | INFO: Primitives created: 1
18:38:34 | INFO: Extracting primitive: COL_water_embankment.089
18:38:34 | INFO: Primitives created: 1
18:38:34 | INFO: Extracting primitive: COL_water_embankment.090
18:38:34 | INFO: Primitives created: 1
18:38:34 | INFO: Extracting primitive: COL_water_embankment.091
18:38:34 | INFO: Primitives created: 1
18:38:34 | INFO: Extracting primitive: COL_water_embankment.092
18:38:34 | INFO: Primitives created: 1
18:38:34 | INFO: Extracting primitive: COL_water_embankment.093
18:38:34 | INFO: Primitives created: 1
18:38:34 | INFO: Extracting primitive: COL_water_embankment.094
18:38:34 | INFO: Primitives created: 1
18:38:34 | INFO: Extracting primitive: COL_water_embankment.095
18:38:34 | INFO: Primitives created: 1
18:38:34 | INFO: Extracting primitive: COL_water_embankment.096
18:38:34 | INFO: Primitives created: 1
18:38:34 | INFO: Extracting primitive: COL_water_embankment.097
18:38:34 | INFO: Primitives created: 1
18:38:34 | INFO: Extracting primitive: COL_water_embankment.098
18:38:34 | INFO: Primitives created: 1
18:38:34 | INFO: Extracting primitive: COL_water_embankment.099
18:38:34 | INFO: Primitives created: 1
18:38:34 | INFO: Extracting primitive: COL_water_embankment.100
18:38:34 | INFO: Primitives created: 1
18:38:34 | INFO: Extracting primitive: COL_water_embankment.101
18:38:34 | INFO: Primitives created: 1
18:38:34 | INFO: Extracting primitive: COL_water_embankment.102
18:38:34 | INFO: Primitives created: 1
18:38:34 | INFO: Extracting primitive: COL_water_embankment.103
18:38:34 | INFO: Primitives created: 1
18:38:34 | INFO: Extracting primitive: COL_water_embankment.104
18:38:34 | INFO: Primitives created: 1
18:38:34 | INFO: Extracting primitive: COL_water_embankment.105
18:38:34 | INFO: Primitives created: 1
18:38:34 | INFO: Extracting primitive: COL_water_embankment.106
18:38:34 | INFO: Primitives created: 1
18:38:34 | INFO: Extracting primitive: COL_water_embankment.107
18:38:34 | INFO: Primitives created: 1
18:38:34 | INFO: Extracting primitive: COL_water_embankment.108
18:38:34 | INFO: Primitives created: 1
18:38:34 | INFO: Extracting primitive: COL_water_embankment.055
18:38:34 | INFO: Primitives created: 1
18:38:34 | INFO: Extracting primitive: COL_water_embankment.056
18:38:34 | INFO: Primitives created: 1
18:38:34 | INFO: Extracting primitive: COL_water_embankment.057
18:38:34 | INFO: Primitives created: 1
18:38:34 | INFO: Extracting primitive: COL_water_embankment.058
18:38:34 | INFO: Primitives created: 1
18:38:34 | INFO: Extracting primitive: COL_water_embankment.059
18:38:34 | INFO: Primitives created: 1
18:38:34 | INFO: Extracting primitive: COL_water_embankment.060
18:38:34 | INFO: Primitives created: 1
18:38:34 | INFO: Extracting primitive: COL_water_embankment.061
18:38:34 | INFO: Primitives created: 1
18:38:34 | INFO: Extracting primitive: COL_water_embankment.062
18:38:34 | INFO: Primitives created: 1
18:38:34 | INFO: Extracting primitive: COL_water_embankment.063
18:38:34 | INFO: Primitives created: 1
18:38:34 | INFO: Extracting primitive: COL_water_embankment.064
18:38:34 | INFO: Primitives created: 1
18:38:34 | INFO: Extracting primitive: COL_water_embankment.065
18:38:34 | INFO: Primitives created: 1
18:38:34 | INFO: Extracting primitive: COL_water_embankment.066
18:38:34 | INFO: Primitives created: 1
18:38:34 | INFO: Extracting primitive: COL_water_embankment.067
18:38:34 | INFO: Primitives created: 1
18:38:34 | INFO: Extracting primitive: COL_water_embankment.068
18:38:34 | INFO: Primitives created: 1
18:38:34 | INFO: Extracting primitive: COL_water_embankment.069
18:38:34 | INFO: Primitives created: 1
18:38:34 | INFO: Extracting primitive: COL_water_embankment.070
18:38:34 | INFO: Primitives created: 1
18:38:34 | INFO: Extracting primitive: COL_water_embankment.071
18:38:34 | INFO: Primitives created: 1
18:38:34 | INFO: Extracting primitive: COL_water_embankment.072
18:38:34 | INFO: Primitives created: 1
18:38:34 | INFO: Extracting primitive: COL_water_embankment.073
18:38:34 | INFO: Primitives created: 1
18:38:34 | INFO: Extracting primitive: COL_water_embankment.074
18:38:34 | INFO: Primitives created: 1
18:38:34 | INFO: Extracting primitive: COL_water_embankment.075
18:38:34 | INFO: Primitives created: 1
18:38:34 | INFO: Extracting primitive: COL_water_embankment.076
18:38:34 | INFO: Primitives created: 1
18:38:34 | INFO: Extracting primitive: COL_water_embankment.077
18:38:34 | INFO: Primitives created: 1
18:38:34 | INFO: Extracting primitive: COL_water_embankment.078
18:38:34 | INFO: Primitives created: 1
18:38:34 | INFO: Extracting primitive: COL_water_embankment.079
18:38:34 | INFO: Primitives created: 1
18:38:34 | INFO: Extracting primitive: COL_water_embankment.080
18:38:34 | INFO: Primitives created: 1
18:38:34 | INFO: Extracting primitive: COL_water_embankment.081
18:38:34 | INFO: Primitives created: 1
18:38:34 | INFO: Extracting primitive: COL_water_bridge_side.001
18:38:34 | INFO: Primitives created: 1
18:38:34 | INFO: Extracting primitive: COL_water_bridge_side.004
18:38:34 | INFO: Primitives created: 1
18:38:34 | INFO: Extracting primitive: COL_water_bridge_deck.002
18:38:34 | INFO: Primitives created: 1
18:38:34 | INFO: Extracting primitive: COL_xiaoxiang_bamboo_bed.004
18:38:34 | INFO: Primitives created: 1
18:38:34 | INFO: Extracting primitive: COL_xiaoxiang_bamboo_bed.005
18:38:34 | INFO: Primitives created: 1
18:38:34 | INFO: Extracting primitive: COL_xiaoxiang_bamboo_bed.006
18:38:34 | INFO: Primitives created: 1
18:38:34 | INFO: Extracting primitive: COL_xiaoxiang_bamboo_bed.007
18:38:34 | INFO: Primitives created: 1
18:38:34 | INFO: Extracting primitive: COL_xiaoxiang_closed_front.001
18:38:34 | INFO: Primitives created: 1
18:38:34 | INFO: Extracting primitive: COL_xiaoxiang_floor.001
18:38:34 | INFO: Primitives created: 1
18:38:34 | INFO: Extracting primitive: COL_xiaoxiang_return.002
18:38:34 | INFO: Primitives created: 1
18:38:34 | INFO: Extracting primitive: COL_xiaoxiang_return.003
18:38:34 | INFO: Primitives created: 1
18:38:34 | INFO: Extracting primitive: COL_xiaoxiang_threshold.001
18:38:34 | INFO: Primitives created: 1
18:38:34 | INFO: Extracting primitive: COL_yihong_closed_front.002
18:38:34 | INFO: Primitives created: 1
18:38:34 | INFO: Extracting primitive: COL_yihong_court_side.001
18:38:34 | INFO: Primitives created: 1
18:38:34 | INFO: Extracting primitive: COL_yihong_court_side.004
18:38:34 | INFO: Primitives created: 1
18:38:34 | INFO: Extracting primitive: COL_yihong_floor.002
18:38:34 | INFO: Primitives created: 1
18:38:34 | INFO: Extracting primitive: COL_yihong_planter.001
18:38:34 | INFO: Primitives created: 1
18:38:34 | INFO: Extracting primitive: COL_yihong_planter.004
18:38:34 | INFO: Primitives created: 1
18:38:34 | INFO: Extracting primitive: COL_yihong_side_return.001
18:38:34 | INFO: Primitives created: 1
18:38:34 | INFO: Extracting primitive: COL_yihong_side_return.004
18:38:34 | INFO: Primitives created: 1
18:38:34 | INFO: Extracting primitive: COL_yihong_threshold.002
18:38:34 | INFO: Primitives created: 1
18:38:34 | INFO: Extracting primitive: COL_ziling_landing.001
18:38:34 | INFO: Primitives created: 1
18:38:34 | INFO: Extracting primitive: HERO_aojing-guan_title.002
18:38:34 | WARNING: More than one shader node tex image used for a texture. The resulting glTF sampler will behave like the first shader node tex image.
18:38:34 | INFO: Primitives created: 1
18:38:34 | INFO: Extracting primitive: HERO_daguan_title.001
18:38:34 | WARNING: More than one shader node tex image used for a texture. The resulting glTF sampler will behave like the first shader node tex image.
18:38:34 | INFO: Primitives created: 1
18:38:34 | INFO: Extracting primitive: HERO_daoxiang-cun_title.002
18:38:34 | WARNING: More than one shader node tex image used for a texture. The resulting glTF sampler will behave like the first shader node tex image.
18:38:34 | INFO: Primitives created: 1
18:38:34 | INFO: Extracting primitive: KIT_flora_plum_render.001
18:38:34 | WARNING: More than one shader node tex image used for a texture. The resulting glTF sampler will behave like the first shader node tex image.
18:38:34 | INFO: Primitives created: 1
18:38:34 | INFO: Extracting primitive: KIT_flora_plum_render.002
18:38:34 | INFO: Primitives created: 1
18:38:34 | INFO: Extracting primitive: KIT_flora_bamboo_large_render.001
18:38:34 | INFO: Primitives created: 1
18:38:34 | INFO: Extracting primitive: KIT_flora_bamboo_large_render.002
18:38:34 | INFO: Primitives created: 1
18:38:34 | INFO: Extracting primitive: KIT_flora_bamboo_small_render.001
18:38:34 | INFO: Primitives created: 1
18:38:34 | INFO: Extracting primitive: KIT_flora_willow_render.001
18:38:34 | INFO: Primitives created: 1
18:38:34 | INFO: Extracting primitive: KIT_flora_willow_render.002
18:38:34 | INFO: Primitives created: 1
18:38:34 | INFO: Extracting primitive: KIT_flora_bamboo_large_render.003
18:38:34 | INFO: Primitives created: 1
18:38:34 | INFO: Extracting primitive: KIT_flora_bamboo_medium_render.001
18:38:34 | INFO: Primitives created: 1
18:38:34 | INFO: Extracting primitive: KIT_flora_bamboo_small_render.002
18:38:34 | INFO: Primitives created: 1
18:38:34 | INFO: Extracting primitive: KIT_flora_bamboo_large_render.004
18:38:34 | INFO: Primitives created: 1
18:38:34 | INFO: Extracting primitive: KIT_flora_banana_render.001
18:38:34 | INFO: Primitives created: 1
18:38:34 | INFO: Extracting primitive: KIT_flora_banana_render.002
18:38:34 | INFO: Primitives created: 1
18:38:34 | INFO: Extracting primitive: TEMP_reed_geometry.001
18:38:34 | INFO: Primitives created: 1
18:38:34 | INFO: Extracting primitive: TEMP_reed_geometry.002
18:38:34 | INFO: Primitives created: 1
18:38:34 | INFO: Extracting primitive: TEMP_reed_geometry.003
18:38:34 | INFO: Primitives created: 1
18:38:34 | INFO: Extracting primitive: TEMP_reed_geometry.004
18:38:34 | INFO: Primitives created: 1
18:38:34 | INFO: Extracting primitive: TEMP_reed_geometry.005
18:38:34 | INFO: Primitives created: 1
18:38:34 | INFO: Extracting primitive: TEMP_reed_geometry.006
18:38:34 | INFO: Primitives created: 1
18:38:34 | INFO: Extracting primitive: TEMP_reed_geometry.007
18:38:34 | INFO: Primitives created: 1
18:38:34 | INFO: Extracting primitive: TEMP_reed_geometry.008
18:38:34 | INFO: Primitives created: 1
18:38:34 | INFO: Extracting primitive: TEMP_reed_geometry.009
18:38:34 | INFO: Primitives created: 1
18:38:34 | INFO: Extracting primitive: TEMP_reed_geometry.010
18:38:34 | INFO: Primitives created: 1
18:38:34 | INFO: Extracting primitive: HERO_gate_inscription.001
18:38:34 | WARNING: More than one shader node tex image used for a texture. The resulting glTF sampler will behave like the first shader node tex image.
18:38:34 | INFO: Primitives created: 1
18:38:34 | INFO: Extracting primitive: HERO_gate_water_drips.001
18:38:34 | WARNING: More than one shader node tex image used for a texture. The resulting glTF sampler will behave like the first shader node tex image.
18:38:34 | INFO: Primitives created: 1
18:38:34 | INFO: Extracting primitive: HERO_hengwu-yuan_title.002
18:38:34 | WARNING: More than one shader node tex image used for a texture. The resulting glTF sampler will behave like the first shader node tex image.
18:38:34 | INFO: Primitives created: 1
18:38:34 | INFO: Extracting primitive: HERO_longcui-an_title.002
18:38:34 | WARNING: More than one shader node tex image used for a texture. The resulting glTF sampler will behave like the first shader node tex image.
18:38:34 | INFO: Primitives created: 1
18:38:34 | INFO: Extracting primitive: HERO_qinfang-ting_title.002
18:38:34 | WARNING: More than one shader node tex image used for a texture. The resulting glTF sampler will behave like the first shader node tex image.
18:38:34 | INFO: Primitives created: 1
18:38:34 | INFO: Extracting primitive: HERO_qinfang_bridge.001
18:38:34 | INFO: Primitives created: 1
18:38:34 | INFO: Extracting primitive: HERO_study_scroll_bamboo.002
18:38:34 | INFO: Primitives created: 1
18:38:34 | INFO: Extracting primitive: HERO_study_scroll_plum.002
18:38:34 | INFO: Primitives created: 1
18:38:34 | INFO: Extracting primitive: HERO_study_title.002
18:38:34 | WARNING: More than one shader node tex image used for a texture. The resulting glTF sampler will behave like the first shader node tex image.
18:38:34 | INFO: Primitives created: 1
18:38:34 | INFO: Extracting primitive: HERO_table_hexagram.001
18:38:34 | INFO: Primitives created: 1
18:38:34 | INFO: Extracting primitive: line_piece.005
18:38:34 | WARNING: More than one shader node tex image used for a texture. The resulting glTF sampler will behave like the first shader node tex image.
18:38:34 | INFO: Primitives created: 1
18:38:34 | INFO: Extracting primitive: line_piece.002
18:38:34 | INFO: Primitives created: 1
18:38:34 | INFO: Extracting primitive: line_piece.011
18:38:34 | INFO: Primitives created: 1
18:38:34 | INFO: Extracting primitive: line_piece.008
18:38:34 | INFO: Primitives created: 1
18:38:34 | INFO: Extracting primitive: line_piece.017
18:38:34 | INFO: Primitives created: 1
18:38:34 | INFO: Extracting primitive: line_piece.014
18:38:34 | INFO: Primitives created: 1
18:38:34 | INFO: Extracting primitive: line_piece.019
18:38:34 | INFO: Primitives created: 1
18:38:34 | INFO: Extracting primitive: line_piece.018
18:38:34 | INFO: Primitives created: 1
18:38:34 | INFO: Extracting primitive: line_piece.021
18:38:34 | INFO: Primitives created: 1
18:38:34 | INFO: Extracting primitive: line_piece.020
18:38:34 | INFO: Primitives created: 1
18:38:34 | INFO: Extracting primitive: line_piece.023
18:38:34 | INFO: Primitives created: 1
18:38:34 | INFO: Extracting primitive: line_piece.022
18:38:34 | INFO: Primitives created: 1
18:38:34 | INFO: Extracting primitive: HERO_table_pedestal.001
18:38:34 | INFO: Primitives created: 1
18:38:34 | INFO: Extracting primitive: HERO_tubi_title.002
18:38:34 | WARNING: More than one shader node tex image used for a texture. The resulting glTF sampler will behave like the first shader node tex image.
18:38:34 | INFO: Primitives created: 1
18:38:34 | INFO: Extracting primitive: HERO_xiaoxiang-guan_title.002
18:38:34 | WARNING: More than one shader node tex image used for a texture. The resulting glTF sampler will behave like the first shader node tex image.
18:38:34 | INFO: Primitives created: 1
18:38:34 | INFO: Extracting primitive: HERO_yihong-yuan_title.002
18:38:34 | WARNING: More than one shader node tex image used for a texture. The resulting glTF sampler will behave like the first shader node tex image.
18:38:34 | INFO: Primitives created: 1
18:38:34 | INFO: Extracting primitive: AOJING_pond.002
18:38:34 | INFO: Primitives created: 1
18:38:34 | INFO: Extracting primitive: AOJING_backstage.002
18:38:34 | INFO: Primitives created: 1
18:38:34 | INFO: Extracting primitive: AOJING_amber_window.002
18:38:34 | INFO: Primitives created: 1
18:38:34 | INFO: Extracting primitive: AOJING_window_lattice.001
18:38:34 | INFO: Primitives created: 1
18:38:34 | INFO: Extracting primitive: AOJING_dry_ledge.002
18:38:34 | INFO: Primitives created: 1
18:38:34 | INFO: Extracting primitive: AOJING_roof.002
18:38:34 | INFO: Primitives created: 1
18:38:34 | INFO: Extracting primitive: AOJING_closed_front.002
18:38:34 | INFO: Primitives created: 1
18:38:34 | INFO: Extracting primitive: DAGUAN_backstage.001
18:38:34 | INFO: Primitives created: 1
18:38:34 | INFO: Extracting primitive: DAGUAN_door_stud.180
18:38:34 | INFO: Primitives created: 1
18:38:34 | INFO: Extracting primitive: DAGUAN_amber_transom.002
18:38:34 | INFO: Primitives created: 1
18:38:34 | INFO: Extracting primitive: DAGUAN_closed_door.010
18:38:34 | INFO: Primitives created: 1
18:38:34 | INFO: Extracting primitive: DAGUAN_recessed_panel.020
18:38:34 | INFO: Primitives created: 1
18:38:34 | INFO: Extracting primitive: DAGUAN_column.006
18:38:34 | INFO: Primitives created: 1
18:38:34 | INFO: Extracting primitive: DAGUAN_platform.001
18:38:34 | INFO: Primitives created: 1
18:38:34 | INFO: Extracting primitive: DAGUAN_lower_roof.001
18:38:34 | INFO: Primitives created: 1
18:38:34 | INFO: Extracting primitive: DAGUAN_front.001
18:38:34 | INFO: Primitives created: 1
18:38:34 | INFO: Extracting primitive: DAOXIANG_backstage.001
18:38:34 | INFO: Primitives created: 1
18:38:34 | INFO: Extracting primitive: DAOXIANG_door_latch.001
18:38:34 | INFO: Primitives created: 1
18:38:34 | INFO: Extracting primitive: DAOXIANG_warm_sliver.001
18:38:34 | INFO: Primitives created: 1
18:38:34 | INFO: Extracting primitive: DAOXIANG_closed_door.001
18:38:34 | INFO: Primitives created: 1
18:38:34 | INFO: Extracting primitive: DAOXIANG_paddy_painting.001
18:38:34 | INFO: Primitives created: 1
18:38:34 | INFO: Extracting primitive: DAOXIANG_court.001
18:38:34 | INFO: Primitives created: 1
18:38:34 | INFO: Extracting primitive: DAOXIANG_thatch_mass.001
18:38:34 | INFO: Primitives created: 1
18:38:34 | INFO: Extracting primitive: DAOXIANG_front.001
18:38:34 | INFO: Primitives created: 1
18:38:34 | INFO: Extracting primitive: SITE_hengwu-yuan_backstage.001
18:38:34 | INFO: Primitives created: 1
18:38:34 | INFO: Extracting primitive: KIT_pavilion_finial.011
18:38:34 | INFO: Primitives created: 1
18:38:34 | INFO: Extracting primitive: KIT_wall_amber_window.006
18:38:34 | INFO: Primitives created: 1
18:38:34 | INFO: Extracting primitive: HENGWU_herb_leaf.001
18:38:34 | INFO: Primitives created: 1
18:38:34 | INFO: Extracting primitive: KIT_wall_lattice_vertical.105
18:38:34 | INFO: Primitives created: 1
18:38:34 | INFO: Extracting primitive: SITE_hengwu-yuan_platform.001
18:38:34 | INFO: Primitives created: 1
18:38:34 | INFO: Extracting primitive: KIT_props_lantern_hanging_render.015
18:38:34 | WARNING: More than one shader node tex image used for a texture. The resulting glTF sampler will behave like the first shader node tex image.
18:38:34 | INFO: Primitives created: 1
18:38:34 | INFO: Extracting primitive: KIT_pavilion_roof.011
18:38:34 | INFO: Primitives created: 1
18:38:34 | INFO: Extracting primitive: KIT_wall_bay.001
18:38:34 | WARNING: More than one shader node tex image used for a texture. The resulting glTF sampler will behave like the first shader node tex image.
18:38:34 | INFO: Primitives created: 1
18:38:34 | INFO: Extracting primitive: SITE_hengwu-yuan_front.001
18:38:34 | INFO: Primitives created: 1
18:38:34 | INFO: Extracting primitive: LONGCUI_backstage.001
18:38:34 | INFO: Primitives created: 1
18:38:34 | INFO: Extracting primitive: LONGCUI_gate_pull.002
18:38:34 | INFO: Primitives created: 1
18:38:34 | INFO: Extracting primitive: LONGCUI_closed_gate.002
18:38:34 | INFO: Primitives created: 1
18:38:34 | INFO: Extracting primitive: LONGCUI_paving.001
18:38:34 | INFO: Primitives created: 1
18:38:34 | INFO: Extracting primitive: KIT_props_lantern_hanging_render.016
18:38:34 | INFO: Primitives created: 1
18:38:34 | INFO: Extracting primitive: LONGCUI_wall_cap.001
18:38:34 | INFO: Primitives created: 1
18:38:34 | INFO: Extracting primitive: LONGCUI_closed_front.001
18:38:34 | INFO: Primitives created: 1
18:38:34 | INFO: Extracting primitive: KIT_props_tea_cup.006
18:38:34 | INFO: Primitives created: 1
18:38:34 | INFO: Extracting primitive: SITE_ouxiang_deck.001
18:38:34 | INFO: Primitives created: 1
18:38:34 | INFO: Extracting primitive: WESTERN_kit_lotus_lotus_pad.001
18:38:34 | INFO: Primitives created: 1
18:38:34 | INFO: Extracting primitive: KIT_pavilion_water_pier.004
18:38:34 | INFO: Primitives created: 1
18:38:34 | INFO: Extracting primitive: KIT_props_lantern_hanging_render.013
18:38:34 | INFO: Primitives created: 1
18:38:34 | INFO: Extracting primitive: KIT_pavilion_water_hipped_roof.001
18:38:34 | INFO: Primitives created: 1
18:38:34 | INFO: Extracting primitive: KIT_corridor_rail.008
18:38:34 | INFO: Primitives created: 1
18:38:34 | INFO: Extracting primitive: KIT_water_lotus_lotus_pad.001
18:38:34 | INFO: Primitives created: 1
18:38:34 | INFO: Extracting primitive: KIT_pavilion_roof_shell.001
18:38:34 | INFO: Primitives created: 1
18:38:34 | INFO: Extracting primitive: KIT_pavilion_plinth.001
18:38:34 | INFO: Primitives created: 1
18:38:34 | INFO: Extracting primitive: KIT_props_lantern_hanging_render.001
18:38:34 | INFO: Primitives created: 1
18:38:34 | INFO: Extracting primitive: KIT_water_stream.001
18:38:34 | INFO: Primitives created: 1
18:38:34 | INFO: Extracting primitive: SITE_qiushuang-zhai_backstage.001
18:38:34 | INFO: Primitives created: 1
18:38:34 | INFO: Extracting primitive: KIT_pavilion_finial.005
18:38:34 | INFO: Primitives created: 1
18:38:34 | INFO: Extracting primitive: KIT_wall_lattice_vertical.042
18:38:34 | INFO: Primitives created: 1
18:38:34 | INFO: Extracting primitive: SITE_qiushuang-zhai_platform.001
18:38:34 | INFO: Primitives created: 1
18:38:34 | INFO: Extracting primitive: KIT_props_lantern_hanging_render.010
18:38:34 | INFO: Primitives created: 1
18:38:34 | INFO: Extracting primitive: KIT_pavilion_roof.005
18:38:34 | INFO: Primitives created: 1
18:38:34 | INFO: Extracting primitive: KIT_tech_terminal_desk_render.007
18:38:34 | WARNING: More than one shader node tex image used for a texture. The resulting glTF sampler will behave like the first shader node tex image.
18:38:34 | INFO: Primitives created: 1
18:38:34 | INFO: Extracting primitive: SITE_qiushuang-zhai_front.001
18:38:34 | INFO: Primitives created: 1
18:38:34 | INFO: Extracting primitive: GATE_banana_pseudostem.001
18:38:34 | INFO: Primitives created: 1
18:38:34 | INFO: Extracting primitive: GATE_banana_soil.001
18:38:34 | INFO: Primitives created: 1
18:38:34 | INFO: Extracting primitive: KIT_rockery_passage.001
18:38:34 | INFO: Primitives created: 1
18:38:34 | INFO: Extracting primitive: GATE_paving.002
18:38:34 | INFO: Primitives created: 1
18:38:34 | INFO: Extracting primitive: KIT_props_lantern_hanging_render.008
18:38:34 | INFO: Primitives created: 1
18:38:34 | INFO: Extracting primitive: KIT_stage_fog_plane_render.017
18:38:34 | INFO: Primitives created: 1
18:38:34 | INFO: Extracting primitive: KIT_stage_floor.001
18:38:34 | INFO: Primitives created: 1
18:38:34 | INFO: Extracting primitive: AOJING_approach_guard.001
18:38:34 | INFO: Primitives created: 1
18:38:34 | INFO: Extracting primitive: KIT_stage_painted_moon.001
18:38:34 | INFO: Primitives created: 1
18:38:34 | INFO: Extracting primitive: KIT_stage_painted_mountain_layer.003
18:38:34 | INFO: Primitives created: 1
18:38:34 | INFO: Extracting primitive: KIT_stage_painted_mountain_layer.004
18:38:34 | INFO: Primitives created: 1
18:38:34 | INFO: Extracting primitive: KIT_stage_painted_mountain_layer.005
18:38:34 | INFO: Primitives created: 1
18:38:34 | INFO: Extracting primitive: KIT_water_stone_walk.005
18:38:34 | INFO: Primitives created: 1
18:38:34 | INFO: Extracting primitive: Painted coved ceiling candidate.001
18:38:34 | INFO: Primitives created: 1
18:38:34 | INFO: Extracting primitive: KIT_stage_painted_canvas.002
18:38:34 | INFO: Primitives created: 1
18:38:34 | INFO: Extracting primitive: Eight painted cyclorama arcs.001
18:38:34 | WARNING: More than one shader node tex image used for a texture. The resulting glTF sampler will behave like the first shader node tex image.
18:38:34 | INFO: Primitives created: 2
18:38:34 | INFO: Extracting primitive: KIT_stage_fog_plane_render.002
18:38:34 | INFO: Primitives created: 1
18:38:34 | INFO: Extracting primitive: KIT_tech_cell_side.012
18:38:34 | INFO: Primitives created: 1
18:38:34 | INFO: Extracting primitive: KIT_wall_window_bar.030
18:38:34 | INFO: Primitives created: 1
18:38:34 | INFO: Extracting primitive: KIT_stage_entry_walk.002
18:38:34 | INFO: Primitives created: 1
18:38:34 | INFO: Extracting primitive: KIT_props_folding_chair_render.001
18:38:34 | INFO: Primitives created: 1
18:38:34 | INFO: Extracting primitive: KIT_stage_floor_boards_render.002
18:38:34 | INFO: Primitives created: 1
18:38:34 | INFO: Extracting primitive: KIT_stage_gel_frame_render.002
18:38:34 | INFO: Primitives created: 2
18:38:34 | INFO: Extracting primitive: KIT_stage_studio_wall_render.002
18:38:34 | INFO: Primitives created: 1
18:38:34 | INFO: Extracting primitive: KIT_stage_fog_plane_render.020
18:38:34 | INFO: Primitives created: 1
18:38:34 | INFO: Extracting primitive: KIT_tech_terminal_desk_render.001
18:38:34 | INFO: Primitives created: 1
18:38:34 | INFO: Extracting primitive: KIT_props_scroll_render.001
18:38:34 | WARNING: More than one shader node tex image used for a texture. The resulting glTF sampler will behave like the first shader node tex image.
18:38:34 | INFO: Primitives created: 1
18:38:34 | INFO: Extracting primitive: SITE_tubi-tang_backstage.001
18:38:34 | INFO: Primitives created: 1
18:38:34 | INFO: Extracting primitive: KIT_pavilion_finial.007
18:38:34 | INFO: Primitives created: 1
18:38:34 | INFO: Extracting primitive: KIT_wall_amber_window.003
18:38:34 | INFO: Primitives created: 1
18:38:34 | INFO: Extracting primitive: TUBI_topic_line.001
18:38:34 | INFO: Primitives created: 1
18:38:34 | INFO: Extracting primitive: KIT_wall_lattice_vertical.063
18:38:34 | INFO: Primitives created: 1
18:38:34 | INFO: Extracting primitive: SITE_tubi-tang_platform.001
18:38:34 | INFO: Primitives created: 1
18:38:34 | INFO: Extracting primitive: KIT_props_lantern_hanging_render.012
18:38:34 | INFO: Primitives created: 1
18:38:34 | INFO: Extracting primitive: KIT_pavilion_roof.007
18:38:34 | INFO: Primitives created: 1
18:38:34 | INFO: Extracting primitive: TUBI_terrace.002
18:38:34 | INFO: Primitives created: 1
18:38:34 | INFO: Extracting primitive: SITE_tubi-tang_front.001
18:38:34 | INFO: Primitives created: 1
18:38:34 | INFO: Extracting primitive: XIAOXIANG_black_back.001
18:38:34 | INFO: Primitives created: 1
18:38:34 | INFO: Extracting primitive: XIAOXIANG_gate_pull.002
18:38:34 | INFO: Primitives created: 1
18:38:34 | INFO: Extracting primitive: XIAOXIANG_amber_window.001
18:38:34 | INFO: Primitives created: 1
18:38:34 | INFO: Extracting primitive: XIAOXIANG_gate_leaf.002
18:38:34 | INFO: Primitives created: 1
18:38:34 | INFO: Extracting primitive: XIAOXIANG_paving.001
18:38:34 | INFO: Primitives created: 1
18:38:34 | INFO: Extracting primitive: XIAOXIANG_wall_cap.001
18:38:34 | INFO: Primitives created: 1
18:38:34 | INFO: Extracting primitive: XIAOXIANG_closed_front.001
18:38:34 | INFO: Primitives created: 1
18:38:34 | INFO: Extracting primitive: YIHONG_backstage.002
18:38:34 | INFO: Primitives created: 1
18:38:34 | INFO: Extracting primitive: YIHONG_door_rail.001
18:38:34 | INFO: Primitives created: 1
18:38:34 | INFO: Extracting primitive: YIHONG_amber_window.002
18:38:34 | INFO: Primitives created: 1
18:38:34 | INFO: Extracting primitive: YIHONG_door_panel.001
18:38:34 | INFO: Primitives created: 1
18:38:34 | INFO: Extracting primitive: YIHONG_paving.002
18:38:34 | INFO: Primitives created: 1
18:38:34 | INFO: Extracting primitive: YIHONG_court_cap.001
18:38:34 | INFO: Primitives created: 1
18:38:34 | INFO: Extracting primitive: YIHONG_closed_front.002
18:38:34 | INFO: Primitives created: 1
18:38:34 | INFO: Extracting primitive: WESTERN_kit_lotus.004_lotus_pad.001
18:38:34 | INFO: Primitives created: 1
18:38:34 | INFO: Extracting primitive: KIT_water_plank.002
18:38:34 | INFO: Primitives created: 1
18:38:34 | INFO: Extracting primitive: SITE_ziling_island.001
18:38:34 | INFO: Primitives created: 1
18:38:34 | INFO: Finished glTF 2.0 export in 0.6659038066864014 s
00:36.779  blend            | Read blend: "/Users/auchan/projects/garden-of-dreams/.superpowers/sdd/2026-09-23-garden-completion/water-edge-source/lit-native-review/blender/sites/SITE_stage.blend"

{"engine": "Godot", "sites": {"stage": {"objects": 100, "triangles": 11188, "render_meshes": 11, "colliders": 87, "triggers": 0}, "qinfang-ting": {"objects": 199, "triangles": 59120, "render_meshes": 27, "colliders": 157, "triggers": 7}, "rockery-gate": {"objects": 27, "triangles": 15324, "render_meshes": 8, "colliders": 10, "triggers": 3}, "terminal-cells": {"objects": 113, "triangles": 37996, "render_meshes": 10, "colliders": 77, "triggers": 18}, "qiushuang-zhai": {"objects": 36, "triangles": 21754, "render_meshes": 11, "colliders": 13, "triggers": 5}, "tubi-tang": {"objects": 37, "triangles": 11340, "render_meshes": 11, "colliders": 16, "triggers": 5}, "daguan-lou": {"objects": 29, "triangles": 23666, "render_meshes": 10, "colliders": 13, "triggers": 3}, "ouxiang-xie": {"objects": 28, "triangles": 15738, "render_meshes": 6, "colliders": 13, "triggers": 4}, "hengwu-yuan": {"objects": 43, "triangles": 22102, "render_meshes": 11, "colliders": 23, "triggers": 4}, "yihong-yuan": {"objects": 28, "triangles": 2294, "render_meshes": 10, "colliders": 9, "triggers": 4}, "xiaoxiang-guan": {"objects": 30, "triangles": 7478, "render_meshes": 12, "colliders": 9, "triggers": 4}, "longcui-an": {"objects": 27, "triangles": 4638, "render_meshes": 10, "colliders": 8, "triggers": 4}, "aojing-guan": {"objects": 24, "triangles": 2788, "render_meshes": 8, "colliders": 7, "triggers": 3}, "daoxiang-cun": {"objects": 27, "triangles": 10862, "render_meshes": 9, "colliders": 8, "triggers": 4}, "ziling-zhou": {"objects": 23, "triangles": 20048, "render_meshes": 13, "colliders": 4, "triggers": 3}}, "warnings": ["Reference assets, not yet profiled on mobile.", "Lightmap bake remains unfinished; engine import evidence is recorded separately in godot/import-validation.json."], "total_triangles": 266336, "total_render_meshes": 167}
SAVED_GARDEN_CANDIDATE_PASS 7a9fc523bc1517941cc248c040877b86f9cd00a11654c6c31e40f3acc089632f
BlenderMCP addon unregistered
Blender 5.2.2 LTS (hash d13f752e3b9c built 2026-09-15 01:49:19)

Blender quit
