00:00.868  blend            | Read blend: "/Users/auchan/projects/garden-of-dreams/blender/authoring.blend"
00:04.640  blend            | Read blend: "/var/folders/gf/s_g2zvzj3jxbylz3ylbc7k4c0000gn/T/garden-hengwu-compact-rock-s_miidil/blender/authoring.blend"
BlenderMCP addon registered
Info: Saved as "authoring.blend"
INFO Draco is available, use library at /Applications/Blender.app/Contents/Resources/5.2/scripts/addons_core/io_scene_gltf2/libbf_intern_draco_bridge.dylib
INFO MeshOptimizer is available, use library at /Applications/Blender.app/Contents/Resources/5.2/scripts/addons_core/io_scene_gltf2/libbf_intern_meshopt_bridge.dylib
03:12:02 | INFO: Starting glTF 2.0 export
03:12:02 | INFO: Extracting primitive: COL_aojing_approach.001
03:12:02 | INFO: Primitives created: 1
03:12:02 | INFO: Extracting primitive: COL_aojing_approach.004
03:12:02 | INFO: Primitives created: 1
03:12:02 | INFO: Extracting primitive: COL_aojing_approach_guard.001
03:12:02 | INFO: Primitives created: 1
03:12:02 | INFO: Extracting primitive: COL_aojing_approach_guard.004
03:12:02 | INFO: Primitives created: 1
03:12:02 | INFO: Extracting primitive: COL_aojing_approach_ramp.002
03:12:02 | INFO: Primitives created: 1
03:12:02 | INFO: Extracting primitive: COL_daoxiang_approach.002
03:12:02 | INFO: Primitives created: 1
03:12:02 | INFO: Extracting primitive: COL_daoxiang_approach.003
03:12:02 | INFO: Primitives created: 1
03:12:02 | INFO: Extracting primitive: COL_hengwu_approach.002
03:12:02 | INFO: Primitives created: 1
03:12:02 | INFO: Extracting primitive: COL_hengwu_approach.003
03:12:02 | INFO: Primitives created: 1
03:12:02 | INFO: Extracting primitive: COL_longcui_approach.003
03:12:02 | INFO: Primitives created: 1
03:12:02 | INFO: Extracting primitive: COL_longcui_approach.004
03:12:02 | INFO: Primitives created: 1
03:12:02 | INFO: Extracting primitive: COL_longcui_approach.005
03:12:02 | INFO: Primitives created: 1
03:12:02 | INFO: Extracting primitive: Cube.009
03:12:02 | INFO: Primitives created: 1
03:12:02 | INFO: Extracting primitive: Cube.011
03:12:02 | INFO: Primitives created: 1
03:12:02 | INFO: Extracting primitive: Cube.012
03:12:02 | INFO: Primitives created: 1
03:12:02 | INFO: Extracting primitive: Cube.013
03:12:02 | INFO: Primitives created: 1
03:12:02 | INFO: Extracting primitive: Cube.019
03:12:02 | INFO: Primitives created: 1
03:12:02 | INFO: Extracting primitive: Cube.020
03:12:02 | INFO: Primitives created: 1
03:12:02 | INFO: Extracting primitive: Cube.023
03:12:02 | INFO: Primitives created: 1
03:12:02 | INFO: Extracting primitive: Cube.024
03:12:02 | INFO: Primitives created: 1
03:12:02 | INFO: Extracting primitive: Cube.048
03:12:02 | INFO: Primitives created: 1
03:12:02 | INFO: Extracting primitive: Cube.050
03:12:02 | INFO: Primitives created: 1
03:12:02 | INFO: Extracting primitive: Cube.052
03:12:02 | INFO: Primitives created: 1
03:12:02 | INFO: Extracting primitive: Cube.092
03:12:02 | INFO: Primitives created: 1
03:12:02 | INFO: Extracting primitive: Cube.093
03:12:02 | INFO: Primitives created: 1
03:12:02 | INFO: Extracting primitive: Cube.094
03:12:02 | INFO: Primitives created: 1
03:12:02 | INFO: Extracting primitive: Cube.095
03:12:02 | INFO: Primitives created: 1
03:12:02 | INFO: Extracting primitive: Cube.096
03:12:02 | INFO: Primitives created: 1
03:12:02 | INFO: Extracting primitive: Cube.097
03:12:02 | INFO: Primitives created: 1
03:12:02 | INFO: Extracting primitive: Cube.098
03:12:02 | INFO: Primitives created: 1
03:12:02 | INFO: Extracting primitive: Cube.099
03:12:02 | INFO: Primitives created: 1
03:12:02 | INFO: Extracting primitive: Cube.100
03:12:02 | INFO: Primitives created: 1
03:12:02 | INFO: Extracting primitive: Cube.101
03:12:02 | INFO: Primitives created: 1
03:12:02 | INFO: Extracting primitive: Cube.102
03:12:02 | INFO: Primitives created: 1
03:12:02 | INFO: Extracting primitive: Cube.103
03:12:02 | INFO: Primitives created: 1
03:12:02 | INFO: Extracting primitive: Cube.104
03:12:02 | INFO: Primitives created: 1
03:12:02 | INFO: Extracting primitive: Cube.105
03:12:02 | INFO: Primitives created: 1
03:12:02 | INFO: Extracting primitive: Cube.106
03:12:02 | INFO: Primitives created: 1
03:12:02 | INFO: Extracting primitive: Cube.107
03:12:02 | INFO: Primitives created: 1
03:12:02 | INFO: Extracting primitive: Cube.108
03:12:02 | INFO: Primitives created: 1
03:12:02 | INFO: Extracting primitive: Cube.109
03:12:02 | INFO: Primitives created: 1
03:12:02 | INFO: Extracting primitive: Cube.110
03:12:02 | INFO: Primitives created: 1
03:12:02 | INFO: Extracting primitive: Cube.111
03:12:02 | INFO: Primitives created: 1
03:12:02 | INFO: Extracting primitive: Cube.112
03:12:02 | INFO: Primitives created: 1
03:12:02 | INFO: Extracting primitive: Cube.113
03:12:02 | INFO: Primitives created: 1
03:12:02 | INFO: Extracting primitive: Cube.114
03:12:02 | INFO: Primitives created: 1
03:12:02 | INFO: Extracting primitive: Cube.115
03:12:02 | INFO: Primitives created: 1
03:12:02 | INFO: Extracting primitive: Cube.116
03:12:02 | INFO: Primitives created: 1
03:12:02 | INFO: Extracting primitive: Cube.117
03:12:02 | INFO: Primitives created: 1
03:12:02 | INFO: Extracting primitive: Cube.118
03:12:02 | INFO: Primitives created: 1
03:12:02 | INFO: Extracting primitive: Cube.119
03:12:02 | INFO: Primitives created: 1
03:12:02 | INFO: Extracting primitive: Cube.120
03:12:02 | INFO: Primitives created: 1
03:12:02 | INFO: Extracting primitive: Cube.121
03:12:02 | INFO: Primitives created: 1
03:12:02 | INFO: Extracting primitive: Cube.122
03:12:02 | INFO: Primitives created: 1
03:12:02 | INFO: Extracting primitive: Cube.123
03:12:02 | INFO: Primitives created: 1
03:12:02 | INFO: Extracting primitive: Cube.124
03:12:02 | INFO: Primitives created: 1
03:12:02 | INFO: Extracting primitive: Cube.125
03:12:02 | INFO: Primitives created: 1
03:12:02 | INFO: Extracting primitive: Cube.126
03:12:02 | INFO: Primitives created: 1
03:12:02 | INFO: Extracting primitive: Cube.127
03:12:02 | INFO: Primitives created: 1
03:12:02 | INFO: Extracting primitive: Cube.128
03:12:02 | INFO: Primitives created: 1
03:12:02 | INFO: Extracting primitive: Cube.129
03:12:02 | INFO: Primitives created: 1
03:12:02 | INFO: Extracting primitive: Cube.130
03:12:02 | INFO: Primitives created: 1
03:12:02 | INFO: Extracting primitive: Cube.131
03:12:02 | INFO: Primitives created: 1
03:12:02 | INFO: Extracting primitive: Cube.132
03:12:02 | INFO: Primitives created: 1
03:12:02 | INFO: Extracting primitive: Cube.133
03:12:02 | INFO: Primitives created: 1
03:12:02 | INFO: Extracting primitive: Cube.134
03:12:02 | INFO: Primitives created: 1
03:12:02 | INFO: Extracting primitive: Cube.135
03:12:02 | INFO: Primitives created: 1
03:12:02 | INFO: Extracting primitive: Cube.136
03:12:02 | INFO: Primitives created: 1
03:12:02 | INFO: Extracting primitive: Cube.137
03:12:02 | INFO: Primitives created: 1
03:12:02 | INFO: Extracting primitive: Cube.138
03:12:02 | INFO: Primitives created: 1
03:12:02 | INFO: Extracting primitive: Cube.139
03:12:02 | INFO: Primitives created: 1
03:12:02 | INFO: Extracting primitive: Cube.140
03:12:02 | INFO: Primitives created: 1
03:12:02 | INFO: Extracting primitive: Cube.141
03:12:02 | INFO: Primitives created: 1
03:12:02 | INFO: Extracting primitive: Cube.142
03:12:02 | INFO: Primitives created: 1
03:12:02 | INFO: Extracting primitive: Cube.143
03:12:02 | INFO: Primitives created: 1
03:12:02 | INFO: Extracting primitive: Cube.144
03:12:02 | INFO: Primitives created: 1
03:12:02 | INFO: Extracting primitive: COL_stone_walk.005
03:12:02 | INFO: Primitives created: 1
03:12:02 | INFO: Extracting primitive: COL_stone_walk.008
03:12:02 | INFO: Primitives created: 1
03:12:02 | INFO: Extracting primitive: COL_stone_walk.009
03:12:02 | INFO: Primitives created: 1
03:12:02 | INFO: Extracting primitive: COL_stone_walk.010
03:12:02 | INFO: Primitives created: 1
03:12:02 | INFO: Extracting primitive: COL_stone_walk.011
03:12:02 | INFO: Primitives created: 1
03:12:02 | INFO: Extracting primitive: COL_stone_walk.012
03:12:02 | INFO: Primitives created: 1
03:12:02 | INFO: Extracting primitive: COL_study_approach.002
03:12:02 | INFO: Primitives created: 1
03:12:02 | INFO: Extracting primitive: COL_tubi_approach.001
03:12:02 | INFO: Primitives created: 1
03:12:02 | INFO: Extracting primitive: COL_tubi_approach.002
03:12:02 | INFO: Primitives created: 1
03:12:02 | INFO: Extracting primitive: COL_tubi_approach.007
03:12:02 | INFO: Primitives created: 1
03:12:02 | INFO: Extracting primitive: COL_tubi_approach.008
03:12:02 | INFO: Primitives created: 1
03:12:02 | INFO: Extracting primitive: KIT_stage_floor.001
03:12:02 | INFO: Primitives created: 1
03:12:02 | INFO: Extracting primitive: AOJING_approach_guard.001
03:12:02 | INFO: Primitives created: 1
03:12:02 | INFO: Extracting primitive: KIT_stage_painted_moon.001
03:12:02 | INFO: Primitives created: 1
03:12:02 | INFO: Extracting primitive: KIT_stage_painted_mountain_layer.003
03:12:02 | INFO: Primitives created: 1
03:12:02 | INFO: Extracting primitive: KIT_stage_painted_mountain_layer.004
03:12:02 | INFO: Primitives created: 1
03:12:02 | INFO: Extracting primitive: KIT_stage_painted_mountain_layer.005
03:12:02 | INFO: Primitives created: 1
03:12:02 | INFO: Extracting primitive: KIT_water_stone_walk.005
03:12:02 | INFO: Primitives created: 1
03:12:02 | INFO: Extracting primitive: Painted coved ceiling candidate.001
03:12:02 | INFO: Primitives created: 1
03:12:02 | INFO: Extracting primitive: KIT_stage_painted_canvas.002
03:12:02 | INFO: Primitives created: 1
03:12:02 | INFO: Extracting primitive: Eight painted cyclorama arcs.001
03:12:02 | WARNING: More than one shader node tex image used for a texture. The resulting glTF sampler will behave like the first shader node tex image.
03:12:02 | INFO: Primitives created: 2
03:12:02 | INFO: Extracting primitive: KIT_stage_fog_plane_render.002
03:12:02 | INFO: Primitives created: 1
03:12:02 | INFO: Finished glTF 2.0 export in 0.17342615127563477 s

03:12:06 | INFO: Starting glTF 2.0 export
03:12:06 | INFO: Extracting primitive: Cube.147
03:12:06 | INFO: Primitives created: 1
03:12:06 | INFO: Extracting primitive: Cube.148
03:12:06 | INFO: Primitives created: 1
03:12:06 | INFO: Extracting primitive: Cube.149
03:12:06 | INFO: Primitives created: 1
03:12:06 | INFO: Extracting primitive: Cube.150
03:12:06 | INFO: Primitives created: 1
03:12:06 | INFO: Extracting primitive: COL_bridge_crosswalk.002
03:12:06 | INFO: Primitives created: 1
03:12:06 | INFO: Extracting primitive: COL_bridge_crosswalk.003
03:12:06 | INFO: Primitives created: 1
03:12:06 | INFO: Extracting primitive: COL_floor_joint_pavilion_east_joint.001
03:12:06 | INFO: Primitives created: 1
03:12:06 | INFO: Extracting primitive: COL_floor_joint_pavilion_west_joint.001
03:12:06 | INFO: Primitives created: 1
03:12:06 | INFO: Extracting primitive: Cube.146
03:12:06 | INFO: Primitives created: 1
03:12:06 | INFO: Extracting primitive: Cube.145
03:12:06 | INFO: Primitives created: 1
03:12:06 | INFO: Extracting primitive: COL_corridor_floor.009
03:12:06 | INFO: Primitives created: 1
03:12:06 | INFO: Extracting primitive: COL_corridor_side.015
03:12:06 | INFO: Primitives created: 1
03:12:06 | INFO: Extracting primitive: COL_corridor_side.016
03:12:06 | INFO: Primitives created: 1
03:12:06 | INFO: Extracting primitive: COL_corridor_post.016
03:12:06 | INFO: Primitives created: 1
03:12:06 | INFO: Extracting primitive: COL_corridor_post.017
03:12:06 | INFO: Primitives created: 1
03:12:06 | INFO: Extracting primitive: COL_corridor_floor.010
03:12:06 | INFO: Primitives created: 1
03:12:06 | INFO: Extracting primitive: COL_corridor_side.017
03:12:06 | INFO: Primitives created: 1
03:12:06 | INFO: Extracting primitive: COL_corridor_side.018
03:12:06 | INFO: Primitives created: 1
03:12:06 | INFO: Extracting primitive: COL_corridor_post.018
03:12:06 | INFO: Primitives created: 1
03:12:06 | INFO: Extracting primitive: COL_corridor_post.019
03:12:06 | INFO: Primitives created: 1
03:12:06 | INFO: Extracting primitive: COL_corridor_floor.011
03:12:06 | INFO: Primitives created: 1
03:12:06 | INFO: Extracting primitive: COL_corridor_side.019
03:12:06 | INFO: Primitives created: 1
03:12:06 | INFO: Extracting primitive: COL_corridor_side.020
03:12:06 | INFO: Primitives created: 1
03:12:06 | INFO: Extracting primitive: COL_corridor_post.020
03:12:06 | INFO: Primitives created: 1
03:12:06 | INFO: Extracting primitive: COL_corridor_post.021
03:12:06 | INFO: Primitives created: 1
03:12:06 | INFO: Extracting primitive: COL_corridor_floor.012
03:12:06 | INFO: Primitives created: 1
03:12:06 | INFO: Extracting primitive: COL_corridor_side.021
03:12:06 | INFO: Primitives created: 1
03:12:06 | INFO: Extracting primitive: COL_corridor_side.022
03:12:06 | INFO: Primitives created: 1
03:12:06 | INFO: Extracting primitive: COL_corridor_post.022
03:12:06 | INFO: Primitives created: 1
03:12:06 | INFO: Extracting primitive: COL_corridor_post.023
03:12:06 | INFO: Primitives created: 1
03:12:06 | INFO: Extracting primitive: COL_corridor_floor.001
03:12:06 | INFO: Primitives created: 1
03:12:06 | INFO: Extracting primitive: COL_corridor_side.001
03:12:06 | INFO: Primitives created: 1
03:12:06 | INFO: Extracting primitive: COL_corridor_side.002
03:12:06 | INFO: Primitives created: 1
03:12:06 | INFO: Extracting primitive: COL_corridor_post.001
03:12:06 | INFO: Primitives created: 1
03:12:06 | INFO: Extracting primitive: COL_corridor_post.002
03:12:06 | INFO: Primitives created: 1
03:12:06 | INFO: Extracting primitive: COL_corridor_floor.002
03:12:06 | INFO: Primitives created: 1
03:12:06 | INFO: Extracting primitive: COL_corridor_side.003
03:12:06 | INFO: Primitives created: 1
03:12:06 | INFO: Extracting primitive: COL_corridor_side.004
03:12:06 | INFO: Primitives created: 1
03:12:06 | INFO: Extracting primitive: COL_corridor_post.003
03:12:06 | INFO: Primitives created: 1
03:12:06 | INFO: Extracting primitive: COL_corridor_post.004
03:12:06 | INFO: Primitives created: 1
03:12:06 | INFO: Extracting primitive: COL_corridor_floor.003
03:12:06 | INFO: Primitives created: 1
03:12:06 | INFO: Extracting primitive: COL_corridor_side.005
03:12:06 | INFO: Primitives created: 1
03:12:06 | INFO: Extracting primitive: COL_corridor_side.006
03:12:06 | INFO: Primitives created: 1
03:12:06 | INFO: Extracting primitive: COL_corridor_post.005
03:12:06 | INFO: Primitives created: 1
03:12:06 | INFO: Extracting primitive: COL_corridor_post.006
03:12:06 | INFO: Primitives created: 1
03:12:06 | INFO: Extracting primitive: COL_corridor_floor.004
03:12:06 | INFO: Primitives created: 1
03:12:06 | INFO: Extracting primitive: COL_corridor_side.007
03:12:06 | INFO: Primitives created: 1
03:12:06 | INFO: Extracting primitive: COL_corridor_side.008
03:12:06 | INFO: Primitives created: 1
03:12:06 | INFO: Extracting primitive: COL_corridor_post.007
03:12:06 | INFO: Primitives created: 1
03:12:06 | INFO: Extracting primitive: COL_corridor_post.008
03:12:06 | INFO: Primitives created: 1
03:12:06 | INFO: Extracting primitive: COL_corridor_floor.005
03:12:06 | INFO: Primitives created: 1
03:12:06 | INFO: Extracting primitive: COL_corridor_side.009
03:12:06 | INFO: Primitives created: 1
03:12:06 | INFO: Extracting primitive: COL_corridor_side.010
03:12:06 | INFO: Primitives created: 1
03:12:06 | INFO: Extracting primitive: COL_corridor_post.009
03:12:06 | INFO: Primitives created: 1
03:12:06 | INFO: Extracting primitive: COL_corridor_post.010
03:12:06 | INFO: Primitives created: 1
03:12:06 | INFO: Extracting primitive: COL_corridor_floor.006
03:12:06 | INFO: Primitives created: 1
03:12:06 | INFO: Extracting primitive: COL_corridor_side.011
03:12:06 | INFO: Primitives created: 1
03:12:06 | INFO: Extracting primitive: COL_corridor_post.011
03:12:06 | INFO: Primitives created: 1
03:12:06 | INFO: Extracting primitive: COL_corridor_post.012
03:12:06 | INFO: Primitives created: 1
03:12:06 | INFO: Extracting primitive: COL_corridor_floor.007
03:12:06 | INFO: Primitives created: 1
03:12:06 | INFO: Extracting primitive: COL_corridor_side.012
03:12:06 | INFO: Primitives created: 1
03:12:06 | INFO: Extracting primitive: COL_corridor_post.013
03:12:06 | INFO: Primitives created: 1
03:12:06 | INFO: Extracting primitive: COL_corridor_floor.008
03:12:06 | INFO: Primitives created: 1
03:12:06 | INFO: Extracting primitive: COL_corridor_side.013
03:12:06 | INFO: Primitives created: 1
03:12:06 | INFO: Extracting primitive: COL_corridor_side.014
03:12:06 | INFO: Primitives created: 1
03:12:06 | INFO: Extracting primitive: COL_corridor_post.014
03:12:06 | INFO: Primitives created: 1
03:12:06 | INFO: Extracting primitive: COL_corridor_post.015
03:12:06 | INFO: Primitives created: 1
03:12:06 | INFO: Extracting primitive: COL_corridor_floor.013
03:12:06 | INFO: Primitives created: 1
03:12:06 | INFO: Extracting primitive: COL_corridor_side.023
03:12:06 | INFO: Primitives created: 1
03:12:06 | INFO: Extracting primitive: COL_corridor_side.024
03:12:06 | INFO: Primitives created: 1
03:12:06 | INFO: Extracting primitive: COL_corridor_post.024
03:12:06 | INFO: Primitives created: 1
03:12:06 | INFO: Extracting primitive: COL_corridor_post.025
03:12:06 | INFO: Primitives created: 1
03:12:06 | INFO: Extracting primitive: COL_corridor_floor.014
03:12:06 | INFO: Primitives created: 1
03:12:06 | INFO: Extracting primitive: COL_corridor_side.025
03:12:06 | INFO: Primitives created: 1
03:12:06 | INFO: Extracting primitive: COL_corridor_side.026
03:12:06 | INFO: Primitives created: 1
03:12:06 | INFO: Extracting primitive: COL_corridor_post.026
03:12:06 | INFO: Primitives created: 1
03:12:06 | INFO: Extracting primitive: COL_corridor_post.027
03:12:06 | INFO: Primitives created: 1
03:12:06 | INFO: Extracting primitive: COL_corridor_floor.015
03:12:06 | INFO: Primitives created: 1
03:12:06 | INFO: Extracting primitive: COL_corridor_side.027
03:12:06 | INFO: Primitives created: 1
03:12:06 | INFO: Extracting primitive: COL_corridor_side.028
03:12:06 | INFO: Primitives created: 1
03:12:06 | INFO: Extracting primitive: COL_corridor_post.028
03:12:06 | INFO: Primitives created: 1
03:12:06 | INFO: Extracting primitive: COL_corridor_post.029
03:12:06 | INFO: Primitives created: 1
03:12:06 | INFO: Extracting primitive: COL_corridor_floor.016
03:12:06 | INFO: Primitives created: 1
03:12:06 | INFO: Extracting primitive: COL_corridor_side.029
03:12:06 | INFO: Primitives created: 1
03:12:06 | INFO: Extracting primitive: COL_corridor_side.030
03:12:06 | INFO: Primitives created: 1
03:12:06 | INFO: Extracting primitive: COL_corridor_post.030
03:12:06 | INFO: Primitives created: 1
03:12:06 | INFO: Extracting primitive: COL_corridor_post.031
03:12:06 | INFO: Primitives created: 1
03:12:06 | INFO: Extracting primitive: COL_qinfang_deck.001
03:12:06 | INFO: Primitives created: 1
03:12:06 | INFO: Extracting primitive: COL_pavilion_bench.001
03:12:06 | INFO: Primitives created: 1
03:12:06 | INFO: Extracting primitive: COL_pavilion_bench.002
03:12:06 | INFO: Primitives created: 1
03:12:06 | INFO: Extracting primitive: COL_pavilion_bracket.001
03:12:06 | INFO: Primitives created: 1
03:12:06 | INFO: Extracting primitive: COL_pavilion_bracket.002
03:12:06 | INFO: Primitives created: 1
03:12:06 | INFO: Extracting primitive: COL_pavilion_bracket.003
03:12:06 | INFO: Primitives created: 1
03:12:06 | INFO: Extracting primitive: COL_pavilion_bracket.004
03:12:06 | INFO: Primitives created: 1
03:12:06 | INFO: Extracting primitive: COL_pavilion_bracket.005
03:12:06 | INFO: Primitives created: 1
03:12:06 | INFO: Extracting primitive: COL_pavilion_bracket.006
03:12:06 | INFO: Primitives created: 1
03:12:06 | INFO: Extracting primitive: COL_pavilion_post.001
03:12:06 | INFO: Primitives created: 1
03:12:06 | INFO: Extracting primitive: COL_pavilion_post.002
03:12:06 | INFO: Primitives created: 1
03:12:06 | INFO: Extracting primitive: COL_pavilion_post.003
03:12:06 | INFO: Primitives created: 1
03:12:06 | INFO: Extracting primitive: COL_pavilion_post.004
03:12:06 | INFO: Primitives created: 1
03:12:06 | INFO: Extracting primitive: COL_pavilion_post.005
03:12:06 | INFO: Primitives created: 1
03:12:06 | INFO: Extracting primitive: COL_pavilion_post.006
03:12:06 | INFO: Primitives created: 1
03:12:06 | INFO: Extracting primitive: COL_pavilion_roof.001
03:12:06 | INFO: Primitives created: 1
03:12:06 | INFO: Extracting primitive: KIT_flora_bamboo_large_render.001
03:12:06 | WARNING: More than one shader node tex image used for a texture. The resulting glTF sampler will behave like the first shader node tex image.
03:12:06 | INFO: Primitives created: 1
03:12:06 | INFO: Extracting primitive: KIT_flora_bamboo_large_render.002
03:12:06 | INFO: Primitives created: 1
03:12:06 | INFO: Extracting primitive: KIT_flora_bamboo_small_render.001
03:12:06 | INFO: Primitives created: 1
03:12:06 | INFO: Extracting primitive: KIT_flora_willow_render.001
03:12:06 | INFO: Primitives created: 1
03:12:06 | INFO: Extracting primitive: KIT_flora_willow_render.002
03:12:06 | INFO: Primitives created: 1
03:12:06 | INFO: Extracting primitive: HERO_qinfang-ting_title.002
03:12:06 | WARNING: More than one shader node tex image used for a texture. The resulting glTF sampler will behave like the first shader node tex image.
03:12:06 | INFO: Primitives created: 1
03:12:06 | INFO: Extracting primitive: HERO_qinfang_bridge.001
03:12:06 | INFO: Primitives created: 1
03:12:06 | INFO: Extracting primitive: HERO_table_hexagram.001
03:12:06 | INFO: Primitives created: 1
03:12:06 | INFO: Extracting primitive: line_piece.005
03:12:06 | WARNING: More than one shader node tex image used for a texture. The resulting glTF sampler will behave like the first shader node tex image.
03:12:06 | INFO: Primitives created: 1
03:12:06 | INFO: Extracting primitive: line_piece.002
03:12:06 | INFO: Primitives created: 1
03:12:06 | INFO: Extracting primitive: line_piece.011
03:12:06 | INFO: Primitives created: 1
03:12:06 | INFO: Extracting primitive: line_piece.008
03:12:06 | INFO: Primitives created: 1
03:12:06 | INFO: Extracting primitive: line_piece.017
03:12:06 | INFO: Primitives created: 1
03:12:06 | INFO: Extracting primitive: line_piece.014
03:12:06 | INFO: Primitives created: 1
03:12:06 | INFO: Extracting primitive: line_piece.019
03:12:06 | INFO: Primitives created: 1
03:12:06 | INFO: Extracting primitive: line_piece.018
03:12:06 | INFO: Primitives created: 1
03:12:06 | INFO: Extracting primitive: line_piece.021
03:12:06 | INFO: Primitives created: 1
03:12:06 | INFO: Extracting primitive: line_piece.020
03:12:06 | INFO: Primitives created: 1
03:12:06 | INFO: Extracting primitive: line_piece.023
03:12:06 | INFO: Primitives created: 1
03:12:06 | INFO: Extracting primitive: line_piece.022
03:12:06 | INFO: Primitives created: 1
03:12:06 | INFO: Extracting primitive: HERO_table_pedestal.001
03:12:06 | INFO: Primitives created: 1
03:12:06 | INFO: Extracting primitive: KIT_water_lotus.021
03:12:06 | INFO: Primitives created: 1
03:12:06 | INFO: Extracting primitive: KIT_corridor_rail.008
03:12:06 | INFO: Primitives created: 1
03:12:06 | INFO: Extracting primitive: KIT_pavilion_roof_shell.001
03:12:06 | INFO: Primitives created: 1
03:12:06 | INFO: Extracting primitive: KIT_pavilion_plinth.001
03:12:06 | INFO: Primitives created: 1
03:12:06 | INFO: Extracting primitive: KIT_props_lantern_hanging_render.001
03:12:06 | WARNING: More than one shader node tex image used for a texture. The resulting glTF sampler will behave like the first shader node tex image.
03:12:06 | INFO: Primitives created: 1
03:12:06 | INFO: Extracting primitive: KIT_water_stream.001
03:12:06 | INFO: Primitives created: 1
03:12:06 | INFO: Finished glTF 2.0 export in 0.22210693359375 s

03:12:07 | INFO: Starting glTF 2.0 export
03:12:07 | INFO: Extracting primitive: COL_GATE_banana_planter.001
03:12:07 | INFO: Primitives created: 1
03:12:07 | INFO: Extracting primitive: KIT_rockery_passage.022
03:12:07 | INFO: Primitives created: 1
03:12:07 | INFO: Extracting primitive: KIT_rockery_passage.024
03:12:07 | INFO: Primitives created: 1
03:12:07 | INFO: Extracting primitive: KIT_rockery_cliff.006
03:12:07 | INFO: Primitives created: 1
03:12:07 | INFO: Extracting primitive: KIT_rockery_cliff.008
03:12:07 | INFO: Primitives created: 1
03:12:07 | INFO: Extracting primitive: KIT_rockery_passage.004
03:12:07 | INFO: Primitives created: 1
03:12:07 | INFO: Extracting primitive: KIT_rockery_passage.016
03:12:07 | INFO: Primitives created: 1
03:12:07 | INFO: Extracting primitive: KIT_rockery_passage.018
03:12:07 | INFO: Primitives created: 1
03:12:07 | INFO: Extracting primitive: KIT_rockery_passage.020
03:12:07 | INFO: Primitives created: 1
03:12:07 | INFO: Extracting primitive: GATE_paving.003
03:12:07 | INFO: Primitives created: 1
03:12:07 | INFO: Extracting primitive: HERO_gate_inscription.001
03:12:07 | WARNING: More than one shader node tex image used for a texture. The resulting glTF sampler will behave like the first shader node tex image.
03:12:07 | INFO: Primitives created: 1
03:12:07 | INFO: Extracting primitive: HERO_gate_water_drips.001
03:12:07 | WARNING: More than one shader node tex image used for a texture. The resulting glTF sampler will behave like the first shader node tex image.
03:12:07 | INFO: Primitives created: 1
03:12:07 | INFO: Extracting primitive: GATE_banana_pseudostem.001
03:12:07 | INFO: Primitives created: 1
03:12:07 | INFO: Extracting primitive: GATE_banana_soil.001
03:12:07 | INFO: Primitives created: 1
03:12:07 | INFO: Extracting primitive: KIT_rockery_passage.001
03:12:07 | WARNING: More than one shader node tex image used for a texture. The resulting glTF sampler will behave like the first shader node tex image.
03:12:07 | INFO: Primitives created: 1
03:12:07 | INFO: Extracting primitive: GATE_paving.002
03:12:07 | INFO: Primitives created: 1
03:12:07 | INFO: Extracting primitive: KIT_props_lantern_hanging_render.008
03:12:07 | WARNING: More than one shader node tex image used for a texture. The resulting glTF sampler will behave like the first shader node tex image.
03:12:07 | INFO: Primitives created: 1
03:12:07 | INFO: Extracting primitive: KIT_stage_fog_plane_render.017
03:12:07 | INFO: Primitives created: 1
03:12:07 | INFO: Finished glTF 2.0 export in 0.06885600090026855 s

03:12:07 | INFO: Starting glTF 2.0 export
03:12:07 | INFO: Extracting primitive: COL_cell_floor.006
03:12:07 | INFO: Primitives created: 1
03:12:07 | INFO: Extracting primitive: COL_cell_floor.007
03:12:07 | INFO: Primitives created: 1
03:12:07 | INFO: Extracting primitive: COL_cell_floor.008
03:12:07 | INFO: Primitives created: 1
03:12:07 | INFO: Extracting primitive: COL_cell_floor.009
03:12:07 | INFO: Primitives created: 1
03:12:07 | INFO: Extracting primitive: COL_cell_floor.010
03:12:07 | INFO: Primitives created: 1
03:12:07 | INFO: Extracting primitive: COL_cell_floor.011
03:12:07 | INFO: Primitives created: 1
03:12:07 | INFO: Extracting primitive: COL_cell_wall.012
03:12:07 | INFO: Primitives created: 1
03:12:07 | INFO: Extracting primitive: COL_cell_wall.013
03:12:07 | INFO: Primitives created: 1
03:12:07 | INFO: Extracting primitive: COL_cell_wall.014
03:12:07 | INFO: Primitives created: 1
03:12:07 | INFO: Extracting primitive: COL_cell_wall.015
03:12:07 | INFO: Primitives created: 1
03:12:07 | INFO: Extracting primitive: COL_cell_wall.016
03:12:07 | INFO: Primitives created: 1
03:12:07 | INFO: Extracting primitive: COL_cell_wall.017
03:12:07 | INFO: Primitives created: 1
03:12:07 | INFO: Extracting primitive: COL_cell_wall.018
03:12:07 | INFO: Primitives created: 1
03:12:07 | INFO: Extracting primitive: COL_cell_wall.019
03:12:07 | INFO: Primitives created: 1
03:12:07 | INFO: Extracting primitive: COL_cell_wall.020
03:12:07 | INFO: Primitives created: 1
03:12:07 | INFO: Extracting primitive: COL_cell_wall.021
03:12:07 | INFO: Primitives created: 1
03:12:07 | INFO: Extracting primitive: COL_cell_wall.022
03:12:07 | INFO: Primitives created: 1
03:12:07 | INFO: Extracting primitive: COL_cell_wall.023
03:12:07 | INFO: Primitives created: 1
03:12:07 | INFO: Extracting primitive: COL_entry_corridor.001
03:12:07 | INFO: Primitives created: 1
03:12:07 | INFO: Extracting primitive: COL_entry_walk.002
03:12:07 | INFO: Primitives created: 1
03:12:07 | INFO: Extracting primitive: COL_entry_walk.003
03:12:07 | INFO: Primitives created: 1
03:12:07 | INFO: Extracting primitive: COL_floor_joint_cell_threshold_0.001
03:12:07 | INFO: Primitives created: 1
03:12:07 | INFO: Extracting primitive: COL_floor_joint_cell_threshold_1.001
03:12:07 | INFO: Primitives created: 1
03:12:07 | INFO: Extracting primitive: COL_floor_joint_cell_threshold_2.001
03:12:07 | INFO: Primitives created: 1
03:12:07 | INFO: Extracting primitive: COL_floor_joint_cell_threshold_3.001
03:12:07 | INFO: Primitives created: 1
03:12:07 | INFO: Extracting primitive: COL_floor_joint_cell_threshold_4.001
03:12:07 | INFO: Primitives created: 1
03:12:07 | INFO: Extracting primitive: COL_floor_joint_cell_threshold_5.001
03:12:07 | INFO: Primitives created: 1
03:12:07 | INFO: Extracting primitive: Cube.193
03:12:07 | INFO: Primitives created: 1
03:12:07 | INFO: Extracting primitive: Cube.194
03:12:07 | INFO: Primitives created: 1
03:12:07 | INFO: Extracting primitive: Cube.195
03:12:07 | INFO: Primitives created: 1
03:12:07 | INFO: Extracting primitive: Cube.196
03:12:07 | INFO: Primitives created: 1
03:12:07 | INFO: Extracting primitive: Cube.197
03:12:07 | INFO: Primitives created: 1
03:12:07 | INFO: Extracting primitive: Cube.198
03:12:07 | INFO: Primitives created: 1
03:12:07 | INFO: Extracting primitive: Cube.199
03:12:07 | INFO: Primitives created: 1
03:12:07 | INFO: Extracting primitive: Cube.200
03:12:07 | INFO: Primitives created: 1
03:12:07 | INFO: Extracting primitive: Cube.151
03:12:07 | INFO: Primitives created: 1
03:12:07 | INFO: Extracting primitive: Cube.152
03:12:07 | INFO: Primitives created: 1
03:12:07 | INFO: Extracting primitive: Cube.153
03:12:07 | INFO: Primitives created: 1
03:12:07 | INFO: Extracting primitive: Cube.154
03:12:07 | INFO: Primitives created: 1
03:12:07 | INFO: Extracting primitive: Cube.155
03:12:07 | INFO: Primitives created: 1
03:12:07 | INFO: Extracting primitive: Cube.156
03:12:07 | INFO: Primitives created: 1
03:12:07 | INFO: Extracting primitive: Cube.157
03:12:07 | INFO: Primitives created: 1
03:12:07 | INFO: Extracting primitive: Cube.158
03:12:07 | INFO: Primitives created: 1
03:12:07 | INFO: Extracting primitive: Cube.159
03:12:07 | INFO: Primitives created: 1
03:12:07 | INFO: Extracting primitive: Cube.160
03:12:07 | INFO: Primitives created: 1
03:12:07 | INFO: Extracting primitive: Cube.161
03:12:07 | INFO: Primitives created: 1
03:12:07 | INFO: Extracting primitive: Cube.162
03:12:07 | INFO: Primitives created: 1
03:12:07 | INFO: Extracting primitive: Cube.163
03:12:07 | INFO: Primitives created: 1
03:12:07 | INFO: Extracting primitive: Cube.164
03:12:07 | INFO: Primitives created: 1
03:12:07 | INFO: Extracting primitive: Cube.165
03:12:07 | INFO: Primitives created: 1
03:12:07 | INFO: Extracting primitive: Cube.166
03:12:07 | INFO: Primitives created: 1
03:12:07 | INFO: Extracting primitive: Cube.167
03:12:07 | INFO: Primitives created: 1
03:12:07 | INFO: Extracting primitive: Cube.168
03:12:07 | INFO: Primitives created: 1
03:12:07 | INFO: Extracting primitive: Cube.169
03:12:07 | INFO: Primitives created: 1
03:12:07 | INFO: Extracting primitive: Cube.170
03:12:07 | INFO: Primitives created: 1
03:12:07 | INFO: Extracting primitive: Cube.171
03:12:07 | INFO: Primitives created: 1
03:12:07 | INFO: Extracting primitive: Cube.172
03:12:07 | INFO: Primitives created: 1
03:12:07 | INFO: Extracting primitive: Cube.173
03:12:07 | INFO: Primitives created: 1
03:12:07 | INFO: Extracting primitive: Cube.174
03:12:07 | INFO: Primitives created: 1
03:12:07 | INFO: Extracting primitive: Cube.175
03:12:07 | INFO: Primitives created: 1
03:12:07 | INFO: Extracting primitive: Cube.176
03:12:07 | INFO: Primitives created: 1
03:12:07 | INFO: Extracting primitive: Cube.177
03:12:07 | INFO: Primitives created: 1
03:12:07 | INFO: Extracting primitive: Cube.178
03:12:07 | INFO: Primitives created: 1
03:12:07 | INFO: Extracting primitive: Cube.179
03:12:07 | INFO: Primitives created: 1
03:12:07 | INFO: Extracting primitive: Cube.180
03:12:07 | INFO: Primitives created: 1
03:12:07 | INFO: Extracting primitive: Cube.181
03:12:07 | INFO: Primitives created: 1
03:12:07 | INFO: Extracting primitive: Cube.182
03:12:07 | INFO: Primitives created: 1
03:12:07 | INFO: Extracting primitive: Cube.183
03:12:07 | INFO: Primitives created: 1
03:12:07 | INFO: Extracting primitive: Cube.184
03:12:07 | INFO: Primitives created: 1
03:12:07 | INFO: Extracting primitive: Cube.185
03:12:07 | INFO: Primitives created: 1
03:12:07 | INFO: Extracting primitive: Cube.186
03:12:07 | INFO: Primitives created: 1
03:12:07 | INFO: Extracting primitive: Cube.187
03:12:07 | INFO: Primitives created: 1
03:12:07 | INFO: Extracting primitive: Cube.188
03:12:07 | INFO: Primitives created: 1
03:12:07 | INFO: Extracting primitive: Cube.189
03:12:07 | INFO: Primitives created: 1
03:12:07 | INFO: Extracting primitive: Cube.190
03:12:07 | INFO: Primitives created: 1
03:12:07 | INFO: Extracting primitive: Cube.191
03:12:07 | INFO: Primitives created: 1
03:12:07 | INFO: Extracting primitive: Cube.192
03:12:07 | INFO: Primitives created: 1
03:12:07 | INFO: Extracting primitive: KIT_tech_cell_side.012
03:12:07 | INFO: Primitives created: 1
03:12:07 | INFO: Extracting primitive: KIT_wall_window_bar.030
03:12:07 | INFO: Primitives created: 1
03:12:07 | INFO: Extracting primitive: KIT_stage_entry_walk.002
03:12:07 | INFO: Primitives created: 1
03:12:07 | INFO: Extracting primitive: KIT_props_folding_chair_render.001
03:12:07 | WARNING: More than one shader node tex image used for a texture. The resulting glTF sampler will behave like the first shader node tex image.
03:12:07 | INFO: Primitives created: 1
03:12:07 | INFO: Extracting primitive: KIT_stage_floor_boards_render.002
03:12:07 | WARNING: More than one shader node tex image used for a texture. The resulting glTF sampler will behave like the first shader node tex image.
03:12:07 | INFO: Primitives created: 1
03:12:07 | INFO: Extracting primitive: KIT_stage_gel_frame_render.002
03:12:07 | INFO: Primitives created: 2
03:12:07 | INFO: Extracting primitive: KIT_stage_studio_wall_render.002
03:12:07 | INFO: Primitives created: 1
03:12:07 | INFO: Extracting primitive: KIT_stage_fog_plane_render.020
03:12:07 | INFO: Primitives created: 1
03:12:07 | INFO: Extracting primitive: KIT_tech_terminal_desk_render.001
03:12:07 | WARNING: More than one shader node tex image used for a texture. The resulting glTF sampler will behave like the first shader node tex image.
03:12:07 | INFO: Primitives created: 1
03:12:07 | INFO: Extracting primitive: KIT_props_scroll_render.001
03:12:07 | WARNING: More than one shader node tex image used for a texture. The resulting glTF sampler will behave like the first shader node tex image.
03:12:07 | INFO: Primitives created: 1
03:12:07 | INFO: Finished glTF 2.0 export in 0.15303897857666016 s

03:12:08 | INFO: Starting glTF 2.0 export
03:12:08 | INFO: Extracting primitive: COL_qiushuang-zhai_floor.001
03:12:08 | INFO: Primitives created: 1
03:12:08 | INFO: Extracting primitive: COL_study_desk_centre.002
03:12:08 | INFO: Primitives created: 1
03:12:08 | INFO: Extracting primitive: COL_study_desk_left.002
03:12:08 | INFO: Primitives created: 1
03:12:08 | INFO: Extracting primitive: COL_study_desk_right.002
03:12:08 | INFO: Primitives created: 1
03:12:08 | INFO: Extracting primitive: COL_study_front_walk.002
03:12:08 | INFO: Primitives created: 1
03:12:08 | INFO: Extracting primitive: COL_study_front_wall.002
03:12:08 | INFO: Primitives created: 1
03:12:08 | INFO: Extracting primitive: COL_study_post.001
03:12:08 | INFO: Primitives created: 1
03:12:08 | INFO: Extracting primitive: COL_study_post.002
03:12:08 | INFO: Primitives created: 1
03:12:08 | INFO: Extracting primitive: COL_study_post.003
03:12:08 | INFO: Primitives created: 1
03:12:08 | INFO: Extracting primitive: COL_study_post.008
03:12:08 | INFO: Primitives created: 1
03:12:08 | INFO: Extracting primitive: Cube.201
03:12:08 | INFO: Primitives created: 1
03:12:08 | INFO: Extracting primitive: Cube.202
03:12:08 | INFO: Primitives created: 1
03:12:08 | INFO: Extracting primitive: Cube.203
03:12:08 | INFO: Primitives created: 1
03:12:08 | INFO: Extracting primitive: HERO_study_scroll_bamboo.002
03:12:08 | INFO: Primitives created: 1
03:12:08 | INFO: Extracting primitive: HERO_study_scroll_plum.002
03:12:08 | INFO: Primitives created: 1
03:12:08 | INFO: Extracting primitive: HERO_study_title.002
03:12:08 | WARNING: More than one shader node tex image used for a texture. The resulting glTF sampler will behave like the first shader node tex image.
03:12:08 | INFO: Primitives created: 1
03:12:08 | INFO: Extracting primitive: SITE_qiushuang-zhai_backstage.001
03:12:08 | INFO: Primitives created: 1
03:12:08 | INFO: Extracting primitive: KIT_pavilion_finial.005
03:12:08 | INFO: Primitives created: 1
03:12:08 | INFO: Extracting primitive: KIT_wall_lattice_vertical.042
03:12:08 | INFO: Primitives created: 1
03:12:08 | INFO: Extracting primitive: SITE_qiushuang-zhai_platform.001
03:12:08 | INFO: Primitives created: 1
03:12:08 | INFO: Extracting primitive: KIT_props_lantern_hanging_render.010
03:12:08 | WARNING: More than one shader node tex image used for a texture. The resulting glTF sampler will behave like the first shader node tex image.
03:12:08 | INFO: Primitives created: 1
03:12:08 | INFO: Extracting primitive: KIT_pavilion_roof.005
03:12:08 | INFO: Primitives created: 1
03:12:08 | INFO: Extracting primitive: KIT_tech_terminal_desk_render.007
03:12:08 | WARNING: More than one shader node tex image used for a texture. The resulting glTF sampler will behave like the first shader node tex image.
03:12:08 | INFO: Primitives created: 1
03:12:08 | INFO: Extracting primitive: SITE_qiushuang-zhai_front.001
03:12:08 | INFO: Primitives created: 1
03:12:08 | INFO: Finished glTF 2.0 export in 0.04671192169189453 s

03:12:09 | INFO: Starting glTF 2.0 export
03:12:09 | INFO: Extracting primitive: COL_tubi-tang_floor.001
03:12:09 | INFO: Primitives created: 1
03:12:09 | INFO: Extracting primitive: COL_tubi_closed_hall.002
03:12:09 | INFO: Primitives created: 1
03:12:09 | INFO: Extracting primitive: COL_tubi_hall_post.001
03:12:09 | INFO: Primitives created: 1
03:12:09 | INFO: Extracting primitive: COL_tubi_hall_post.002
03:12:09 | INFO: Primitives created: 1
03:12:09 | INFO: Extracting primitive: COL_tubi_hall_post.006
03:12:09 | INFO: Primitives created: 1
03:12:09 | INFO: Extracting primitive: COL_tubi_parapet.001
03:12:09 | INFO: Primitives created: 1
03:12:09 | INFO: Extracting primitive: COL_tubi_parapet.002
03:12:09 | INFO: Primitives created: 1
03:12:09 | INFO: Extracting primitive: COL_tubi_parapet.003
03:12:09 | INFO: Primitives created: 1
03:12:09 | INFO: Extracting primitive: COL_tubi_parapet.008
03:12:09 | INFO: Primitives created: 1
03:12:09 | INFO: Extracting primitive: COL_tubi_stair_guard.001
03:12:09 | INFO: Primitives created: 1
03:12:09 | INFO: Extracting primitive: COL_tubi_stair_guard.004
03:12:09 | INFO: Primitives created: 1
03:12:09 | INFO: Extracting primitive: COL_tubi_stair_ramp.002
03:12:09 | INFO: Primitives created: 1
03:12:09 | INFO: Extracting primitive: COL_tubi_terrace.002
03:12:09 | INFO: Primitives created: 1
03:12:09 | INFO: Extracting primitive: COL_tubi_topic_table.002
03:12:09 | INFO: Primitives created: 1
03:12:09 | INFO: Extracting primitive: COL_tubi_view_bench_left.001
03:12:09 | INFO: Primitives created: 1
03:12:09 | INFO: Extracting primitive: COL_tubi_view_bench_right.001
03:12:09 | INFO: Primitives created: 1
03:12:09 | INFO: Extracting primitive: HERO_tubi_title.002
03:12:09 | WARNING: More than one shader node tex image used for a texture. The resulting glTF sampler will behave like the first shader node tex image.
03:12:09 | INFO: Primitives created: 1
03:12:09 | INFO: Extracting primitive: SITE_tubi-tang_backstage.001
03:12:09 | INFO: Primitives created: 1
03:12:09 | INFO: Extracting primitive: KIT_pavilion_finial.007
03:12:09 | INFO: Primitives created: 1
03:12:09 | INFO: Extracting primitive: KIT_wall_amber_window.003
03:12:09 | INFO: Primitives created: 1
03:12:09 | INFO: Extracting primitive: TUBI_topic_line.001
03:12:09 | INFO: Primitives created: 1
03:12:09 | INFO: Extracting primitive: KIT_wall_lattice_vertical.063
03:12:09 | INFO: Primitives created: 1
03:12:09 | INFO: Extracting primitive: SITE_tubi-tang_platform.001
03:12:09 | INFO: Primitives created: 1
03:12:09 | INFO: Extracting primitive: KIT_props_lantern_hanging_render.012
03:12:09 | WARNING: More than one shader node tex image used for a texture. The resulting glTF sampler will behave like the first shader node tex image.
03:12:09 | INFO: Primitives created: 1
03:12:09 | INFO: Extracting primitive: KIT_pavilion_roof.007
03:12:09 | INFO: Primitives created: 1
03:12:09 | INFO: Extracting primitive: TUBI_terrace.002
03:12:09 | INFO: Primitives created: 1
03:12:09 | INFO: Extracting primitive: SITE_tubi-tang_front.001
03:12:09 | INFO: Primitives created: 1
03:12:09 | INFO: Finished glTF 2.0 export in 0.03730010986328125 s

IMPERIAL_JOINED_TOPOLOGY {(16, 26): 2, (16, 28): 576}
03:12:14 | INFO: Starting glTF 2.0 export
03:12:14 | INFO: Extracting primitive: COL_daguan_central_step.003
03:12:14 | INFO: Primitives created: 1
03:12:14 | INFO: Extracting primitive: COL_daguan_central_step.004
03:12:14 | INFO: Primitives created: 1
03:12:14 | INFO: Extracting primitive: COL_daguan_central_step.005
03:12:14 | INFO: Primitives created: 1
03:12:14 | INFO: Extracting primitive: COL_daguan_closed_front.001
03:12:14 | INFO: Primitives created: 1
03:12:14 | INFO: Extracting primitive: COL_daguan_column.006
03:12:14 | INFO: Primitives created: 1
03:12:14 | INFO: Extracting primitive: COL_daguan_column.007
03:12:14 | INFO: Primitives created: 1
03:12:14 | INFO: Extracting primitive: COL_daguan_column.008
03:12:14 | INFO: Primitives created: 1
03:12:14 | INFO: Extracting primitive: COL_daguan_column.009
03:12:14 | INFO: Primitives created: 1
03:12:14 | INFO: Extracting primitive: COL_daguan_column.010
03:12:14 | INFO: Primitives created: 1
03:12:14 | INFO: Extracting primitive: COL_daguan_column.011
03:12:14 | INFO: Primitives created: 1
03:12:14 | INFO: Extracting primitive: COL_daguan_floor.001
03:12:14 | INFO: Primitives created: 1
03:12:14 | INFO: Extracting primitive: COL_daguan_return_wall.002
03:12:14 | INFO: Primitives created: 1
03:12:14 | INFO: Extracting primitive: COL_daguan_return_wall.003
03:12:14 | INFO: Primitives created: 1
03:12:14 | INFO: Extracting primitive: HERO_daguan_title.001
03:12:14 | WARNING: More than one shader node tex image used for a texture. The resulting glTF sampler will behave like the first shader node tex image.
03:12:14 | INFO: Primitives created: 1
03:12:14 | INFO: Extracting primitive: DAGUAN_backstage.001
03:12:14 | INFO: Primitives created: 1
03:12:14 | INFO: Extracting primitive: DAGUAN_door_stud.180
03:12:14 | INFO: Primitives created: 1
03:12:14 | INFO: Extracting primitive: DAGUAN_amber_transom.002
03:12:14 | INFO: Primitives created: 1
03:12:14 | INFO: Extracting primitive: DAGUAN_closed_door.010
03:12:14 | INFO: Primitives created: 1
03:12:14 | INFO: Extracting primitive: DAGUAN_recessed_panel.020
03:12:14 | INFO: Primitives created: 1
03:12:14 | INFO: Extracting primitive: DAGUAN_column.006
03:12:14 | INFO: Primitives created: 1
03:12:14 | INFO: Extracting primitive: DAGUAN_platform.001
03:12:14 | INFO: Primitives created: 1
03:12:14 | INFO: Extracting primitive: DAGUAN_lower_roof.001
03:12:14 | INFO: Primitives created: 1
03:12:14 | INFO: Extracting primitive: DAGUAN_front.001
03:12:14 | INFO: Primitives created: 1
03:12:14 | INFO: Finished glTF 2.0 export in 0.053544044494628906 s

03:12:15 | INFO: Starting glTF 2.0 export
03:12:15 | INFO: Extracting primitive: COL_ouxiang_approach.001
03:12:15 | INFO: Primitives created: 1
03:12:15 | INFO: Extracting primitive: COL_ouxiang_deck.001
03:12:15 | INFO: Primitives created: 1
03:12:15 | INFO: Extracting primitive: COL_ouxiang_post.004
03:12:15 | INFO: Primitives created: 1
03:12:15 | INFO: Extracting primitive: COL_ouxiang_post.005
03:12:15 | INFO: Primitives created: 1
03:12:15 | INFO: Extracting primitive: COL_ouxiang_post.006
03:12:15 | INFO: Primitives created: 1
03:12:15 | INFO: Extracting primitive: COL_ouxiang_post.007
03:12:15 | INFO: Primitives created: 1
03:12:15 | INFO: Extracting primitive: COL_ouxiang_rail.002
03:12:15 | INFO: Primitives created: 1
03:12:15 | INFO: Extracting primitive: COL_ouxiang_rail.003
03:12:15 | INFO: Primitives created: 1
03:12:15 | INFO: Extracting primitive: COL_ouxiang_side_rail.004
03:12:15 | INFO: Primitives created: 1
03:12:15 | INFO: Extracting primitive: COL_ouxiang_side_rail.005
03:12:15 | INFO: Primitives created: 1
03:12:15 | INFO: Extracting primitive: COL_ouxiang_side_rail.006
03:12:15 | INFO: Primitives created: 1
03:12:15 | INFO: Extracting primitive: COL_ouxiang_side_rail.007
03:12:15 | INFO: Primitives created: 1
03:12:15 | INFO: Extracting primitive: COL_ouxiang_table.001
03:12:15 | INFO: Primitives created: 1
03:12:15 | INFO: Extracting primitive: KIT_props_tea_cup.006
03:12:15 | INFO: Primitives created: 1
03:12:15 | INFO: Extracting primitive: KIT_water_lotus_leaf.007
03:12:15 | INFO: Primitives created: 1
03:12:15 | INFO: Extracting primitive: SITE_ouxiang_deck.001
03:12:15 | INFO: Primitives created: 1
03:12:15 | INFO: Extracting primitive: KIT_pavilion_water_pier.004
03:12:15 | INFO: Primitives created: 1
03:12:15 | INFO: Extracting primitive: KIT_props_lantern_hanging_render.013
03:12:15 | WARNING: More than one shader node tex image used for a texture. The resulting glTF sampler will behave like the first shader node tex image.
03:12:15 | INFO: Primitives created: 1
03:12:15 | INFO: Extracting primitive: KIT_pavilion_water_hipped_roof.001
03:12:15 | INFO: Primitives created: 1
03:12:15 | INFO: Finished glTF 2.0 export in 0.0307619571685791 s

03:12:17 | INFO: Starting glTF 2.0 export
03:12:17 | INFO: Extracting primitive: COL_hengwu-yuan_floor.001
03:12:17 | INFO: Primitives created: 1
03:12:17 | INFO: Extracting primitive: COL_hengwu_closed_hall.002
03:12:17 | INFO: Primitives created: 1
03:12:17 | INFO: Extracting primitive: COL_hengwu_court.002
03:12:17 | INFO: Primitives created: 1
03:12:17 | INFO: Extracting primitive: COL_hengwu_hall_post.001
03:12:17 | INFO: Primitives created: 1
03:12:17 | INFO: Extracting primitive: COL_hengwu_hall_post.002
03:12:17 | INFO: Primitives created: 1
03:12:17 | INFO: Extracting primitive: COL_hengwu_hall_post.006
03:12:17 | INFO: Primitives created: 1
03:12:17 | INFO: Extracting primitive: COL_wall_bay.001
03:12:17 | INFO: Primitives created: 1
03:12:17 | INFO: Extracting primitive: COL_wall_bay.002
03:12:17 | INFO: Primitives created: 1
03:12:17 | INFO: Extracting primitive: COL_wall_bay.003
03:12:17 | INFO: Primitives created: 1
03:12:17 | INFO: Extracting primitive: COL_wall_bay.004
03:12:17 | INFO: Primitives created: 1
03:12:17 | INFO: Extracting primitive: COL_wall_bay.005
03:12:17 | INFO: Primitives created: 1
03:12:17 | INFO: Extracting primitive: COL_wall_bay.006
03:12:17 | INFO: Primitives created: 1
03:12:17 | INFO: Extracting primitive: KIT_wall_plaster.002
03:12:17 | INFO: Primitives created: 1
03:12:17 | INFO: Extracting primitive: COL_wall_window.001
03:12:17 | INFO: Primitives created: 1
03:12:17 | INFO: Extracting primitive: COL_wall_window.002
03:12:17 | INFO: Primitives created: 1
03:12:17 | INFO: Extracting primitive: COL_hengwu_rock.001
03:12:17 | INFO: Primitives created: 1
03:12:17 | INFO: Extracting primitive: COL_hengwu_rock.002
03:12:17 | INFO: Primitives created: 1
03:12:17 | INFO: Extracting primitive: COL_hengwu_rock.006
03:12:17 | INFO: Primitives created: 1
03:12:17 | INFO: Extracting primitive: COL_hengwu_stool.001
03:12:17 | INFO: Primitives created: 1
03:12:17 | INFO: Extracting primitive: COL_hengwu_stool.002
03:12:17 | INFO: Primitives created: 1
03:12:17 | INFO: Extracting primitive: COL_hengwu_stool.003
03:12:17 | INFO: Primitives created: 1
03:12:17 | INFO: Extracting primitive: COL_hengwu_stool.008
03:12:17 | INFO: Primitives created: 1
03:12:17 | INFO: Extracting primitive: COL_hengwu_table.002
03:12:17 | INFO: Primitives created: 1
03:12:17 | INFO: Extracting primitive: HERO_hengwu-yuan_title.002
03:12:17 | WARNING: More than one shader node tex image used for a texture. The resulting glTF sampler will behave like the first shader node tex image.
03:12:17 | INFO: Primitives created: 1
03:12:17 | INFO: Extracting primitive: SITE_hengwu-yuan_backstage.001
03:12:17 | INFO: Primitives created: 1
03:12:17 | INFO: Extracting primitive: KIT_pavilion_finial.011
03:12:17 | INFO: Primitives created: 1
03:12:17 | INFO: Extracting primitive: KIT_wall_amber_window.006
03:12:17 | INFO: Primitives created: 1
03:12:17 | INFO: Extracting primitive: HENGWU_herb_leaf.001
03:12:17 | INFO: Primitives created: 1
03:12:17 | INFO: Extracting primitive: KIT_wall_lattice_vertical.105
03:12:17 | INFO: Primitives created: 1
03:12:17 | INFO: Extracting primitive: SITE_hengwu-yuan_platform.001
03:12:17 | INFO: Primitives created: 1
03:12:17 | INFO: Extracting primitive: KIT_props_lantern_hanging_render.015
03:12:17 | WARNING: More than one shader node tex image used for a texture. The resulting glTF sampler will behave like the first shader node tex image.
03:12:17 | INFO: Primitives created: 1
03:12:17 | INFO: Extracting primitive: KIT_pavilion_roof.011
03:12:17 | INFO: Primitives created: 1
03:12:17 | INFO: Extracting primitive: KIT_wall_bay.001
03:12:17 | WARNING: More than one shader node tex image used for a texture. The resulting glTF sampler will behave like the first shader node tex image.
03:12:17 | INFO: Primitives created: 1
03:12:17 | INFO: Extracting primitive: SITE_hengwu-yuan_front.001
03:12:17 | INFO: Primitives created: 1
03:12:17 | INFO: Finished glTF 2.0 export in 0.11431193351745605 s

03:12:17 | INFO: Starting glTF 2.0 export
03:12:17 | INFO: Extracting primitive: COL_yihong_closed_front.002
03:12:17 | INFO: Primitives created: 1
03:12:17 | INFO: Extracting primitive: COL_yihong_court_side.001
03:12:17 | INFO: Primitives created: 1
03:12:17 | INFO: Extracting primitive: COL_yihong_court_side.004
03:12:17 | INFO: Primitives created: 1
03:12:17 | INFO: Extracting primitive: COL_yihong_floor.002
03:12:17 | INFO: Primitives created: 1
03:12:17 | INFO: Extracting primitive: COL_yihong_planter.001
03:12:17 | INFO: Primitives created: 1
03:12:17 | INFO: Extracting primitive: COL_yihong_planter.004
03:12:17 | INFO: Primitives created: 1
03:12:17 | INFO: Extracting primitive: COL_yihong_side_return.001
03:12:17 | INFO: Primitives created: 1
03:12:17 | INFO: Extracting primitive: COL_yihong_side_return.004
03:12:17 | INFO: Primitives created: 1
03:12:17 | INFO: Extracting primitive: COL_yihong_threshold.002
03:12:17 | INFO: Primitives created: 1
03:12:17 | INFO: Extracting primitive: KIT_flora_banana_render.001
03:12:17 | WARNING: More than one shader node tex image used for a texture. The resulting glTF sampler will behave like the first shader node tex image.
03:12:17 | INFO: Primitives created: 1
03:12:17 | INFO: Extracting primitive: KIT_flora_banana_render.002
03:12:17 | INFO: Primitives created: 1
03:12:17 | INFO: Extracting primitive: HERO_yihong-yuan_title.002
03:12:17 | WARNING: More than one shader node tex image used for a texture. The resulting glTF sampler will behave like the first shader node tex image.
03:12:17 | INFO: Primitives created: 1
03:12:17 | INFO: Extracting primitive: YIHONG_backstage.002
03:12:17 | INFO: Primitives created: 1
03:12:17 | INFO: Extracting primitive: YIHONG_door_rail.001
03:12:17 | INFO: Primitives created: 1
03:12:17 | INFO: Extracting primitive: YIHONG_amber_window.002
03:12:17 | INFO: Primitives created: 1
03:12:17 | INFO: Extracting primitive: YIHONG_door_panel.001
03:12:17 | INFO: Primitives created: 1
03:12:17 | INFO: Extracting primitive: YIHONG_paving.002
03:12:17 | INFO: Primitives created: 1
03:12:17 | INFO: Extracting primitive: YIHONG_court_cap.001
03:12:18 | INFO: Primitives created: 1
03:12:18 | INFO: Extracting primitive: YIHONG_closed_front.002
03:12:18 | INFO: Primitives created: 1
03:12:18 | INFO: Finished glTF 2.0 export in 0.02783489227294922 s

03:12:18 | INFO: Starting glTF 2.0 export
03:12:18 | INFO: Extracting primitive: COL_xiaoxiang_bamboo_bed.004
03:12:18 | INFO: Primitives created: 1
03:12:18 | INFO: Extracting primitive: COL_xiaoxiang_bamboo_bed.005
03:12:18 | INFO: Primitives created: 1
03:12:18 | INFO: Extracting primitive: COL_xiaoxiang_bamboo_bed.006
03:12:18 | INFO: Primitives created: 1
03:12:18 | INFO: Extracting primitive: COL_xiaoxiang_bamboo_bed.007
03:12:18 | INFO: Primitives created: 1
03:12:18 | INFO: Extracting primitive: COL_xiaoxiang_closed_front.001
03:12:18 | INFO: Primitives created: 1
03:12:18 | INFO: Extracting primitive: COL_xiaoxiang_floor.001
03:12:18 | INFO: Primitives created: 1
03:12:18 | INFO: Extracting primitive: COL_xiaoxiang_return.002
03:12:18 | INFO: Primitives created: 1
03:12:18 | INFO: Extracting primitive: COL_xiaoxiang_return.003
03:12:18 | INFO: Primitives created: 1
03:12:18 | INFO: Extracting primitive: COL_xiaoxiang_threshold.001
03:12:18 | INFO: Primitives created: 1
03:12:18 | INFO: Extracting primitive: KIT_flora_bamboo_large_render.003
03:12:18 | WARNING: More than one shader node tex image used for a texture. The resulting glTF sampler will behave like the first shader node tex image.
03:12:18 | INFO: Primitives created: 1
03:12:18 | INFO: Extracting primitive: KIT_flora_bamboo_medium_render.001
03:12:18 | INFO: Primitives created: 1
03:12:18 | INFO: Extracting primitive: KIT_flora_bamboo_small_render.002
03:12:18 | INFO: Primitives created: 1
03:12:18 | INFO: Extracting primitive: KIT_flora_bamboo_large_render.004
03:12:18 | INFO: Primitives created: 1
03:12:18 | INFO: Extracting primitive: HERO_xiaoxiang-guan_title.002
03:12:18 | WARNING: More than one shader node tex image used for a texture. The resulting glTF sampler will behave like the first shader node tex image.
03:12:18 | INFO: Primitives created: 1
03:12:18 | INFO: Extracting primitive: XIAOXIANG_black_back.001
03:12:18 | INFO: Primitives created: 1
03:12:18 | INFO: Extracting primitive: XIAOXIANG_gate_pull.002
03:12:18 | INFO: Primitives created: 1
03:12:18 | INFO: Extracting primitive: XIAOXIANG_amber_window.001
03:12:18 | INFO: Primitives created: 1
03:12:18 | INFO: Extracting primitive: XIAOXIANG_gate_leaf.002
03:12:18 | INFO: Primitives created: 1
03:12:18 | INFO: Extracting primitive: XIAOXIANG_paving.001
03:12:18 | INFO: Primitives created: 1
03:12:18 | INFO: Extracting primitive: XIAOXIANG_wall_cap.001
03:12:18 | INFO: Primitives created: 1
03:12:18 | INFO: Extracting primitive: XIAOXIANG_closed_front.001
03:12:18 | INFO: Primitives created: 1
03:12:18 | INFO: Finished glTF 2.0 export in 0.03356432914733887 s

03:12:18 | INFO: Starting glTF 2.0 export
03:12:18 | INFO: Extracting primitive: COL_longcui_burner.001
03:12:18 | INFO: Primitives created: 1
03:12:18 | INFO: Extracting primitive: COL_longcui_closed_front.001
03:12:18 | INFO: Primitives created: 1
03:12:18 | INFO: Extracting primitive: COL_longcui_floor.001
03:12:18 | INFO: Primitives created: 1
03:12:18 | INFO: Extracting primitive: COL_longcui_plum_trunk.002
03:12:18 | INFO: Primitives created: 1
03:12:18 | INFO: Extracting primitive: COL_longcui_plum_trunk.003
03:12:18 | INFO: Primitives created: 1
03:12:18 | INFO: Extracting primitive: COL_longcui_return.002
03:12:18 | INFO: Primitives created: 1
03:12:18 | INFO: Extracting primitive: COL_longcui_return.003
03:12:18 | INFO: Primitives created: 1
03:12:18 | INFO: Extracting primitive: COL_longcui_threshold.001
03:12:18 | INFO: Primitives created: 1
03:12:18 | INFO: Extracting primitive: KIT_flora_plum_render.001
03:12:18 | WARNING: More than one shader node tex image used for a texture. The resulting glTF sampler will behave like the first shader node tex image.
03:12:18 | INFO: Primitives created: 1
03:12:18 | INFO: Extracting primitive: KIT_flora_plum_render.002
03:12:18 | INFO: Primitives created: 1
03:12:18 | INFO: Extracting primitive: HERO_longcui-an_title.002
03:12:18 | WARNING: More than one shader node tex image used for a texture. The resulting glTF sampler will behave like the first shader node tex image.
03:12:18 | INFO: Primitives created: 1
03:12:18 | INFO: Extracting primitive: LONGCUI_backstage.001
03:12:18 | INFO: Primitives created: 1
03:12:18 | INFO: Extracting primitive: LONGCUI_gate_pull.002
03:12:18 | INFO: Primitives created: 1
03:12:18 | INFO: Extracting primitive: LONGCUI_closed_gate.002
03:12:18 | INFO: Primitives created: 1
03:12:18 | INFO: Extracting primitive: LONGCUI_paving.001
03:12:18 | INFO: Primitives created: 1
03:12:18 | INFO: Extracting primitive: KIT_props_lantern_hanging_render.016
03:12:18 | WARNING: More than one shader node tex image used for a texture. The resulting glTF sampler will behave like the first shader node tex image.
03:12:18 | INFO: Primitives created: 1
03:12:18 | INFO: Extracting primitive: LONGCUI_wall_cap.001
03:12:18 | INFO: Primitives created: 1
03:12:18 | INFO: Extracting primitive: LONGCUI_closed_front.001
03:12:18 | INFO: Primitives created: 1
03:12:18 | INFO: Finished glTF 2.0 export in 0.03056478500366211 s

03:12:19 | INFO: Starting glTF 2.0 export
03:12:19 | INFO: Extracting primitive: COL_aojing_closed_front.002
03:12:19 | INFO: Primitives created: 1
03:12:19 | INFO: Extracting primitive: COL_aojing_dry_ledge.002
03:12:19 | INFO: Primitives created: 1
03:12:19 | INFO: Extracting primitive: COL_aojing_hall_floor.002
03:12:19 | INFO: Primitives created: 1
03:12:19 | INFO: Extracting primitive: COL_aojing_ledge_end.002
03:12:19 | INFO: Primitives created: 1
03:12:19 | INFO: Extracting primitive: COL_aojing_ledge_parapet.002
03:12:19 | INFO: Primitives created: 1
03:12:19 | INFO: Extracting primitive: COL_aojing_return.001
03:12:19 | INFO: Primitives created: 1
03:12:19 | INFO: Extracting primitive: COL_aojing_return.004
03:12:19 | INFO: Primitives created: 1
03:12:19 | INFO: Extracting primitive: HERO_aojing-guan_title.002
03:12:19 | WARNING: More than one shader node tex image used for a texture. The resulting glTF sampler will behave like the first shader node tex image.
03:12:19 | INFO: Primitives created: 1
03:12:19 | INFO: Extracting primitive: AOJING_pond.002
03:12:19 | INFO: Primitives created: 1
03:12:19 | INFO: Extracting primitive: AOJING_backstage.002
03:12:19 | INFO: Primitives created: 1
03:12:19 | INFO: Extracting primitive: AOJING_amber_window.002
03:12:19 | INFO: Primitives created: 1
03:12:19 | INFO: Extracting primitive: AOJING_window_lattice.001
03:12:19 | INFO: Primitives created: 1
03:12:19 | INFO: Extracting primitive: AOJING_dry_ledge.002
03:12:19 | INFO: Primitives created: 1
03:12:19 | INFO: Extracting primitive: AOJING_roof.002
03:12:19 | INFO: Primitives created: 1
03:12:19 | INFO: Extracting primitive: AOJING_closed_front.002
03:12:19 | INFO: Primitives created: 1
03:12:19 | INFO: Finished glTF 2.0 export in 0.025748014450073242 s

03:12:20 | INFO: Starting glTF 2.0 export
03:12:20 | INFO: Extracting primitive: COL_daoxiang_closed_front.001
03:12:20 | INFO: Primitives created: 1
03:12:20 | INFO: Extracting primitive: COL_daoxiang_court.001
03:12:20 | INFO: Primitives created: 1
03:12:20 | INFO: Extracting primitive: COL_daoxiang_fence.004
03:12:20 | INFO: Primitives created: 1
03:12:20 | INFO: Extracting primitive: COL_daoxiang_fence.005
03:12:20 | INFO: Primitives created: 1
03:12:20 | INFO: Extracting primitive: COL_daoxiang_fence.006
03:12:20 | INFO: Primitives created: 1
03:12:20 | INFO: Extracting primitive: COL_daoxiang_fence.007
03:12:20 | INFO: Primitives created: 1
03:12:20 | INFO: Extracting primitive: COL_daoxiang_side.002
03:12:20 | INFO: Primitives created: 1
03:12:20 | INFO: Extracting primitive: COL_daoxiang_side.003
03:12:20 | INFO: Primitives created: 1
03:12:20 | INFO: Extracting primitive: HERO_daoxiang-cun_title.002
03:12:20 | WARNING: More than one shader node tex image used for a texture. The resulting glTF sampler will behave like the first shader node tex image.
03:12:20 | INFO: Primitives created: 1
03:12:20 | INFO: Extracting primitive: DAOXIANG_backstage.001
03:12:20 | INFO: Primitives created: 1
03:12:20 | INFO: Extracting primitive: DAOXIANG_door_latch.001
03:12:20 | INFO: Primitives created: 1
03:12:20 | INFO: Extracting primitive: DAOXIANG_warm_sliver.001
03:12:20 | INFO: Primitives created: 1
03:12:20 | INFO: Extracting primitive: DAOXIANG_closed_door.001
03:12:20 | INFO: Primitives created: 1
03:12:20 | INFO: Extracting primitive: DAOXIANG_paddy_painting.001
03:12:20 | INFO: Primitives created: 1
03:12:20 | INFO: Extracting primitive: DAOXIANG_court.001
03:12:20 | INFO: Primitives created: 1
03:12:20 | INFO: Extracting primitive: DAOXIANG_thatch_mass.001
03:12:20 | INFO: Primitives created: 1
03:12:20 | INFO: Extracting primitive: DAOXIANG_front.001
03:12:20 | INFO: Primitives created: 1
03:12:20 | INFO: Finished glTF 2.0 export in 0.03543877601623535 s

03:12:20 | INFO: Starting glTF 2.0 export
03:12:20 | INFO: Extracting primitive: COL_water_bridge_side.001
03:12:20 | INFO: Primitives created: 1
03:12:20 | INFO: Extracting primitive: COL_water_bridge_side.004
03:12:20 | INFO: Primitives created: 1
03:12:20 | INFO: Extracting primitive: COL_water_bridge_deck.002
03:12:20 | INFO: Primitives created: 1
03:12:20 | INFO: Extracting primitive: COL_ziling_landing.001
03:12:20 | INFO: Primitives created: 1
03:12:20 | INFO: Extracting primitive: KIT_flora_reed_render.001
03:12:20 | WARNING: More than one shader node tex image used for a texture. The resulting glTF sampler will behave like the first shader node tex image.
03:12:20 | INFO: Primitives created: 1
03:12:20 | INFO: Extracting primitive: KIT_flora_reed_render.002
03:12:20 | INFO: Primitives created: 1
03:12:20 | INFO: Extracting primitive: KIT_flora_reed_render.003
03:12:20 | INFO: Primitives created: 1
03:12:20 | INFO: Extracting primitive: KIT_flora_reed_render.004
03:12:20 | INFO: Primitives created: 1
03:12:20 | INFO: Extracting primitive: KIT_flora_reed_render.005
03:12:20 | INFO: Primitives created: 1
03:12:20 | INFO: Extracting primitive: KIT_flora_reed_render.006
03:12:20 | INFO: Primitives created: 1
03:12:20 | INFO: Extracting primitive: KIT_flora_reed_render.007
03:12:20 | INFO: Primitives created: 1
03:12:20 | INFO: Extracting primitive: KIT_flora_reed_render.008
03:12:20 | INFO: Primitives created: 1
03:12:20 | INFO: Extracting primitive: KIT_flora_reed_render.009
03:12:20 | INFO: Primitives created: 1
03:12:20 | INFO: Extracting primitive: KIT_flora_reed_render.010
03:12:20 | INFO: Primitives created: 1
03:12:20 | INFO: Extracting primitive: KIT_water_lotus_leaf.011
03:12:20 | INFO: Primitives created: 1
03:12:20 | INFO: Extracting primitive: KIT_water_plank.002
03:12:20 | WARNING: More than one shader node tex image used for a texture. The resulting glTF sampler will behave like the first shader node tex image.
03:12:20 | INFO: Primitives created: 1
03:12:20 | INFO: Extracting primitive: SITE_ziling_island.001
03:12:20 | INFO: Primitives created: 1
03:12:20 | INFO: Finished glTF 2.0 export in 0.044029951095581055 s

03:12:20 | INFO: Starting glTF 2.0 export
03:12:20 | INFO: Extracting primitive: COL_aojing_approach.001
03:12:20 | INFO: Primitives created: 1
03:12:20 | INFO: Extracting primitive: COL_aojing_approach.004
03:12:20 | INFO: Primitives created: 1
03:12:20 | INFO: Extracting primitive: COL_aojing_approach_guard.001
03:12:20 | INFO: Primitives created: 1
03:12:20 | INFO: Extracting primitive: COL_aojing_approach_guard.004
03:12:20 | INFO: Primitives created: 1
03:12:20 | INFO: Extracting primitive: COL_aojing_approach_ramp.002
03:12:20 | INFO: Primitives created: 1
03:12:20 | INFO: Extracting primitive: COL_aojing_closed_front.002
03:12:20 | INFO: Primitives created: 1
03:12:20 | INFO: Extracting primitive: COL_aojing_dry_ledge.002
03:12:20 | INFO: Primitives created: 1
03:12:20 | INFO: Extracting primitive: COL_aojing_hall_floor.002
03:12:20 | INFO: Primitives created: 1
03:12:20 | INFO: Extracting primitive: COL_aojing_ledge_end.002
03:12:20 | INFO: Primitives created: 1
03:12:20 | INFO: Extracting primitive: COL_aojing_ledge_parapet.002
03:12:20 | INFO: Primitives created: 1
03:12:20 | INFO: Extracting primitive: COL_aojing_return.001
03:12:20 | INFO: Primitives created: 1
03:12:20 | INFO: Extracting primitive: COL_aojing_return.004
03:12:20 | INFO: Primitives created: 1
03:12:20 | INFO: Extracting primitive: Cube.147
03:12:20 | INFO: Primitives created: 1
03:12:20 | INFO: Extracting primitive: Cube.148
03:12:20 | INFO: Primitives created: 1
03:12:20 | INFO: Extracting primitive: Cube.149
03:12:20 | INFO: Primitives created: 1
03:12:20 | INFO: Extracting primitive: Cube.150
03:12:20 | INFO: Primitives created: 1
03:12:20 | INFO: Extracting primitive: COL_bridge_crosswalk.002
03:12:20 | INFO: Primitives created: 1
03:12:20 | INFO: Extracting primitive: COL_bridge_crosswalk.003
03:12:20 | INFO: Primitives created: 1
03:12:20 | INFO: Extracting primitive: COL_cell_floor.006
03:12:20 | INFO: Primitives created: 1
03:12:20 | INFO: Extracting primitive: COL_cell_floor.007
03:12:20 | INFO: Primitives created: 1
03:12:20 | INFO: Extracting primitive: COL_cell_floor.008
03:12:20 | INFO: Primitives created: 1
03:12:20 | INFO: Extracting primitive: COL_cell_floor.009
03:12:20 | INFO: Primitives created: 1
03:12:20 | INFO: Extracting primitive: COL_cell_floor.010
03:12:20 | INFO: Primitives created: 1
03:12:20 | INFO: Extracting primitive: COL_cell_floor.011
03:12:20 | INFO: Primitives created: 1
03:12:20 | INFO: Extracting primitive: COL_cell_wall.012
03:12:20 | INFO: Primitives created: 1
03:12:20 | INFO: Extracting primitive: COL_cell_wall.013
03:12:20 | INFO: Primitives created: 1
03:12:20 | INFO: Extracting primitive: COL_cell_wall.014
03:12:20 | INFO: Primitives created: 1
03:12:20 | INFO: Extracting primitive: COL_cell_wall.015
03:12:20 | INFO: Primitives created: 1
03:12:20 | INFO: Extracting primitive: COL_cell_wall.016
03:12:20 | INFO: Primitives created: 1
03:12:20 | INFO: Extracting primitive: COL_cell_wall.017
03:12:20 | INFO: Primitives created: 1
03:12:20 | INFO: Extracting primitive: COL_cell_wall.018
03:12:20 | INFO: Primitives created: 1
03:12:20 | INFO: Extracting primitive: COL_cell_wall.019
03:12:20 | INFO: Primitives created: 1
03:12:20 | INFO: Extracting primitive: COL_cell_wall.020
03:12:20 | INFO: Primitives created: 1
03:12:20 | INFO: Extracting primitive: COL_cell_wall.021
03:12:20 | INFO: Primitives created: 1
03:12:20 | INFO: Extracting primitive: COL_cell_wall.022
03:12:20 | INFO: Primitives created: 1
03:12:20 | INFO: Extracting primitive: COL_cell_wall.023
03:12:20 | INFO: Primitives created: 1
03:12:20 | INFO: Extracting primitive: COL_daguan_central_step.003
03:12:20 | INFO: Primitives created: 1
03:12:20 | INFO: Extracting primitive: COL_daguan_central_step.004
03:12:20 | INFO: Primitives created: 1
03:12:20 | INFO: Extracting primitive: COL_daguan_central_step.005
03:12:20 | INFO: Primitives created: 1
03:12:20 | INFO: Extracting primitive: COL_daguan_closed_front.001
03:12:20 | INFO: Primitives created: 1
03:12:20 | INFO: Extracting primitive: COL_daguan_column.006
03:12:20 | INFO: Primitives created: 1
03:12:20 | INFO: Extracting primitive: COL_daguan_column.007
03:12:20 | INFO: Primitives created: 1
03:12:20 | INFO: Extracting primitive: COL_daguan_column.008
03:12:20 | INFO: Primitives created: 1
03:12:20 | INFO: Extracting primitive: COL_daguan_column.009
03:12:20 | INFO: Primitives created: 1
03:12:20 | INFO: Extracting primitive: COL_daguan_column.010
03:12:20 | INFO: Primitives created: 1
03:12:20 | INFO: Extracting primitive: COL_daguan_column.011
03:12:20 | INFO: Primitives created: 1
03:12:20 | INFO: Extracting primitive: COL_daguan_floor.001
03:12:20 | INFO: Primitives created: 1
03:12:20 | INFO: Extracting primitive: COL_daguan_return_wall.002
03:12:20 | INFO: Primitives created: 1
03:12:20 | INFO: Extracting primitive: COL_daguan_return_wall.003
03:12:20 | INFO: Primitives created: 1
03:12:20 | INFO: Extracting primitive: COL_daoxiang_approach.002
03:12:20 | INFO: Primitives created: 1
03:12:20 | INFO: Extracting primitive: COL_daoxiang_approach.003
03:12:20 | INFO: Primitives created: 1
03:12:20 | INFO: Extracting primitive: COL_daoxiang_closed_front.001
03:12:20 | INFO: Primitives created: 1
03:12:20 | INFO: Extracting primitive: COL_daoxiang_court.001
03:12:20 | INFO: Primitives created: 1
03:12:20 | INFO: Extracting primitive: COL_daoxiang_fence.004
03:12:20 | INFO: Primitives created: 1
03:12:20 | INFO: Extracting primitive: COL_daoxiang_fence.005
03:12:20 | INFO: Primitives created: 1
03:12:20 | INFO: Extracting primitive: COL_daoxiang_fence.006
03:12:20 | INFO: Primitives created: 1
03:12:20 | INFO: Extracting primitive: COL_daoxiang_fence.007
03:12:20 | INFO: Primitives created: 1
03:12:20 | INFO: Extracting primitive: COL_daoxiang_side.002
03:12:20 | INFO: Primitives created: 1
03:12:20 | INFO: Extracting primitive: COL_daoxiang_side.003
03:12:20 | INFO: Primitives created: 1
03:12:20 | INFO: Extracting primitive: COL_entry_corridor.001
03:12:20 | INFO: Primitives created: 1
03:12:20 | INFO: Extracting primitive: COL_entry_walk.002
03:12:20 | INFO: Primitives created: 1
03:12:20 | INFO: Extracting primitive: COL_entry_walk.003
03:12:20 | INFO: Primitives created: 1
03:12:20 | INFO: Extracting primitive: COL_floor_joint_cell_threshold_0.001
03:12:20 | INFO: Primitives created: 1
03:12:20 | INFO: Extracting primitive: COL_floor_joint_cell_threshold_1.001
03:12:20 | INFO: Primitives created: 1
03:12:20 | INFO: Extracting primitive: COL_floor_joint_cell_threshold_2.001
03:12:20 | INFO: Primitives created: 1
03:12:20 | INFO: Extracting primitive: COL_floor_joint_cell_threshold_3.001
03:12:20 | INFO: Primitives created: 1
03:12:20 | INFO: Extracting primitive: COL_floor_joint_cell_threshold_4.001
03:12:20 | INFO: Primitives created: 1
03:12:20 | INFO: Extracting primitive: COL_floor_joint_cell_threshold_5.001
03:12:20 | INFO: Primitives created: 1
03:12:20 | INFO: Extracting primitive: COL_floor_joint_pavilion_east_joint.001
03:12:20 | INFO: Primitives created: 1
03:12:20 | INFO: Extracting primitive: COL_floor_joint_pavilion_west_joint.001
03:12:20 | INFO: Primitives created: 1
03:12:20 | INFO: Extracting primitive: Cube.146
03:12:20 | INFO: Primitives created: 1
03:12:20 | INFO: Extracting primitive: Cube.145
03:12:20 | INFO: Primitives created: 1
03:12:20 | INFO: Extracting primitive: COL_GATE_banana_planter.001
03:12:20 | INFO: Primitives created: 1
03:12:20 | INFO: Extracting primitive: KIT_rockery_passage.022
03:12:20 | INFO: Primitives created: 1
03:12:20 | INFO: Extracting primitive: KIT_rockery_passage.024
03:12:20 | INFO: Primitives created: 1
03:12:20 | INFO: Extracting primitive: KIT_rockery_cliff.006
03:12:20 | INFO: Primitives created: 1
03:12:20 | INFO: Extracting primitive: KIT_rockery_cliff.008
03:12:20 | INFO: Primitives created: 1
03:12:20 | INFO: Extracting primitive: KIT_rockery_passage.004
03:12:20 | INFO: Primitives created: 1
03:12:20 | INFO: Extracting primitive: KIT_rockery_passage.016
03:12:20 | INFO: Primitives created: 1
03:12:20 | INFO: Extracting primitive: KIT_rockery_passage.018
03:12:20 | INFO: Primitives created: 1
03:12:20 | INFO: Extracting primitive: KIT_rockery_passage.020
03:12:20 | INFO: Primitives created: 1
03:12:20 | INFO: Extracting primitive: GATE_paving.003
03:12:20 | INFO: Primitives created: 1
03:12:20 | INFO: Extracting primitive: COL_hengwu-yuan_floor.001
03:12:20 | INFO: Primitives created: 1
03:12:20 | INFO: Extracting primitive: COL_hengwu_approach.002
03:12:20 | INFO: Primitives created: 1
03:12:20 | INFO: Extracting primitive: COL_hengwu_approach.003
03:12:20 | INFO: Primitives created: 1
03:12:20 | INFO: Extracting primitive: COL_hengwu_closed_hall.002
03:12:20 | INFO: Primitives created: 1
03:12:20 | INFO: Extracting primitive: COL_hengwu_court.002
03:12:20 | INFO: Primitives created: 1
03:12:20 | INFO: Extracting primitive: COL_hengwu_hall_post.001
03:12:20 | INFO: Primitives created: 1
03:12:20 | INFO: Extracting primitive: COL_hengwu_hall_post.002
03:12:20 | INFO: Primitives created: 1
03:12:20 | INFO: Extracting primitive: COL_hengwu_hall_post.006
03:12:20 | INFO: Primitives created: 1
03:12:20 | INFO: Extracting primitive: COL_wall_bay.001
03:12:20 | INFO: Primitives created: 1
03:12:20 | INFO: Extracting primitive: COL_wall_bay.002
03:12:20 | INFO: Primitives created: 1
03:12:20 | INFO: Extracting primitive: COL_wall_bay.003
03:12:20 | INFO: Primitives created: 1
03:12:20 | INFO: Extracting primitive: COL_wall_bay.004
03:12:20 | INFO: Primitives created: 1
03:12:20 | INFO: Extracting primitive: COL_wall_bay.005
03:12:20 | INFO: Primitives created: 1
03:12:20 | INFO: Extracting primitive: COL_wall_bay.006
03:12:20 | INFO: Primitives created: 1
03:12:20 | INFO: Extracting primitive: KIT_wall_plaster.002
03:12:20 | INFO: Primitives created: 1
03:12:20 | INFO: Extracting primitive: COL_wall_window.001
03:12:20 | INFO: Primitives created: 1
03:12:20 | INFO: Extracting primitive: COL_wall_window.002
03:12:20 | INFO: Primitives created: 1
03:12:20 | INFO: Extracting primitive: COL_hengwu_rock.001
03:12:20 | INFO: Primitives created: 1
03:12:20 | INFO: Extracting primitive: COL_hengwu_rock.002
03:12:20 | INFO: Primitives created: 1
03:12:20 | INFO: Extracting primitive: COL_hengwu_rock.006
03:12:20 | INFO: Primitives created: 1
03:12:20 | INFO: Extracting primitive: COL_hengwu_stool.001
03:12:20 | INFO: Primitives created: 1
03:12:20 | INFO: Extracting primitive: COL_hengwu_stool.002
03:12:20 | INFO: Primitives created: 1
03:12:20 | INFO: Extracting primitive: COL_hengwu_stool.003
03:12:20 | INFO: Primitives created: 1
03:12:20 | INFO: Extracting primitive: COL_hengwu_stool.008
03:12:20 | INFO: Primitives created: 1
03:12:20 | INFO: Extracting primitive: COL_hengwu_table.002
03:12:20 | INFO: Primitives created: 1
03:12:20 | INFO: Extracting primitive: COL_longcui_approach.003
03:12:20 | INFO: Primitives created: 1
03:12:20 | INFO: Extracting primitive: COL_longcui_approach.004
03:12:20 | INFO: Primitives created: 1
03:12:20 | INFO: Extracting primitive: COL_longcui_approach.005
03:12:20 | INFO: Primitives created: 1
03:12:20 | INFO: Extracting primitive: COL_longcui_burner.001
03:12:20 | INFO: Primitives created: 1
03:12:20 | INFO: Extracting primitive: COL_longcui_closed_front.001
03:12:20 | INFO: Primitives created: 1
03:12:20 | INFO: Extracting primitive: COL_longcui_floor.001
03:12:20 | INFO: Primitives created: 1
03:12:20 | INFO: Extracting primitive: COL_longcui_plum_trunk.002
03:12:20 | INFO: Primitives created: 1
03:12:20 | INFO: Extracting primitive: COL_longcui_plum_trunk.003
03:12:20 | INFO: Primitives created: 1
03:12:20 | INFO: Extracting primitive: COL_longcui_return.002
03:12:20 | INFO: Primitives created: 1
03:12:20 | INFO: Extracting primitive: COL_longcui_return.003
03:12:20 | INFO: Primitives created: 1
03:12:20 | INFO: Extracting primitive: COL_longcui_threshold.001
03:12:20 | INFO: Primitives created: 1
03:12:20 | INFO: Extracting primitive: COL_ouxiang_approach.001
03:12:20 | INFO: Primitives created: 1
03:12:20 | INFO: Extracting primitive: COL_ouxiang_deck.001
03:12:20 | INFO: Primitives created: 1
03:12:20 | INFO: Extracting primitive: COL_ouxiang_post.004
03:12:20 | INFO: Primitives created: 1
03:12:20 | INFO: Extracting primitive: COL_ouxiang_post.005
03:12:20 | INFO: Primitives created: 1
03:12:20 | INFO: Extracting primitive: COL_ouxiang_post.006
03:12:20 | INFO: Primitives created: 1
03:12:20 | INFO: Extracting primitive: COL_ouxiang_post.007
03:12:20 | INFO: Primitives created: 1
03:12:20 | INFO: Extracting primitive: COL_ouxiang_rail.002
03:12:20 | INFO: Primitives created: 1
03:12:20 | INFO: Extracting primitive: COL_ouxiang_rail.003
03:12:20 | INFO: Primitives created: 1
03:12:20 | INFO: Extracting primitive: COL_ouxiang_side_rail.004
03:12:20 | INFO: Primitives created: 1
03:12:20 | INFO: Extracting primitive: COL_ouxiang_side_rail.005
03:12:20 | INFO: Primitives created: 1
03:12:20 | INFO: Extracting primitive: COL_ouxiang_side_rail.006
03:12:20 | INFO: Primitives created: 1
03:12:20 | INFO: Extracting primitive: COL_ouxiang_side_rail.007
03:12:20 | INFO: Primitives created: 1
03:12:20 | INFO: Extracting primitive: COL_ouxiang_table.001
03:12:20 | INFO: Primitives created: 1
03:12:20 | INFO: Extracting primitive: COL_corridor_floor.009
03:12:20 | INFO: Primitives created: 1
03:12:20 | INFO: Extracting primitive: COL_corridor_side.015
03:12:20 | INFO: Primitives created: 1
03:12:20 | INFO: Extracting primitive: COL_corridor_side.016
03:12:20 | INFO: Primitives created: 1
03:12:20 | INFO: Extracting primitive: COL_corridor_post.016
03:12:20 | INFO: Primitives created: 1
03:12:20 | INFO: Extracting primitive: COL_corridor_post.017
03:12:20 | INFO: Primitives created: 1
03:12:20 | INFO: Extracting primitive: COL_corridor_floor.010
03:12:20 | INFO: Primitives created: 1
03:12:20 | INFO: Extracting primitive: COL_corridor_side.017
03:12:20 | INFO: Primitives created: 1
03:12:20 | INFO: Extracting primitive: COL_corridor_side.018
03:12:20 | INFO: Primitives created: 1
03:12:20 | INFO: Extracting primitive: COL_corridor_post.018
03:12:20 | INFO: Primitives created: 1
03:12:20 | INFO: Extracting primitive: COL_corridor_post.019
03:12:20 | INFO: Primitives created: 1
03:12:20 | INFO: Extracting primitive: COL_corridor_floor.011
03:12:20 | INFO: Primitives created: 1
03:12:20 | INFO: Extracting primitive: COL_corridor_side.019
03:12:20 | INFO: Primitives created: 1
03:12:20 | INFO: Extracting primitive: COL_corridor_side.020
03:12:20 | INFO: Primitives created: 1
03:12:20 | INFO: Extracting primitive: COL_corridor_post.020
03:12:20 | INFO: Primitives created: 1
03:12:20 | INFO: Extracting primitive: COL_corridor_post.021
03:12:20 | INFO: Primitives created: 1
03:12:20 | INFO: Extracting primitive: COL_corridor_floor.012
03:12:20 | INFO: Primitives created: 1
03:12:20 | INFO: Extracting primitive: COL_corridor_side.021
03:12:20 | INFO: Primitives created: 1
03:12:20 | INFO: Extracting primitive: COL_corridor_side.022
03:12:20 | INFO: Primitives created: 1
03:12:20 | INFO: Extracting primitive: COL_corridor_post.022
03:12:20 | INFO: Primitives created: 1
03:12:20 | INFO: Extracting primitive: COL_corridor_post.023
03:12:20 | INFO: Primitives created: 1
03:12:20 | INFO: Extracting primitive: COL_corridor_floor.001
03:12:20 | INFO: Primitives created: 1
03:12:20 | INFO: Extracting primitive: COL_corridor_side.001
03:12:20 | INFO: Primitives created: 1
03:12:20 | INFO: Extracting primitive: COL_corridor_side.002
03:12:20 | INFO: Primitives created: 1
03:12:20 | INFO: Extracting primitive: COL_corridor_post.001
03:12:20 | INFO: Primitives created: 1
03:12:20 | INFO: Extracting primitive: COL_corridor_post.002
03:12:20 | INFO: Primitives created: 1
03:12:20 | INFO: Extracting primitive: COL_corridor_floor.002
03:12:20 | INFO: Primitives created: 1
03:12:20 | INFO: Extracting primitive: COL_corridor_side.003
03:12:20 | INFO: Primitives created: 1
03:12:20 | INFO: Extracting primitive: COL_corridor_side.004
03:12:20 | INFO: Primitives created: 1
03:12:20 | INFO: Extracting primitive: COL_corridor_post.003
03:12:20 | INFO: Primitives created: 1
03:12:20 | INFO: Extracting primitive: COL_corridor_post.004
03:12:20 | INFO: Primitives created: 1
03:12:20 | INFO: Extracting primitive: COL_corridor_floor.003
03:12:20 | INFO: Primitives created: 1
03:12:20 | INFO: Extracting primitive: COL_corridor_side.005
03:12:20 | INFO: Primitives created: 1
03:12:20 | INFO: Extracting primitive: COL_corridor_side.006
03:12:20 | INFO: Primitives created: 1
03:12:20 | INFO: Extracting primitive: COL_corridor_post.005
03:12:20 | INFO: Primitives created: 1
03:12:20 | INFO: Extracting primitive: COL_corridor_post.006
03:12:20 | INFO: Primitives created: 1
03:12:20 | INFO: Extracting primitive: COL_corridor_floor.004
03:12:20 | INFO: Primitives created: 1
03:12:20 | INFO: Extracting primitive: COL_corridor_side.007
03:12:20 | INFO: Primitives created: 1
03:12:20 | INFO: Extracting primitive: COL_corridor_side.008
03:12:20 | INFO: Primitives created: 1
03:12:20 | INFO: Extracting primitive: COL_corridor_post.007
03:12:20 | INFO: Primitives created: 1
03:12:20 | INFO: Extracting primitive: COL_corridor_post.008
03:12:20 | INFO: Primitives created: 1
03:12:20 | INFO: Extracting primitive: COL_corridor_floor.005
03:12:20 | INFO: Primitives created: 1
03:12:20 | INFO: Extracting primitive: COL_corridor_side.009
03:12:20 | INFO: Primitives created: 1
03:12:20 | INFO: Extracting primitive: COL_corridor_side.010
03:12:20 | INFO: Primitives created: 1
03:12:20 | INFO: Extracting primitive: COL_corridor_post.009
03:12:20 | INFO: Primitives created: 1
03:12:20 | INFO: Extracting primitive: COL_corridor_post.010
03:12:20 | INFO: Primitives created: 1
03:12:20 | INFO: Extracting primitive: COL_corridor_floor.006
03:12:20 | INFO: Primitives created: 1
03:12:20 | INFO: Extracting primitive: COL_corridor_side.011
03:12:20 | INFO: Primitives created: 1
03:12:20 | INFO: Extracting primitive: COL_corridor_post.011
03:12:20 | INFO: Primitives created: 1
03:12:20 | INFO: Extracting primitive: COL_corridor_post.012
03:12:20 | INFO: Primitives created: 1
03:12:20 | INFO: Extracting primitive: COL_corridor_floor.007
03:12:20 | INFO: Primitives created: 1
03:12:20 | INFO: Extracting primitive: COL_corridor_side.012
03:12:20 | INFO: Primitives created: 1
03:12:20 | INFO: Extracting primitive: COL_corridor_post.013
03:12:20 | INFO: Primitives created: 1
03:12:20 | INFO: Extracting primitive: COL_corridor_floor.008
03:12:20 | INFO: Primitives created: 1
03:12:20 | INFO: Extracting primitive: COL_corridor_side.013
03:12:20 | INFO: Primitives created: 1
03:12:20 | INFO: Extracting primitive: COL_corridor_side.014
03:12:20 | INFO: Primitives created: 1
03:12:20 | INFO: Extracting primitive: COL_corridor_post.014
03:12:20 | INFO: Primitives created: 1
03:12:20 | INFO: Extracting primitive: COL_corridor_post.015
03:12:20 | INFO: Primitives created: 1
03:12:20 | INFO: Extracting primitive: COL_corridor_floor.013
03:12:20 | INFO: Primitives created: 1
03:12:20 | INFO: Extracting primitive: COL_corridor_side.023
03:12:20 | INFO: Primitives created: 1
03:12:20 | INFO: Extracting primitive: COL_corridor_side.024
03:12:20 | INFO: Primitives created: 1
03:12:20 | INFO: Extracting primitive: COL_corridor_post.024
03:12:20 | INFO: Primitives created: 1
03:12:20 | INFO: Extracting primitive: COL_corridor_post.025
03:12:20 | INFO: Primitives created: 1
03:12:20 | INFO: Extracting primitive: COL_corridor_floor.014
03:12:20 | INFO: Primitives created: 1
03:12:20 | INFO: Extracting primitive: COL_corridor_side.025
03:12:20 | INFO: Primitives created: 1
03:12:20 | INFO: Extracting primitive: COL_corridor_side.026
03:12:20 | INFO: Primitives created: 1
03:12:20 | INFO: Extracting primitive: COL_corridor_post.026
03:12:20 | INFO: Primitives created: 1
03:12:20 | INFO: Extracting primitive: COL_corridor_post.027
03:12:20 | INFO: Primitives created: 1
03:12:20 | INFO: Extracting primitive: COL_corridor_floor.015
03:12:20 | INFO: Primitives created: 1
03:12:20 | INFO: Extracting primitive: COL_corridor_side.027
03:12:20 | INFO: Primitives created: 1
03:12:20 | INFO: Extracting primitive: COL_corridor_side.028
03:12:20 | INFO: Primitives created: 1
03:12:20 | INFO: Extracting primitive: COL_corridor_post.028
03:12:20 | INFO: Primitives created: 1
03:12:20 | INFO: Extracting primitive: COL_corridor_post.029
03:12:20 | INFO: Primitives created: 1
03:12:20 | INFO: Extracting primitive: COL_corridor_floor.016
03:12:20 | INFO: Primitives created: 1
03:12:20 | INFO: Extracting primitive: COL_corridor_side.029
03:12:20 | INFO: Primitives created: 1
03:12:20 | INFO: Extracting primitive: COL_corridor_side.030
03:12:20 | INFO: Primitives created: 1
03:12:20 | INFO: Extracting primitive: COL_corridor_post.030
03:12:20 | INFO: Primitives created: 1
03:12:20 | INFO: Extracting primitive: COL_corridor_post.031
03:12:20 | INFO: Primitives created: 1
03:12:20 | INFO: Extracting primitive: COL_qinfang_deck.001
03:12:20 | INFO: Primitives created: 1
03:12:20 | INFO: Extracting primitive: COL_pavilion_bench.001
03:12:20 | INFO: Primitives created: 1
03:12:20 | INFO: Extracting primitive: COL_pavilion_bench.002
03:12:20 | INFO: Primitives created: 1
03:12:20 | INFO: Extracting primitive: COL_pavilion_bracket.001
03:12:20 | INFO: Primitives created: 1
03:12:20 | INFO: Extracting primitive: COL_pavilion_bracket.002
03:12:20 | INFO: Primitives created: 1
03:12:20 | INFO: Extracting primitive: COL_pavilion_bracket.003
03:12:20 | INFO: Primitives created: 1
03:12:20 | INFO: Extracting primitive: COL_pavilion_bracket.004
03:12:20 | INFO: Primitives created: 1
03:12:20 | INFO: Extracting primitive: COL_pavilion_bracket.005
03:12:20 | INFO: Primitives created: 1
03:12:20 | INFO: Extracting primitive: COL_pavilion_bracket.006
03:12:20 | INFO: Primitives created: 1
03:12:20 | INFO: Extracting primitive: COL_pavilion_post.001
03:12:20 | INFO: Primitives created: 1
03:12:20 | INFO: Extracting primitive: COL_pavilion_post.002
03:12:20 | INFO: Primitives created: 1
03:12:20 | INFO: Extracting primitive: COL_pavilion_post.003
03:12:20 | INFO: Primitives created: 1
03:12:20 | INFO: Extracting primitive: COL_pavilion_post.004
03:12:20 | INFO: Primitives created: 1
03:12:20 | INFO: Extracting primitive: COL_pavilion_post.005
03:12:20 | INFO: Primitives created: 1
03:12:20 | INFO: Extracting primitive: COL_pavilion_post.006
03:12:20 | INFO: Primitives created: 1
03:12:20 | INFO: Extracting primitive: COL_pavilion_roof.001
03:12:20 | INFO: Primitives created: 1
03:12:20 | INFO: Extracting primitive: COL_qiushuang-zhai_floor.001
03:12:20 | INFO: Primitives created: 1
03:12:20 | INFO: Extracting primitive: Cube.009
03:12:20 | INFO: Primitives created: 1
03:12:20 | INFO: Extracting primitive: Cube.011
03:12:20 | INFO: Primitives created: 1
03:12:20 | INFO: Extracting primitive: Cube.012
03:12:20 | INFO: Primitives created: 1
03:12:20 | INFO: Extracting primitive: Cube.013
03:12:20 | INFO: Primitives created: 1
03:12:20 | INFO: Extracting primitive: Cube.019
03:12:20 | INFO: Primitives created: 1
03:12:20 | INFO: Extracting primitive: Cube.020
03:12:20 | INFO: Primitives created: 1
03:12:20 | INFO: Extracting primitive: Cube.023
03:12:20 | INFO: Primitives created: 1
03:12:20 | INFO: Extracting primitive: Cube.024
03:12:20 | INFO: Primitives created: 1
03:12:20 | INFO: Extracting primitive: Cube.048
03:12:20 | INFO: Primitives created: 1
03:12:20 | INFO: Extracting primitive: Cube.050
03:12:20 | INFO: Primitives created: 1
03:12:20 | INFO: Extracting primitive: Cube.052
03:12:20 | INFO: Primitives created: 1
03:12:20 | INFO: Extracting primitive: Cube.092
03:12:20 | INFO: Primitives created: 1
03:12:20 | INFO: Extracting primitive: Cube.093
03:12:20 | INFO: Primitives created: 1
03:12:20 | INFO: Extracting primitive: Cube.094
03:12:20 | INFO: Primitives created: 1
03:12:20 | INFO: Extracting primitive: Cube.095
03:12:20 | INFO: Primitives created: 1
03:12:20 | INFO: Extracting primitive: Cube.096
03:12:20 | INFO: Primitives created: 1
03:12:20 | INFO: Extracting primitive: Cube.097
03:12:20 | INFO: Primitives created: 1
03:12:20 | INFO: Extracting primitive: Cube.098
03:12:20 | INFO: Primitives created: 1
03:12:20 | INFO: Extracting primitive: Cube.099
03:12:20 | INFO: Primitives created: 1
03:12:20 | INFO: Extracting primitive: Cube.100
03:12:20 | INFO: Primitives created: 1
03:12:20 | INFO: Extracting primitive: Cube.101
03:12:20 | INFO: Primitives created: 1
03:12:20 | INFO: Extracting primitive: Cube.102
03:12:20 | INFO: Primitives created: 1
03:12:20 | INFO: Extracting primitive: Cube.103
03:12:20 | INFO: Primitives created: 1
03:12:20 | INFO: Extracting primitive: Cube.104
03:12:20 | INFO: Primitives created: 1
03:12:20 | INFO: Extracting primitive: Cube.105
03:12:20 | INFO: Primitives created: 1
03:12:20 | INFO: Extracting primitive: Cube.106
03:12:20 | INFO: Primitives created: 1
03:12:20 | INFO: Extracting primitive: Cube.107
03:12:20 | INFO: Primitives created: 1
03:12:20 | INFO: Extracting primitive: Cube.108
03:12:20 | INFO: Primitives created: 1
03:12:20 | INFO: Extracting primitive: Cube.109
03:12:20 | INFO: Primitives created: 1
03:12:20 | INFO: Extracting primitive: Cube.110
03:12:20 | INFO: Primitives created: 1
03:12:20 | INFO: Extracting primitive: Cube.111
03:12:20 | INFO: Primitives created: 1
03:12:20 | INFO: Extracting primitive: Cube.112
03:12:20 | INFO: Primitives created: 1
03:12:20 | INFO: Extracting primitive: Cube.113
03:12:20 | INFO: Primitives created: 1
03:12:20 | INFO: Extracting primitive: Cube.114
03:12:20 | INFO: Primitives created: 1
03:12:20 | INFO: Extracting primitive: Cube.115
03:12:20 | INFO: Primitives created: 1
03:12:20 | INFO: Extracting primitive: Cube.116
03:12:20 | INFO: Primitives created: 1
03:12:20 | INFO: Extracting primitive: Cube.117
03:12:20 | INFO: Primitives created: 1
03:12:20 | INFO: Extracting primitive: Cube.118
03:12:20 | INFO: Primitives created: 1
03:12:20 | INFO: Extracting primitive: Cube.119
03:12:20 | INFO: Primitives created: 1
03:12:20 | INFO: Extracting primitive: Cube.120
03:12:20 | INFO: Primitives created: 1
03:12:20 | INFO: Extracting primitive: Cube.121
03:12:20 | INFO: Primitives created: 1
03:12:20 | INFO: Extracting primitive: Cube.122
03:12:20 | INFO: Primitives created: 1
03:12:20 | INFO: Extracting primitive: Cube.123
03:12:20 | INFO: Primitives created: 1
03:12:20 | INFO: Extracting primitive: Cube.124
03:12:20 | INFO: Primitives created: 1
03:12:20 | INFO: Extracting primitive: Cube.125
03:12:20 | INFO: Primitives created: 1
03:12:20 | INFO: Extracting primitive: Cube.126
03:12:20 | INFO: Primitives created: 1
03:12:20 | INFO: Extracting primitive: Cube.127
03:12:20 | INFO: Primitives created: 1
03:12:20 | INFO: Extracting primitive: Cube.128
03:12:20 | INFO: Primitives created: 1
03:12:20 | INFO: Extracting primitive: Cube.129
03:12:20 | INFO: Primitives created: 1
03:12:20 | INFO: Extracting primitive: Cube.130
03:12:20 | INFO: Primitives created: 1
03:12:20 | INFO: Extracting primitive: Cube.131
03:12:20 | INFO: Primitives created: 1
03:12:20 | INFO: Extracting primitive: Cube.132
03:12:20 | INFO: Primitives created: 1
03:12:20 | INFO: Extracting primitive: Cube.133
03:12:20 | INFO: Primitives created: 1
03:12:20 | INFO: Extracting primitive: Cube.134
03:12:20 | INFO: Primitives created: 1
03:12:20 | INFO: Extracting primitive: Cube.135
03:12:20 | INFO: Primitives created: 1
03:12:20 | INFO: Extracting primitive: Cube.136
03:12:20 | INFO: Primitives created: 1
03:12:20 | INFO: Extracting primitive: Cube.137
03:12:20 | INFO: Primitives created: 1
03:12:20 | INFO: Extracting primitive: Cube.138
03:12:20 | INFO: Primitives created: 1
03:12:20 | INFO: Extracting primitive: Cube.139
03:12:20 | INFO: Primitives created: 1
03:12:20 | INFO: Extracting primitive: Cube.140
03:12:20 | INFO: Primitives created: 1
03:12:20 | INFO: Extracting primitive: Cube.141
03:12:20 | INFO: Primitives created: 1
03:12:20 | INFO: Extracting primitive: Cube.142
03:12:20 | INFO: Primitives created: 1
03:12:20 | INFO: Extracting primitive: Cube.143
03:12:20 | INFO: Primitives created: 1
03:12:20 | INFO: Extracting primitive: Cube.144
03:12:20 | INFO: Primitives created: 1
03:12:20 | INFO: Extracting primitive: Cube.193
03:12:20 | INFO: Primitives created: 1
03:12:20 | INFO: Extracting primitive: Cube.194
03:12:20 | INFO: Primitives created: 1
03:12:20 | INFO: Extracting primitive: Cube.195
03:12:20 | INFO: Primitives created: 1
03:12:20 | INFO: Extracting primitive: Cube.196
03:12:20 | INFO: Primitives created: 1
03:12:20 | INFO: Extracting primitive: Cube.197
03:12:20 | INFO: Primitives created: 1
03:12:20 | INFO: Extracting primitive: Cube.198
03:12:20 | INFO: Primitives created: 1
03:12:20 | INFO: Extracting primitive: Cube.199
03:12:20 | INFO: Primitives created: 1
03:12:20 | INFO: Extracting primitive: Cube.200
03:12:20 | INFO: Primitives created: 1
03:12:20 | INFO: Extracting primitive: COL_stone_walk.005
03:12:20 | INFO: Primitives created: 1
03:12:20 | INFO: Extracting primitive: COL_stone_walk.008
03:12:20 | INFO: Primitives created: 1
03:12:20 | INFO: Extracting primitive: COL_stone_walk.009
03:12:20 | INFO: Primitives created: 1
03:12:20 | INFO: Extracting primitive: COL_stone_walk.010
03:12:20 | INFO: Primitives created: 1
03:12:20 | INFO: Extracting primitive: COL_stone_walk.011
03:12:20 | INFO: Primitives created: 1
03:12:20 | INFO: Extracting primitive: COL_stone_walk.012
03:12:20 | INFO: Primitives created: 1
03:12:20 | INFO: Extracting primitive: COL_study_approach.002
03:12:20 | INFO: Primitives created: 1
03:12:20 | INFO: Extracting primitive: COL_study_desk_centre.002
03:12:20 | INFO: Primitives created: 1
03:12:20 | INFO: Extracting primitive: COL_study_desk_left.002
03:12:20 | INFO: Primitives created: 1
03:12:20 | INFO: Extracting primitive: COL_study_desk_right.002
03:12:20 | INFO: Primitives created: 1
03:12:20 | INFO: Extracting primitive: COL_study_front_walk.002
03:12:20 | INFO: Primitives created: 1
03:12:20 | INFO: Extracting primitive: COL_study_front_wall.002
03:12:20 | INFO: Primitives created: 1
03:12:20 | INFO: Extracting primitive: COL_study_post.001
03:12:20 | INFO: Primitives created: 1
03:12:20 | INFO: Extracting primitive: COL_study_post.002
03:12:20 | INFO: Primitives created: 1
03:12:20 | INFO: Extracting primitive: COL_study_post.003
03:12:20 | INFO: Primitives created: 1
03:12:20 | INFO: Extracting primitive: COL_study_post.008
03:12:20 | INFO: Primitives created: 1
03:12:20 | INFO: Extracting primitive: Cube.151
03:12:20 | INFO: Primitives created: 1
03:12:20 | INFO: Extracting primitive: Cube.152
03:12:20 | INFO: Primitives created: 1
03:12:20 | INFO: Extracting primitive: Cube.153
03:12:20 | INFO: Primitives created: 1
03:12:20 | INFO: Extracting primitive: Cube.154
03:12:20 | INFO: Primitives created: 1
03:12:20 | INFO: Extracting primitive: Cube.155
03:12:20 | INFO: Primitives created: 1
03:12:20 | INFO: Extracting primitive: Cube.156
03:12:20 | INFO: Primitives created: 1
03:12:20 | INFO: Extracting primitive: Cube.157
03:12:20 | INFO: Primitives created: 1
03:12:20 | INFO: Extracting primitive: Cube.158
03:12:20 | INFO: Primitives created: 1
03:12:20 | INFO: Extracting primitive: Cube.159
03:12:20 | INFO: Primitives created: 1
03:12:20 | INFO: Extracting primitive: Cube.160
03:12:20 | INFO: Primitives created: 1
03:12:20 | INFO: Extracting primitive: Cube.161
03:12:20 | INFO: Primitives created: 1
03:12:20 | INFO: Extracting primitive: Cube.162
03:12:20 | INFO: Primitives created: 1
03:12:20 | INFO: Extracting primitive: Cube.163
03:12:20 | INFO: Primitives created: 1
03:12:20 | INFO: Extracting primitive: Cube.164
03:12:20 | INFO: Primitives created: 1
03:12:20 | INFO: Extracting primitive: Cube.165
03:12:20 | INFO: Primitives created: 1
03:12:20 | INFO: Extracting primitive: Cube.166
03:12:20 | INFO: Primitives created: 1
03:12:20 | INFO: Extracting primitive: Cube.167
03:12:20 | INFO: Primitives created: 1
03:12:20 | INFO: Extracting primitive: Cube.168
03:12:20 | INFO: Primitives created: 1
03:12:20 | INFO: Extracting primitive: Cube.169
03:12:20 | INFO: Primitives created: 1
03:12:20 | INFO: Extracting primitive: Cube.170
03:12:20 | INFO: Primitives created: 1
03:12:20 | INFO: Extracting primitive: Cube.171
03:12:20 | INFO: Primitives created: 1
03:12:20 | INFO: Extracting primitive: Cube.172
03:12:20 | INFO: Primitives created: 1
03:12:20 | INFO: Extracting primitive: Cube.173
03:12:20 | INFO: Primitives created: 1
03:12:20 | INFO: Extracting primitive: Cube.174
03:12:20 | INFO: Primitives created: 1
03:12:20 | INFO: Extracting primitive: Cube.175
03:12:20 | INFO: Primitives created: 1
03:12:20 | INFO: Extracting primitive: Cube.176
03:12:20 | INFO: Primitives created: 1
03:12:20 | INFO: Extracting primitive: Cube.177
03:12:20 | INFO: Primitives created: 1
03:12:20 | INFO: Extracting primitive: Cube.178
03:12:20 | INFO: Primitives created: 1
03:12:20 | INFO: Extracting primitive: Cube.179
03:12:20 | INFO: Primitives created: 1
03:12:20 | INFO: Extracting primitive: Cube.180
03:12:20 | INFO: Primitives created: 1
03:12:20 | INFO: Extracting primitive: Cube.201
03:12:20 | INFO: Primitives created: 1
03:12:20 | INFO: Extracting primitive: Cube.202
03:12:20 | INFO: Primitives created: 1
03:12:20 | INFO: Extracting primitive: Cube.203
03:12:20 | INFO: Primitives created: 1
03:12:20 | INFO: Extracting primitive: Cube.181
03:12:20 | INFO: Primitives created: 1
03:12:20 | INFO: Extracting primitive: Cube.182
03:12:20 | INFO: Primitives created: 1
03:12:20 | INFO: Extracting primitive: Cube.183
03:12:20 | INFO: Primitives created: 1
03:12:20 | INFO: Extracting primitive: Cube.184
03:12:20 | INFO: Primitives created: 1
03:12:20 | INFO: Extracting primitive: Cube.185
03:12:20 | INFO: Primitives created: 1
03:12:20 | INFO: Extracting primitive: Cube.186
03:12:20 | INFO: Primitives created: 1
03:12:20 | INFO: Extracting primitive: Cube.187
03:12:20 | INFO: Primitives created: 1
03:12:20 | INFO: Extracting primitive: Cube.188
03:12:20 | INFO: Primitives created: 1
03:12:20 | INFO: Extracting primitive: Cube.189
03:12:20 | INFO: Primitives created: 1
03:12:20 | INFO: Extracting primitive: Cube.190
03:12:20 | INFO: Primitives created: 1
03:12:20 | INFO: Extracting primitive: Cube.191
03:12:20 | INFO: Primitives created: 1
03:12:20 | INFO: Extracting primitive: Cube.192
03:12:20 | INFO: Primitives created: 1
03:12:20 | INFO: Extracting primitive: COL_tubi-tang_floor.001
03:12:20 | INFO: Primitives created: 1
03:12:20 | INFO: Extracting primitive: COL_tubi_approach.001
03:12:20 | INFO: Primitives created: 1
03:12:20 | INFO: Extracting primitive: COL_tubi_approach.002
03:12:20 | INFO: Primitives created: 1
03:12:20 | INFO: Extracting primitive: COL_tubi_approach.007
03:12:20 | INFO: Primitives created: 1
03:12:20 | INFO: Extracting primitive: COL_tubi_approach.008
03:12:20 | INFO: Primitives created: 1
03:12:20 | INFO: Extracting primitive: COL_tubi_closed_hall.002
03:12:20 | INFO: Primitives created: 1
03:12:20 | INFO: Extracting primitive: COL_tubi_hall_post.001
03:12:20 | INFO: Primitives created: 1
03:12:20 | INFO: Extracting primitive: COL_tubi_hall_post.002
03:12:20 | INFO: Primitives created: 1
03:12:20 | INFO: Extracting primitive: COL_tubi_hall_post.006
03:12:20 | INFO: Primitives created: 1
03:12:20 | INFO: Extracting primitive: COL_tubi_parapet.001
03:12:20 | INFO: Primitives created: 1
03:12:20 | INFO: Extracting primitive: COL_tubi_parapet.002
03:12:20 | INFO: Primitives created: 1
03:12:20 | INFO: Extracting primitive: COL_tubi_parapet.003
03:12:20 | INFO: Primitives created: 1
03:12:20 | INFO: Extracting primitive: COL_tubi_parapet.008
03:12:20 | INFO: Primitives created: 1
03:12:20 | INFO: Extracting primitive: COL_tubi_stair_guard.001
03:12:20 | INFO: Primitives created: 1
03:12:20 | INFO: Extracting primitive: COL_tubi_stair_guard.004
03:12:20 | INFO: Primitives created: 1
03:12:20 | INFO: Extracting primitive: COL_tubi_stair_ramp.002
03:12:20 | INFO: Primitives created: 1
03:12:20 | INFO: Extracting primitive: COL_tubi_terrace.002
03:12:20 | INFO: Primitives created: 1
03:12:20 | INFO: Extracting primitive: COL_tubi_topic_table.002
03:12:20 | INFO: Primitives created: 1
03:12:20 | INFO: Extracting primitive: COL_tubi_view_bench_left.001
03:12:20 | INFO: Primitives created: 1
03:12:20 | INFO: Extracting primitive: COL_tubi_view_bench_right.001
03:12:20 | INFO: Primitives created: 1
03:12:20 | INFO: Extracting primitive: COL_water_bridge_side.001
03:12:20 | INFO: Primitives created: 1
03:12:20 | INFO: Extracting primitive: COL_water_bridge_side.004
03:12:20 | INFO: Primitives created: 1
03:12:20 | INFO: Extracting primitive: COL_water_bridge_deck.002
03:12:20 | INFO: Primitives created: 1
03:12:20 | INFO: Extracting primitive: COL_xiaoxiang_bamboo_bed.004
03:12:20 | INFO: Primitives created: 1
03:12:20 | INFO: Extracting primitive: COL_xiaoxiang_bamboo_bed.005
03:12:20 | INFO: Primitives created: 1
03:12:20 | INFO: Extracting primitive: COL_xiaoxiang_bamboo_bed.006
03:12:20 | INFO: Primitives created: 1
03:12:20 | INFO: Extracting primitive: COL_xiaoxiang_bamboo_bed.007
03:12:20 | INFO: Primitives created: 1
03:12:20 | INFO: Extracting primitive: COL_xiaoxiang_closed_front.001
03:12:20 | INFO: Primitives created: 1
03:12:20 | INFO: Extracting primitive: COL_xiaoxiang_floor.001
03:12:20 | INFO: Primitives created: 1
03:12:20 | INFO: Extracting primitive: COL_xiaoxiang_return.002
03:12:20 | INFO: Primitives created: 1
03:12:20 | INFO: Extracting primitive: COL_xiaoxiang_return.003
03:12:20 | INFO: Primitives created: 1
03:12:20 | INFO: Extracting primitive: COL_xiaoxiang_threshold.001
03:12:20 | INFO: Primitives created: 1
03:12:20 | INFO: Extracting primitive: COL_yihong_closed_front.002
03:12:20 | INFO: Primitives created: 1
03:12:20 | INFO: Extracting primitive: COL_yihong_court_side.001
03:12:20 | INFO: Primitives created: 1
03:12:20 | INFO: Extracting primitive: COL_yihong_court_side.004
03:12:20 | INFO: Primitives created: 1
03:12:20 | INFO: Extracting primitive: COL_yihong_floor.002
03:12:20 | INFO: Primitives created: 1
03:12:20 | INFO: Extracting primitive: COL_yihong_planter.001
03:12:20 | INFO: Primitives created: 1
03:12:20 | INFO: Extracting primitive: COL_yihong_planter.004
03:12:20 | INFO: Primitives created: 1
03:12:20 | INFO: Extracting primitive: COL_yihong_side_return.001
03:12:20 | INFO: Primitives created: 1
03:12:20 | INFO: Extracting primitive: COL_yihong_side_return.004
03:12:20 | INFO: Primitives created: 1
03:12:20 | INFO: Extracting primitive: COL_yihong_threshold.002
03:12:20 | INFO: Primitives created: 1
03:12:20 | INFO: Extracting primitive: COL_ziling_landing.001
03:12:20 | INFO: Primitives created: 1
03:12:20 | INFO: Extracting primitive: HERO_aojing-guan_title.002
03:12:20 | WARNING: More than one shader node tex image used for a texture. The resulting glTF sampler will behave like the first shader node tex image.
03:12:20 | INFO: Primitives created: 1
03:12:20 | INFO: Extracting primitive: HERO_daguan_title.001
03:12:20 | WARNING: More than one shader node tex image used for a texture. The resulting glTF sampler will behave like the first shader node tex image.
03:12:20 | INFO: Primitives created: 1
03:12:20 | INFO: Extracting primitive: HERO_daoxiang-cun_title.002
03:12:20 | WARNING: More than one shader node tex image used for a texture. The resulting glTF sampler will behave like the first shader node tex image.
03:12:20 | INFO: Primitives created: 1
03:12:20 | INFO: Extracting primitive: KIT_flora_plum_render.001
03:12:20 | WARNING: More than one shader node tex image used for a texture. The resulting glTF sampler will behave like the first shader node tex image.
03:12:20 | INFO: Primitives created: 1
03:12:20 | INFO: Extracting primitive: KIT_flora_plum_render.002
03:12:20 | INFO: Primitives created: 1
03:12:20 | INFO: Extracting primitive: KIT_flora_bamboo_large_render.001
03:12:20 | INFO: Primitives created: 1
03:12:20 | INFO: Extracting primitive: KIT_flora_bamboo_large_render.002
03:12:20 | INFO: Primitives created: 1
03:12:20 | INFO: Extracting primitive: KIT_flora_bamboo_small_render.001
03:12:20 | INFO: Primitives created: 1
03:12:20 | INFO: Extracting primitive: KIT_flora_willow_render.001
03:12:20 | INFO: Primitives created: 1
03:12:20 | INFO: Extracting primitive: KIT_flora_willow_render.002
03:12:20 | INFO: Primitives created: 1
03:12:20 | INFO: Extracting primitive: KIT_flora_bamboo_large_render.003
03:12:20 | INFO: Primitives created: 1
03:12:20 | INFO: Extracting primitive: KIT_flora_bamboo_medium_render.001
03:12:20 | INFO: Primitives created: 1
03:12:20 | INFO: Extracting primitive: KIT_flora_bamboo_small_render.002
03:12:20 | INFO: Primitives created: 1
03:12:20 | INFO: Extracting primitive: KIT_flora_bamboo_large_render.004
03:12:20 | INFO: Primitives created: 1
03:12:20 | INFO: Extracting primitive: KIT_flora_banana_render.001
03:12:20 | INFO: Primitives created: 1
03:12:20 | INFO: Extracting primitive: KIT_flora_banana_render.002
03:12:20 | INFO: Primitives created: 1
03:12:20 | INFO: Extracting primitive: KIT_flora_reed_render.001
03:12:20 | INFO: Primitives created: 1
03:12:20 | INFO: Extracting primitive: KIT_flora_reed_render.002
03:12:20 | INFO: Primitives created: 1
03:12:20 | INFO: Extracting primitive: KIT_flora_reed_render.003
03:12:20 | INFO: Primitives created: 1
03:12:20 | INFO: Extracting primitive: KIT_flora_reed_render.004
03:12:20 | INFO: Primitives created: 1
03:12:20 | INFO: Extracting primitive: KIT_flora_reed_render.005
03:12:20 | INFO: Primitives created: 1
03:12:20 | INFO: Extracting primitive: KIT_flora_reed_render.006
03:12:20 | INFO: Primitives created: 1
03:12:20 | INFO: Extracting primitive: KIT_flora_reed_render.007
03:12:20 | INFO: Primitives created: 1
03:12:20 | INFO: Extracting primitive: KIT_flora_reed_render.008
03:12:20 | INFO: Primitives created: 1
03:12:20 | INFO: Extracting primitive: KIT_flora_reed_render.009
03:12:20 | INFO: Primitives created: 1
03:12:20 | INFO: Extracting primitive: KIT_flora_reed_render.010
03:12:20 | INFO: Primitives created: 1
03:12:20 | INFO: Extracting primitive: HERO_gate_inscription.001
03:12:20 | WARNING: More than one shader node tex image used for a texture. The resulting glTF sampler will behave like the first shader node tex image.
03:12:20 | INFO: Primitives created: 1
03:12:20 | INFO: Extracting primitive: HERO_gate_water_drips.001
03:12:20 | WARNING: More than one shader node tex image used for a texture. The resulting glTF sampler will behave like the first shader node tex image.
03:12:20 | INFO: Primitives created: 1
03:12:20 | INFO: Extracting primitive: HERO_hengwu-yuan_title.002
03:12:20 | WARNING: More than one shader node tex image used for a texture. The resulting glTF sampler will behave like the first shader node tex image.
03:12:20 | INFO: Primitives created: 1
03:12:20 | INFO: Extracting primitive: HERO_longcui-an_title.002
03:12:20 | WARNING: More than one shader node tex image used for a texture. The resulting glTF sampler will behave like the first shader node tex image.
03:12:20 | INFO: Primitives created: 1
03:12:20 | INFO: Extracting primitive: HERO_qinfang-ting_title.002
03:12:20 | WARNING: More than one shader node tex image used for a texture. The resulting glTF sampler will behave like the first shader node tex image.
03:12:20 | INFO: Primitives created: 1
03:12:20 | INFO: Extracting primitive: HERO_qinfang_bridge.001
03:12:20 | INFO: Primitives created: 1
03:12:20 | INFO: Extracting primitive: HERO_study_scroll_bamboo.002
03:12:20 | INFO: Primitives created: 1
03:12:20 | INFO: Extracting primitive: HERO_study_scroll_plum.002
03:12:20 | INFO: Primitives created: 1
03:12:20 | INFO: Extracting primitive: HERO_study_title.002
03:12:20 | WARNING: More than one shader node tex image used for a texture. The resulting glTF sampler will behave like the first shader node tex image.
03:12:20 | INFO: Primitives created: 1
03:12:20 | INFO: Extracting primitive: HERO_table_hexagram.001
03:12:20 | INFO: Primitives created: 1
03:12:20 | INFO: Extracting primitive: line_piece.005
03:12:20 | WARNING: More than one shader node tex image used for a texture. The resulting glTF sampler will behave like the first shader node tex image.
03:12:20 | INFO: Primitives created: 1
03:12:20 | INFO: Extracting primitive: line_piece.002
03:12:20 | INFO: Primitives created: 1
03:12:20 | INFO: Extracting primitive: line_piece.011
03:12:20 | INFO: Primitives created: 1
03:12:20 | INFO: Extracting primitive: line_piece.008
03:12:20 | INFO: Primitives created: 1
03:12:20 | INFO: Extracting primitive: line_piece.017
03:12:20 | INFO: Primitives created: 1
03:12:20 | INFO: Extracting primitive: line_piece.014
03:12:20 | INFO: Primitives created: 1
03:12:20 | INFO: Extracting primitive: line_piece.019
03:12:20 | INFO: Primitives created: 1
03:12:20 | INFO: Extracting primitive: line_piece.018
03:12:20 | INFO: Primitives created: 1
03:12:20 | INFO: Extracting primitive: line_piece.021
03:12:20 | INFO: Primitives created: 1
03:12:20 | INFO: Extracting primitive: line_piece.020
03:12:20 | INFO: Primitives created: 1
03:12:20 | INFO: Extracting primitive: line_piece.023
03:12:20 | INFO: Primitives created: 1
03:12:20 | INFO: Extracting primitive: line_piece.022
03:12:20 | INFO: Primitives created: 1
03:12:20 | INFO: Extracting primitive: HERO_table_pedestal.001
03:12:20 | INFO: Primitives created: 1
03:12:20 | INFO: Extracting primitive: HERO_tubi_title.002
03:12:20 | WARNING: More than one shader node tex image used for a texture. The resulting glTF sampler will behave like the first shader node tex image.
03:12:20 | INFO: Primitives created: 1
03:12:20 | INFO: Extracting primitive: HERO_xiaoxiang-guan_title.002
03:12:20 | WARNING: More than one shader node tex image used for a texture. The resulting glTF sampler will behave like the first shader node tex image.
03:12:20 | INFO: Primitives created: 1
03:12:20 | INFO: Extracting primitive: HERO_yihong-yuan_title.002
03:12:20 | WARNING: More than one shader node tex image used for a texture. The resulting glTF sampler will behave like the first shader node tex image.
03:12:20 | INFO: Primitives created: 1
03:12:20 | INFO: Extracting primitive: AOJING_pond.002
03:12:20 | INFO: Primitives created: 1
03:12:20 | INFO: Extracting primitive: AOJING_backstage.002
03:12:20 | INFO: Primitives created: 1
03:12:20 | INFO: Extracting primitive: AOJING_amber_window.002
03:12:20 | INFO: Primitives created: 1
03:12:20 | INFO: Extracting primitive: AOJING_window_lattice.001
03:12:20 | INFO: Primitives created: 1
03:12:20 | INFO: Extracting primitive: AOJING_dry_ledge.002
03:12:20 | INFO: Primitives created: 1
03:12:20 | INFO: Extracting primitive: AOJING_roof.002
03:12:20 | INFO: Primitives created: 1
03:12:20 | INFO: Extracting primitive: AOJING_closed_front.002
03:12:20 | INFO: Primitives created: 1
03:12:20 | INFO: Extracting primitive: DAGUAN_backstage.001
03:12:20 | INFO: Primitives created: 1
03:12:20 | INFO: Extracting primitive: DAGUAN_door_stud.180
03:12:20 | INFO: Primitives created: 1
03:12:20 | INFO: Extracting primitive: DAGUAN_amber_transom.002
03:12:20 | INFO: Primitives created: 1
03:12:20 | INFO: Extracting primitive: DAGUAN_closed_door.010
03:12:20 | INFO: Primitives created: 1
03:12:20 | INFO: Extracting primitive: DAGUAN_recessed_panel.020
03:12:20 | INFO: Primitives created: 1
03:12:20 | INFO: Extracting primitive: DAGUAN_column.006
03:12:20 | INFO: Primitives created: 1
03:12:20 | INFO: Extracting primitive: DAGUAN_platform.001
03:12:20 | INFO: Primitives created: 1
03:12:20 | INFO: Extracting primitive: DAGUAN_lower_roof.001
03:12:20 | INFO: Primitives created: 1
03:12:20 | INFO: Extracting primitive: DAGUAN_front.001
03:12:20 | INFO: Primitives created: 1
03:12:20 | INFO: Extracting primitive: DAOXIANG_backstage.001
03:12:20 | INFO: Primitives created: 1
03:12:20 | INFO: Extracting primitive: DAOXIANG_door_latch.001
03:12:20 | INFO: Primitives created: 1
03:12:20 | INFO: Extracting primitive: DAOXIANG_warm_sliver.001
03:12:20 | INFO: Primitives created: 1
03:12:20 | INFO: Extracting primitive: DAOXIANG_closed_door.001
03:12:20 | INFO: Primitives created: 1
03:12:20 | INFO: Extracting primitive: DAOXIANG_paddy_painting.001
03:12:20 | INFO: Primitives created: 1
03:12:20 | INFO: Extracting primitive: DAOXIANG_court.001
03:12:20 | INFO: Primitives created: 1
03:12:20 | INFO: Extracting primitive: DAOXIANG_thatch_mass.001
03:12:20 | INFO: Primitives created: 1
03:12:20 | INFO: Extracting primitive: DAOXIANG_front.001
03:12:20 | INFO: Primitives created: 1
03:12:20 | INFO: Extracting primitive: SITE_hengwu-yuan_backstage.001
03:12:20 | INFO: Primitives created: 1
03:12:20 | INFO: Extracting primitive: KIT_pavilion_finial.011
03:12:20 | INFO: Primitives created: 1
03:12:20 | INFO: Extracting primitive: KIT_wall_amber_window.006
03:12:20 | INFO: Primitives created: 1
03:12:20 | INFO: Extracting primitive: HENGWU_herb_leaf.001
03:12:20 | INFO: Primitives created: 1
03:12:20 | INFO: Extracting primitive: KIT_wall_lattice_vertical.105
03:12:20 | INFO: Primitives created: 1
03:12:20 | INFO: Extracting primitive: SITE_hengwu-yuan_platform.001
03:12:20 | INFO: Primitives created: 1
03:12:20 | INFO: Extracting primitive: KIT_props_lantern_hanging_render.015
03:12:20 | WARNING: More than one shader node tex image used for a texture. The resulting glTF sampler will behave like the first shader node tex image.
03:12:20 | INFO: Primitives created: 1
03:12:20 | INFO: Extracting primitive: KIT_pavilion_roof.011
03:12:20 | INFO: Primitives created: 1
03:12:20 | INFO: Extracting primitive: KIT_wall_bay.001
03:12:20 | WARNING: More than one shader node tex image used for a texture. The resulting glTF sampler will behave like the first shader node tex image.
03:12:20 | INFO: Primitives created: 1
03:12:20 | INFO: Extracting primitive: SITE_hengwu-yuan_front.001
03:12:20 | INFO: Primitives created: 1
03:12:20 | INFO: Extracting primitive: LONGCUI_backstage.001
03:12:20 | INFO: Primitives created: 1
03:12:20 | INFO: Extracting primitive: LONGCUI_gate_pull.002
03:12:20 | INFO: Primitives created: 1
03:12:20 | INFO: Extracting primitive: LONGCUI_closed_gate.002
03:12:20 | INFO: Primitives created: 1
03:12:20 | INFO: Extracting primitive: LONGCUI_paving.001
03:12:20 | INFO: Primitives created: 1
03:12:20 | INFO: Extracting primitive: KIT_props_lantern_hanging_render.016
03:12:20 | INFO: Primitives created: 1
03:12:20 | INFO: Extracting primitive: LONGCUI_wall_cap.001
03:12:20 | INFO: Primitives created: 1
03:12:20 | INFO: Extracting primitive: LONGCUI_closed_front.001
03:12:20 | INFO: Primitives created: 1
03:12:20 | INFO: Extracting primitive: KIT_props_tea_cup.006
03:12:20 | INFO: Primitives created: 1
03:12:20 | INFO: Extracting primitive: KIT_water_lotus_leaf.007
03:12:20 | INFO: Primitives created: 1
03:12:20 | INFO: Extracting primitive: SITE_ouxiang_deck.001
03:12:20 | INFO: Primitives created: 1
03:12:20 | INFO: Extracting primitive: KIT_pavilion_water_pier.004
03:12:20 | INFO: Primitives created: 1
03:12:20 | INFO: Extracting primitive: KIT_props_lantern_hanging_render.013
03:12:20 | INFO: Primitives created: 1
03:12:20 | INFO: Extracting primitive: KIT_pavilion_water_hipped_roof.001
03:12:20 | INFO: Primitives created: 1
03:12:20 | INFO: Extracting primitive: KIT_water_lotus.021
03:12:20 | INFO: Primitives created: 1
03:12:20 | INFO: Extracting primitive: KIT_corridor_rail.008
03:12:20 | INFO: Primitives created: 1
03:12:20 | INFO: Extracting primitive: KIT_pavilion_roof_shell.001
03:12:20 | INFO: Primitives created: 1
03:12:20 | INFO: Extracting primitive: KIT_pavilion_plinth.001
03:12:20 | INFO: Primitives created: 1
03:12:20 | INFO: Extracting primitive: KIT_props_lantern_hanging_render.001
03:12:20 | INFO: Primitives created: 1
03:12:20 | INFO: Extracting primitive: KIT_water_stream.001
03:12:20 | INFO: Primitives created: 1
03:12:20 | INFO: Extracting primitive: SITE_qiushuang-zhai_backstage.001
03:12:20 | INFO: Primitives created: 1
03:12:20 | INFO: Extracting primitive: KIT_pavilion_finial.005
03:12:20 | INFO: Primitives created: 1
03:12:20 | INFO: Extracting primitive: KIT_wall_lattice_vertical.042
03:12:20 | INFO: Primitives created: 1
03:12:20 | INFO: Extracting primitive: SITE_qiushuang-zhai_platform.001
03:12:20 | INFO: Primitives created: 1
03:12:20 | INFO: Extracting primitive: KIT_props_lantern_hanging_render.010
03:12:20 | INFO: Primitives created: 1
03:12:20 | INFO: Extracting primitive: KIT_pavilion_roof.005
03:12:20 | INFO: Primitives created: 1
03:12:20 | INFO: Extracting primitive: KIT_tech_terminal_desk_render.007
03:12:20 | WARNING: More than one shader node tex image used for a texture. The resulting glTF sampler will behave like the first shader node tex image.
03:12:20 | INFO: Primitives created: 1
03:12:20 | INFO: Extracting primitive: SITE_qiushuang-zhai_front.001
03:12:20 | INFO: Primitives created: 1
03:12:20 | INFO: Extracting primitive: GATE_banana_pseudostem.001
03:12:20 | INFO: Primitives created: 1
03:12:20 | INFO: Extracting primitive: GATE_banana_soil.001
03:12:20 | INFO: Primitives created: 1
03:12:20 | INFO: Extracting primitive: KIT_rockery_passage.001
03:12:21 | INFO: Primitives created: 1
03:12:21 | INFO: Extracting primitive: GATE_paving.002
03:12:21 | INFO: Primitives created: 1
03:12:21 | INFO: Extracting primitive: KIT_props_lantern_hanging_render.008
03:12:21 | INFO: Primitives created: 1
03:12:21 | INFO: Extracting primitive: KIT_stage_fog_plane_render.017
03:12:21 | INFO: Primitives created: 1
03:12:21 | INFO: Extracting primitive: KIT_stage_floor.001
03:12:21 | INFO: Primitives created: 1
03:12:21 | INFO: Extracting primitive: AOJING_approach_guard.001
03:12:21 | INFO: Primitives created: 1
03:12:21 | INFO: Extracting primitive: KIT_stage_painted_moon.001
03:12:21 | INFO: Primitives created: 1
03:12:21 | INFO: Extracting primitive: KIT_stage_painted_mountain_layer.003
03:12:21 | INFO: Primitives created: 1
03:12:21 | INFO: Extracting primitive: KIT_stage_painted_mountain_layer.004
03:12:21 | INFO: Primitives created: 1
03:12:21 | INFO: Extracting primitive: KIT_stage_painted_mountain_layer.005
03:12:21 | INFO: Primitives created: 1
03:12:21 | INFO: Extracting primitive: KIT_water_stone_walk.005
03:12:21 | INFO: Primitives created: 1
03:12:21 | INFO: Extracting primitive: Painted coved ceiling candidate.001
03:12:21 | INFO: Primitives created: 1
03:12:21 | INFO: Extracting primitive: KIT_stage_painted_canvas.002
03:12:21 | INFO: Primitives created: 1
03:12:21 | INFO: Extracting primitive: Eight painted cyclorama arcs.001
03:12:21 | WARNING: More than one shader node tex image used for a texture. The resulting glTF sampler will behave like the first shader node tex image.
03:12:21 | INFO: Primitives created: 2
03:12:21 | INFO: Extracting primitive: KIT_stage_fog_plane_render.002
03:12:21 | INFO: Primitives created: 1
03:12:21 | INFO: Extracting primitive: KIT_tech_cell_side.012
03:12:21 | INFO: Primitives created: 1
03:12:21 | INFO: Extracting primitive: KIT_wall_window_bar.030
03:12:21 | INFO: Primitives created: 1
03:12:21 | INFO: Extracting primitive: KIT_stage_entry_walk.002
03:12:21 | INFO: Primitives created: 1
03:12:21 | INFO: Extracting primitive: KIT_props_folding_chair_render.001
03:12:21 | INFO: Primitives created: 1
03:12:21 | INFO: Extracting primitive: KIT_stage_floor_boards_render.002
03:12:21 | INFO: Primitives created: 1
03:12:21 | INFO: Extracting primitive: KIT_stage_gel_frame_render.002
03:12:21 | INFO: Primitives created: 2
03:12:21 | INFO: Extracting primitive: KIT_stage_studio_wall_render.002
03:12:21 | INFO: Primitives created: 1
03:12:21 | INFO: Extracting primitive: KIT_stage_fog_plane_render.020
03:12:21 | INFO: Primitives created: 1
03:12:21 | INFO: Extracting primitive: KIT_tech_terminal_desk_render.001
03:12:21 | INFO: Primitives created: 1
03:12:21 | INFO: Extracting primitive: KIT_props_scroll_render.001
03:12:21 | WARNING: More than one shader node tex image used for a texture. The resulting glTF sampler will behave like the first shader node tex image.
03:12:21 | INFO: Primitives created: 1
03:12:21 | INFO: Extracting primitive: SITE_tubi-tang_backstage.001
03:12:21 | INFO: Primitives created: 1
03:12:21 | INFO: Extracting primitive: KIT_pavilion_finial.007
03:12:21 | INFO: Primitives created: 1
03:12:21 | INFO: Extracting primitive: KIT_wall_amber_window.003
03:12:21 | INFO: Primitives created: 1
03:12:21 | INFO: Extracting primitive: TUBI_topic_line.001
03:12:21 | INFO: Primitives created: 1
03:12:21 | INFO: Extracting primitive: KIT_wall_lattice_vertical.063
03:12:21 | INFO: Primitives created: 1
03:12:21 | INFO: Extracting primitive: SITE_tubi-tang_platform.001
03:12:21 | INFO: Primitives created: 1
03:12:21 | INFO: Extracting primitive: KIT_props_lantern_hanging_render.012
03:12:21 | INFO: Primitives created: 1
03:12:21 | INFO: Extracting primitive: KIT_pavilion_roof.007
03:12:21 | INFO: Primitives created: 1
03:12:21 | INFO: Extracting primitive: TUBI_terrace.002
03:12:21 | INFO: Primitives created: 1
03:12:21 | INFO: Extracting primitive: SITE_tubi-tang_front.001
03:12:21 | INFO: Primitives created: 1
03:12:21 | INFO: Extracting primitive: XIAOXIANG_black_back.001
03:12:21 | INFO: Primitives created: 1
03:12:21 | INFO: Extracting primitive: XIAOXIANG_gate_pull.002
03:12:21 | INFO: Primitives created: 1
03:12:21 | INFO: Extracting primitive: XIAOXIANG_amber_window.001
03:12:21 | INFO: Primitives created: 1
03:12:21 | INFO: Extracting primitive: XIAOXIANG_gate_leaf.002
03:12:21 | INFO: Primitives created: 1
03:12:21 | INFO: Extracting primitive: XIAOXIANG_paving.001
03:12:21 | INFO: Primitives created: 1
03:12:21 | INFO: Extracting primitive: XIAOXIANG_wall_cap.001
03:12:21 | INFO: Primitives created: 1
03:12:21 | INFO: Extracting primitive: XIAOXIANG_closed_front.001
03:12:21 | INFO: Primitives created: 1
03:12:21 | INFO: Extracting primitive: YIHONG_backstage.002
03:12:21 | INFO: Primitives created: 1
03:12:21 | INFO: Extracting primitive: YIHONG_door_rail.001
03:12:21 | INFO: Primitives created: 1
03:12:21 | INFO: Extracting primitive: YIHONG_amber_window.002
03:12:21 | INFO: Primitives created: 1
03:12:21 | INFO: Extracting primitive: YIHONG_door_panel.001
03:12:21 | INFO: Primitives created: 1
03:12:21 | INFO: Extracting primitive: YIHONG_paving.002
03:12:21 | INFO: Primitives created: 1
03:12:21 | INFO: Extracting primitive: YIHONG_court_cap.001
03:12:21 | INFO: Primitives created: 1
03:12:21 | INFO: Extracting primitive: YIHONG_closed_front.002
03:12:21 | INFO: Primitives created: 1
03:12:21 | INFO: Extracting primitive: KIT_water_lotus_leaf.011
03:12:21 | INFO: Primitives created: 1
03:12:21 | INFO: Extracting primitive: KIT_water_plank.002
03:12:21 | INFO: Primitives created: 1
03:12:21 | INFO: Extracting primitive: SITE_ziling_island.001
03:12:21 | INFO: Primitives created: 1
03:12:21 | INFO: Finished glTF 2.0 export in 0.595695972442627 s

{"engine": "Godot", "sites": {"stage": {"objects": 100, "triangles": 11188, "render_meshes": 11, "colliders": 87, "triggers": 0}, "qinfang-ting": {"objects": 145, "triangles": 41324, "render_meshes": 27, "colliders": 103, "triggers": 7}, "rockery-gate": {"objects": 27, "triangles": 15324, "render_meshes": 8, "colliders": 10, "triggers": 3}, "terminal-cells": {"objects": 113, "triangles": 37996, "render_meshes": 10, "colliders": 77, "triggers": 18}, "qiushuang-zhai": {"objects": 36, "triangles": 21754, "render_meshes": 11, "colliders": 13, "triggers": 5}, "tubi-tang": {"objects": 37, "triangles": 11340, "render_meshes": 11, "colliders": 16, "triggers": 5}, "daguan-lou": {"objects": 29, "triangles": 23666, "render_meshes": 10, "colliders": 13, "triggers": 3}, "ouxiang-xie": {"objects": 28, "triangles": 15450, "render_meshes": 6, "colliders": 13, "triggers": 4}, "hengwu-yuan": {"objects": 43, "triangles": 22102, "render_meshes": 11, "colliders": 23, "triggers": 4}, "yihong-yuan": {"objects": 28, "triangles": 2294, "render_meshes": 10, "colliders": 9, "triggers": 4}, "xiaoxiang-guan": {"objects": 30, "triangles": 7478, "render_meshes": 12, "colliders": 9, "triggers": 4}, "longcui-an": {"objects": 27, "triangles": 4638, "render_meshes": 10, "colliders": 8, "triggers": 4}, "aojing-guan": {"objects": 24, "triangles": 2788, "render_meshes": 8, "colliders": 7, "triggers": 3}, "daoxiang-cun": {"objects": 27, "triangles": 10862, "render_meshes": 9, "colliders": 8, "triggers": 4}, "ziling-zhou": {"objects": 23, "triangles": 7064, "render_meshes": 13, "colliders": 4, "triggers": 3}}, "warnings": ["Reference assets, not yet profiled on mobile.", "Lightmap bake remains unfinished; engine import evidence is recorded separately in godot/import-validation.json."], "total_triangles": 235268, "total_render_meshes": 167}
HENGWU_COMPACT_ROCK_CANDIDATE_EXPORTED /var/folders/gf/s_g2zvzj3jxbylz3ylbc7k4c0000gn/T/garden-hengwu-compact-rock-s_miidil
BlenderMCP addon unregistered
Blender 5.2.2 LTS (hash d13f752e3b9c built 2026-09-15 01:49:19)

Blender quit
