00:00.351  blend            | Read blend: "/Users/auchan/projects/garden-of-dreams/.superpowers/sdd/2026-09-23-garden-completion/island-face-source/lit-native-review/blender/authoring.blend"
BlenderMCP addon registered
INFO Draco is available, use library at /Applications/Blender.app/Contents/Resources/5.2/scripts/addons_core/io_scene_gltf2/libbf_intern_draco_bridge.dylib
INFO MeshOptimizer is available, use library at /Applications/Blender.app/Contents/Resources/5.2/scripts/addons_core/io_scene_gltf2/libbf_intern_meshopt_bridge.dylib
20:45:46 | INFO: Starting glTF 2.0 export
20:45:46 | INFO: Extracting primitive: COL_aojing_approach.001
20:45:46 | INFO: Primitives created: 1
20:45:46 | INFO: Extracting primitive: COL_aojing_approach.004
20:45:46 | INFO: Primitives created: 1
20:45:46 | INFO: Extracting primitive: COL_aojing_approach_guard.001
20:45:46 | INFO: Primitives created: 1
20:45:46 | INFO: Extracting primitive: COL_aojing_approach_guard.004
20:45:46 | INFO: Primitives created: 1
20:45:46 | INFO: Extracting primitive: COL_aojing_approach_ramp.002
20:45:46 | INFO: Primitives created: 1
20:45:46 | INFO: Extracting primitive: COL_daoxiang_approach.002
20:45:46 | INFO: Primitives created: 1
20:45:46 | INFO: Extracting primitive: COL_daoxiang_approach.003
20:45:46 | INFO: Primitives created: 1
20:45:46 | INFO: Extracting primitive: COL_hengwu_approach.002
20:45:46 | INFO: Primitives created: 1
20:45:46 | INFO: Extracting primitive: COL_hengwu_approach.003
20:45:46 | INFO: Primitives created: 1
20:45:46 | INFO: Extracting primitive: COL_longcui_approach.003
20:45:46 | INFO: Primitives created: 1
20:45:46 | INFO: Extracting primitive: COL_longcui_approach.004
20:45:46 | INFO: Primitives created: 1
20:45:46 | INFO: Extracting primitive: COL_longcui_approach.005
20:45:46 | INFO: Primitives created: 1
20:45:46 | INFO: Extracting primitive: Cube.009
20:45:46 | INFO: Primitives created: 1
20:45:46 | INFO: Extracting primitive: Cube.011
20:45:46 | INFO: Primitives created: 1
20:45:46 | INFO: Extracting primitive: Cube.012
20:45:46 | INFO: Primitives created: 1
20:45:46 | INFO: Extracting primitive: Cube.013
20:45:46 | INFO: Primitives created: 1
20:45:46 | INFO: Extracting primitive: Cube.019
20:45:46 | INFO: Primitives created: 1
20:45:46 | INFO: Extracting primitive: Cube.020
20:45:46 | INFO: Primitives created: 1
20:45:46 | INFO: Extracting primitive: Cube.023
20:45:46 | INFO: Primitives created: 1
20:45:46 | INFO: Extracting primitive: Cube.024
20:45:46 | INFO: Primitives created: 1
20:45:46 | INFO: Extracting primitive: Cube.048
20:45:46 | INFO: Primitives created: 1
20:45:46 | INFO: Extracting primitive: Cube.050
20:45:46 | INFO: Primitives created: 1
20:45:46 | INFO: Extracting primitive: Cube.052
20:45:46 | INFO: Primitives created: 1
20:45:46 | INFO: Extracting primitive: Cube.092
20:45:46 | INFO: Primitives created: 1
20:45:46 | INFO: Extracting primitive: Cube.093
20:45:46 | INFO: Primitives created: 1
20:45:46 | INFO: Extracting primitive: Cube.094
20:45:46 | INFO: Primitives created: 1
20:45:46 | INFO: Extracting primitive: Cube.095
20:45:46 | INFO: Primitives created: 1
20:45:46 | INFO: Extracting primitive: Cube.096
20:45:46 | INFO: Primitives created: 1
20:45:46 | INFO: Extracting primitive: Cube.097
20:45:46 | INFO: Primitives created: 1
20:45:46 | INFO: Extracting primitive: Cube.098
20:45:46 | INFO: Primitives created: 1
20:45:46 | INFO: Extracting primitive: Cube.099
20:45:46 | INFO: Primitives created: 1
20:45:46 | INFO: Extracting primitive: Cube.100
20:45:46 | INFO: Primitives created: 1
20:45:46 | INFO: Extracting primitive: Cube.101
20:45:46 | INFO: Primitives created: 1
20:45:46 | INFO: Extracting primitive: Cube.102
20:45:46 | INFO: Primitives created: 1
20:45:46 | INFO: Extracting primitive: Cube.103
20:45:46 | INFO: Primitives created: 1
20:45:46 | INFO: Extracting primitive: Cube.104
20:45:46 | INFO: Primitives created: 1
20:45:46 | INFO: Extracting primitive: Cube.105
20:45:46 | INFO: Primitives created: 1
20:45:46 | INFO: Extracting primitive: Cube.106
20:45:46 | INFO: Primitives created: 1
20:45:46 | INFO: Extracting primitive: Cube.107
20:45:46 | INFO: Primitives created: 1
20:45:46 | INFO: Extracting primitive: Cube.108
20:45:46 | INFO: Primitives created: 1
20:45:46 | INFO: Extracting primitive: Cube.109
20:45:46 | INFO: Primitives created: 1
20:45:46 | INFO: Extracting primitive: Cube.110
20:45:46 | INFO: Primitives created: 1
20:45:46 | INFO: Extracting primitive: Cube.111
20:45:46 | INFO: Primitives created: 1
20:45:46 | INFO: Extracting primitive: Cube.112
20:45:46 | INFO: Primitives created: 1
20:45:46 | INFO: Extracting primitive: Cube.113
20:45:46 | INFO: Primitives created: 1
20:45:46 | INFO: Extracting primitive: Cube.114
20:45:46 | INFO: Primitives created: 1
20:45:46 | INFO: Extracting primitive: Cube.115
20:45:46 | INFO: Primitives created: 1
20:45:46 | INFO: Extracting primitive: Cube.116
20:45:46 | INFO: Primitives created: 1
20:45:46 | INFO: Extracting primitive: Cube.117
20:45:46 | INFO: Primitives created: 1
20:45:46 | INFO: Extracting primitive: Cube.118
20:45:46 | INFO: Primitives created: 1
20:45:46 | INFO: Extracting primitive: Cube.119
20:45:46 | INFO: Primitives created: 1
20:45:46 | INFO: Extracting primitive: Cube.120
20:45:46 | INFO: Primitives created: 1
20:45:46 | INFO: Extracting primitive: Cube.121
20:45:46 | INFO: Primitives created: 1
20:45:46 | INFO: Extracting primitive: Cube.122
20:45:46 | INFO: Primitives created: 1
20:45:46 | INFO: Extracting primitive: Cube.123
20:45:46 | INFO: Primitives created: 1
20:45:46 | INFO: Extracting primitive: Cube.124
20:45:46 | INFO: Primitives created: 1
20:45:46 | INFO: Extracting primitive: Cube.125
20:45:46 | INFO: Primitives created: 1
20:45:46 | INFO: Extracting primitive: Cube.126
20:45:46 | INFO: Primitives created: 1
20:45:46 | INFO: Extracting primitive: Cube.127
20:45:46 | INFO: Primitives created: 1
20:45:46 | INFO: Extracting primitive: Cube.128
20:45:46 | INFO: Primitives created: 1
20:45:46 | INFO: Extracting primitive: Cube.129
20:45:46 | INFO: Primitives created: 1
20:45:46 | INFO: Extracting primitive: Cube.130
20:45:46 | INFO: Primitives created: 1
20:45:46 | INFO: Extracting primitive: Cube.131
20:45:46 | INFO: Primitives created: 1
20:45:46 | INFO: Extracting primitive: Cube.132
20:45:46 | INFO: Primitives created: 1
20:45:46 | INFO: Extracting primitive: Cube.133
20:45:46 | INFO: Primitives created: 1
20:45:46 | INFO: Extracting primitive: Cube.134
20:45:46 | INFO: Primitives created: 1
20:45:46 | INFO: Extracting primitive: Cube.135
20:45:46 | INFO: Primitives created: 1
20:45:46 | INFO: Extracting primitive: Cube.136
20:45:46 | INFO: Primitives created: 1
20:45:46 | INFO: Extracting primitive: Cube.137
20:45:46 | INFO: Primitives created: 1
20:45:46 | INFO: Extracting primitive: Cube.138
20:45:46 | INFO: Primitives created: 1
20:45:46 | INFO: Extracting primitive: Cube.139
20:45:46 | INFO: Primitives created: 1
20:45:46 | INFO: Extracting primitive: Cube.140
20:45:46 | INFO: Primitives created: 1
20:45:46 | INFO: Extracting primitive: Cube.141
20:45:46 | INFO: Primitives created: 1
20:45:46 | INFO: Extracting primitive: Cube.142
20:45:46 | INFO: Primitives created: 1
20:45:46 | INFO: Extracting primitive: Cube.143
20:45:46 | INFO: Primitives created: 1
20:45:46 | INFO: Extracting primitive: Cube.144
20:45:46 | INFO: Primitives created: 1
20:45:46 | INFO: Extracting primitive: COL_stone_walk.005
20:45:46 | INFO: Primitives created: 1
20:45:46 | INFO: Extracting primitive: COL_stone_walk.008
20:45:46 | INFO: Primitives created: 1
20:45:46 | INFO: Extracting primitive: COL_stone_walk.009
20:45:46 | INFO: Primitives created: 1
20:45:46 | INFO: Extracting primitive: COL_stone_walk.010
20:45:46 | INFO: Primitives created: 1
20:45:46 | INFO: Extracting primitive: COL_stone_walk.011
20:45:46 | INFO: Primitives created: 1
20:45:46 | INFO: Extracting primitive: COL_stone_walk.012
20:45:46 | INFO: Primitives created: 1
20:45:46 | INFO: Extracting primitive: COL_study_approach.002
20:45:46 | INFO: Primitives created: 1
20:45:46 | INFO: Extracting primitive: COL_tubi_approach.001
20:45:46 | INFO: Primitives created: 1
20:45:46 | INFO: Extracting primitive: COL_tubi_approach.002
20:45:46 | INFO: Primitives created: 1
20:45:46 | INFO: Extracting primitive: COL_tubi_approach.007
20:45:46 | INFO: Primitives created: 1
20:45:46 | INFO: Extracting primitive: COL_tubi_approach.008
20:45:46 | INFO: Primitives created: 1
20:45:46 | INFO: Extracting primitive: KIT_stage_floor.001
20:45:46 | INFO: Primitives created: 1
20:45:46 | INFO: Extracting primitive: AOJING_approach_guard.001
20:45:46 | INFO: Primitives created: 1
20:45:46 | INFO: Extracting primitive: KIT_stage_painted_moon.001
20:45:46 | INFO: Primitives created: 1
20:45:46 | INFO: Extracting primitive: KIT_stage_painted_mountain_layer.003
20:45:46 | INFO: Primitives created: 1
20:45:46 | INFO: Extracting primitive: KIT_stage_painted_mountain_layer.004
20:45:46 | INFO: Primitives created: 1
20:45:46 | INFO: Extracting primitive: KIT_stage_painted_mountain_layer.005
20:45:46 | INFO: Primitives created: 1
20:45:46 | INFO: Extracting primitive: KIT_water_stone_walk.005
20:45:46 | INFO: Primitives created: 1
20:45:46 | INFO: Extracting primitive: Painted coved ceiling candidate.001
20:45:46 | INFO: Primitives created: 1
20:45:46 | INFO: Extracting primitive: KIT_stage_painted_canvas.002
20:45:46 | INFO: Primitives created: 1
20:45:46 | INFO: Extracting primitive: Eight painted cyclorama arcs.001
20:45:46 | WARNING: More than one shader node tex image used for a texture. The resulting glTF sampler will behave like the first shader node tex image.
20:45:46 | INFO: Primitives created: 2
20:45:46 | INFO: Extracting primitive: KIT_stage_fog_plane_render.002
20:45:46 | INFO: Primitives created: 1
20:45:46 | INFO: Finished glTF 2.0 export in 0.16790413856506348 s

20:46:00 | INFO: Starting glTF 2.0 export
20:46:00 | INFO: Extracting primitive: Cube.147
20:46:00 | INFO: Primitives created: 1
20:46:00 | INFO: Extracting primitive: Cube.148
20:46:00 | INFO: Primitives created: 1
20:46:00 | INFO: Extracting primitive: Cube.149
20:46:00 | INFO: Primitives created: 1
20:46:00 | INFO: Extracting primitive: Cube.150
20:46:00 | INFO: Primitives created: 1
20:46:00 | INFO: Extracting primitive: COL_bridge_crosswalk.002
20:46:00 | INFO: Primitives created: 1
20:46:00 | INFO: Extracting primitive: COL_bridge_crosswalk.003
20:46:00 | INFO: Primitives created: 1
20:46:00 | INFO: Extracting primitive: COL_floor_joint_pavilion_east_joint.001
20:46:00 | INFO: Primitives created: 1
20:46:00 | INFO: Extracting primitive: COL_floor_joint_pavilion_west_joint.001
20:46:00 | INFO: Primitives created: 1
20:46:00 | INFO: Extracting primitive: Cube.146
20:46:00 | INFO: Primitives created: 1
20:46:00 | INFO: Extracting primitive: Cube.145
20:46:00 | INFO: Primitives created: 1
20:46:00 | INFO: Extracting primitive: COL_corridor_floor.009
20:46:00 | INFO: Primitives created: 1
20:46:00 | INFO: Extracting primitive: COL_corridor_side.015
20:46:00 | INFO: Primitives created: 1
20:46:00 | INFO: Extracting primitive: COL_corridor_side.016
20:46:00 | INFO: Primitives created: 1
20:46:00 | INFO: Extracting primitive: COL_corridor_post.016
20:46:00 | INFO: Primitives created: 1
20:46:00 | INFO: Extracting primitive: COL_corridor_post.017
20:46:00 | INFO: Primitives created: 1
20:46:00 | INFO: Extracting primitive: COL_corridor_floor.010
20:46:00 | INFO: Primitives created: 1
20:46:00 | INFO: Extracting primitive: COL_corridor_side.017
20:46:00 | INFO: Primitives created: 1
20:46:00 | INFO: Extracting primitive: COL_corridor_side.018
20:46:00 | INFO: Primitives created: 1
20:46:00 | INFO: Extracting primitive: COL_corridor_post.018
20:46:00 | INFO: Primitives created: 1
20:46:00 | INFO: Extracting primitive: COL_corridor_post.019
20:46:00 | INFO: Primitives created: 1
20:46:00 | INFO: Extracting primitive: COL_corridor_floor.011
20:46:00 | INFO: Primitives created: 1
20:46:00 | INFO: Extracting primitive: COL_corridor_side.019
20:46:00 | INFO: Primitives created: 1
20:46:00 | INFO: Extracting primitive: COL_corridor_side.020
20:46:00 | INFO: Primitives created: 1
20:46:00 | INFO: Extracting primitive: COL_corridor_post.020
20:46:00 | INFO: Primitives created: 1
20:46:00 | INFO: Extracting primitive: COL_corridor_post.021
20:46:00 | INFO: Primitives created: 1
20:46:00 | INFO: Extracting primitive: COL_corridor_floor.012
20:46:00 | INFO: Primitives created: 1
20:46:00 | INFO: Extracting primitive: COL_corridor_side.021
20:46:00 | INFO: Primitives created: 1
20:46:00 | INFO: Extracting primitive: COL_corridor_side.022
20:46:00 | INFO: Primitives created: 1
20:46:00 | INFO: Extracting primitive: COL_corridor_post.022
20:46:00 | INFO: Primitives created: 1
20:46:00 | INFO: Extracting primitive: COL_corridor_post.023
20:46:00 | INFO: Primitives created: 1
20:46:00 | INFO: Extracting primitive: COL_corridor_floor.001
20:46:00 | INFO: Primitives created: 1
20:46:00 | INFO: Extracting primitive: COL_corridor_side.001
20:46:00 | INFO: Primitives created: 1
20:46:00 | INFO: Extracting primitive: COL_corridor_side.002
20:46:00 | INFO: Primitives created: 1
20:46:00 | INFO: Extracting primitive: COL_corridor_post.001
20:46:00 | INFO: Primitives created: 1
20:46:00 | INFO: Extracting primitive: COL_corridor_post.002
20:46:00 | INFO: Primitives created: 1
20:46:00 | INFO: Extracting primitive: COL_corridor_floor.002
20:46:00 | INFO: Primitives created: 1
20:46:00 | INFO: Extracting primitive: COL_corridor_side.003
20:46:00 | INFO: Primitives created: 1
20:46:00 | INFO: Extracting primitive: COL_corridor_side.004
20:46:00 | INFO: Primitives created: 1
20:46:00 | INFO: Extracting primitive: COL_corridor_post.003
20:46:00 | INFO: Primitives created: 1
20:46:00 | INFO: Extracting primitive: COL_corridor_post.004
20:46:00 | INFO: Primitives created: 1
20:46:00 | INFO: Extracting primitive: COL_corridor_floor.003
20:46:00 | INFO: Primitives created: 1
20:46:00 | INFO: Extracting primitive: COL_corridor_side.005
20:46:00 | INFO: Primitives created: 1
20:46:00 | INFO: Extracting primitive: COL_corridor_side.006
20:46:00 | INFO: Primitives created: 1
20:46:00 | INFO: Extracting primitive: COL_corridor_post.005
20:46:00 | INFO: Primitives created: 1
20:46:00 | INFO: Extracting primitive: COL_corridor_post.006
20:46:00 | INFO: Primitives created: 1
20:46:00 | INFO: Extracting primitive: COL_corridor_floor.004
20:46:00 | INFO: Primitives created: 1
20:46:00 | INFO: Extracting primitive: COL_corridor_side.007
20:46:00 | INFO: Primitives created: 1
20:46:00 | INFO: Extracting primitive: COL_corridor_side.008
20:46:00 | INFO: Primitives created: 1
20:46:00 | INFO: Extracting primitive: COL_corridor_post.007
20:46:00 | INFO: Primitives created: 1
20:46:00 | INFO: Extracting primitive: COL_corridor_post.008
20:46:00 | INFO: Primitives created: 1
20:46:00 | INFO: Extracting primitive: COL_corridor_floor.005
20:46:00 | INFO: Primitives created: 1
20:46:00 | INFO: Extracting primitive: COL_corridor_side.009
20:46:00 | INFO: Primitives created: 1
20:46:00 | INFO: Extracting primitive: COL_corridor_side.010
20:46:00 | INFO: Primitives created: 1
20:46:00 | INFO: Extracting primitive: COL_corridor_post.009
20:46:00 | INFO: Primitives created: 1
20:46:00 | INFO: Extracting primitive: COL_corridor_post.010
20:46:00 | INFO: Primitives created: 1
20:46:00 | INFO: Extracting primitive: COL_corridor_floor.006
20:46:00 | INFO: Primitives created: 1
20:46:00 | INFO: Extracting primitive: COL_corridor_side.011
20:46:00 | INFO: Primitives created: 1
20:46:00 | INFO: Extracting primitive: COL_corridor_post.011
20:46:00 | INFO: Primitives created: 1
20:46:00 | INFO: Extracting primitive: COL_corridor_post.012
20:46:00 | INFO: Primitives created: 1
20:46:00 | INFO: Extracting primitive: COL_corridor_floor.007
20:46:00 | INFO: Primitives created: 1
20:46:00 | INFO: Extracting primitive: COL_corridor_side.012
20:46:00 | INFO: Primitives created: 1
20:46:00 | INFO: Extracting primitive: COL_corridor_post.013
20:46:00 | INFO: Primitives created: 1
20:46:00 | INFO: Extracting primitive: COL_corridor_floor.008
20:46:00 | INFO: Primitives created: 1
20:46:00 | INFO: Extracting primitive: COL_corridor_side.013
20:46:00 | INFO: Primitives created: 1
20:46:00 | INFO: Extracting primitive: COL_corridor_side.014
20:46:00 | INFO: Primitives created: 1
20:46:00 | INFO: Extracting primitive: COL_corridor_post.014
20:46:00 | INFO: Primitives created: 1
20:46:00 | INFO: Extracting primitive: COL_corridor_post.015
20:46:00 | INFO: Primitives created: 1
20:46:00 | INFO: Extracting primitive: COL_corridor_floor.013
20:46:00 | INFO: Primitives created: 1
20:46:00 | INFO: Extracting primitive: COL_corridor_side.023
20:46:00 | INFO: Primitives created: 1
20:46:00 | INFO: Extracting primitive: COL_corridor_side.024
20:46:00 | INFO: Primitives created: 1
20:46:00 | INFO: Extracting primitive: COL_corridor_post.024
20:46:00 | INFO: Primitives created: 1
20:46:00 | INFO: Extracting primitive: COL_corridor_post.025
20:46:00 | INFO: Primitives created: 1
20:46:00 | INFO: Extracting primitive: COL_corridor_floor.014
20:46:00 | INFO: Primitives created: 1
20:46:00 | INFO: Extracting primitive: COL_corridor_side.025
20:46:00 | INFO: Primitives created: 1
20:46:00 | INFO: Extracting primitive: COL_corridor_side.026
20:46:00 | INFO: Primitives created: 1
20:46:00 | INFO: Extracting primitive: COL_corridor_post.026
20:46:00 | INFO: Primitives created: 1
20:46:00 | INFO: Extracting primitive: COL_corridor_post.027
20:46:00 | INFO: Primitives created: 1
20:46:00 | INFO: Extracting primitive: COL_corridor_floor.015
20:46:00 | INFO: Primitives created: 1
20:46:00 | INFO: Extracting primitive: COL_corridor_side.027
20:46:00 | INFO: Primitives created: 1
20:46:00 | INFO: Extracting primitive: COL_corridor_side.028
20:46:00 | INFO: Primitives created: 1
20:46:00 | INFO: Extracting primitive: COL_corridor_post.028
20:46:00 | INFO: Primitives created: 1
20:46:00 | INFO: Extracting primitive: COL_corridor_post.029
20:46:00 | INFO: Primitives created: 1
20:46:00 | INFO: Extracting primitive: COL_corridor_floor.016
20:46:00 | INFO: Primitives created: 1
20:46:00 | INFO: Extracting primitive: COL_corridor_side.029
20:46:00 | INFO: Primitives created: 1
20:46:00 | INFO: Extracting primitive: COL_corridor_side.030
20:46:00 | INFO: Primitives created: 1
20:46:00 | INFO: Extracting primitive: COL_corridor_post.030
20:46:00 | INFO: Primitives created: 1
20:46:00 | INFO: Extracting primitive: COL_corridor_post.031
20:46:00 | INFO: Primitives created: 1
20:46:00 | INFO: Extracting primitive: COL_qinfang_deck.001
20:46:00 | INFO: Primitives created: 1
20:46:00 | INFO: Extracting primitive: COL_pavilion_bench.001
20:46:00 | INFO: Primitives created: 1
20:46:00 | INFO: Extracting primitive: COL_pavilion_bench.002
20:46:00 | INFO: Primitives created: 1
20:46:00 | INFO: Extracting primitive: COL_pavilion_bracket.001
20:46:00 | INFO: Primitives created: 1
20:46:00 | INFO: Extracting primitive: COL_pavilion_bracket.002
20:46:00 | INFO: Primitives created: 1
20:46:00 | INFO: Extracting primitive: COL_pavilion_bracket.003
20:46:00 | INFO: Primitives created: 1
20:46:00 | INFO: Extracting primitive: COL_pavilion_bracket.004
20:46:00 | INFO: Primitives created: 1
20:46:00 | INFO: Extracting primitive: COL_pavilion_bracket.005
20:46:00 | INFO: Primitives created: 1
20:46:00 | INFO: Extracting primitive: COL_pavilion_bracket.006
20:46:00 | INFO: Primitives created: 1
20:46:00 | INFO: Extracting primitive: COL_pavilion_post.001
20:46:00 | INFO: Primitives created: 1
20:46:00 | INFO: Extracting primitive: COL_pavilion_post.002
20:46:00 | INFO: Primitives created: 1
20:46:00 | INFO: Extracting primitive: COL_pavilion_post.003
20:46:00 | INFO: Primitives created: 1
20:46:00 | INFO: Extracting primitive: COL_pavilion_post.004
20:46:00 | INFO: Primitives created: 1
20:46:00 | INFO: Extracting primitive: COL_pavilion_post.005
20:46:00 | INFO: Primitives created: 1
20:46:00 | INFO: Extracting primitive: COL_pavilion_post.006
20:46:00 | INFO: Primitives created: 1
20:46:00 | INFO: Extracting primitive: COL_pavilion_roof.001
20:46:00 | INFO: Primitives created: 1
20:46:00 | INFO: Extracting primitive: COL_water_embankment.082
20:46:00 | INFO: Primitives created: 1
20:46:00 | INFO: Extracting primitive: COL_water_embankment.083
20:46:00 | INFO: Primitives created: 1
20:46:00 | INFO: Extracting primitive: COL_water_embankment.084
20:46:00 | INFO: Primitives created: 1
20:46:00 | INFO: Extracting primitive: COL_water_embankment.085
20:46:00 | INFO: Primitives created: 1
20:46:00 | INFO: Extracting primitive: COL_water_embankment.086
20:46:00 | INFO: Primitives created: 1
20:46:00 | INFO: Extracting primitive: COL_water_embankment.087
20:46:00 | INFO: Primitives created: 1
20:46:00 | INFO: Extracting primitive: COL_water_embankment.088
20:46:00 | INFO: Primitives created: 1
20:46:00 | INFO: Extracting primitive: COL_water_embankment.089
20:46:00 | INFO: Primitives created: 1
20:46:00 | INFO: Extracting primitive: COL_water_embankment.090
20:46:00 | INFO: Primitives created: 1
20:46:00 | INFO: Extracting primitive: COL_water_embankment.091
20:46:00 | INFO: Primitives created: 1
20:46:00 | INFO: Extracting primitive: COL_water_embankment.092
20:46:00 | INFO: Primitives created: 1
20:46:00 | INFO: Extracting primitive: COL_water_embankment.093
20:46:00 | INFO: Primitives created: 1
20:46:00 | INFO: Extracting primitive: COL_water_embankment.094
20:46:00 | INFO: Primitives created: 1
20:46:00 | INFO: Extracting primitive: COL_water_embankment.095
20:46:00 | INFO: Primitives created: 1
20:46:00 | INFO: Extracting primitive: COL_water_embankment.096
20:46:00 | INFO: Primitives created: 1
20:46:00 | INFO: Extracting primitive: COL_water_embankment.097
20:46:00 | INFO: Primitives created: 1
20:46:00 | INFO: Extracting primitive: COL_water_embankment.098
20:46:00 | INFO: Primitives created: 1
20:46:00 | INFO: Extracting primitive: COL_water_embankment.099
20:46:00 | INFO: Primitives created: 1
20:46:00 | INFO: Extracting primitive: COL_water_embankment.100
20:46:00 | INFO: Primitives created: 1
20:46:00 | INFO: Extracting primitive: COL_water_embankment.101
20:46:00 | INFO: Primitives created: 1
20:46:00 | INFO: Extracting primitive: COL_water_embankment.102
20:46:00 | INFO: Primitives created: 1
20:46:00 | INFO: Extracting primitive: COL_water_embankment.103
20:46:00 | INFO: Primitives created: 1
20:46:00 | INFO: Extracting primitive: COL_water_embankment.104
20:46:00 | INFO: Primitives created: 1
20:46:00 | INFO: Extracting primitive: COL_water_embankment.105
20:46:00 | INFO: Primitives created: 1
20:46:00 | INFO: Extracting primitive: COL_water_embankment.106
20:46:00 | INFO: Primitives created: 1
20:46:00 | INFO: Extracting primitive: COL_water_embankment.107
20:46:00 | INFO: Primitives created: 1
20:46:00 | INFO: Extracting primitive: COL_water_embankment.108
20:46:00 | INFO: Primitives created: 1
20:46:00 | INFO: Extracting primitive: COL_water_embankment.055
20:46:00 | INFO: Primitives created: 1
20:46:00 | INFO: Extracting primitive: COL_water_embankment.056
20:46:00 | INFO: Primitives created: 1
20:46:00 | INFO: Extracting primitive: COL_water_embankment.057
20:46:00 | INFO: Primitives created: 1
20:46:00 | INFO: Extracting primitive: COL_water_embankment.058
20:46:00 | INFO: Primitives created: 1
20:46:00 | INFO: Extracting primitive: COL_water_embankment.059
20:46:00 | INFO: Primitives created: 1
20:46:00 | INFO: Extracting primitive: COL_water_embankment.060
20:46:00 | INFO: Primitives created: 1
20:46:00 | INFO: Extracting primitive: COL_water_embankment.061
20:46:00 | INFO: Primitives created: 1
20:46:00 | INFO: Extracting primitive: COL_water_embankment.062
20:46:00 | INFO: Primitives created: 1
20:46:00 | INFO: Extracting primitive: COL_water_embankment.063
20:46:00 | INFO: Primitives created: 1
20:46:00 | INFO: Extracting primitive: COL_water_embankment.064
20:46:00 | INFO: Primitives created: 1
20:46:00 | INFO: Extracting primitive: COL_water_embankment.065
20:46:00 | INFO: Primitives created: 1
20:46:00 | INFO: Extracting primitive: COL_water_embankment.066
20:46:00 | INFO: Primitives created: 1
20:46:00 | INFO: Extracting primitive: COL_water_embankment.067
20:46:00 | INFO: Primitives created: 1
20:46:00 | INFO: Extracting primitive: COL_water_embankment.068
20:46:00 | INFO: Primitives created: 1
20:46:00 | INFO: Extracting primitive: COL_water_embankment.069
20:46:00 | INFO: Primitives created: 1
20:46:00 | INFO: Extracting primitive: COL_water_embankment.070
20:46:00 | INFO: Primitives created: 1
20:46:00 | INFO: Extracting primitive: COL_water_embankment.071
20:46:00 | INFO: Primitives created: 1
20:46:00 | INFO: Extracting primitive: COL_water_embankment.072
20:46:00 | INFO: Primitives created: 1
20:46:00 | INFO: Extracting primitive: COL_water_embankment.073
20:46:00 | INFO: Primitives created: 1
20:46:00 | INFO: Extracting primitive: COL_water_embankment.074
20:46:00 | INFO: Primitives created: 1
20:46:00 | INFO: Extracting primitive: COL_water_embankment.075
20:46:00 | INFO: Primitives created: 1
20:46:00 | INFO: Extracting primitive: COL_water_embankment.076
20:46:00 | INFO: Primitives created: 1
20:46:00 | INFO: Extracting primitive: COL_water_embankment.077
20:46:00 | INFO: Primitives created: 1
20:46:00 | INFO: Extracting primitive: COL_water_embankment.078
20:46:00 | INFO: Primitives created: 1
20:46:00 | INFO: Extracting primitive: COL_water_embankment.079
20:46:00 | INFO: Primitives created: 1
20:46:00 | INFO: Extracting primitive: COL_water_embankment.080
20:46:00 | INFO: Primitives created: 1
20:46:00 | INFO: Extracting primitive: COL_water_embankment.081
20:46:00 | INFO: Primitives created: 1
20:46:00 | INFO: Extracting primitive: KIT_flora_bamboo_large_render.001
20:46:00 | WARNING: More than one shader node tex image used for a texture. The resulting glTF sampler will behave like the first shader node tex image.
20:46:00 | INFO: Primitives created: 1
20:46:00 | INFO: Extracting primitive: KIT_flora_bamboo_large_render.002
20:46:00 | INFO: Primitives created: 1
20:46:00 | INFO: Extracting primitive: KIT_flora_bamboo_small_render.001
20:46:00 | INFO: Primitives created: 1
20:46:00 | INFO: Extracting primitive: KIT_flora_willow_render.001
20:46:00 | INFO: Primitives created: 1
20:46:00 | INFO: Extracting primitive: KIT_flora_willow_render.002
20:46:00 | INFO: Primitives created: 1
20:46:00 | INFO: Extracting primitive: HERO_qinfang-ting_title.002
20:46:00 | WARNING: More than one shader node tex image used for a texture. The resulting glTF sampler will behave like the first shader node tex image.
20:46:00 | INFO: Primitives created: 1
20:46:00 | INFO: Extracting primitive: HERO_qinfang_bridge.001
20:46:00 | INFO: Primitives created: 1
20:46:00 | INFO: Extracting primitive: HERO_table_hexagram.001
20:46:00 | INFO: Primitives created: 1
20:46:00 | INFO: Extracting primitive: line_piece.005
20:46:00 | WARNING: More than one shader node tex image used for a texture. The resulting glTF sampler will behave like the first shader node tex image.
20:46:00 | INFO: Primitives created: 1
20:46:00 | INFO: Extracting primitive: line_piece.002
20:46:00 | INFO: Primitives created: 1
20:46:00 | INFO: Extracting primitive: line_piece.011
20:46:00 | INFO: Primitives created: 1
20:46:00 | INFO: Extracting primitive: line_piece.008
20:46:00 | INFO: Primitives created: 1
20:46:00 | INFO: Extracting primitive: line_piece.017
20:46:00 | INFO: Primitives created: 1
20:46:00 | INFO: Extracting primitive: line_piece.014
20:46:00 | INFO: Primitives created: 1
20:46:00 | INFO: Extracting primitive: line_piece.019
20:46:00 | INFO: Primitives created: 1
20:46:00 | INFO: Extracting primitive: line_piece.018
20:46:00 | INFO: Primitives created: 1
20:46:00 | INFO: Extracting primitive: line_piece.021
20:46:00 | INFO: Primitives created: 1
20:46:00 | INFO: Extracting primitive: line_piece.020
20:46:00 | INFO: Primitives created: 1
20:46:00 | INFO: Extracting primitive: line_piece.023
20:46:00 | INFO: Primitives created: 1
20:46:00 | INFO: Extracting primitive: line_piece.022
20:46:00 | INFO: Primitives created: 1
20:46:00 | INFO: Extracting primitive: HERO_table_pedestal.001
20:46:00 | INFO: Primitives created: 1
20:46:00 | INFO: Extracting primitive: KIT_corridor_rail.008
20:46:00 | INFO: Primitives created: 1
20:46:00 | INFO: Extracting primitive: KIT_water_lotus_lotus_pad.001
20:46:00 | INFO: Primitives created: 1
20:46:00 | INFO: Extracting primitive: KIT_pavilion_roof_shell.001
20:46:00 | INFO: Primitives created: 1
20:46:00 | INFO: Extracting primitive: KIT_pavilion_plinth.001
20:46:00 | INFO: Primitives created: 1
20:46:00 | INFO: Extracting primitive: KIT_props_lantern_hanging_render.001
20:46:00 | WARNING: More than one shader node tex image used for a texture. The resulting glTF sampler will behave like the first shader node tex image.
20:46:00 | INFO: Primitives created: 1
20:46:00 | INFO: Extracting primitive: KIT_water_stream.001
20:46:00 | INFO: Primitives created: 1
20:46:00 | INFO: Finished glTF 2.0 export in 0.276721715927124 s

20:46:00 | INFO: Starting glTF 2.0 export
20:46:00 | INFO: Extracting primitive: COL_GATE_banana_planter.001
20:46:00 | INFO: Primitives created: 1
20:46:00 | INFO: Extracting primitive: KIT_rockery_passage.022
20:46:00 | INFO: Primitives created: 1
20:46:00 | INFO: Extracting primitive: KIT_rockery_passage.024
20:46:00 | INFO: Primitives created: 1
20:46:00 | INFO: Extracting primitive: KIT_rockery_cliff.006
20:46:00 | INFO: Primitives created: 1
20:46:00 | INFO: Extracting primitive: KIT_rockery_cliff.008
20:46:00 | INFO: Primitives created: 1
20:46:00 | INFO: Extracting primitive: KIT_rockery_passage.004
20:46:00 | INFO: Primitives created: 1
20:46:00 | INFO: Extracting primitive: KIT_rockery_passage.016
20:46:00 | INFO: Primitives created: 1
20:46:00 | INFO: Extracting primitive: KIT_rockery_passage.018
20:46:00 | INFO: Primitives created: 1
20:46:00 | INFO: Extracting primitive: KIT_rockery_passage.020
20:46:00 | INFO: Primitives created: 1
20:46:00 | INFO: Extracting primitive: GATE_paving.003
20:46:00 | INFO: Primitives created: 1
20:46:00 | INFO: Extracting primitive: HERO_gate_inscription.001
20:46:00 | WARNING: More than one shader node tex image used for a texture. The resulting glTF sampler will behave like the first shader node tex image.
20:46:00 | INFO: Primitives created: 1
20:46:00 | INFO: Extracting primitive: HERO_gate_water_drips.001
20:46:00 | WARNING: More than one shader node tex image used for a texture. The resulting glTF sampler will behave like the first shader node tex image.
20:46:00 | INFO: Primitives created: 1
20:46:00 | INFO: Extracting primitive: GATE_banana_pseudostem.001
20:46:00 | INFO: Primitives created: 1
20:46:00 | INFO: Extracting primitive: GATE_banana_soil.001
20:46:00 | INFO: Primitives created: 1
20:46:00 | INFO: Extracting primitive: KIT_rockery_passage.001
20:46:00 | WARNING: More than one shader node tex image used for a texture. The resulting glTF sampler will behave like the first shader node tex image.
20:46:00 | INFO: Primitives created: 1
20:46:00 | INFO: Extracting primitive: GATE_paving.002
20:46:00 | INFO: Primitives created: 1
20:46:00 | INFO: Extracting primitive: KIT_props_lantern_hanging_render.008
20:46:00 | WARNING: More than one shader node tex image used for a texture. The resulting glTF sampler will behave like the first shader node tex image.
20:46:00 | INFO: Primitives created: 1
20:46:00 | INFO: Extracting primitive: KIT_stage_fog_plane_render.017
20:46:00 | INFO: Primitives created: 1
20:46:00 | INFO: Finished glTF 2.0 export in 0.0747830867767334 s

20:46:01 | INFO: Starting glTF 2.0 export
20:46:01 | INFO: Extracting primitive: COL_cell_floor.006
20:46:01 | INFO: Primitives created: 1
20:46:01 | INFO: Extracting primitive: COL_cell_floor.007
20:46:01 | INFO: Primitives created: 1
20:46:01 | INFO: Extracting primitive: COL_cell_floor.008
20:46:01 | INFO: Primitives created: 1
20:46:01 | INFO: Extracting primitive: COL_cell_floor.009
20:46:01 | INFO: Primitives created: 1
20:46:01 | INFO: Extracting primitive: COL_cell_floor.010
20:46:01 | INFO: Primitives created: 1
20:46:01 | INFO: Extracting primitive: COL_cell_floor.011
20:46:01 | INFO: Primitives created: 1
20:46:01 | INFO: Extracting primitive: COL_cell_wall.012
20:46:01 | INFO: Primitives created: 1
20:46:01 | INFO: Extracting primitive: COL_cell_wall.013
20:46:01 | INFO: Primitives created: 1
20:46:01 | INFO: Extracting primitive: COL_cell_wall.014
20:46:01 | INFO: Primitives created: 1
20:46:01 | INFO: Extracting primitive: COL_cell_wall.015
20:46:01 | INFO: Primitives created: 1
20:46:01 | INFO: Extracting primitive: COL_cell_wall.016
20:46:01 | INFO: Primitives created: 1
20:46:01 | INFO: Extracting primitive: COL_cell_wall.017
20:46:01 | INFO: Primitives created: 1
20:46:01 | INFO: Extracting primitive: COL_cell_wall.018
20:46:01 | INFO: Primitives created: 1
20:46:01 | INFO: Extracting primitive: COL_cell_wall.019
20:46:01 | INFO: Primitives created: 1
20:46:01 | INFO: Extracting primitive: COL_cell_wall.020
20:46:01 | INFO: Primitives created: 1
20:46:01 | INFO: Extracting primitive: COL_cell_wall.021
20:46:01 | INFO: Primitives created: 1
20:46:01 | INFO: Extracting primitive: COL_cell_wall.022
20:46:01 | INFO: Primitives created: 1
20:46:01 | INFO: Extracting primitive: COL_cell_wall.023
20:46:01 | INFO: Primitives created: 1
20:46:01 | INFO: Extracting primitive: COL_entry_corridor.001
20:46:01 | INFO: Primitives created: 1
20:46:01 | INFO: Extracting primitive: COL_entry_walk.002
20:46:01 | INFO: Primitives created: 1
20:46:01 | INFO: Extracting primitive: COL_entry_walk.003
20:46:01 | INFO: Primitives created: 1
20:46:01 | INFO: Extracting primitive: COL_floor_joint_cell_threshold_0.001
20:46:01 | INFO: Primitives created: 1
20:46:01 | INFO: Extracting primitive: COL_floor_joint_cell_threshold_1.001
20:46:01 | INFO: Primitives created: 1
20:46:01 | INFO: Extracting primitive: COL_floor_joint_cell_threshold_2.001
20:46:01 | INFO: Primitives created: 1
20:46:01 | INFO: Extracting primitive: COL_floor_joint_cell_threshold_3.001
20:46:01 | INFO: Primitives created: 1
20:46:01 | INFO: Extracting primitive: COL_floor_joint_cell_threshold_4.001
20:46:01 | INFO: Primitives created: 1
20:46:01 | INFO: Extracting primitive: COL_floor_joint_cell_threshold_5.001
20:46:01 | INFO: Primitives created: 1
20:46:01 | INFO: Extracting primitive: Cube.193
20:46:01 | INFO: Primitives created: 1
20:46:01 | INFO: Extracting primitive: Cube.194
20:46:01 | INFO: Primitives created: 1
20:46:01 | INFO: Extracting primitive: Cube.195
20:46:01 | INFO: Primitives created: 1
20:46:01 | INFO: Extracting primitive: Cube.196
20:46:01 | INFO: Primitives created: 1
20:46:01 | INFO: Extracting primitive: Cube.197
20:46:01 | INFO: Primitives created: 1
20:46:01 | INFO: Extracting primitive: Cube.198
20:46:01 | INFO: Primitives created: 1
20:46:01 | INFO: Extracting primitive: Cube.199
20:46:01 | INFO: Primitives created: 1
20:46:01 | INFO: Extracting primitive: Cube.200
20:46:01 | INFO: Primitives created: 1
20:46:01 | INFO: Extracting primitive: Cube.151
20:46:01 | INFO: Primitives created: 1
20:46:01 | INFO: Extracting primitive: Cube.152
20:46:01 | INFO: Primitives created: 1
20:46:01 | INFO: Extracting primitive: Cube.153
20:46:01 | INFO: Primitives created: 1
20:46:01 | INFO: Extracting primitive: Cube.154
20:46:01 | INFO: Primitives created: 1
20:46:01 | INFO: Extracting primitive: Cube.155
20:46:01 | INFO: Primitives created: 1
20:46:01 | INFO: Extracting primitive: Cube.156
20:46:01 | INFO: Primitives created: 1
20:46:01 | INFO: Extracting primitive: Cube.157
20:46:01 | INFO: Primitives created: 1
20:46:01 | INFO: Extracting primitive: Cube.158
20:46:01 | INFO: Primitives created: 1
20:46:01 | INFO: Extracting primitive: Cube.159
20:46:01 | INFO: Primitives created: 1
20:46:01 | INFO: Extracting primitive: Cube.160
20:46:01 | INFO: Primitives created: 1
20:46:01 | INFO: Extracting primitive: Cube.161
20:46:01 | INFO: Primitives created: 1
20:46:01 | INFO: Extracting primitive: Cube.162
20:46:01 | INFO: Primitives created: 1
20:46:01 | INFO: Extracting primitive: Cube.163
20:46:01 | INFO: Primitives created: 1
20:46:01 | INFO: Extracting primitive: Cube.164
20:46:01 | INFO: Primitives created: 1
20:46:01 | INFO: Extracting primitive: Cube.165
20:46:01 | INFO: Primitives created: 1
20:46:01 | INFO: Extracting primitive: Cube.166
20:46:01 | INFO: Primitives created: 1
20:46:01 | INFO: Extracting primitive: Cube.167
20:46:01 | INFO: Primitives created: 1
20:46:01 | INFO: Extracting primitive: Cube.168
20:46:01 | INFO: Primitives created: 1
20:46:01 | INFO: Extracting primitive: Cube.169
20:46:01 | INFO: Primitives created: 1
20:46:01 | INFO: Extracting primitive: Cube.170
20:46:01 | INFO: Primitives created: 1
20:46:01 | INFO: Extracting primitive: Cube.171
20:46:01 | INFO: Primitives created: 1
20:46:01 | INFO: Extracting primitive: Cube.172
20:46:01 | INFO: Primitives created: 1
20:46:01 | INFO: Extracting primitive: Cube.173
20:46:01 | INFO: Primitives created: 1
20:46:01 | INFO: Extracting primitive: Cube.174
20:46:01 | INFO: Primitives created: 1
20:46:01 | INFO: Extracting primitive: Cube.175
20:46:01 | INFO: Primitives created: 1
20:46:01 | INFO: Extracting primitive: Cube.176
20:46:01 | INFO: Primitives created: 1
20:46:01 | INFO: Extracting primitive: Cube.177
20:46:01 | INFO: Primitives created: 1
20:46:01 | INFO: Extracting primitive: Cube.178
20:46:01 | INFO: Primitives created: 1
20:46:01 | INFO: Extracting primitive: Cube.179
20:46:01 | INFO: Primitives created: 1
20:46:01 | INFO: Extracting primitive: Cube.180
20:46:01 | INFO: Primitives created: 1
20:46:01 | INFO: Extracting primitive: Cube.181
20:46:01 | INFO: Primitives created: 1
20:46:01 | INFO: Extracting primitive: Cube.182
20:46:01 | INFO: Primitives created: 1
20:46:01 | INFO: Extracting primitive: Cube.183
20:46:01 | INFO: Primitives created: 1
20:46:01 | INFO: Extracting primitive: Cube.184
20:46:01 | INFO: Primitives created: 1
20:46:01 | INFO: Extracting primitive: Cube.185
20:46:01 | INFO: Primitives created: 1
20:46:01 | INFO: Extracting primitive: Cube.186
20:46:01 | INFO: Primitives created: 1
20:46:01 | INFO: Extracting primitive: Cube.187
20:46:01 | INFO: Primitives created: 1
20:46:01 | INFO: Extracting primitive: Cube.188
20:46:01 | INFO: Primitives created: 1
20:46:01 | INFO: Extracting primitive: Cube.189
20:46:01 | INFO: Primitives created: 1
20:46:01 | INFO: Extracting primitive: Cube.190
20:46:01 | INFO: Primitives created: 1
20:46:01 | INFO: Extracting primitive: Cube.191
20:46:01 | INFO: Primitives created: 1
20:46:01 | INFO: Extracting primitive: Cube.192
20:46:01 | INFO: Primitives created: 1
20:46:01 | INFO: Extracting primitive: KIT_tech_cell_side.012
20:46:01 | INFO: Primitives created: 1
20:46:01 | INFO: Extracting primitive: KIT_wall_window_bar.030
20:46:01 | INFO: Primitives created: 1
20:46:01 | INFO: Extracting primitive: KIT_stage_entry_walk.002
20:46:01 | INFO: Primitives created: 1
20:46:01 | INFO: Extracting primitive: KIT_props_folding_chair_render.001
20:46:01 | WARNING: More than one shader node tex image used for a texture. The resulting glTF sampler will behave like the first shader node tex image.
20:46:01 | INFO: Primitives created: 1
20:46:01 | INFO: Extracting primitive: KIT_stage_floor_boards_render.002
20:46:01 | WARNING: More than one shader node tex image used for a texture. The resulting glTF sampler will behave like the first shader node tex image.
20:46:01 | INFO: Primitives created: 1
20:46:01 | INFO: Extracting primitive: KIT_stage_gel_frame_render.002
20:46:01 | INFO: Primitives created: 2
20:46:01 | INFO: Extracting primitive: KIT_stage_studio_wall_render.002
20:46:01 | INFO: Primitives created: 1
20:46:01 | INFO: Extracting primitive: KIT_stage_fog_plane_render.020
20:46:01 | INFO: Primitives created: 1
20:46:01 | INFO: Extracting primitive: KIT_tech_terminal_desk_render.001
20:46:01 | WARNING: More than one shader node tex image used for a texture. The resulting glTF sampler will behave like the first shader node tex image.
20:46:01 | INFO: Primitives created: 1
20:46:01 | INFO: Extracting primitive: KIT_props_scroll_render.001
20:46:01 | WARNING: More than one shader node tex image used for a texture. The resulting glTF sampler will behave like the first shader node tex image.
20:46:01 | INFO: Primitives created: 1
20:46:01 | INFO: Finished glTF 2.0 export in 0.15924620628356934 s

20:46:02 | INFO: Starting glTF 2.0 export
20:46:02 | INFO: Extracting primitive: COL_qiushuang-zhai_floor.001
20:46:02 | INFO: Primitives created: 1
20:46:02 | INFO: Extracting primitive: COL_study_desk_centre.002
20:46:02 | INFO: Primitives created: 1
20:46:02 | INFO: Extracting primitive: COL_study_desk_left.002
20:46:02 | INFO: Primitives created: 1
20:46:02 | INFO: Extracting primitive: COL_study_desk_right.002
20:46:02 | INFO: Primitives created: 1
20:46:02 | INFO: Extracting primitive: COL_study_front_walk.002
20:46:02 | INFO: Primitives created: 1
20:46:02 | INFO: Extracting primitive: COL_study_front_wall.002
20:46:02 | INFO: Primitives created: 1
20:46:02 | INFO: Extracting primitive: COL_study_post.001
20:46:02 | INFO: Primitives created: 1
20:46:02 | INFO: Extracting primitive: COL_study_post.002
20:46:02 | INFO: Primitives created: 1
20:46:02 | INFO: Extracting primitive: COL_study_post.003
20:46:02 | INFO: Primitives created: 1
20:46:02 | INFO: Extracting primitive: COL_study_post.008
20:46:02 | INFO: Primitives created: 1
20:46:02 | INFO: Extracting primitive: Cube.201
20:46:02 | INFO: Primitives created: 1
20:46:02 | INFO: Extracting primitive: Cube.202
20:46:02 | INFO: Primitives created: 1
20:46:02 | INFO: Extracting primitive: Cube.203
20:46:02 | INFO: Primitives created: 1
20:46:02 | INFO: Extracting primitive: HERO_study_scroll_bamboo.002
20:46:02 | INFO: Primitives created: 1
20:46:02 | INFO: Extracting primitive: HERO_study_scroll_plum.002
20:46:02 | INFO: Primitives created: 1
20:46:02 | INFO: Extracting primitive: HERO_study_title.002
20:46:02 | WARNING: More than one shader node tex image used for a texture. The resulting glTF sampler will behave like the first shader node tex image.
20:46:02 | INFO: Primitives created: 1
20:46:02 | INFO: Extracting primitive: SITE_qiushuang-zhai_backstage.001
20:46:02 | INFO: Primitives created: 1
20:46:02 | INFO: Extracting primitive: KIT_pavilion_finial.005
20:46:02 | INFO: Primitives created: 1
20:46:02 | INFO: Extracting primitive: KIT_wall_lattice_vertical.042
20:46:02 | INFO: Primitives created: 1
20:46:02 | INFO: Extracting primitive: SITE_qiushuang-zhai_platform.001
20:46:02 | INFO: Primitives created: 1
20:46:02 | INFO: Extracting primitive: KIT_props_lantern_hanging_render.010
20:46:02 | WARNING: More than one shader node tex image used for a texture. The resulting glTF sampler will behave like the first shader node tex image.
20:46:02 | INFO: Primitives created: 1
20:46:02 | INFO: Extracting primitive: KIT_pavilion_roof.005
20:46:02 | INFO: Primitives created: 1
20:46:02 | INFO: Extracting primitive: KIT_tech_terminal_desk_render.007
20:46:02 | WARNING: More than one shader node tex image used for a texture. The resulting glTF sampler will behave like the first shader node tex image.
20:46:02 | INFO: Primitives created: 1
20:46:02 | INFO: Extracting primitive: SITE_qiushuang-zhai_front.001
20:46:02 | INFO: Primitives created: 1
20:46:02 | INFO: Finished glTF 2.0 export in 0.04691767692565918 s

20:46:03 | INFO: Starting glTF 2.0 export
20:46:03 | INFO: Extracting primitive: COL_tubi-tang_floor.001
20:46:03 | INFO: Primitives created: 1
20:46:03 | INFO: Extracting primitive: COL_tubi_closed_hall.002
20:46:03 | INFO: Primitives created: 1
20:46:03 | INFO: Extracting primitive: COL_tubi_hall_post.001
20:46:03 | INFO: Primitives created: 1
20:46:03 | INFO: Extracting primitive: COL_tubi_hall_post.002
20:46:03 | INFO: Primitives created: 1
20:46:03 | INFO: Extracting primitive: COL_tubi_hall_post.006
20:46:03 | INFO: Primitives created: 1
20:46:03 | INFO: Extracting primitive: COL_tubi_parapet.001
20:46:03 | INFO: Primitives created: 1
20:46:03 | INFO: Extracting primitive: COL_tubi_parapet.002
20:46:03 | INFO: Primitives created: 1
20:46:03 | INFO: Extracting primitive: COL_tubi_parapet.003
20:46:03 | INFO: Primitives created: 1
20:46:03 | INFO: Extracting primitive: COL_tubi_parapet.008
20:46:03 | INFO: Primitives created: 1
20:46:03 | INFO: Extracting primitive: COL_tubi_stair_guard.001
20:46:03 | INFO: Primitives created: 1
20:46:03 | INFO: Extracting primitive: COL_tubi_stair_guard.004
20:46:03 | INFO: Primitives created: 1
20:46:03 | INFO: Extracting primitive: COL_tubi_stair_ramp.002
20:46:03 | INFO: Primitives created: 1
20:46:03 | INFO: Extracting primitive: COL_tubi_terrace.002
20:46:03 | INFO: Primitives created: 1
20:46:03 | INFO: Extracting primitive: COL_tubi_topic_table.002
20:46:03 | INFO: Primitives created: 1
20:46:03 | INFO: Extracting primitive: COL_tubi_view_bench_left.001
20:46:03 | INFO: Primitives created: 1
20:46:03 | INFO: Extracting primitive: COL_tubi_view_bench_right.001
20:46:03 | INFO: Primitives created: 1
20:46:03 | INFO: Extracting primitive: HERO_tubi_title.002
20:46:03 | WARNING: More than one shader node tex image used for a texture. The resulting glTF sampler will behave like the first shader node tex image.
20:46:03 | INFO: Primitives created: 1
20:46:03 | INFO: Extracting primitive: SITE_tubi-tang_backstage.001
20:46:03 | INFO: Primitives created: 1
20:46:03 | INFO: Extracting primitive: KIT_pavilion_finial.007
20:46:03 | INFO: Primitives created: 1
20:46:03 | INFO: Extracting primitive: KIT_wall_amber_window.003
20:46:03 | INFO: Primitives created: 1
20:46:03 | INFO: Extracting primitive: TUBI_topic_line.001
20:46:03 | INFO: Primitives created: 1
20:46:03 | INFO: Extracting primitive: KIT_wall_lattice_vertical.063
20:46:03 | INFO: Primitives created: 1
20:46:03 | INFO: Extracting primitive: SITE_tubi-tang_platform.001
20:46:03 | INFO: Primitives created: 1
20:46:03 | INFO: Extracting primitive: KIT_props_lantern_hanging_render.012
20:46:03 | WARNING: More than one shader node tex image used for a texture. The resulting glTF sampler will behave like the first shader node tex image.
20:46:03 | INFO: Primitives created: 1
20:46:03 | INFO: Extracting primitive: KIT_pavilion_roof.007
20:46:03 | INFO: Primitives created: 1
20:46:03 | INFO: Extracting primitive: TUBI_terrace.002
20:46:03 | INFO: Primitives created: 1
20:46:03 | INFO: Extracting primitive: SITE_tubi-tang_front.001
20:46:03 | INFO: Primitives created: 1
20:46:03 | INFO: Finished glTF 2.0 export in 0.040576934814453125 s

IMPERIAL_JOINED_TOPOLOGY {(16, 26): 2, (16, 28): 576}
20:46:08 | INFO: Starting glTF 2.0 export
20:46:08 | INFO: Extracting primitive: COL_daguan_central_step.003
20:46:08 | INFO: Primitives created: 1
20:46:08 | INFO: Extracting primitive: COL_daguan_central_step.004
20:46:08 | INFO: Primitives created: 1
20:46:08 | INFO: Extracting primitive: COL_daguan_central_step.005
20:46:08 | INFO: Primitives created: 1
20:46:08 | INFO: Extracting primitive: COL_daguan_closed_front.001
20:46:08 | INFO: Primitives created: 1
20:46:08 | INFO: Extracting primitive: COL_daguan_column.006
20:46:08 | INFO: Primitives created: 1
20:46:08 | INFO: Extracting primitive: COL_daguan_column.007
20:46:08 | INFO: Primitives created: 1
20:46:08 | INFO: Extracting primitive: COL_daguan_column.008
20:46:08 | INFO: Primitives created: 1
20:46:08 | INFO: Extracting primitive: COL_daguan_column.009
20:46:08 | INFO: Primitives created: 1
20:46:08 | INFO: Extracting primitive: COL_daguan_column.010
20:46:08 | INFO: Primitives created: 1
20:46:08 | INFO: Extracting primitive: COL_daguan_column.011
20:46:08 | INFO: Primitives created: 1
20:46:08 | INFO: Extracting primitive: COL_daguan_floor.001
20:46:08 | INFO: Primitives created: 1
20:46:08 | INFO: Extracting primitive: COL_daguan_return_wall.002
20:46:08 | INFO: Primitives created: 1
20:46:08 | INFO: Extracting primitive: COL_daguan_return_wall.003
20:46:08 | INFO: Primitives created: 1
20:46:08 | INFO: Extracting primitive: HERO_daguan_title.001
20:46:08 | WARNING: More than one shader node tex image used for a texture. The resulting glTF sampler will behave like the first shader node tex image.
20:46:08 | INFO: Primitives created: 1
20:46:08 | INFO: Extracting primitive: DAGUAN_backstage.001
20:46:08 | INFO: Primitives created: 1
20:46:08 | INFO: Extracting primitive: DAGUAN_door_stud.180
20:46:08 | INFO: Primitives created: 1
20:46:08 | INFO: Extracting primitive: DAGUAN_amber_transom.002
20:46:08 | INFO: Primitives created: 1
20:46:08 | INFO: Extracting primitive: DAGUAN_closed_door.010
20:46:08 | INFO: Primitives created: 1
20:46:08 | INFO: Extracting primitive: DAGUAN_recessed_panel.020
20:46:08 | INFO: Primitives created: 1
20:46:08 | INFO: Extracting primitive: DAGUAN_column.006
20:46:08 | INFO: Primitives created: 1
20:46:08 | INFO: Extracting primitive: DAGUAN_platform.001
20:46:08 | INFO: Primitives created: 1
20:46:08 | INFO: Extracting primitive: DAGUAN_lower_roof.001
20:46:08 | INFO: Primitives created: 1
20:46:08 | INFO: Extracting primitive: DAGUAN_front.001
20:46:08 | INFO: Primitives created: 1
20:46:08 | INFO: Finished glTF 2.0 export in 0.04353475570678711 s

20:46:09 | INFO: Starting glTF 2.0 export
20:46:09 | INFO: Extracting primitive: COL_ouxiang_approach.001
20:46:09 | INFO: Primitives created: 1
20:46:09 | INFO: Extracting primitive: COL_ouxiang_deck.001
20:46:09 | INFO: Primitives created: 1
20:46:09 | INFO: Extracting primitive: COL_ouxiang_post.004
20:46:09 | INFO: Primitives created: 1
20:46:09 | INFO: Extracting primitive: COL_ouxiang_post.005
20:46:09 | INFO: Primitives created: 1
20:46:09 | INFO: Extracting primitive: COL_ouxiang_post.006
20:46:09 | INFO: Primitives created: 1
20:46:09 | INFO: Extracting primitive: COL_ouxiang_post.007
20:46:09 | INFO: Primitives created: 1
20:46:09 | INFO: Extracting primitive: COL_ouxiang_rail.002
20:46:09 | INFO: Primitives created: 1
20:46:09 | INFO: Extracting primitive: COL_ouxiang_rail.003
20:46:09 | INFO: Primitives created: 1
20:46:09 | INFO: Extracting primitive: COL_ouxiang_side_rail.004
20:46:09 | INFO: Primitives created: 1
20:46:09 | INFO: Extracting primitive: COL_ouxiang_side_rail.005
20:46:09 | INFO: Primitives created: 1
20:46:09 | INFO: Extracting primitive: COL_ouxiang_side_rail.006
20:46:09 | INFO: Primitives created: 1
20:46:09 | INFO: Extracting primitive: COL_ouxiang_side_rail.007
20:46:09 | INFO: Primitives created: 1
20:46:09 | INFO: Extracting primitive: COL_ouxiang_table.001
20:46:09 | INFO: Primitives created: 1
20:46:09 | INFO: Extracting primitive: KIT_props_tea_cup.006
20:46:09 | INFO: Primitives created: 1
20:46:09 | INFO: Extracting primitive: SITE_ouxiang_deck.001
20:46:09 | INFO: Primitives created: 1
20:46:09 | INFO: Extracting primitive: WESTERN_kit_lotus_lotus_pad.001
20:46:09 | INFO: Primitives created: 1
20:46:09 | INFO: Extracting primitive: KIT_pavilion_water_pier.004
20:46:09 | INFO: Primitives created: 1
20:46:09 | INFO: Extracting primitive: KIT_props_lantern_hanging_render.013
20:46:09 | WARNING: More than one shader node tex image used for a texture. The resulting glTF sampler will behave like the first shader node tex image.
20:46:09 | INFO: Primitives created: 1
20:46:09 | INFO: Extracting primitive: KIT_pavilion_water_hipped_roof.001
20:46:09 | INFO: Primitives created: 1
20:46:09 | INFO: Finished glTF 2.0 export in 0.03333687782287598 s

20:46:11 | INFO: Starting glTF 2.0 export
20:46:11 | INFO: Extracting primitive: COL_hengwu-yuan_floor.001
20:46:11 | INFO: Primitives created: 1
20:46:11 | INFO: Extracting primitive: COL_hengwu_closed_hall.002
20:46:11 | INFO: Primitives created: 1
20:46:11 | INFO: Extracting primitive: COL_hengwu_court.002
20:46:11 | INFO: Primitives created: 1
20:46:11 | INFO: Extracting primitive: COL_hengwu_hall_post.001
20:46:11 | INFO: Primitives created: 1
20:46:11 | INFO: Extracting primitive: COL_hengwu_hall_post.002
20:46:11 | INFO: Primitives created: 1
20:46:11 | INFO: Extracting primitive: COL_hengwu_hall_post.006
20:46:11 | INFO: Primitives created: 1
20:46:11 | INFO: Extracting primitive: COL_wall_bay.001
20:46:11 | INFO: Primitives created: 1
20:46:11 | INFO: Extracting primitive: COL_wall_bay.002
20:46:11 | INFO: Primitives created: 1
20:46:11 | INFO: Extracting primitive: COL_wall_bay.003
20:46:11 | INFO: Primitives created: 1
20:46:11 | INFO: Extracting primitive: COL_wall_bay.004
20:46:11 | INFO: Primitives created: 1
20:46:11 | INFO: Extracting primitive: COL_wall_bay.005
20:46:11 | INFO: Primitives created: 1
20:46:11 | INFO: Extracting primitive: COL_wall_bay.006
20:46:11 | INFO: Primitives created: 1
20:46:11 | INFO: Extracting primitive: KIT_wall_plaster.002
20:46:11 | INFO: Primitives created: 1
20:46:11 | INFO: Extracting primitive: COL_wall_window.001
20:46:11 | INFO: Primitives created: 1
20:46:11 | INFO: Extracting primitive: COL_wall_window.002
20:46:11 | INFO: Primitives created: 1
20:46:11 | INFO: Extracting primitive: COL_hengwu_rock.001
20:46:11 | INFO: Primitives created: 1
20:46:11 | INFO: Extracting primitive: COL_hengwu_rock.002
20:46:11 | INFO: Primitives created: 1
20:46:11 | INFO: Extracting primitive: COL_hengwu_rock.006
20:46:11 | INFO: Primitives created: 1
20:46:11 | INFO: Extracting primitive: COL_hengwu_stool.001
20:46:11 | INFO: Primitives created: 1
20:46:11 | INFO: Extracting primitive: COL_hengwu_stool.002
20:46:11 | INFO: Primitives created: 1
20:46:11 | INFO: Extracting primitive: COL_hengwu_stool.003
20:46:11 | INFO: Primitives created: 1
20:46:11 | INFO: Extracting primitive: COL_hengwu_stool.008
20:46:11 | INFO: Primitives created: 1
20:46:11 | INFO: Extracting primitive: COL_hengwu_table.002
20:46:11 | INFO: Primitives created: 1
20:46:11 | INFO: Extracting primitive: HERO_hengwu-yuan_title.002
20:46:11 | WARNING: More than one shader node tex image used for a texture. The resulting glTF sampler will behave like the first shader node tex image.
20:46:11 | INFO: Primitives created: 1
20:46:11 | INFO: Extracting primitive: SITE_hengwu-yuan_backstage.001
20:46:11 | INFO: Primitives created: 1
20:46:11 | INFO: Extracting primitive: KIT_pavilion_finial.011
20:46:11 | INFO: Primitives created: 1
20:46:11 | INFO: Extracting primitive: KIT_wall_amber_window.006
20:46:11 | INFO: Primitives created: 1
20:46:11 | INFO: Extracting primitive: HENGWU_herb_leaf.001
20:46:11 | INFO: Primitives created: 1
20:46:11 | INFO: Extracting primitive: KIT_wall_lattice_vertical.105
20:46:11 | INFO: Primitives created: 1
20:46:11 | INFO: Extracting primitive: SITE_hengwu-yuan_platform.001
20:46:11 | INFO: Primitives created: 1
20:46:11 | INFO: Extracting primitive: KIT_props_lantern_hanging_render.015
20:46:11 | WARNING: More than one shader node tex image used for a texture. The resulting glTF sampler will behave like the first shader node tex image.
20:46:11 | INFO: Primitives created: 1
20:46:11 | INFO: Extracting primitive: KIT_pavilion_roof.011
20:46:11 | INFO: Primitives created: 1
20:46:11 | INFO: Extracting primitive: KIT_wall_bay.001
20:46:11 | WARNING: More than one shader node tex image used for a texture. The resulting glTF sampler will behave like the first shader node tex image.
20:46:11 | INFO: Primitives created: 1
20:46:11 | INFO: Extracting primitive: SITE_hengwu-yuan_front.001
20:46:11 | INFO: Primitives created: 1
20:46:11 | INFO: Finished glTF 2.0 export in 0.12298083305358887 s

20:46:12 | INFO: Starting glTF 2.0 export
20:46:12 | INFO: Extracting primitive: COL_yihong_closed_front.002
20:46:12 | INFO: Primitives created: 1
20:46:12 | INFO: Extracting primitive: COL_yihong_court_side.001
20:46:12 | INFO: Primitives created: 1
20:46:12 | INFO: Extracting primitive: COL_yihong_court_side.004
20:46:12 | INFO: Primitives created: 1
20:46:12 | INFO: Extracting primitive: COL_yihong_floor.002
20:46:12 | INFO: Primitives created: 1
20:46:12 | INFO: Extracting primitive: COL_yihong_planter.001
20:46:12 | INFO: Primitives created: 1
20:46:12 | INFO: Extracting primitive: COL_yihong_planter.004
20:46:12 | INFO: Primitives created: 1
20:46:12 | INFO: Extracting primitive: COL_yihong_side_return.001
20:46:12 | INFO: Primitives created: 1
20:46:12 | INFO: Extracting primitive: COL_yihong_side_return.004
20:46:12 | INFO: Primitives created: 1
20:46:12 | INFO: Extracting primitive: COL_yihong_threshold.002
20:46:12 | INFO: Primitives created: 1
20:46:12 | INFO: Extracting primitive: KIT_flora_banana_render.001
20:46:12 | WARNING: More than one shader node tex image used for a texture. The resulting glTF sampler will behave like the first shader node tex image.
20:46:12 | INFO: Primitives created: 1
20:46:12 | INFO: Extracting primitive: KIT_flora_banana_render.002
20:46:12 | INFO: Primitives created: 1
20:46:12 | INFO: Extracting primitive: HERO_yihong-yuan_title.002
20:46:12 | WARNING: More than one shader node tex image used for a texture. The resulting glTF sampler will behave like the first shader node tex image.
20:46:12 | INFO: Primitives created: 1
20:46:12 | INFO: Extracting primitive: YIHONG_backstage.002
20:46:12 | INFO: Primitives created: 1
20:46:12 | INFO: Extracting primitive: YIHONG_door_rail.001
20:46:12 | INFO: Primitives created: 1
20:46:12 | INFO: Extracting primitive: YIHONG_amber_window.002
20:46:12 | INFO: Primitives created: 1
20:46:12 | INFO: Extracting primitive: YIHONG_door_panel.001
20:46:12 | INFO: Primitives created: 1
20:46:12 | INFO: Extracting primitive: YIHONG_paving.002
20:46:12 | INFO: Primitives created: 1
20:46:12 | INFO: Extracting primitive: YIHONG_court_cap.001
20:46:12 | INFO: Primitives created: 1
20:46:12 | INFO: Extracting primitive: YIHONG_closed_front.002
20:46:12 | INFO: Primitives created: 1
20:46:12 | INFO: Finished glTF 2.0 export in 0.03135085105895996 s

20:46:12 | INFO: Starting glTF 2.0 export
20:46:12 | INFO: Extracting primitive: COL_xiaoxiang_bamboo_bed.004
20:46:12 | INFO: Primitives created: 1
20:46:12 | INFO: Extracting primitive: COL_xiaoxiang_bamboo_bed.005
20:46:12 | INFO: Primitives created: 1
20:46:12 | INFO: Extracting primitive: COL_xiaoxiang_bamboo_bed.006
20:46:12 | INFO: Primitives created: 1
20:46:12 | INFO: Extracting primitive: COL_xiaoxiang_bamboo_bed.007
20:46:12 | INFO: Primitives created: 1
20:46:12 | INFO: Extracting primitive: COL_xiaoxiang_closed_front.001
20:46:12 | INFO: Primitives created: 1
20:46:12 | INFO: Extracting primitive: COL_xiaoxiang_floor.001
20:46:12 | INFO: Primitives created: 1
20:46:12 | INFO: Extracting primitive: COL_xiaoxiang_return.002
20:46:12 | INFO: Primitives created: 1
20:46:12 | INFO: Extracting primitive: COL_xiaoxiang_return.003
20:46:12 | INFO: Primitives created: 1
20:46:12 | INFO: Extracting primitive: COL_xiaoxiang_threshold.001
20:46:12 | INFO: Primitives created: 1
20:46:12 | INFO: Extracting primitive: KIT_flora_bamboo_large_render.003
20:46:12 | WARNING: More than one shader node tex image used for a texture. The resulting glTF sampler will behave like the first shader node tex image.
20:46:12 | INFO: Primitives created: 1
20:46:12 | INFO: Extracting primitive: KIT_flora_bamboo_medium_render.001
20:46:12 | INFO: Primitives created: 1
20:46:12 | INFO: Extracting primitive: KIT_flora_bamboo_small_render.002
20:46:12 | INFO: Primitives created: 1
20:46:12 | INFO: Extracting primitive: KIT_flora_bamboo_large_render.004
20:46:12 | INFO: Primitives created: 1
20:46:12 | INFO: Extracting primitive: HERO_xiaoxiang-guan_title.002
20:46:12 | WARNING: More than one shader node tex image used for a texture. The resulting glTF sampler will behave like the first shader node tex image.
20:46:12 | INFO: Primitives created: 1
20:46:12 | INFO: Extracting primitive: XIAOXIANG_black_back.001
20:46:12 | INFO: Primitives created: 1
20:46:12 | INFO: Extracting primitive: XIAOXIANG_gate_pull.002
20:46:12 | INFO: Primitives created: 1
20:46:12 | INFO: Extracting primitive: XIAOXIANG_amber_window.001
20:46:12 | INFO: Primitives created: 1
20:46:12 | INFO: Extracting primitive: XIAOXIANG_gate_leaf.002
20:46:12 | INFO: Primitives created: 1
20:46:12 | INFO: Extracting primitive: XIAOXIANG_paving.001
20:46:12 | INFO: Primitives created: 1
20:46:12 | INFO: Extracting primitive: XIAOXIANG_wall_cap.001
20:46:12 | INFO: Primitives created: 1
20:46:12 | INFO: Extracting primitive: XIAOXIANG_closed_front.001
20:46:12 | INFO: Primitives created: 1
20:46:12 | INFO: Finished glTF 2.0 export in 0.03542494773864746 s

20:46:13 | INFO: Starting glTF 2.0 export
20:46:13 | INFO: Extracting primitive: COL_longcui_burner.001
20:46:13 | INFO: Primitives created: 1
20:46:13 | INFO: Extracting primitive: COL_longcui_closed_front.001
20:46:13 | INFO: Primitives created: 1
20:46:13 | INFO: Extracting primitive: COL_longcui_floor.001
20:46:13 | INFO: Primitives created: 1
20:46:13 | INFO: Extracting primitive: COL_longcui_plum_trunk.002
20:46:13 | INFO: Primitives created: 1
20:46:13 | INFO: Extracting primitive: COL_longcui_plum_trunk.003
20:46:13 | INFO: Primitives created: 1
20:46:13 | INFO: Extracting primitive: COL_longcui_return.002
20:46:13 | INFO: Primitives created: 1
20:46:13 | INFO: Extracting primitive: COL_longcui_return.003
20:46:13 | INFO: Primitives created: 1
20:46:13 | INFO: Extracting primitive: COL_longcui_threshold.001
20:46:13 | INFO: Primitives created: 1
20:46:13 | INFO: Extracting primitive: KIT_flora_plum_render.001
20:46:13 | WARNING: More than one shader node tex image used for a texture. The resulting glTF sampler will behave like the first shader node tex image.
20:46:13 | INFO: Primitives created: 1
20:46:13 | INFO: Extracting primitive: KIT_flora_plum_render.002
20:46:13 | INFO: Primitives created: 1
20:46:13 | INFO: Extracting primitive: HERO_longcui-an_title.002
20:46:13 | WARNING: More than one shader node tex image used for a texture. The resulting glTF sampler will behave like the first shader node tex image.
20:46:13 | INFO: Primitives created: 1
20:46:13 | INFO: Extracting primitive: LONGCUI_backstage.001
20:46:13 | INFO: Primitives created: 1
20:46:13 | INFO: Extracting primitive: LONGCUI_gate_pull.002
20:46:13 | INFO: Primitives created: 1
20:46:13 | INFO: Extracting primitive: LONGCUI_closed_gate.002
20:46:13 | INFO: Primitives created: 1
20:46:13 | INFO: Extracting primitive: LONGCUI_paving.001
20:46:13 | INFO: Primitives created: 1
20:46:13 | INFO: Extracting primitive: KIT_props_lantern_hanging_render.016
20:46:13 | WARNING: More than one shader node tex image used for a texture. The resulting glTF sampler will behave like the first shader node tex image.
20:46:13 | INFO: Primitives created: 1
20:46:13 | INFO: Extracting primitive: LONGCUI_wall_cap.001
20:46:13 | INFO: Primitives created: 1
20:46:13 | INFO: Extracting primitive: LONGCUI_closed_front.001
20:46:13 | INFO: Primitives created: 1
20:46:13 | INFO: Finished glTF 2.0 export in 0.03189873695373535 s

20:46:13 | INFO: Starting glTF 2.0 export
20:46:13 | INFO: Extracting primitive: COL_aojing_closed_front.002
20:46:13 | INFO: Primitives created: 1
20:46:13 | INFO: Extracting primitive: COL_aojing_dry_ledge.002
20:46:13 | INFO: Primitives created: 1
20:46:13 | INFO: Extracting primitive: COL_aojing_hall_floor.002
20:46:13 | INFO: Primitives created: 1
20:46:13 | INFO: Extracting primitive: COL_aojing_ledge_end.002
20:46:13 | INFO: Primitives created: 1
20:46:13 | INFO: Extracting primitive: COL_aojing_ledge_parapet.002
20:46:13 | INFO: Primitives created: 1
20:46:13 | INFO: Extracting primitive: COL_aojing_return.001
20:46:13 | INFO: Primitives created: 1
20:46:13 | INFO: Extracting primitive: COL_aojing_return.004
20:46:13 | INFO: Primitives created: 1
20:46:13 | INFO: Extracting primitive: HERO_aojing-guan_title.002
20:46:13 | WARNING: More than one shader node tex image used for a texture. The resulting glTF sampler will behave like the first shader node tex image.
20:46:13 | INFO: Primitives created: 1
20:46:13 | INFO: Extracting primitive: AOJING_pond.002
20:46:13 | INFO: Primitives created: 1
20:46:13 | INFO: Extracting primitive: AOJING_backstage.002
20:46:13 | INFO: Primitives created: 1
20:46:13 | INFO: Extracting primitive: AOJING_amber_window.002
20:46:13 | INFO: Primitives created: 1
20:46:13 | INFO: Extracting primitive: AOJING_window_lattice.001
20:46:13 | INFO: Primitives created: 1
20:46:13 | INFO: Extracting primitive: AOJING_dry_ledge.002
20:46:13 | INFO: Primitives created: 1
20:46:13 | INFO: Extracting primitive: AOJING_roof.002
20:46:13 | INFO: Primitives created: 1
20:46:13 | INFO: Extracting primitive: AOJING_closed_front.002
20:46:13 | INFO: Primitives created: 1
20:46:13 | INFO: Finished glTF 2.0 export in 0.02895188331604004 s

20:46:14 | INFO: Starting glTF 2.0 export
20:46:14 | INFO: Extracting primitive: COL_daoxiang_closed_front.001
20:46:14 | INFO: Primitives created: 1
20:46:14 | INFO: Extracting primitive: COL_daoxiang_court.001
20:46:14 | INFO: Primitives created: 1
20:46:14 | INFO: Extracting primitive: COL_daoxiang_fence.004
20:46:14 | INFO: Primitives created: 1
20:46:14 | INFO: Extracting primitive: COL_daoxiang_fence.005
20:46:14 | INFO: Primitives created: 1
20:46:14 | INFO: Extracting primitive: COL_daoxiang_fence.006
20:46:14 | INFO: Primitives created: 1
20:46:14 | INFO: Extracting primitive: COL_daoxiang_fence.007
20:46:14 | INFO: Primitives created: 1
20:46:14 | INFO: Extracting primitive: COL_daoxiang_side.002
20:46:14 | INFO: Primitives created: 1
20:46:14 | INFO: Extracting primitive: COL_daoxiang_side.003
20:46:14 | INFO: Primitives created: 1
20:46:14 | INFO: Extracting primitive: HERO_daoxiang-cun_title.002
20:46:14 | WARNING: More than one shader node tex image used for a texture. The resulting glTF sampler will behave like the first shader node tex image.
20:46:14 | INFO: Primitives created: 1
20:46:14 | INFO: Extracting primitive: DAOXIANG_backstage.001
20:46:14 | INFO: Primitives created: 1
20:46:14 | INFO: Extracting primitive: DAOXIANG_door_latch.001
20:46:14 | INFO: Primitives created: 1
20:46:14 | INFO: Extracting primitive: DAOXIANG_warm_sliver.001
20:46:14 | INFO: Primitives created: 1
20:46:14 | INFO: Extracting primitive: DAOXIANG_closed_door.001
20:46:14 | INFO: Primitives created: 1
20:46:14 | INFO: Extracting primitive: DAOXIANG_paddy_painting.001
20:46:14 | INFO: Primitives created: 1
20:46:14 | INFO: Extracting primitive: DAOXIANG_court.001
20:46:14 | INFO: Primitives created: 1
20:46:14 | INFO: Extracting primitive: DAOXIANG_thatch_mass.001
20:46:14 | INFO: Primitives created: 1
20:46:14 | INFO: Extracting primitive: DAOXIANG_front.001
20:46:14 | INFO: Primitives created: 1
20:46:14 | INFO: Finished glTF 2.0 export in 0.04303479194641113 s

20:46:15 | INFO: Starting glTF 2.0 export
20:46:15 | INFO: Extracting primitive: COL_water_bridge_side.001
20:46:15 | INFO: Primitives created: 1
20:46:15 | INFO: Extracting primitive: COL_water_bridge_side.004
20:46:15 | INFO: Primitives created: 1
20:46:15 | INFO: Extracting primitive: COL_water_bridge_deck.002
20:46:15 | INFO: Primitives created: 1
20:46:15 | INFO: Extracting primitive: COL_ziling_landing.001
20:46:15 | INFO: Primitives created: 1
20:46:15 | INFO: Extracting primitive: TEMP_reed_geometry.001
20:46:15 | WARNING: More than one shader node tex image used for a texture. The resulting glTF sampler will behave like the first shader node tex image.
20:46:15 | INFO: Primitives created: 1
20:46:15 | INFO: Extracting primitive: TEMP_reed_geometry.002
20:46:15 | INFO: Primitives created: 1
20:46:15 | INFO: Extracting primitive: TEMP_reed_geometry.003
20:46:15 | INFO: Primitives created: 1
20:46:15 | INFO: Extracting primitive: TEMP_reed_geometry.004
20:46:15 | INFO: Primitives created: 1
20:46:15 | INFO: Extracting primitive: TEMP_reed_geometry.005
20:46:15 | INFO: Primitives created: 1
20:46:15 | INFO: Extracting primitive: TEMP_reed_geometry.006
20:46:15 | INFO: Primitives created: 1
20:46:15 | INFO: Extracting primitive: TEMP_reed_geometry.007
20:46:15 | INFO: Primitives created: 1
20:46:15 | INFO: Extracting primitive: TEMP_reed_geometry.008
20:46:15 | INFO: Primitives created: 1
20:46:15 | INFO: Extracting primitive: TEMP_reed_geometry.009
20:46:15 | INFO: Primitives created: 1
20:46:15 | INFO: Extracting primitive: TEMP_reed_geometry.010
20:46:15 | INFO: Primitives created: 1
20:46:15 | INFO: Extracting primitive: WESTERN_kit_lotus.004_lotus_pad.001
20:46:15 | INFO: Primitives created: 1
20:46:15 | INFO: Extracting primitive: KIT_water_plank.002
20:46:15 | WARNING: More than one shader node tex image used for a texture. The resulting glTF sampler will behave like the first shader node tex image.
20:46:15 | INFO: Primitives created: 1
20:46:15 | INFO: Extracting primitive: SITE_ziling_island.001
20:46:15 | INFO: Primitives created: 1
20:46:15 | INFO: Finished glTF 2.0 export in 0.057260990142822266 s

20:46:15 | INFO: Starting glTF 2.0 export
20:46:15 | INFO: Extracting primitive: COL_aojing_approach.001
20:46:15 | INFO: Primitives created: 1
20:46:15 | INFO: Extracting primitive: COL_aojing_approach.004
20:46:15 | INFO: Primitives created: 1
20:46:15 | INFO: Extracting primitive: COL_aojing_approach_guard.001
20:46:15 | INFO: Primitives created: 1
20:46:15 | INFO: Extracting primitive: COL_aojing_approach_guard.004
20:46:15 | INFO: Primitives created: 1
20:46:15 | INFO: Extracting primitive: COL_aojing_approach_ramp.002
20:46:15 | INFO: Primitives created: 1
20:46:15 | INFO: Extracting primitive: COL_aojing_closed_front.002
20:46:15 | INFO: Primitives created: 1
20:46:15 | INFO: Extracting primitive: COL_aojing_dry_ledge.002
20:46:15 | INFO: Primitives created: 1
20:46:15 | INFO: Extracting primitive: COL_aojing_hall_floor.002
20:46:15 | INFO: Primitives created: 1
20:46:15 | INFO: Extracting primitive: COL_aojing_ledge_end.002
20:46:15 | INFO: Primitives created: 1
20:46:15 | INFO: Extracting primitive: COL_aojing_ledge_parapet.002
20:46:15 | INFO: Primitives created: 1
20:46:15 | INFO: Extracting primitive: COL_aojing_return.001
20:46:15 | INFO: Primitives created: 1
20:46:15 | INFO: Extracting primitive: COL_aojing_return.004
20:46:15 | INFO: Primitives created: 1
20:46:15 | INFO: Extracting primitive: Cube.147
20:46:15 | INFO: Primitives created: 1
20:46:15 | INFO: Extracting primitive: Cube.148
20:46:15 | INFO: Primitives created: 1
20:46:15 | INFO: Extracting primitive: Cube.149
20:46:15 | INFO: Primitives created: 1
20:46:15 | INFO: Extracting primitive: Cube.150
20:46:15 | INFO: Primitives created: 1
20:46:15 | INFO: Extracting primitive: COL_bridge_crosswalk.002
20:46:15 | INFO: Primitives created: 1
20:46:15 | INFO: Extracting primitive: COL_bridge_crosswalk.003
20:46:15 | INFO: Primitives created: 1
20:46:15 | INFO: Extracting primitive: COL_cell_floor.006
20:46:15 | INFO: Primitives created: 1
20:46:15 | INFO: Extracting primitive: COL_cell_floor.007
20:46:15 | INFO: Primitives created: 1
20:46:15 | INFO: Extracting primitive: COL_cell_floor.008
20:46:15 | INFO: Primitives created: 1
20:46:15 | INFO: Extracting primitive: COL_cell_floor.009
20:46:15 | INFO: Primitives created: 1
20:46:15 | INFO: Extracting primitive: COL_cell_floor.010
20:46:15 | INFO: Primitives created: 1
20:46:15 | INFO: Extracting primitive: COL_cell_floor.011
20:46:15 | INFO: Primitives created: 1
20:46:15 | INFO: Extracting primitive: COL_cell_wall.012
20:46:15 | INFO: Primitives created: 1
20:46:15 | INFO: Extracting primitive: COL_cell_wall.013
20:46:15 | INFO: Primitives created: 1
20:46:15 | INFO: Extracting primitive: COL_cell_wall.014
20:46:15 | INFO: Primitives created: 1
20:46:15 | INFO: Extracting primitive: COL_cell_wall.015
20:46:15 | INFO: Primitives created: 1
20:46:15 | INFO: Extracting primitive: COL_cell_wall.016
20:46:15 | INFO: Primitives created: 1
20:46:15 | INFO: Extracting primitive: COL_cell_wall.017
20:46:15 | INFO: Primitives created: 1
20:46:15 | INFO: Extracting primitive: COL_cell_wall.018
20:46:15 | INFO: Primitives created: 1
20:46:15 | INFO: Extracting primitive: COL_cell_wall.019
20:46:15 | INFO: Primitives created: 1
20:46:15 | INFO: Extracting primitive: COL_cell_wall.020
20:46:15 | INFO: Primitives created: 1
20:46:15 | INFO: Extracting primitive: COL_cell_wall.021
20:46:15 | INFO: Primitives created: 1
20:46:15 | INFO: Extracting primitive: COL_cell_wall.022
20:46:15 | INFO: Primitives created: 1
20:46:15 | INFO: Extracting primitive: COL_cell_wall.023
20:46:15 | INFO: Primitives created: 1
20:46:15 | INFO: Extracting primitive: COL_daguan_central_step.003
20:46:15 | INFO: Primitives created: 1
20:46:15 | INFO: Extracting primitive: COL_daguan_central_step.004
20:46:15 | INFO: Primitives created: 1
20:46:15 | INFO: Extracting primitive: COL_daguan_central_step.005
20:46:15 | INFO: Primitives created: 1
20:46:15 | INFO: Extracting primitive: COL_daguan_closed_front.001
20:46:15 | INFO: Primitives created: 1
20:46:15 | INFO: Extracting primitive: COL_daguan_column.006
20:46:15 | INFO: Primitives created: 1
20:46:15 | INFO: Extracting primitive: COL_daguan_column.007
20:46:15 | INFO: Primitives created: 1
20:46:15 | INFO: Extracting primitive: COL_daguan_column.008
20:46:15 | INFO: Primitives created: 1
20:46:15 | INFO: Extracting primitive: COL_daguan_column.009
20:46:15 | INFO: Primitives created: 1
20:46:15 | INFO: Extracting primitive: COL_daguan_column.010
20:46:15 | INFO: Primitives created: 1
20:46:15 | INFO: Extracting primitive: COL_daguan_column.011
20:46:15 | INFO: Primitives created: 1
20:46:15 | INFO: Extracting primitive: COL_daguan_floor.001
20:46:15 | INFO: Primitives created: 1
20:46:15 | INFO: Extracting primitive: COL_daguan_return_wall.002
20:46:15 | INFO: Primitives created: 1
20:46:15 | INFO: Extracting primitive: COL_daguan_return_wall.003
20:46:15 | INFO: Primitives created: 1
20:46:15 | INFO: Extracting primitive: COL_daoxiang_approach.002
20:46:15 | INFO: Primitives created: 1
20:46:15 | INFO: Extracting primitive: COL_daoxiang_approach.003
20:46:15 | INFO: Primitives created: 1
20:46:15 | INFO: Extracting primitive: COL_daoxiang_closed_front.001
20:46:15 | INFO: Primitives created: 1
20:46:15 | INFO: Extracting primitive: COL_daoxiang_court.001
20:46:15 | INFO: Primitives created: 1
20:46:15 | INFO: Extracting primitive: COL_daoxiang_fence.004
20:46:15 | INFO: Primitives created: 1
20:46:15 | INFO: Extracting primitive: COL_daoxiang_fence.005
20:46:15 | INFO: Primitives created: 1
20:46:15 | INFO: Extracting primitive: COL_daoxiang_fence.006
20:46:15 | INFO: Primitives created: 1
20:46:15 | INFO: Extracting primitive: COL_daoxiang_fence.007
20:46:15 | INFO: Primitives created: 1
20:46:15 | INFO: Extracting primitive: COL_daoxiang_side.002
20:46:15 | INFO: Primitives created: 1
20:46:15 | INFO: Extracting primitive: COL_daoxiang_side.003
20:46:15 | INFO: Primitives created: 1
20:46:15 | INFO: Extracting primitive: COL_entry_corridor.001
20:46:15 | INFO: Primitives created: 1
20:46:15 | INFO: Extracting primitive: COL_entry_walk.002
20:46:15 | INFO: Primitives created: 1
20:46:15 | INFO: Extracting primitive: COL_entry_walk.003
20:46:15 | INFO: Primitives created: 1
20:46:15 | INFO: Extracting primitive: COL_floor_joint_cell_threshold_0.001
20:46:15 | INFO: Primitives created: 1
20:46:15 | INFO: Extracting primitive: COL_floor_joint_cell_threshold_1.001
20:46:15 | INFO: Primitives created: 1
20:46:15 | INFO: Extracting primitive: COL_floor_joint_cell_threshold_2.001
20:46:15 | INFO: Primitives created: 1
20:46:15 | INFO: Extracting primitive: COL_floor_joint_cell_threshold_3.001
20:46:15 | INFO: Primitives created: 1
20:46:15 | INFO: Extracting primitive: COL_floor_joint_cell_threshold_4.001
20:46:15 | INFO: Primitives created: 1
20:46:15 | INFO: Extracting primitive: COL_floor_joint_cell_threshold_5.001
20:46:15 | INFO: Primitives created: 1
20:46:15 | INFO: Extracting primitive: COL_floor_joint_pavilion_east_joint.001
20:46:15 | INFO: Primitives created: 1
20:46:15 | INFO: Extracting primitive: COL_floor_joint_pavilion_west_joint.001
20:46:15 | INFO: Primitives created: 1
20:46:15 | INFO: Extracting primitive: Cube.146
20:46:15 | INFO: Primitives created: 1
20:46:15 | INFO: Extracting primitive: Cube.145
20:46:15 | INFO: Primitives created: 1
20:46:15 | INFO: Extracting primitive: COL_GATE_banana_planter.001
20:46:15 | INFO: Primitives created: 1
20:46:15 | INFO: Extracting primitive: KIT_rockery_passage.022
20:46:15 | INFO: Primitives created: 1
20:46:15 | INFO: Extracting primitive: KIT_rockery_passage.024
20:46:15 | INFO: Primitives created: 1
20:46:15 | INFO: Extracting primitive: KIT_rockery_cliff.006
20:46:15 | INFO: Primitives created: 1
20:46:15 | INFO: Extracting primitive: KIT_rockery_cliff.008
20:46:15 | INFO: Primitives created: 1
20:46:15 | INFO: Extracting primitive: KIT_rockery_passage.004
20:46:15 | INFO: Primitives created: 1
20:46:15 | INFO: Extracting primitive: KIT_rockery_passage.016
20:46:15 | INFO: Primitives created: 1
20:46:15 | INFO: Extracting primitive: KIT_rockery_passage.018
20:46:15 | INFO: Primitives created: 1
20:46:15 | INFO: Extracting primitive: KIT_rockery_passage.020
20:46:15 | INFO: Primitives created: 1
20:46:15 | INFO: Extracting primitive: GATE_paving.003
20:46:15 | INFO: Primitives created: 1
20:46:15 | INFO: Extracting primitive: COL_hengwu-yuan_floor.001
20:46:15 | INFO: Primitives created: 1
20:46:15 | INFO: Extracting primitive: COL_hengwu_approach.002
20:46:15 | INFO: Primitives created: 1
20:46:15 | INFO: Extracting primitive: COL_hengwu_approach.003
20:46:15 | INFO: Primitives created: 1
20:46:15 | INFO: Extracting primitive: COL_hengwu_closed_hall.002
20:46:15 | INFO: Primitives created: 1
20:46:15 | INFO: Extracting primitive: COL_hengwu_court.002
20:46:15 | INFO: Primitives created: 1
20:46:15 | INFO: Extracting primitive: COL_hengwu_hall_post.001
20:46:15 | INFO: Primitives created: 1
20:46:15 | INFO: Extracting primitive: COL_hengwu_hall_post.002
20:46:15 | INFO: Primitives created: 1
20:46:15 | INFO: Extracting primitive: COL_hengwu_hall_post.006
20:46:15 | INFO: Primitives created: 1
20:46:15 | INFO: Extracting primitive: COL_wall_bay.001
20:46:15 | INFO: Primitives created: 1
20:46:15 | INFO: Extracting primitive: COL_wall_bay.002
20:46:15 | INFO: Primitives created: 1
20:46:15 | INFO: Extracting primitive: COL_wall_bay.003
20:46:15 | INFO: Primitives created: 1
20:46:15 | INFO: Extracting primitive: COL_wall_bay.004
20:46:15 | INFO: Primitives created: 1
20:46:15 | INFO: Extracting primitive: COL_wall_bay.005
20:46:15 | INFO: Primitives created: 1
20:46:15 | INFO: Extracting primitive: COL_wall_bay.006
20:46:15 | INFO: Primitives created: 1
20:46:15 | INFO: Extracting primitive: KIT_wall_plaster.002
20:46:15 | INFO: Primitives created: 1
20:46:15 | INFO: Extracting primitive: COL_wall_window.001
20:46:15 | INFO: Primitives created: 1
20:46:15 | INFO: Extracting primitive: COL_wall_window.002
20:46:15 | INFO: Primitives created: 1
20:46:15 | INFO: Extracting primitive: COL_hengwu_rock.001
20:46:15 | INFO: Primitives created: 1
20:46:15 | INFO: Extracting primitive: COL_hengwu_rock.002
20:46:15 | INFO: Primitives created: 1
20:46:15 | INFO: Extracting primitive: COL_hengwu_rock.006
20:46:15 | INFO: Primitives created: 1
20:46:15 | INFO: Extracting primitive: COL_hengwu_stool.001
20:46:15 | INFO: Primitives created: 1
20:46:15 | INFO: Extracting primitive: COL_hengwu_stool.002
20:46:15 | INFO: Primitives created: 1
20:46:15 | INFO: Extracting primitive: COL_hengwu_stool.003
20:46:15 | INFO: Primitives created: 1
20:46:15 | INFO: Extracting primitive: COL_hengwu_stool.008
20:46:15 | INFO: Primitives created: 1
20:46:15 | INFO: Extracting primitive: COL_hengwu_table.002
20:46:15 | INFO: Primitives created: 1
20:46:15 | INFO: Extracting primitive: COL_longcui_approach.003
20:46:15 | INFO: Primitives created: 1
20:46:15 | INFO: Extracting primitive: COL_longcui_approach.004
20:46:15 | INFO: Primitives created: 1
20:46:15 | INFO: Extracting primitive: COL_longcui_approach.005
20:46:15 | INFO: Primitives created: 1
20:46:15 | INFO: Extracting primitive: COL_longcui_burner.001
20:46:15 | INFO: Primitives created: 1
20:46:15 | INFO: Extracting primitive: COL_longcui_closed_front.001
20:46:15 | INFO: Primitives created: 1
20:46:15 | INFO: Extracting primitive: COL_longcui_floor.001
20:46:15 | INFO: Primitives created: 1
20:46:15 | INFO: Extracting primitive: COL_longcui_plum_trunk.002
20:46:15 | INFO: Primitives created: 1
20:46:15 | INFO: Extracting primitive: COL_longcui_plum_trunk.003
20:46:15 | INFO: Primitives created: 1
20:46:15 | INFO: Extracting primitive: COL_longcui_return.002
20:46:15 | INFO: Primitives created: 1
20:46:15 | INFO: Extracting primitive: COL_longcui_return.003
20:46:15 | INFO: Primitives created: 1
20:46:15 | INFO: Extracting primitive: COL_longcui_threshold.001
20:46:15 | INFO: Primitives created: 1
20:46:15 | INFO: Extracting primitive: COL_ouxiang_approach.001
20:46:15 | INFO: Primitives created: 1
20:46:15 | INFO: Extracting primitive: COL_ouxiang_deck.001
20:46:15 | INFO: Primitives created: 1
20:46:15 | INFO: Extracting primitive: COL_ouxiang_post.004
20:46:15 | INFO: Primitives created: 1
20:46:15 | INFO: Extracting primitive: COL_ouxiang_post.005
20:46:15 | INFO: Primitives created: 1
20:46:15 | INFO: Extracting primitive: COL_ouxiang_post.006
20:46:15 | INFO: Primitives created: 1
20:46:15 | INFO: Extracting primitive: COL_ouxiang_post.007
20:46:15 | INFO: Primitives created: 1
20:46:15 | INFO: Extracting primitive: COL_ouxiang_rail.002
20:46:15 | INFO: Primitives created: 1
20:46:15 | INFO: Extracting primitive: COL_ouxiang_rail.003
20:46:15 | INFO: Primitives created: 1
20:46:15 | INFO: Extracting primitive: COL_ouxiang_side_rail.004
20:46:15 | INFO: Primitives created: 1
20:46:15 | INFO: Extracting primitive: COL_ouxiang_side_rail.005
20:46:15 | INFO: Primitives created: 1
20:46:15 | INFO: Extracting primitive: COL_ouxiang_side_rail.006
20:46:15 | INFO: Primitives created: 1
20:46:15 | INFO: Extracting primitive: COL_ouxiang_side_rail.007
20:46:15 | INFO: Primitives created: 1
20:46:15 | INFO: Extracting primitive: COL_ouxiang_table.001
20:46:15 | INFO: Primitives created: 1
20:46:15 | INFO: Extracting primitive: COL_corridor_floor.009
20:46:15 | INFO: Primitives created: 1
20:46:15 | INFO: Extracting primitive: COL_corridor_side.015
20:46:15 | INFO: Primitives created: 1
20:46:15 | INFO: Extracting primitive: COL_corridor_side.016
20:46:15 | INFO: Primitives created: 1
20:46:15 | INFO: Extracting primitive: COL_corridor_post.016
20:46:15 | INFO: Primitives created: 1
20:46:15 | INFO: Extracting primitive: COL_corridor_post.017
20:46:15 | INFO: Primitives created: 1
20:46:15 | INFO: Extracting primitive: COL_corridor_floor.010
20:46:15 | INFO: Primitives created: 1
20:46:15 | INFO: Extracting primitive: COL_corridor_side.017
20:46:15 | INFO: Primitives created: 1
20:46:15 | INFO: Extracting primitive: COL_corridor_side.018
20:46:15 | INFO: Primitives created: 1
20:46:15 | INFO: Extracting primitive: COL_corridor_post.018
20:46:15 | INFO: Primitives created: 1
20:46:15 | INFO: Extracting primitive: COL_corridor_post.019
20:46:15 | INFO: Primitives created: 1
20:46:15 | INFO: Extracting primitive: COL_corridor_floor.011
20:46:15 | INFO: Primitives created: 1
20:46:15 | INFO: Extracting primitive: COL_corridor_side.019
20:46:15 | INFO: Primitives created: 1
20:46:15 | INFO: Extracting primitive: COL_corridor_side.020
20:46:15 | INFO: Primitives created: 1
20:46:15 | INFO: Extracting primitive: COL_corridor_post.020
20:46:15 | INFO: Primitives created: 1
20:46:15 | INFO: Extracting primitive: COL_corridor_post.021
20:46:15 | INFO: Primitives created: 1
20:46:15 | INFO: Extracting primitive: COL_corridor_floor.012
20:46:15 | INFO: Primitives created: 1
20:46:15 | INFO: Extracting primitive: COL_corridor_side.021
20:46:15 | INFO: Primitives created: 1
20:46:15 | INFO: Extracting primitive: COL_corridor_side.022
20:46:15 | INFO: Primitives created: 1
20:46:15 | INFO: Extracting primitive: COL_corridor_post.022
20:46:15 | INFO: Primitives created: 1
20:46:15 | INFO: Extracting primitive: COL_corridor_post.023
20:46:15 | INFO: Primitives created: 1
20:46:15 | INFO: Extracting primitive: COL_corridor_floor.001
20:46:15 | INFO: Primitives created: 1
20:46:15 | INFO: Extracting primitive: COL_corridor_side.001
20:46:15 | INFO: Primitives created: 1
20:46:15 | INFO: Extracting primitive: COL_corridor_side.002
20:46:15 | INFO: Primitives created: 1
20:46:15 | INFO: Extracting primitive: COL_corridor_post.001
20:46:15 | INFO: Primitives created: 1
20:46:15 | INFO: Extracting primitive: COL_corridor_post.002
20:46:15 | INFO: Primitives created: 1
20:46:15 | INFO: Extracting primitive: COL_corridor_floor.002
20:46:15 | INFO: Primitives created: 1
20:46:15 | INFO: Extracting primitive: COL_corridor_side.003
20:46:15 | INFO: Primitives created: 1
20:46:15 | INFO: Extracting primitive: COL_corridor_side.004
20:46:15 | INFO: Primitives created: 1
20:46:15 | INFO: Extracting primitive: COL_corridor_post.003
20:46:15 | INFO: Primitives created: 1
20:46:15 | INFO: Extracting primitive: COL_corridor_post.004
20:46:15 | INFO: Primitives created: 1
20:46:15 | INFO: Extracting primitive: COL_corridor_floor.003
20:46:15 | INFO: Primitives created: 1
20:46:15 | INFO: Extracting primitive: COL_corridor_side.005
20:46:15 | INFO: Primitives created: 1
20:46:15 | INFO: Extracting primitive: COL_corridor_side.006
20:46:15 | INFO: Primitives created: 1
20:46:15 | INFO: Extracting primitive: COL_corridor_post.005
20:46:15 | INFO: Primitives created: 1
20:46:15 | INFO: Extracting primitive: COL_corridor_post.006
20:46:15 | INFO: Primitives created: 1
20:46:15 | INFO: Extracting primitive: COL_corridor_floor.004
20:46:15 | INFO: Primitives created: 1
20:46:15 | INFO: Extracting primitive: COL_corridor_side.007
20:46:15 | INFO: Primitives created: 1
20:46:15 | INFO: Extracting primitive: COL_corridor_side.008
20:46:15 | INFO: Primitives created: 1
20:46:15 | INFO: Extracting primitive: COL_corridor_post.007
20:46:15 | INFO: Primitives created: 1
20:46:15 | INFO: Extracting primitive: COL_corridor_post.008
20:46:15 | INFO: Primitives created: 1
20:46:15 | INFO: Extracting primitive: COL_corridor_floor.005
20:46:15 | INFO: Primitives created: 1
20:46:15 | INFO: Extracting primitive: COL_corridor_side.009
20:46:15 | INFO: Primitives created: 1
20:46:15 | INFO: Extracting primitive: COL_corridor_side.010
20:46:15 | INFO: Primitives created: 1
20:46:15 | INFO: Extracting primitive: COL_corridor_post.009
20:46:15 | INFO: Primitives created: 1
20:46:15 | INFO: Extracting primitive: COL_corridor_post.010
20:46:15 | INFO: Primitives created: 1
20:46:15 | INFO: Extracting primitive: COL_corridor_floor.006
20:46:15 | INFO: Primitives created: 1
20:46:15 | INFO: Extracting primitive: COL_corridor_side.011
20:46:15 | INFO: Primitives created: 1
20:46:15 | INFO: Extracting primitive: COL_corridor_post.011
20:46:15 | INFO: Primitives created: 1
20:46:15 | INFO: Extracting primitive: COL_corridor_post.012
20:46:15 | INFO: Primitives created: 1
20:46:15 | INFO: Extracting primitive: COL_corridor_floor.007
20:46:15 | INFO: Primitives created: 1
20:46:15 | INFO: Extracting primitive: COL_corridor_side.012
20:46:15 | INFO: Primitives created: 1
20:46:15 | INFO: Extracting primitive: COL_corridor_post.013
20:46:15 | INFO: Primitives created: 1
20:46:15 | INFO: Extracting primitive: COL_corridor_floor.008
20:46:15 | INFO: Primitives created: 1
20:46:15 | INFO: Extracting primitive: COL_corridor_side.013
20:46:15 | INFO: Primitives created: 1
20:46:15 | INFO: Extracting primitive: COL_corridor_side.014
20:46:15 | INFO: Primitives created: 1
20:46:15 | INFO: Extracting primitive: COL_corridor_post.014
20:46:15 | INFO: Primitives created: 1
20:46:15 | INFO: Extracting primitive: COL_corridor_post.015
20:46:15 | INFO: Primitives created: 1
20:46:15 | INFO: Extracting primitive: COL_corridor_floor.013
20:46:15 | INFO: Primitives created: 1
20:46:15 | INFO: Extracting primitive: COL_corridor_side.023
20:46:15 | INFO: Primitives created: 1
20:46:15 | INFO: Extracting primitive: COL_corridor_side.024
20:46:15 | INFO: Primitives created: 1
20:46:15 | INFO: Extracting primitive: COL_corridor_post.024
20:46:15 | INFO: Primitives created: 1
20:46:15 | INFO: Extracting primitive: COL_corridor_post.025
20:46:15 | INFO: Primitives created: 1
20:46:15 | INFO: Extracting primitive: COL_corridor_floor.014
20:46:15 | INFO: Primitives created: 1
20:46:15 | INFO: Extracting primitive: COL_corridor_side.025
20:46:15 | INFO: Primitives created: 1
20:46:15 | INFO: Extracting primitive: COL_corridor_side.026
20:46:15 | INFO: Primitives created: 1
20:46:15 | INFO: Extracting primitive: COL_corridor_post.026
20:46:15 | INFO: Primitives created: 1
20:46:15 | INFO: Extracting primitive: COL_corridor_post.027
20:46:15 | INFO: Primitives created: 1
20:46:15 | INFO: Extracting primitive: COL_corridor_floor.015
20:46:15 | INFO: Primitives created: 1
20:46:15 | INFO: Extracting primitive: COL_corridor_side.027
20:46:15 | INFO: Primitives created: 1
20:46:15 | INFO: Extracting primitive: COL_corridor_side.028
20:46:15 | INFO: Primitives created: 1
20:46:15 | INFO: Extracting primitive: COL_corridor_post.028
20:46:15 | INFO: Primitives created: 1
20:46:15 | INFO: Extracting primitive: COL_corridor_post.029
20:46:15 | INFO: Primitives created: 1
20:46:15 | INFO: Extracting primitive: COL_corridor_floor.016
20:46:15 | INFO: Primitives created: 1
20:46:15 | INFO: Extracting primitive: COL_corridor_side.029
20:46:15 | INFO: Primitives created: 1
20:46:15 | INFO: Extracting primitive: COL_corridor_side.030
20:46:15 | INFO: Primitives created: 1
20:46:15 | INFO: Extracting primitive: COL_corridor_post.030
20:46:15 | INFO: Primitives created: 1
20:46:15 | INFO: Extracting primitive: COL_corridor_post.031
20:46:15 | INFO: Primitives created: 1
20:46:15 | INFO: Extracting primitive: COL_qinfang_deck.001
20:46:15 | INFO: Primitives created: 1
20:46:15 | INFO: Extracting primitive: COL_pavilion_bench.001
20:46:15 | INFO: Primitives created: 1
20:46:15 | INFO: Extracting primitive: COL_pavilion_bench.002
20:46:15 | INFO: Primitives created: 1
20:46:15 | INFO: Extracting primitive: COL_pavilion_bracket.001
20:46:15 | INFO: Primitives created: 1
20:46:15 | INFO: Extracting primitive: COL_pavilion_bracket.002
20:46:15 | INFO: Primitives created: 1
20:46:15 | INFO: Extracting primitive: COL_pavilion_bracket.003
20:46:15 | INFO: Primitives created: 1
20:46:15 | INFO: Extracting primitive: COL_pavilion_bracket.004
20:46:15 | INFO: Primitives created: 1
20:46:15 | INFO: Extracting primitive: COL_pavilion_bracket.005
20:46:15 | INFO: Primitives created: 1
20:46:15 | INFO: Extracting primitive: COL_pavilion_bracket.006
20:46:15 | INFO: Primitives created: 1
20:46:15 | INFO: Extracting primitive: COL_pavilion_post.001
20:46:15 | INFO: Primitives created: 1
20:46:15 | INFO: Extracting primitive: COL_pavilion_post.002
20:46:15 | INFO: Primitives created: 1
20:46:15 | INFO: Extracting primitive: COL_pavilion_post.003
20:46:15 | INFO: Primitives created: 1
20:46:15 | INFO: Extracting primitive: COL_pavilion_post.004
20:46:15 | INFO: Primitives created: 1
20:46:15 | INFO: Extracting primitive: COL_pavilion_post.005
20:46:15 | INFO: Primitives created: 1
20:46:15 | INFO: Extracting primitive: COL_pavilion_post.006
20:46:15 | INFO: Primitives created: 1
20:46:15 | INFO: Extracting primitive: COL_pavilion_roof.001
20:46:15 | INFO: Primitives created: 1
20:46:15 | INFO: Extracting primitive: COL_qiushuang-zhai_floor.001
20:46:15 | INFO: Primitives created: 1
20:46:15 | INFO: Extracting primitive: Cube.009
20:46:15 | INFO: Primitives created: 1
20:46:15 | INFO: Extracting primitive: Cube.011
20:46:15 | INFO: Primitives created: 1
20:46:15 | INFO: Extracting primitive: Cube.012
20:46:15 | INFO: Primitives created: 1
20:46:15 | INFO: Extracting primitive: Cube.013
20:46:15 | INFO: Primitives created: 1
20:46:15 | INFO: Extracting primitive: Cube.019
20:46:15 | INFO: Primitives created: 1
20:46:15 | INFO: Extracting primitive: Cube.020
20:46:15 | INFO: Primitives created: 1
20:46:15 | INFO: Extracting primitive: Cube.023
20:46:15 | INFO: Primitives created: 1
20:46:15 | INFO: Extracting primitive: Cube.024
20:46:15 | INFO: Primitives created: 1
20:46:15 | INFO: Extracting primitive: Cube.048
20:46:15 | INFO: Primitives created: 1
20:46:15 | INFO: Extracting primitive: Cube.050
20:46:15 | INFO: Primitives created: 1
20:46:15 | INFO: Extracting primitive: Cube.052
20:46:15 | INFO: Primitives created: 1
20:46:15 | INFO: Extracting primitive: Cube.092
20:46:15 | INFO: Primitives created: 1
20:46:15 | INFO: Extracting primitive: Cube.093
20:46:15 | INFO: Primitives created: 1
20:46:15 | INFO: Extracting primitive: Cube.094
20:46:15 | INFO: Primitives created: 1
20:46:15 | INFO: Extracting primitive: Cube.095
20:46:15 | INFO: Primitives created: 1
20:46:15 | INFO: Extracting primitive: Cube.096
20:46:15 | INFO: Primitives created: 1
20:46:15 | INFO: Extracting primitive: Cube.097
20:46:15 | INFO: Primitives created: 1
20:46:15 | INFO: Extracting primitive: Cube.098
20:46:15 | INFO: Primitives created: 1
20:46:15 | INFO: Extracting primitive: Cube.099
20:46:15 | INFO: Primitives created: 1
20:46:15 | INFO: Extracting primitive: Cube.100
20:46:15 | INFO: Primitives created: 1
20:46:15 | INFO: Extracting primitive: Cube.101
20:46:15 | INFO: Primitives created: 1
20:46:15 | INFO: Extracting primitive: Cube.102
20:46:15 | INFO: Primitives created: 1
20:46:15 | INFO: Extracting primitive: Cube.103
20:46:15 | INFO: Primitives created: 1
20:46:15 | INFO: Extracting primitive: Cube.104
20:46:15 | INFO: Primitives created: 1
20:46:15 | INFO: Extracting primitive: Cube.105
20:46:15 | INFO: Primitives created: 1
20:46:15 | INFO: Extracting primitive: Cube.106
20:46:15 | INFO: Primitives created: 1
20:46:15 | INFO: Extracting primitive: Cube.107
20:46:15 | INFO: Primitives created: 1
20:46:15 | INFO: Extracting primitive: Cube.108
20:46:15 | INFO: Primitives created: 1
20:46:15 | INFO: Extracting primitive: Cube.109
20:46:15 | INFO: Primitives created: 1
20:46:15 | INFO: Extracting primitive: Cube.110
20:46:15 | INFO: Primitives created: 1
20:46:15 | INFO: Extracting primitive: Cube.111
20:46:15 | INFO: Primitives created: 1
20:46:15 | INFO: Extracting primitive: Cube.112
20:46:15 | INFO: Primitives created: 1
20:46:15 | INFO: Extracting primitive: Cube.113
20:46:15 | INFO: Primitives created: 1
20:46:15 | INFO: Extracting primitive: Cube.114
20:46:15 | INFO: Primitives created: 1
20:46:15 | INFO: Extracting primitive: Cube.115
20:46:15 | INFO: Primitives created: 1
20:46:15 | INFO: Extracting primitive: Cube.116
20:46:15 | INFO: Primitives created: 1
20:46:15 | INFO: Extracting primitive: Cube.117
20:46:15 | INFO: Primitives created: 1
20:46:15 | INFO: Extracting primitive: Cube.118
20:46:15 | INFO: Primitives created: 1
20:46:15 | INFO: Extracting primitive: Cube.119
20:46:15 | INFO: Primitives created: 1
20:46:15 | INFO: Extracting primitive: Cube.120
20:46:15 | INFO: Primitives created: 1
20:46:15 | INFO: Extracting primitive: Cube.121
20:46:15 | INFO: Primitives created: 1
20:46:15 | INFO: Extracting primitive: Cube.122
20:46:15 | INFO: Primitives created: 1
20:46:15 | INFO: Extracting primitive: Cube.123
20:46:15 | INFO: Primitives created: 1
20:46:15 | INFO: Extracting primitive: Cube.124
20:46:15 | INFO: Primitives created: 1
20:46:15 | INFO: Extracting primitive: Cube.125
20:46:15 | INFO: Primitives created: 1
20:46:15 | INFO: Extracting primitive: Cube.126
20:46:15 | INFO: Primitives created: 1
20:46:15 | INFO: Extracting primitive: Cube.127
20:46:15 | INFO: Primitives created: 1
20:46:15 | INFO: Extracting primitive: Cube.128
20:46:15 | INFO: Primitives created: 1
20:46:15 | INFO: Extracting primitive: Cube.129
20:46:15 | INFO: Primitives created: 1
20:46:15 | INFO: Extracting primitive: Cube.130
20:46:15 | INFO: Primitives created: 1
20:46:15 | INFO: Extracting primitive: Cube.131
20:46:15 | INFO: Primitives created: 1
20:46:15 | INFO: Extracting primitive: Cube.132
20:46:15 | INFO: Primitives created: 1
20:46:15 | INFO: Extracting primitive: Cube.133
20:46:15 | INFO: Primitives created: 1
20:46:15 | INFO: Extracting primitive: Cube.134
20:46:15 | INFO: Primitives created: 1
20:46:15 | INFO: Extracting primitive: Cube.135
20:46:15 | INFO: Primitives created: 1
20:46:15 | INFO: Extracting primitive: Cube.136
20:46:15 | INFO: Primitives created: 1
20:46:15 | INFO: Extracting primitive: Cube.137
20:46:15 | INFO: Primitives created: 1
20:46:15 | INFO: Extracting primitive: Cube.138
20:46:15 | INFO: Primitives created: 1
20:46:15 | INFO: Extracting primitive: Cube.139
20:46:15 | INFO: Primitives created: 1
20:46:15 | INFO: Extracting primitive: Cube.140
20:46:15 | INFO: Primitives created: 1
20:46:15 | INFO: Extracting primitive: Cube.141
20:46:15 | INFO: Primitives created: 1
20:46:15 | INFO: Extracting primitive: Cube.142
20:46:15 | INFO: Primitives created: 1
20:46:15 | INFO: Extracting primitive: Cube.143
20:46:15 | INFO: Primitives created: 1
20:46:15 | INFO: Extracting primitive: Cube.144
20:46:15 | INFO: Primitives created: 1
20:46:15 | INFO: Extracting primitive: Cube.193
20:46:15 | INFO: Primitives created: 1
20:46:15 | INFO: Extracting primitive: Cube.194
20:46:15 | INFO: Primitives created: 1
20:46:15 | INFO: Extracting primitive: Cube.195
20:46:15 | INFO: Primitives created: 1
20:46:15 | INFO: Extracting primitive: Cube.196
20:46:15 | INFO: Primitives created: 1
20:46:15 | INFO: Extracting primitive: Cube.197
20:46:15 | INFO: Primitives created: 1
20:46:15 | INFO: Extracting primitive: Cube.198
20:46:15 | INFO: Primitives created: 1
20:46:15 | INFO: Extracting primitive: Cube.199
20:46:15 | INFO: Primitives created: 1
20:46:15 | INFO: Extracting primitive: Cube.200
20:46:15 | INFO: Primitives created: 1
20:46:15 | INFO: Extracting primitive: COL_stone_walk.005
20:46:15 | INFO: Primitives created: 1
20:46:15 | INFO: Extracting primitive: COL_stone_walk.008
20:46:15 | INFO: Primitives created: 1
20:46:15 | INFO: Extracting primitive: COL_stone_walk.009
20:46:15 | INFO: Primitives created: 1
20:46:15 | INFO: Extracting primitive: COL_stone_walk.010
20:46:15 | INFO: Primitives created: 1
20:46:15 | INFO: Extracting primitive: COL_stone_walk.011
20:46:15 | INFO: Primitives created: 1
20:46:15 | INFO: Extracting primitive: COL_stone_walk.012
20:46:15 | INFO: Primitives created: 1
20:46:15 | INFO: Extracting primitive: COL_study_approach.002
20:46:15 | INFO: Primitives created: 1
20:46:15 | INFO: Extracting primitive: COL_study_desk_centre.002
20:46:15 | INFO: Primitives created: 1
20:46:15 | INFO: Extracting primitive: COL_study_desk_left.002
20:46:15 | INFO: Primitives created: 1
20:46:15 | INFO: Extracting primitive: COL_study_desk_right.002
20:46:15 | INFO: Primitives created: 1
20:46:15 | INFO: Extracting primitive: COL_study_front_walk.002
20:46:15 | INFO: Primitives created: 1
20:46:15 | INFO: Extracting primitive: COL_study_front_wall.002
20:46:15 | INFO: Primitives created: 1
20:46:15 | INFO: Extracting primitive: COL_study_post.001
20:46:15 | INFO: Primitives created: 1
20:46:15 | INFO: Extracting primitive: COL_study_post.002
20:46:15 | INFO: Primitives created: 1
20:46:15 | INFO: Extracting primitive: COL_study_post.003
20:46:15 | INFO: Primitives created: 1
20:46:15 | INFO: Extracting primitive: COL_study_post.008
20:46:15 | INFO: Primitives created: 1
20:46:15 | INFO: Extracting primitive: Cube.151
20:46:15 | INFO: Primitives created: 1
20:46:15 | INFO: Extracting primitive: Cube.152
20:46:15 | INFO: Primitives created: 1
20:46:15 | INFO: Extracting primitive: Cube.153
20:46:15 | INFO: Primitives created: 1
20:46:15 | INFO: Extracting primitive: Cube.154
20:46:15 | INFO: Primitives created: 1
20:46:15 | INFO: Extracting primitive: Cube.155
20:46:15 | INFO: Primitives created: 1
20:46:15 | INFO: Extracting primitive: Cube.156
20:46:15 | INFO: Primitives created: 1
20:46:15 | INFO: Extracting primitive: Cube.157
20:46:15 | INFO: Primitives created: 1
20:46:15 | INFO: Extracting primitive: Cube.158
20:46:15 | INFO: Primitives created: 1
20:46:15 | INFO: Extracting primitive: Cube.159
20:46:15 | INFO: Primitives created: 1
20:46:15 | INFO: Extracting primitive: Cube.160
20:46:15 | INFO: Primitives created: 1
20:46:15 | INFO: Extracting primitive: Cube.161
20:46:15 | INFO: Primitives created: 1
20:46:15 | INFO: Extracting primitive: Cube.162
20:46:15 | INFO: Primitives created: 1
20:46:15 | INFO: Extracting primitive: Cube.163
20:46:15 | INFO: Primitives created: 1
20:46:15 | INFO: Extracting primitive: Cube.164
20:46:15 | INFO: Primitives created: 1
20:46:15 | INFO: Extracting primitive: Cube.165
20:46:15 | INFO: Primitives created: 1
20:46:15 | INFO: Extracting primitive: Cube.166
20:46:15 | INFO: Primitives created: 1
20:46:15 | INFO: Extracting primitive: Cube.167
20:46:15 | INFO: Primitives created: 1
20:46:15 | INFO: Extracting primitive: Cube.168
20:46:15 | INFO: Primitives created: 1
20:46:15 | INFO: Extracting primitive: Cube.169
20:46:15 | INFO: Primitives created: 1
20:46:15 | INFO: Extracting primitive: Cube.170
20:46:15 | INFO: Primitives created: 1
20:46:15 | INFO: Extracting primitive: Cube.171
20:46:15 | INFO: Primitives created: 1
20:46:15 | INFO: Extracting primitive: Cube.172
20:46:15 | INFO: Primitives created: 1
20:46:15 | INFO: Extracting primitive: Cube.173
20:46:15 | INFO: Primitives created: 1
20:46:15 | INFO: Extracting primitive: Cube.174
20:46:15 | INFO: Primitives created: 1
20:46:15 | INFO: Extracting primitive: Cube.175
20:46:15 | INFO: Primitives created: 1
20:46:15 | INFO: Extracting primitive: Cube.176
20:46:15 | INFO: Primitives created: 1
20:46:15 | INFO: Extracting primitive: Cube.177
20:46:15 | INFO: Primitives created: 1
20:46:15 | INFO: Extracting primitive: Cube.178
20:46:15 | INFO: Primitives created: 1
20:46:15 | INFO: Extracting primitive: Cube.179
20:46:15 | INFO: Primitives created: 1
20:46:15 | INFO: Extracting primitive: Cube.180
20:46:15 | INFO: Primitives created: 1
20:46:15 | INFO: Extracting primitive: Cube.201
20:46:15 | INFO: Primitives created: 1
20:46:15 | INFO: Extracting primitive: Cube.202
20:46:15 | INFO: Primitives created: 1
20:46:15 | INFO: Extracting primitive: Cube.203
20:46:15 | INFO: Primitives created: 1
20:46:15 | INFO: Extracting primitive: Cube.181
20:46:15 | INFO: Primitives created: 1
20:46:15 | INFO: Extracting primitive: Cube.182
20:46:15 | INFO: Primitives created: 1
20:46:15 | INFO: Extracting primitive: Cube.183
20:46:15 | INFO: Primitives created: 1
20:46:15 | INFO: Extracting primitive: Cube.184
20:46:15 | INFO: Primitives created: 1
20:46:15 | INFO: Extracting primitive: Cube.185
20:46:15 | INFO: Primitives created: 1
20:46:15 | INFO: Extracting primitive: Cube.186
20:46:15 | INFO: Primitives created: 1
20:46:15 | INFO: Extracting primitive: Cube.187
20:46:15 | INFO: Primitives created: 1
20:46:15 | INFO: Extracting primitive: Cube.188
20:46:15 | INFO: Primitives created: 1
20:46:15 | INFO: Extracting primitive: Cube.189
20:46:15 | INFO: Primitives created: 1
20:46:15 | INFO: Extracting primitive: Cube.190
20:46:15 | INFO: Primitives created: 1
20:46:15 | INFO: Extracting primitive: Cube.191
20:46:15 | INFO: Primitives created: 1
20:46:15 | INFO: Extracting primitive: Cube.192
20:46:15 | INFO: Primitives created: 1
20:46:15 | INFO: Extracting primitive: COL_tubi-tang_floor.001
20:46:15 | INFO: Primitives created: 1
20:46:15 | INFO: Extracting primitive: COL_tubi_approach.001
20:46:15 | INFO: Primitives created: 1
20:46:15 | INFO: Extracting primitive: COL_tubi_approach.002
20:46:15 | INFO: Primitives created: 1
20:46:15 | INFO: Extracting primitive: COL_tubi_approach.007
20:46:15 | INFO: Primitives created: 1
20:46:15 | INFO: Extracting primitive: COL_tubi_approach.008
20:46:15 | INFO: Primitives created: 1
20:46:15 | INFO: Extracting primitive: COL_tubi_closed_hall.002
20:46:15 | INFO: Primitives created: 1
20:46:15 | INFO: Extracting primitive: COL_tubi_hall_post.001
20:46:15 | INFO: Primitives created: 1
20:46:15 | INFO: Extracting primitive: COL_tubi_hall_post.002
20:46:15 | INFO: Primitives created: 1
20:46:15 | INFO: Extracting primitive: COL_tubi_hall_post.006
20:46:15 | INFO: Primitives created: 1
20:46:15 | INFO: Extracting primitive: COL_tubi_parapet.001
20:46:15 | INFO: Primitives created: 1
20:46:15 | INFO: Extracting primitive: COL_tubi_parapet.002
20:46:15 | INFO: Primitives created: 1
20:46:15 | INFO: Extracting primitive: COL_tubi_parapet.003
20:46:15 | INFO: Primitives created: 1
20:46:15 | INFO: Extracting primitive: COL_tubi_parapet.008
20:46:15 | INFO: Primitives created: 1
20:46:15 | INFO: Extracting primitive: COL_tubi_stair_guard.001
20:46:15 | INFO: Primitives created: 1
20:46:15 | INFO: Extracting primitive: COL_tubi_stair_guard.004
20:46:15 | INFO: Primitives created: 1
20:46:15 | INFO: Extracting primitive: COL_tubi_stair_ramp.002
20:46:15 | INFO: Primitives created: 1
20:46:15 | INFO: Extracting primitive: COL_tubi_terrace.002
20:46:15 | INFO: Primitives created: 1
20:46:15 | INFO: Extracting primitive: COL_tubi_topic_table.002
20:46:15 | INFO: Primitives created: 1
20:46:15 | INFO: Extracting primitive: COL_tubi_view_bench_left.001
20:46:15 | INFO: Primitives created: 1
20:46:15 | INFO: Extracting primitive: COL_tubi_view_bench_right.001
20:46:15 | INFO: Primitives created: 1
20:46:15 | INFO: Extracting primitive: COL_water_embankment.082
20:46:15 | INFO: Primitives created: 1
20:46:15 | INFO: Extracting primitive: COL_water_embankment.083
20:46:15 | INFO: Primitives created: 1
20:46:15 | INFO: Extracting primitive: COL_water_embankment.084
20:46:15 | INFO: Primitives created: 1
20:46:15 | INFO: Extracting primitive: COL_water_embankment.085
20:46:15 | INFO: Primitives created: 1
20:46:15 | INFO: Extracting primitive: COL_water_embankment.086
20:46:15 | INFO: Primitives created: 1
20:46:15 | INFO: Extracting primitive: COL_water_embankment.087
20:46:15 | INFO: Primitives created: 1
20:46:15 | INFO: Extracting primitive: COL_water_embankment.088
20:46:15 | INFO: Primitives created: 1
20:46:15 | INFO: Extracting primitive: COL_water_embankment.089
20:46:15 | INFO: Primitives created: 1
20:46:15 | INFO: Extracting primitive: COL_water_embankment.090
20:46:15 | INFO: Primitives created: 1
20:46:15 | INFO: Extracting primitive: COL_water_embankment.091
20:46:15 | INFO: Primitives created: 1
20:46:15 | INFO: Extracting primitive: COL_water_embankment.092
20:46:15 | INFO: Primitives created: 1
20:46:15 | INFO: Extracting primitive: COL_water_embankment.093
20:46:15 | INFO: Primitives created: 1
20:46:15 | INFO: Extracting primitive: COL_water_embankment.094
20:46:15 | INFO: Primitives created: 1
20:46:15 | INFO: Extracting primitive: COL_water_embankment.095
20:46:15 | INFO: Primitives created: 1
20:46:15 | INFO: Extracting primitive: COL_water_embankment.096
20:46:15 | INFO: Primitives created: 1
20:46:15 | INFO: Extracting primitive: COL_water_embankment.097
20:46:15 | INFO: Primitives created: 1
20:46:15 | INFO: Extracting primitive: COL_water_embankment.098
20:46:15 | INFO: Primitives created: 1
20:46:15 | INFO: Extracting primitive: COL_water_embankment.099
20:46:15 | INFO: Primitives created: 1
20:46:15 | INFO: Extracting primitive: COL_water_embankment.100
20:46:15 | INFO: Primitives created: 1
20:46:15 | INFO: Extracting primitive: COL_water_embankment.101
20:46:15 | INFO: Primitives created: 1
20:46:15 | INFO: Extracting primitive: COL_water_embankment.102
20:46:15 | INFO: Primitives created: 1
20:46:15 | INFO: Extracting primitive: COL_water_embankment.103
20:46:15 | INFO: Primitives created: 1
20:46:15 | INFO: Extracting primitive: COL_water_embankment.104
20:46:15 | INFO: Primitives created: 1
20:46:15 | INFO: Extracting primitive: COL_water_embankment.105
20:46:15 | INFO: Primitives created: 1
20:46:15 | INFO: Extracting primitive: COL_water_embankment.106
20:46:15 | INFO: Primitives created: 1
20:46:15 | INFO: Extracting primitive: COL_water_embankment.107
20:46:15 | INFO: Primitives created: 1
20:46:15 | INFO: Extracting primitive: COL_water_embankment.108
20:46:15 | INFO: Primitives created: 1
20:46:15 | INFO: Extracting primitive: COL_water_embankment.055
20:46:15 | INFO: Primitives created: 1
20:46:15 | INFO: Extracting primitive: COL_water_embankment.056
20:46:15 | INFO: Primitives created: 1
20:46:15 | INFO: Extracting primitive: COL_water_embankment.057
20:46:15 | INFO: Primitives created: 1
20:46:15 | INFO: Extracting primitive: COL_water_embankment.058
20:46:15 | INFO: Primitives created: 1
20:46:15 | INFO: Extracting primitive: COL_water_embankment.059
20:46:15 | INFO: Primitives created: 1
20:46:15 | INFO: Extracting primitive: COL_water_embankment.060
20:46:15 | INFO: Primitives created: 1
20:46:15 | INFO: Extracting primitive: COL_water_embankment.061
20:46:15 | INFO: Primitives created: 1
20:46:15 | INFO: Extracting primitive: COL_water_embankment.062
20:46:15 | INFO: Primitives created: 1
20:46:15 | INFO: Extracting primitive: COL_water_embankment.063
20:46:15 | INFO: Primitives created: 1
20:46:15 | INFO: Extracting primitive: COL_water_embankment.064
20:46:15 | INFO: Primitives created: 1
20:46:15 | INFO: Extracting primitive: COL_water_embankment.065
20:46:15 | INFO: Primitives created: 1
20:46:15 | INFO: Extracting primitive: COL_water_embankment.066
20:46:15 | INFO: Primitives created: 1
20:46:15 | INFO: Extracting primitive: COL_water_embankment.067
20:46:15 | INFO: Primitives created: 1
20:46:15 | INFO: Extracting primitive: COL_water_embankment.068
20:46:15 | INFO: Primitives created: 1
20:46:15 | INFO: Extracting primitive: COL_water_embankment.069
20:46:15 | INFO: Primitives created: 1
20:46:15 | INFO: Extracting primitive: COL_water_embankment.070
20:46:15 | INFO: Primitives created: 1
20:46:15 | INFO: Extracting primitive: COL_water_embankment.071
20:46:15 | INFO: Primitives created: 1
20:46:15 | INFO: Extracting primitive: COL_water_embankment.072
20:46:15 | INFO: Primitives created: 1
20:46:15 | INFO: Extracting primitive: COL_water_embankment.073
20:46:15 | INFO: Primitives created: 1
20:46:15 | INFO: Extracting primitive: COL_water_embankment.074
20:46:15 | INFO: Primitives created: 1
20:46:15 | INFO: Extracting primitive: COL_water_embankment.075
20:46:15 | INFO: Primitives created: 1
20:46:15 | INFO: Extracting primitive: COL_water_embankment.076
20:46:15 | INFO: Primitives created: 1
20:46:15 | INFO: Extracting primitive: COL_water_embankment.077
20:46:15 | INFO: Primitives created: 1
20:46:15 | INFO: Extracting primitive: COL_water_embankment.078
20:46:15 | INFO: Primitives created: 1
20:46:15 | INFO: Extracting primitive: COL_water_embankment.079
20:46:15 | INFO: Primitives created: 1
20:46:15 | INFO: Extracting primitive: COL_water_embankment.080
20:46:15 | INFO: Primitives created: 1
20:46:15 | INFO: Extracting primitive: COL_water_embankment.081
20:46:15 | INFO: Primitives created: 1
20:46:15 | INFO: Extracting primitive: COL_water_bridge_side.001
20:46:15 | INFO: Primitives created: 1
20:46:15 | INFO: Extracting primitive: COL_water_bridge_side.004
20:46:15 | INFO: Primitives created: 1
20:46:15 | INFO: Extracting primitive: COL_water_bridge_deck.002
20:46:15 | INFO: Primitives created: 1
20:46:15 | INFO: Extracting primitive: COL_xiaoxiang_bamboo_bed.004
20:46:15 | INFO: Primitives created: 1
20:46:15 | INFO: Extracting primitive: COL_xiaoxiang_bamboo_bed.005
20:46:15 | INFO: Primitives created: 1
20:46:15 | INFO: Extracting primitive: COL_xiaoxiang_bamboo_bed.006
20:46:15 | INFO: Primitives created: 1
20:46:15 | INFO: Extracting primitive: COL_xiaoxiang_bamboo_bed.007
20:46:15 | INFO: Primitives created: 1
20:46:15 | INFO: Extracting primitive: COL_xiaoxiang_closed_front.001
20:46:15 | INFO: Primitives created: 1
20:46:15 | INFO: Extracting primitive: COL_xiaoxiang_floor.001
20:46:15 | INFO: Primitives created: 1
20:46:15 | INFO: Extracting primitive: COL_xiaoxiang_return.002
20:46:15 | INFO: Primitives created: 1
20:46:15 | INFO: Extracting primitive: COL_xiaoxiang_return.003
20:46:15 | INFO: Primitives created: 1
20:46:15 | INFO: Extracting primitive: COL_xiaoxiang_threshold.001
20:46:15 | INFO: Primitives created: 1
20:46:15 | INFO: Extracting primitive: COL_yihong_closed_front.002
20:46:15 | INFO: Primitives created: 1
20:46:15 | INFO: Extracting primitive: COL_yihong_court_side.001
20:46:15 | INFO: Primitives created: 1
20:46:15 | INFO: Extracting primitive: COL_yihong_court_side.004
20:46:15 | INFO: Primitives created: 1
20:46:15 | INFO: Extracting primitive: COL_yihong_floor.002
20:46:15 | INFO: Primitives created: 1
20:46:15 | INFO: Extracting primitive: COL_yihong_planter.001
20:46:15 | INFO: Primitives created: 1
20:46:15 | INFO: Extracting primitive: COL_yihong_planter.004
20:46:15 | INFO: Primitives created: 1
20:46:15 | INFO: Extracting primitive: COL_yihong_side_return.001
20:46:15 | INFO: Primitives created: 1
20:46:15 | INFO: Extracting primitive: COL_yihong_side_return.004
20:46:15 | INFO: Primitives created: 1
20:46:15 | INFO: Extracting primitive: COL_yihong_threshold.002
20:46:15 | INFO: Primitives created: 1
20:46:15 | INFO: Extracting primitive: COL_ziling_landing.001
20:46:15 | INFO: Primitives created: 1
20:46:15 | INFO: Extracting primitive: HERO_aojing-guan_title.002
20:46:15 | WARNING: More than one shader node tex image used for a texture. The resulting glTF sampler will behave like the first shader node tex image.
20:46:15 | INFO: Primitives created: 1
20:46:15 | INFO: Extracting primitive: HERO_daguan_title.001
20:46:15 | WARNING: More than one shader node tex image used for a texture. The resulting glTF sampler will behave like the first shader node tex image.
20:46:15 | INFO: Primitives created: 1
20:46:15 | INFO: Extracting primitive: HERO_daoxiang-cun_title.002
20:46:15 | WARNING: More than one shader node tex image used for a texture. The resulting glTF sampler will behave like the first shader node tex image.
20:46:15 | INFO: Primitives created: 1
20:46:15 | INFO: Extracting primitive: KIT_flora_plum_render.001
20:46:15 | WARNING: More than one shader node tex image used for a texture. The resulting glTF sampler will behave like the first shader node tex image.
20:46:15 | INFO: Primitives created: 1
20:46:15 | INFO: Extracting primitive: KIT_flora_plum_render.002
20:46:15 | INFO: Primitives created: 1
20:46:15 | INFO: Extracting primitive: KIT_flora_bamboo_large_render.001
20:46:15 | INFO: Primitives created: 1
20:46:15 | INFO: Extracting primitive: KIT_flora_bamboo_large_render.002
20:46:15 | INFO: Primitives created: 1
20:46:15 | INFO: Extracting primitive: KIT_flora_bamboo_small_render.001
20:46:15 | INFO: Primitives created: 1
20:46:15 | INFO: Extracting primitive: KIT_flora_willow_render.001
20:46:15 | INFO: Primitives created: 1
20:46:15 | INFO: Extracting primitive: KIT_flora_willow_render.002
20:46:15 | INFO: Primitives created: 1
20:46:15 | INFO: Extracting primitive: KIT_flora_bamboo_large_render.003
20:46:15 | INFO: Primitives created: 1
20:46:15 | INFO: Extracting primitive: KIT_flora_bamboo_medium_render.001
20:46:15 | INFO: Primitives created: 1
20:46:15 | INFO: Extracting primitive: KIT_flora_bamboo_small_render.002
20:46:15 | INFO: Primitives created: 1
20:46:15 | INFO: Extracting primitive: KIT_flora_bamboo_large_render.004
20:46:15 | INFO: Primitives created: 1
20:46:15 | INFO: Extracting primitive: KIT_flora_banana_render.001
20:46:15 | INFO: Primitives created: 1
20:46:15 | INFO: Extracting primitive: KIT_flora_banana_render.002
20:46:15 | INFO: Primitives created: 1
20:46:15 | INFO: Extracting primitive: TEMP_reed_geometry.001
20:46:15 | INFO: Primitives created: 1
20:46:15 | INFO: Extracting primitive: TEMP_reed_geometry.002
20:46:15 | INFO: Primitives created: 1
20:46:15 | INFO: Extracting primitive: TEMP_reed_geometry.003
20:46:15 | INFO: Primitives created: 1
20:46:15 | INFO: Extracting primitive: TEMP_reed_geometry.004
20:46:15 | INFO: Primitives created: 1
20:46:15 | INFO: Extracting primitive: TEMP_reed_geometry.005
20:46:15 | INFO: Primitives created: 1
20:46:15 | INFO: Extracting primitive: TEMP_reed_geometry.006
20:46:15 | INFO: Primitives created: 1
20:46:15 | INFO: Extracting primitive: TEMP_reed_geometry.007
20:46:15 | INFO: Primitives created: 1
20:46:15 | INFO: Extracting primitive: TEMP_reed_geometry.008
20:46:15 | INFO: Primitives created: 1
20:46:15 | INFO: Extracting primitive: TEMP_reed_geometry.009
20:46:15 | INFO: Primitives created: 1
20:46:15 | INFO: Extracting primitive: TEMP_reed_geometry.010
20:46:15 | INFO: Primitives created: 1
20:46:15 | INFO: Extracting primitive: HERO_gate_inscription.001
20:46:15 | WARNING: More than one shader node tex image used for a texture. The resulting glTF sampler will behave like the first shader node tex image.
20:46:15 | INFO: Primitives created: 1
20:46:15 | INFO: Extracting primitive: HERO_gate_water_drips.001
20:46:15 | WARNING: More than one shader node tex image used for a texture. The resulting glTF sampler will behave like the first shader node tex image.
20:46:15 | INFO: Primitives created: 1
20:46:15 | INFO: Extracting primitive: HERO_hengwu-yuan_title.002
20:46:15 | WARNING: More than one shader node tex image used for a texture. The resulting glTF sampler will behave like the first shader node tex image.
20:46:15 | INFO: Primitives created: 1
20:46:15 | INFO: Extracting primitive: HERO_longcui-an_title.002
20:46:15 | WARNING: More than one shader node tex image used for a texture. The resulting glTF sampler will behave like the first shader node tex image.
20:46:15 | INFO: Primitives created: 1
20:46:15 | INFO: Extracting primitive: HERO_qinfang-ting_title.002
20:46:15 | WARNING: More than one shader node tex image used for a texture. The resulting glTF sampler will behave like the first shader node tex image.
20:46:15 | INFO: Primitives created: 1
20:46:15 | INFO: Extracting primitive: HERO_qinfang_bridge.001
20:46:15 | INFO: Primitives created: 1
20:46:15 | INFO: Extracting primitive: HERO_study_scroll_bamboo.002
20:46:15 | INFO: Primitives created: 1
20:46:15 | INFO: Extracting primitive: HERO_study_scroll_plum.002
20:46:15 | INFO: Primitives created: 1
20:46:15 | INFO: Extracting primitive: HERO_study_title.002
20:46:15 | WARNING: More than one shader node tex image used for a texture. The resulting glTF sampler will behave like the first shader node tex image.
20:46:15 | INFO: Primitives created: 1
20:46:15 | INFO: Extracting primitive: HERO_table_hexagram.001
20:46:15 | INFO: Primitives created: 1
20:46:15 | INFO: Extracting primitive: line_piece.005
20:46:15 | WARNING: More than one shader node tex image used for a texture. The resulting glTF sampler will behave like the first shader node tex image.
20:46:15 | INFO: Primitives created: 1
20:46:15 | INFO: Extracting primitive: line_piece.002
20:46:15 | INFO: Primitives created: 1
20:46:15 | INFO: Extracting primitive: line_piece.011
20:46:15 | INFO: Primitives created: 1
20:46:15 | INFO: Extracting primitive: line_piece.008
20:46:15 | INFO: Primitives created: 1
20:46:15 | INFO: Extracting primitive: line_piece.017
20:46:15 | INFO: Primitives created: 1
20:46:15 | INFO: Extracting primitive: line_piece.014
20:46:15 | INFO: Primitives created: 1
20:46:15 | INFO: Extracting primitive: line_piece.019
20:46:15 | INFO: Primitives created: 1
20:46:15 | INFO: Extracting primitive: line_piece.018
20:46:15 | INFO: Primitives created: 1
20:46:15 | INFO: Extracting primitive: line_piece.021
20:46:15 | INFO: Primitives created: 1
20:46:15 | INFO: Extracting primitive: line_piece.020
20:46:15 | INFO: Primitives created: 1
20:46:15 | INFO: Extracting primitive: line_piece.023
20:46:15 | INFO: Primitives created: 1
20:46:15 | INFO: Extracting primitive: line_piece.022
20:46:15 | INFO: Primitives created: 1
20:46:15 | INFO: Extracting primitive: HERO_table_pedestal.001
20:46:15 | INFO: Primitives created: 1
20:46:15 | INFO: Extracting primitive: HERO_tubi_title.002
20:46:15 | WARNING: More than one shader node tex image used for a texture. The resulting glTF sampler will behave like the first shader node tex image.
20:46:15 | INFO: Primitives created: 1
20:46:15 | INFO: Extracting primitive: HERO_xiaoxiang-guan_title.002
20:46:15 | WARNING: More than one shader node tex image used for a texture. The resulting glTF sampler will behave like the first shader node tex image.
20:46:15 | INFO: Primitives created: 1
20:46:15 | INFO: Extracting primitive: HERO_yihong-yuan_title.002
20:46:15 | WARNING: More than one shader node tex image used for a texture. The resulting glTF sampler will behave like the first shader node tex image.
20:46:15 | INFO: Primitives created: 1
20:46:15 | INFO: Extracting primitive: AOJING_pond.002
20:46:15 | INFO: Primitives created: 1
20:46:15 | INFO: Extracting primitive: AOJING_backstage.002
20:46:15 | INFO: Primitives created: 1
20:46:15 | INFO: Extracting primitive: AOJING_amber_window.002
20:46:15 | INFO: Primitives created: 1
20:46:15 | INFO: Extracting primitive: AOJING_window_lattice.001
20:46:15 | INFO: Primitives created: 1
20:46:15 | INFO: Extracting primitive: AOJING_dry_ledge.002
20:46:15 | INFO: Primitives created: 1
20:46:15 | INFO: Extracting primitive: AOJING_roof.002
20:46:15 | INFO: Primitives created: 1
20:46:15 | INFO: Extracting primitive: AOJING_closed_front.002
20:46:15 | INFO: Primitives created: 1
20:46:15 | INFO: Extracting primitive: DAGUAN_backstage.001
20:46:15 | INFO: Primitives created: 1
20:46:15 | INFO: Extracting primitive: DAGUAN_door_stud.180
20:46:15 | INFO: Primitives created: 1
20:46:15 | INFO: Extracting primitive: DAGUAN_amber_transom.002
20:46:15 | INFO: Primitives created: 1
20:46:15 | INFO: Extracting primitive: DAGUAN_closed_door.010
20:46:15 | INFO: Primitives created: 1
20:46:15 | INFO: Extracting primitive: DAGUAN_recessed_panel.020
20:46:15 | INFO: Primitives created: 1
20:46:15 | INFO: Extracting primitive: DAGUAN_column.006
20:46:15 | INFO: Primitives created: 1
20:46:15 | INFO: Extracting primitive: DAGUAN_platform.001
20:46:15 | INFO: Primitives created: 1
20:46:15 | INFO: Extracting primitive: DAGUAN_lower_roof.001
20:46:15 | INFO: Primitives created: 1
20:46:15 | INFO: Extracting primitive: DAGUAN_front.001
20:46:15 | INFO: Primitives created: 1
20:46:15 | INFO: Extracting primitive: DAOXIANG_backstage.001
20:46:15 | INFO: Primitives created: 1
20:46:15 | INFO: Extracting primitive: DAOXIANG_door_latch.001
20:46:15 | INFO: Primitives created: 1
20:46:15 | INFO: Extracting primitive: DAOXIANG_warm_sliver.001
20:46:15 | INFO: Primitives created: 1
20:46:15 | INFO: Extracting primitive: DAOXIANG_closed_door.001
20:46:15 | INFO: Primitives created: 1
20:46:15 | INFO: Extracting primitive: DAOXIANG_paddy_painting.001
20:46:15 | INFO: Primitives created: 1
20:46:15 | INFO: Extracting primitive: DAOXIANG_court.001
20:46:15 | INFO: Primitives created: 1
20:46:15 | INFO: Extracting primitive: DAOXIANG_thatch_mass.001
20:46:15 | INFO: Primitives created: 1
20:46:15 | INFO: Extracting primitive: DAOXIANG_front.001
20:46:15 | INFO: Primitives created: 1
20:46:15 | INFO: Extracting primitive: SITE_hengwu-yuan_backstage.001
20:46:15 | INFO: Primitives created: 1
20:46:15 | INFO: Extracting primitive: KIT_pavilion_finial.011
20:46:15 | INFO: Primitives created: 1
20:46:15 | INFO: Extracting primitive: KIT_wall_amber_window.006
20:46:15 | INFO: Primitives created: 1
20:46:15 | INFO: Extracting primitive: HENGWU_herb_leaf.001
20:46:15 | INFO: Primitives created: 1
20:46:15 | INFO: Extracting primitive: KIT_wall_lattice_vertical.105
20:46:15 | INFO: Primitives created: 1
20:46:15 | INFO: Extracting primitive: SITE_hengwu-yuan_platform.001
20:46:15 | INFO: Primitives created: 1
20:46:15 | INFO: Extracting primitive: KIT_props_lantern_hanging_render.015
20:46:15 | WARNING: More than one shader node tex image used for a texture. The resulting glTF sampler will behave like the first shader node tex image.
20:46:15 | INFO: Primitives created: 1
20:46:15 | INFO: Extracting primitive: KIT_pavilion_roof.011
20:46:15 | INFO: Primitives created: 1
20:46:15 | INFO: Extracting primitive: KIT_wall_bay.001
20:46:15 | WARNING: More than one shader node tex image used for a texture. The resulting glTF sampler will behave like the first shader node tex image.
20:46:15 | INFO: Primitives created: 1
20:46:15 | INFO: Extracting primitive: SITE_hengwu-yuan_front.001
20:46:15 | INFO: Primitives created: 1
20:46:15 | INFO: Extracting primitive: LONGCUI_backstage.001
20:46:15 | INFO: Primitives created: 1
20:46:15 | INFO: Extracting primitive: LONGCUI_gate_pull.002
20:46:15 | INFO: Primitives created: 1
20:46:15 | INFO: Extracting primitive: LONGCUI_closed_gate.002
20:46:15 | INFO: Primitives created: 1
20:46:15 | INFO: Extracting primitive: LONGCUI_paving.001
20:46:15 | INFO: Primitives created: 1
20:46:15 | INFO: Extracting primitive: KIT_props_lantern_hanging_render.016
20:46:15 | INFO: Primitives created: 1
20:46:15 | INFO: Extracting primitive: LONGCUI_wall_cap.001
20:46:15 | INFO: Primitives created: 1
20:46:15 | INFO: Extracting primitive: LONGCUI_closed_front.001
20:46:15 | INFO: Primitives created: 1
20:46:15 | INFO: Extracting primitive: KIT_props_tea_cup.006
20:46:15 | INFO: Primitives created: 1
20:46:15 | INFO: Extracting primitive: SITE_ouxiang_deck.001
20:46:15 | INFO: Primitives created: 1
20:46:15 | INFO: Extracting primitive: WESTERN_kit_lotus_lotus_pad.001
20:46:15 | INFO: Primitives created: 1
20:46:15 | INFO: Extracting primitive: KIT_pavilion_water_pier.004
20:46:15 | INFO: Primitives created: 1
20:46:15 | INFO: Extracting primitive: KIT_props_lantern_hanging_render.013
20:46:15 | INFO: Primitives created: 1
20:46:15 | INFO: Extracting primitive: KIT_pavilion_water_hipped_roof.001
20:46:15 | INFO: Primitives created: 1
20:46:15 | INFO: Extracting primitive: KIT_corridor_rail.008
20:46:15 | INFO: Primitives created: 1
20:46:15 | INFO: Extracting primitive: KIT_water_lotus_lotus_pad.001
20:46:15 | INFO: Primitives created: 1
20:46:15 | INFO: Extracting primitive: KIT_pavilion_roof_shell.001
20:46:15 | INFO: Primitives created: 1
20:46:15 | INFO: Extracting primitive: KIT_pavilion_plinth.001
20:46:15 | INFO: Primitives created: 1
20:46:15 | INFO: Extracting primitive: KIT_props_lantern_hanging_render.001
20:46:15 | INFO: Primitives created: 1
20:46:15 | INFO: Extracting primitive: KIT_water_stream.001
20:46:15 | INFO: Primitives created: 1
20:46:15 | INFO: Extracting primitive: SITE_qiushuang-zhai_backstage.001
20:46:15 | INFO: Primitives created: 1
20:46:15 | INFO: Extracting primitive: KIT_pavilion_finial.005
20:46:15 | INFO: Primitives created: 1
20:46:15 | INFO: Extracting primitive: KIT_wall_lattice_vertical.042
20:46:15 | INFO: Primitives created: 1
20:46:15 | INFO: Extracting primitive: SITE_qiushuang-zhai_platform.001
20:46:15 | INFO: Primitives created: 1
20:46:15 | INFO: Extracting primitive: KIT_props_lantern_hanging_render.010
20:46:15 | INFO: Primitives created: 1
20:46:15 | INFO: Extracting primitive: KIT_pavilion_roof.005
20:46:15 | INFO: Primitives created: 1
20:46:15 | INFO: Extracting primitive: KIT_tech_terminal_desk_render.007
20:46:15 | WARNING: More than one shader node tex image used for a texture. The resulting glTF sampler will behave like the first shader node tex image.
20:46:15 | INFO: Primitives created: 1
20:46:15 | INFO: Extracting primitive: SITE_qiushuang-zhai_front.001
20:46:15 | INFO: Primitives created: 1
20:46:15 | INFO: Extracting primitive: GATE_banana_pseudostem.001
20:46:15 | INFO: Primitives created: 1
20:46:15 | INFO: Extracting primitive: GATE_banana_soil.001
20:46:15 | INFO: Primitives created: 1
20:46:15 | INFO: Extracting primitive: KIT_rockery_passage.001
20:46:15 | INFO: Primitives created: 1
20:46:15 | INFO: Extracting primitive: GATE_paving.002
20:46:15 | INFO: Primitives created: 1
20:46:15 | INFO: Extracting primitive: KIT_props_lantern_hanging_render.008
20:46:15 | INFO: Primitives created: 1
20:46:15 | INFO: Extracting primitive: KIT_stage_fog_plane_render.017
20:46:15 | INFO: Primitives created: 1
20:46:15 | INFO: Extracting primitive: KIT_stage_floor.001
20:46:15 | INFO: Primitives created: 1
20:46:15 | INFO: Extracting primitive: AOJING_approach_guard.001
20:46:15 | INFO: Primitives created: 1
20:46:15 | INFO: Extracting primitive: KIT_stage_painted_moon.001
20:46:15 | INFO: Primitives created: 1
20:46:15 | INFO: Extracting primitive: KIT_stage_painted_mountain_layer.003
20:46:15 | INFO: Primitives created: 1
20:46:15 | INFO: Extracting primitive: KIT_stage_painted_mountain_layer.004
20:46:15 | INFO: Primitives created: 1
20:46:15 | INFO: Extracting primitive: KIT_stage_painted_mountain_layer.005
20:46:15 | INFO: Primitives created: 1
20:46:15 | INFO: Extracting primitive: KIT_water_stone_walk.005
20:46:15 | INFO: Primitives created: 1
20:46:15 | INFO: Extracting primitive: Painted coved ceiling candidate.001
20:46:15 | INFO: Primitives created: 1
20:46:15 | INFO: Extracting primitive: KIT_stage_painted_canvas.002
20:46:15 | INFO: Primitives created: 1
20:46:15 | INFO: Extracting primitive: Eight painted cyclorama arcs.001
20:46:15 | WARNING: More than one shader node tex image used for a texture. The resulting glTF sampler will behave like the first shader node tex image.
20:46:15 | INFO: Primitives created: 2
20:46:15 | INFO: Extracting primitive: KIT_stage_fog_plane_render.002
20:46:15 | INFO: Primitives created: 1
20:46:15 | INFO: Extracting primitive: KIT_tech_cell_side.012
20:46:15 | INFO: Primitives created: 1
20:46:15 | INFO: Extracting primitive: KIT_wall_window_bar.030
20:46:15 | INFO: Primitives created: 1
20:46:15 | INFO: Extracting primitive: KIT_stage_entry_walk.002
20:46:15 | INFO: Primitives created: 1
20:46:15 | INFO: Extracting primitive: KIT_props_folding_chair_render.001
20:46:15 | INFO: Primitives created: 1
20:46:15 | INFO: Extracting primitive: KIT_stage_floor_boards_render.002
20:46:15 | INFO: Primitives created: 1
20:46:15 | INFO: Extracting primitive: KIT_stage_gel_frame_render.002
20:46:15 | INFO: Primitives created: 2
20:46:15 | INFO: Extracting primitive: KIT_stage_studio_wall_render.002
20:46:15 | INFO: Primitives created: 1
20:46:15 | INFO: Extracting primitive: KIT_stage_fog_plane_render.020
20:46:15 | INFO: Primitives created: 1
20:46:15 | INFO: Extracting primitive: KIT_tech_terminal_desk_render.001
20:46:15 | INFO: Primitives created: 1
20:46:15 | INFO: Extracting primitive: KIT_props_scroll_render.001
20:46:15 | WARNING: More than one shader node tex image used for a texture. The resulting glTF sampler will behave like the first shader node tex image.
20:46:15 | INFO: Primitives created: 1
20:46:15 | INFO: Extracting primitive: SITE_tubi-tang_backstage.001
20:46:15 | INFO: Primitives created: 1
20:46:15 | INFO: Extracting primitive: KIT_pavilion_finial.007
20:46:15 | INFO: Primitives created: 1
20:46:15 | INFO: Extracting primitive: KIT_wall_amber_window.003
20:46:15 | INFO: Primitives created: 1
20:46:15 | INFO: Extracting primitive: TUBI_topic_line.001
20:46:15 | INFO: Primitives created: 1
20:46:15 | INFO: Extracting primitive: KIT_wall_lattice_vertical.063
20:46:15 | INFO: Primitives created: 1
20:46:15 | INFO: Extracting primitive: SITE_tubi-tang_platform.001
20:46:15 | INFO: Primitives created: 1
20:46:15 | INFO: Extracting primitive: KIT_props_lantern_hanging_render.012
20:46:15 | INFO: Primitives created: 1
20:46:15 | INFO: Extracting primitive: KIT_pavilion_roof.007
20:46:15 | INFO: Primitives created: 1
20:46:15 | INFO: Extracting primitive: TUBI_terrace.002
20:46:15 | INFO: Primitives created: 1
20:46:15 | INFO: Extracting primitive: SITE_tubi-tang_front.001
20:46:15 | INFO: Primitives created: 1
20:46:15 | INFO: Extracting primitive: XIAOXIANG_black_back.001
20:46:15 | INFO: Primitives created: 1
20:46:15 | INFO: Extracting primitive: XIAOXIANG_gate_pull.002
20:46:15 | INFO: Primitives created: 1
20:46:15 | INFO: Extracting primitive: XIAOXIANG_amber_window.001
20:46:15 | INFO: Primitives created: 1
20:46:15 | INFO: Extracting primitive: XIAOXIANG_gate_leaf.002
20:46:15 | INFO: Primitives created: 1
20:46:15 | INFO: Extracting primitive: XIAOXIANG_paving.001
20:46:15 | INFO: Primitives created: 1
20:46:15 | INFO: Extracting primitive: XIAOXIANG_wall_cap.001
20:46:15 | INFO: Primitives created: 1
20:46:15 | INFO: Extracting primitive: XIAOXIANG_closed_front.001
20:46:15 | INFO: Primitives created: 1
20:46:15 | INFO: Extracting primitive: YIHONG_backstage.002
20:46:15 | INFO: Primitives created: 1
20:46:15 | INFO: Extracting primitive: YIHONG_door_rail.001
20:46:15 | INFO: Primitives created: 1
20:46:15 | INFO: Extracting primitive: YIHONG_amber_window.002
20:46:15 | INFO: Primitives created: 1
20:46:15 | INFO: Extracting primitive: YIHONG_door_panel.001
20:46:15 | INFO: Primitives created: 1
20:46:15 | INFO: Extracting primitive: YIHONG_paving.002
20:46:15 | INFO: Primitives created: 1
20:46:15 | INFO: Extracting primitive: YIHONG_court_cap.001
20:46:15 | INFO: Primitives created: 1
20:46:15 | INFO: Extracting primitive: YIHONG_closed_front.002
20:46:15 | INFO: Primitives created: 1
20:46:15 | INFO: Extracting primitive: WESTERN_kit_lotus.004_lotus_pad.001
20:46:15 | INFO: Primitives created: 1
20:46:15 | INFO: Extracting primitive: KIT_water_plank.002
20:46:15 | INFO: Primitives created: 1
20:46:15 | INFO: Extracting primitive: SITE_ziling_island.001
20:46:15 | INFO: Primitives created: 1
20:46:15 | INFO: Finished glTF 2.0 export in 0.669285774230957 s
00:36.706  blend            | Read blend: "/Users/auchan/projects/garden-of-dreams/.superpowers/sdd/2026-09-23-garden-completion/island-face-source/lit-native-review/blender/sites/SITE_stage.blend"

{"engine": "Godot", "sites": {"stage": {"objects": 100, "triangles": 11188, "render_meshes": 11, "colliders": 87, "triggers": 0}, "qinfang-ting": {"objects": 199, "triangles": 59120, "render_meshes": 27, "colliders": 157, "triggers": 7}, "rockery-gate": {"objects": 27, "triangles": 15324, "render_meshes": 8, "colliders": 10, "triggers": 3}, "terminal-cells": {"objects": 113, "triangles": 37996, "render_meshes": 10, "colliders": 77, "triggers": 18}, "qiushuang-zhai": {"objects": 36, "triangles": 21754, "render_meshes": 11, "colliders": 13, "triggers": 5}, "tubi-tang": {"objects": 37, "triangles": 11340, "render_meshes": 11, "colliders": 16, "triggers": 5}, "daguan-lou": {"objects": 29, "triangles": 23666, "render_meshes": 10, "colliders": 13, "triggers": 3}, "ouxiang-xie": {"objects": 28, "triangles": 15738, "render_meshes": 6, "colliders": 13, "triggers": 4}, "hengwu-yuan": {"objects": 43, "triangles": 22102, "render_meshes": 11, "colliders": 23, "triggers": 4}, "yihong-yuan": {"objects": 28, "triangles": 2294, "render_meshes": 10, "colliders": 9, "triggers": 4}, "xiaoxiang-guan": {"objects": 30, "triangles": 7478, "render_meshes": 12, "colliders": 9, "triggers": 4}, "longcui-an": {"objects": 27, "triangles": 4638, "render_meshes": 10, "colliders": 8, "triggers": 4}, "aojing-guan": {"objects": 24, "triangles": 2788, "render_meshes": 8, "colliders": 7, "triggers": 3}, "daoxiang-cun": {"objects": 27, "triangles": 10862, "render_meshes": 9, "colliders": 8, "triggers": 4}, "ziling-zhou": {"objects": 23, "triangles": 20048, "render_meshes": 13, "colliders": 4, "triggers": 3}}, "warnings": ["Reference assets, not yet profiled on mobile.", "Lightmap bake remains unfinished; engine import evidence is recorded separately in godot/import-validation.json."], "total_triangles": 266336, "total_render_meshes": 167}
SAVED_GARDEN_CANDIDATE_PASS 73267e2b17c52531ad6bc1e9df1279634564e93e3ef04519b2f27ade26ec178e
BlenderMCP addon unregistered
Blender 5.2.2 LTS (hash d13f752e3b9c built 2026-09-15 01:49:19)

Blender quit
