00:00.345  blend            | Read blend: "/var/folders/gf/s_g2zvzj3jxbylz3ylbc7k4c0000gn/T/garden-moon-intensity-final-jss1gw4o/blender/authoring.blend"
BlenderMCP addon registered
INFO Draco is available, use library at /Applications/Blender.app/Contents/Resources/5.2/scripts/addons_core/io_scene_gltf2/libbf_intern_draco_bridge.dylib
INFO MeshOptimizer is available, use library at /Applications/Blender.app/Contents/Resources/5.2/scripts/addons_core/io_scene_gltf2/libbf_intern_meshopt_bridge.dylib
12:04:00 | INFO: Starting glTF 2.0 export
12:04:00 | INFO: Extracting primitive: COL_aojing_approach.001
12:04:00 | INFO: Primitives created: 1
12:04:00 | INFO: Extracting primitive: COL_aojing_approach.004
12:04:00 | INFO: Primitives created: 1
12:04:00 | INFO: Extracting primitive: COL_aojing_approach_guard.001
12:04:00 | INFO: Primitives created: 1
12:04:00 | INFO: Extracting primitive: COL_aojing_approach_guard.004
12:04:00 | INFO: Primitives created: 1
12:04:00 | INFO: Extracting primitive: COL_aojing_approach_ramp.002
12:04:00 | INFO: Primitives created: 1
12:04:00 | INFO: Extracting primitive: COL_daoxiang_approach.002
12:04:00 | INFO: Primitives created: 1
12:04:00 | INFO: Extracting primitive: COL_daoxiang_approach.003
12:04:00 | INFO: Primitives created: 1
12:04:00 | INFO: Extracting primitive: COL_hengwu_approach.002
12:04:00 | INFO: Primitives created: 1
12:04:00 | INFO: Extracting primitive: COL_hengwu_approach.003
12:04:00 | INFO: Primitives created: 1
12:04:00 | INFO: Extracting primitive: COL_longcui_approach.003
12:04:00 | INFO: Primitives created: 1
12:04:00 | INFO: Extracting primitive: COL_longcui_approach.004
12:04:00 | INFO: Primitives created: 1
12:04:00 | INFO: Extracting primitive: COL_longcui_approach.005
12:04:00 | INFO: Primitives created: 1
12:04:00 | INFO: Extracting primitive: Cube.009
12:04:00 | INFO: Primitives created: 1
12:04:00 | INFO: Extracting primitive: Cube.011
12:04:00 | INFO: Primitives created: 1
12:04:00 | INFO: Extracting primitive: Cube.012
12:04:00 | INFO: Primitives created: 1
12:04:00 | INFO: Extracting primitive: Cube.013
12:04:00 | INFO: Primitives created: 1
12:04:00 | INFO: Extracting primitive: Cube.019
12:04:00 | INFO: Primitives created: 1
12:04:00 | INFO: Extracting primitive: Cube.020
12:04:00 | INFO: Primitives created: 1
12:04:00 | INFO: Extracting primitive: Cube.023
12:04:00 | INFO: Primitives created: 1
12:04:00 | INFO: Extracting primitive: Cube.024
12:04:00 | INFO: Primitives created: 1
12:04:00 | INFO: Extracting primitive: Cube.048
12:04:00 | INFO: Primitives created: 1
12:04:00 | INFO: Extracting primitive: Cube.050
12:04:00 | INFO: Primitives created: 1
12:04:00 | INFO: Extracting primitive: Cube.052
12:04:00 | INFO: Primitives created: 1
12:04:00 | INFO: Extracting primitive: Cube.092
12:04:00 | INFO: Primitives created: 1
12:04:00 | INFO: Extracting primitive: Cube.093
12:04:00 | INFO: Primitives created: 1
12:04:00 | INFO: Extracting primitive: Cube.094
12:04:00 | INFO: Primitives created: 1
12:04:00 | INFO: Extracting primitive: Cube.095
12:04:00 | INFO: Primitives created: 1
12:04:00 | INFO: Extracting primitive: Cube.096
12:04:00 | INFO: Primitives created: 1
12:04:00 | INFO: Extracting primitive: Cube.097
12:04:00 | INFO: Primitives created: 1
12:04:00 | INFO: Extracting primitive: Cube.098
12:04:00 | INFO: Primitives created: 1
12:04:00 | INFO: Extracting primitive: Cube.099
12:04:00 | INFO: Primitives created: 1
12:04:00 | INFO: Extracting primitive: Cube.100
12:04:00 | INFO: Primitives created: 1
12:04:00 | INFO: Extracting primitive: Cube.101
12:04:00 | INFO: Primitives created: 1
12:04:00 | INFO: Extracting primitive: Cube.102
12:04:00 | INFO: Primitives created: 1
12:04:00 | INFO: Extracting primitive: Cube.103
12:04:00 | INFO: Primitives created: 1
12:04:00 | INFO: Extracting primitive: Cube.104
12:04:00 | INFO: Primitives created: 1
12:04:00 | INFO: Extracting primitive: Cube.105
12:04:00 | INFO: Primitives created: 1
12:04:00 | INFO: Extracting primitive: Cube.106
12:04:00 | INFO: Primitives created: 1
12:04:00 | INFO: Extracting primitive: Cube.107
12:04:00 | INFO: Primitives created: 1
12:04:00 | INFO: Extracting primitive: Cube.108
12:04:00 | INFO: Primitives created: 1
12:04:00 | INFO: Extracting primitive: Cube.109
12:04:00 | INFO: Primitives created: 1
12:04:00 | INFO: Extracting primitive: Cube.110
12:04:00 | INFO: Primitives created: 1
12:04:00 | INFO: Extracting primitive: Cube.111
12:04:00 | INFO: Primitives created: 1
12:04:00 | INFO: Extracting primitive: Cube.112
12:04:00 | INFO: Primitives created: 1
12:04:00 | INFO: Extracting primitive: Cube.113
12:04:00 | INFO: Primitives created: 1
12:04:00 | INFO: Extracting primitive: Cube.114
12:04:00 | INFO: Primitives created: 1
12:04:00 | INFO: Extracting primitive: Cube.115
12:04:00 | INFO: Primitives created: 1
12:04:00 | INFO: Extracting primitive: Cube.116
12:04:00 | INFO: Primitives created: 1
12:04:00 | INFO: Extracting primitive: Cube.117
12:04:00 | INFO: Primitives created: 1
12:04:00 | INFO: Extracting primitive: Cube.118
12:04:00 | INFO: Primitives created: 1
12:04:00 | INFO: Extracting primitive: Cube.119
12:04:00 | INFO: Primitives created: 1
12:04:00 | INFO: Extracting primitive: Cube.120
12:04:00 | INFO: Primitives created: 1
12:04:00 | INFO: Extracting primitive: Cube.121
12:04:00 | INFO: Primitives created: 1
12:04:00 | INFO: Extracting primitive: Cube.122
12:04:00 | INFO: Primitives created: 1
12:04:00 | INFO: Extracting primitive: Cube.123
12:04:00 | INFO: Primitives created: 1
12:04:00 | INFO: Extracting primitive: Cube.124
12:04:00 | INFO: Primitives created: 1
12:04:00 | INFO: Extracting primitive: Cube.125
12:04:00 | INFO: Primitives created: 1
12:04:00 | INFO: Extracting primitive: Cube.126
12:04:00 | INFO: Primitives created: 1
12:04:00 | INFO: Extracting primitive: Cube.127
12:04:00 | INFO: Primitives created: 1
12:04:00 | INFO: Extracting primitive: Cube.128
12:04:00 | INFO: Primitives created: 1
12:04:00 | INFO: Extracting primitive: Cube.129
12:04:00 | INFO: Primitives created: 1
12:04:00 | INFO: Extracting primitive: Cube.130
12:04:00 | INFO: Primitives created: 1
12:04:00 | INFO: Extracting primitive: Cube.131
12:04:00 | INFO: Primitives created: 1
12:04:00 | INFO: Extracting primitive: Cube.132
12:04:00 | INFO: Primitives created: 1
12:04:00 | INFO: Extracting primitive: Cube.133
12:04:00 | INFO: Primitives created: 1
12:04:00 | INFO: Extracting primitive: Cube.134
12:04:00 | INFO: Primitives created: 1
12:04:00 | INFO: Extracting primitive: Cube.135
12:04:00 | INFO: Primitives created: 1
12:04:00 | INFO: Extracting primitive: Cube.136
12:04:00 | INFO: Primitives created: 1
12:04:00 | INFO: Extracting primitive: Cube.137
12:04:00 | INFO: Primitives created: 1
12:04:00 | INFO: Extracting primitive: Cube.138
12:04:00 | INFO: Primitives created: 1
12:04:00 | INFO: Extracting primitive: Cube.139
12:04:00 | INFO: Primitives created: 1
12:04:00 | INFO: Extracting primitive: Cube.140
12:04:00 | INFO: Primitives created: 1
12:04:00 | INFO: Extracting primitive: Cube.141
12:04:00 | INFO: Primitives created: 1
12:04:00 | INFO: Extracting primitive: Cube.142
12:04:00 | INFO: Primitives created: 1
12:04:00 | INFO: Extracting primitive: Cube.143
12:04:00 | INFO: Primitives created: 1
12:04:00 | INFO: Extracting primitive: Cube.144
12:04:00 | INFO: Primitives created: 1
12:04:00 | INFO: Extracting primitive: COL_stone_walk.005
12:04:00 | INFO: Primitives created: 1
12:04:00 | INFO: Extracting primitive: COL_stone_walk.008
12:04:00 | INFO: Primitives created: 1
12:04:00 | INFO: Extracting primitive: COL_stone_walk.009
12:04:00 | INFO: Primitives created: 1
12:04:00 | INFO: Extracting primitive: COL_stone_walk.010
12:04:00 | INFO: Primitives created: 1
12:04:00 | INFO: Extracting primitive: COL_stone_walk.011
12:04:00 | INFO: Primitives created: 1
12:04:00 | INFO: Extracting primitive: COL_stone_walk.012
12:04:00 | INFO: Primitives created: 1
12:04:00 | INFO: Extracting primitive: COL_study_approach.002
12:04:00 | INFO: Primitives created: 1
12:04:00 | INFO: Extracting primitive: COL_tubi_approach.001
12:04:00 | INFO: Primitives created: 1
12:04:00 | INFO: Extracting primitive: COL_tubi_approach.002
12:04:00 | INFO: Primitives created: 1
12:04:00 | INFO: Extracting primitive: COL_tubi_approach.007
12:04:00 | INFO: Primitives created: 1
12:04:00 | INFO: Extracting primitive: COL_tubi_approach.008
12:04:00 | INFO: Primitives created: 1
12:04:00 | INFO: Extracting primitive: KIT_stage_floor.001
12:04:00 | INFO: Primitives created: 1
12:04:00 | INFO: Extracting primitive: AOJING_approach_guard.001
12:04:00 | INFO: Primitives created: 1
12:04:00 | INFO: Extracting primitive: KIT_stage_painted_moon.001
12:04:00 | INFO: Primitives created: 1
12:04:00 | INFO: Extracting primitive: KIT_stage_painted_mountain_layer.003
12:04:00 | INFO: Primitives created: 1
12:04:00 | INFO: Extracting primitive: KIT_stage_painted_mountain_layer.004
12:04:00 | INFO: Primitives created: 1
12:04:00 | INFO: Extracting primitive: KIT_stage_painted_mountain_layer.005
12:04:00 | INFO: Primitives created: 1
12:04:00 | INFO: Extracting primitive: KIT_water_stone_walk.005
12:04:00 | INFO: Primitives created: 1
12:04:00 | INFO: Extracting primitive: Painted coved ceiling candidate.001
12:04:00 | INFO: Primitives created: 1
12:04:00 | INFO: Extracting primitive: KIT_stage_painted_canvas.002
12:04:00 | INFO: Primitives created: 1
12:04:00 | INFO: Extracting primitive: Eight painted cyclorama arcs.001
12:04:00 | WARNING: More than one shader node tex image used for a texture. The resulting glTF sampler will behave like the first shader node tex image.
12:04:00 | INFO: Primitives created: 2
12:04:00 | INFO: Extracting primitive: KIT_stage_fog_plane_render.002
12:04:00 | INFO: Primitives created: 1
12:04:00 | INFO: Finished glTF 2.0 export in 0.1871039867401123 s

12:04:01 | INFO: Starting glTF 2.0 export
12:04:01 | INFO: Extracting primitive: Cube.147
12:04:01 | INFO: Primitives created: 1
12:04:01 | INFO: Extracting primitive: Cube.148
12:04:01 | INFO: Primitives created: 1
12:04:01 | INFO: Extracting primitive: Cube.149
12:04:01 | INFO: Primitives created: 1
12:04:01 | INFO: Extracting primitive: Cube.150
12:04:01 | INFO: Primitives created: 1
12:04:01 | INFO: Extracting primitive: COL_bridge_crosswalk.002
12:04:01 | INFO: Primitives created: 1
12:04:01 | INFO: Extracting primitive: COL_bridge_crosswalk.003
12:04:01 | INFO: Primitives created: 1
12:04:01 | INFO: Extracting primitive: COL_floor_joint_pavilion_east_joint.001
12:04:01 | INFO: Primitives created: 1
12:04:01 | INFO: Extracting primitive: COL_floor_joint_pavilion_west_joint.001
12:04:01 | INFO: Primitives created: 1
12:04:01 | INFO: Extracting primitive: Cube.146
12:04:01 | INFO: Primitives created: 1
12:04:01 | INFO: Extracting primitive: Cube.145
12:04:01 | INFO: Primitives created: 1
12:04:01 | INFO: Extracting primitive: COL_corridor_floor.009
12:04:01 | INFO: Primitives created: 1
12:04:01 | INFO: Extracting primitive: COL_corridor_side.015
12:04:01 | INFO: Primitives created: 1
12:04:01 | INFO: Extracting primitive: COL_corridor_side.016
12:04:01 | INFO: Primitives created: 1
12:04:01 | INFO: Extracting primitive: COL_corridor_post.016
12:04:01 | INFO: Primitives created: 1
12:04:01 | INFO: Extracting primitive: COL_corridor_post.017
12:04:01 | INFO: Primitives created: 1
12:04:01 | INFO: Extracting primitive: COL_corridor_floor.010
12:04:01 | INFO: Primitives created: 1
12:04:01 | INFO: Extracting primitive: COL_corridor_side.017
12:04:01 | INFO: Primitives created: 1
12:04:01 | INFO: Extracting primitive: COL_corridor_side.018
12:04:01 | INFO: Primitives created: 1
12:04:01 | INFO: Extracting primitive: COL_corridor_post.018
12:04:01 | INFO: Primitives created: 1
12:04:01 | INFO: Extracting primitive: COL_corridor_post.019
12:04:01 | INFO: Primitives created: 1
12:04:01 | INFO: Extracting primitive: COL_corridor_floor.011
12:04:01 | INFO: Primitives created: 1
12:04:01 | INFO: Extracting primitive: COL_corridor_side.019
12:04:01 | INFO: Primitives created: 1
12:04:01 | INFO: Extracting primitive: COL_corridor_side.020
12:04:01 | INFO: Primitives created: 1
12:04:01 | INFO: Extracting primitive: COL_corridor_post.020
12:04:01 | INFO: Primitives created: 1
12:04:01 | INFO: Extracting primitive: COL_corridor_post.021
12:04:01 | INFO: Primitives created: 1
12:04:01 | INFO: Extracting primitive: COL_corridor_floor.012
12:04:01 | INFO: Primitives created: 1
12:04:01 | INFO: Extracting primitive: COL_corridor_side.021
12:04:01 | INFO: Primitives created: 1
12:04:01 | INFO: Extracting primitive: COL_corridor_side.022
12:04:01 | INFO: Primitives created: 1
12:04:01 | INFO: Extracting primitive: COL_corridor_post.022
12:04:01 | INFO: Primitives created: 1
12:04:01 | INFO: Extracting primitive: COL_corridor_post.023
12:04:01 | INFO: Primitives created: 1
12:04:01 | INFO: Extracting primitive: COL_corridor_floor.001
12:04:01 | INFO: Primitives created: 1
12:04:01 | INFO: Extracting primitive: COL_corridor_side.001
12:04:01 | INFO: Primitives created: 1
12:04:01 | INFO: Extracting primitive: COL_corridor_side.002
12:04:01 | INFO: Primitives created: 1
12:04:01 | INFO: Extracting primitive: COL_corridor_post.001
12:04:01 | INFO: Primitives created: 1
12:04:01 | INFO: Extracting primitive: COL_corridor_post.002
12:04:01 | INFO: Primitives created: 1
12:04:01 | INFO: Extracting primitive: COL_corridor_floor.002
12:04:01 | INFO: Primitives created: 1
12:04:01 | INFO: Extracting primitive: COL_corridor_side.003
12:04:01 | INFO: Primitives created: 1
12:04:01 | INFO: Extracting primitive: COL_corridor_side.004
12:04:01 | INFO: Primitives created: 1
12:04:01 | INFO: Extracting primitive: COL_corridor_post.003
12:04:01 | INFO: Primitives created: 1
12:04:01 | INFO: Extracting primitive: COL_corridor_post.004
12:04:01 | INFO: Primitives created: 1
12:04:01 | INFO: Extracting primitive: COL_corridor_floor.003
12:04:01 | INFO: Primitives created: 1
12:04:01 | INFO: Extracting primitive: COL_corridor_side.005
12:04:01 | INFO: Primitives created: 1
12:04:01 | INFO: Extracting primitive: COL_corridor_side.006
12:04:01 | INFO: Primitives created: 1
12:04:01 | INFO: Extracting primitive: COL_corridor_post.005
12:04:01 | INFO: Primitives created: 1
12:04:01 | INFO: Extracting primitive: COL_corridor_post.006
12:04:01 | INFO: Primitives created: 1
12:04:01 | INFO: Extracting primitive: COL_corridor_floor.004
12:04:01 | INFO: Primitives created: 1
12:04:01 | INFO: Extracting primitive: COL_corridor_side.007
12:04:01 | INFO: Primitives created: 1
12:04:01 | INFO: Extracting primitive: COL_corridor_side.008
12:04:01 | INFO: Primitives created: 1
12:04:01 | INFO: Extracting primitive: COL_corridor_post.007
12:04:01 | INFO: Primitives created: 1
12:04:01 | INFO: Extracting primitive: COL_corridor_post.008
12:04:01 | INFO: Primitives created: 1
12:04:01 | INFO: Extracting primitive: COL_corridor_floor.005
12:04:01 | INFO: Primitives created: 1
12:04:01 | INFO: Extracting primitive: COL_corridor_side.009
12:04:01 | INFO: Primitives created: 1
12:04:01 | INFO: Extracting primitive: COL_corridor_side.010
12:04:01 | INFO: Primitives created: 1
12:04:01 | INFO: Extracting primitive: COL_corridor_post.009
12:04:01 | INFO: Primitives created: 1
12:04:01 | INFO: Extracting primitive: COL_corridor_post.010
12:04:01 | INFO: Primitives created: 1
12:04:01 | INFO: Extracting primitive: COL_corridor_floor.006
12:04:01 | INFO: Primitives created: 1
12:04:01 | INFO: Extracting primitive: COL_corridor_side.011
12:04:01 | INFO: Primitives created: 1
12:04:01 | INFO: Extracting primitive: COL_corridor_post.011
12:04:01 | INFO: Primitives created: 1
12:04:01 | INFO: Extracting primitive: COL_corridor_post.012
12:04:01 | INFO: Primitives created: 1
12:04:01 | INFO: Extracting primitive: COL_corridor_floor.007
12:04:01 | INFO: Primitives created: 1
12:04:01 | INFO: Extracting primitive: COL_corridor_side.012
12:04:01 | INFO: Primitives created: 1
12:04:01 | INFO: Extracting primitive: COL_corridor_post.013
12:04:01 | INFO: Primitives created: 1
12:04:01 | INFO: Extracting primitive: COL_corridor_floor.008
12:04:01 | INFO: Primitives created: 1
12:04:01 | INFO: Extracting primitive: COL_corridor_side.013
12:04:01 | INFO: Primitives created: 1
12:04:01 | INFO: Extracting primitive: COL_corridor_side.014
12:04:01 | INFO: Primitives created: 1
12:04:01 | INFO: Extracting primitive: COL_corridor_post.014
12:04:01 | INFO: Primitives created: 1
12:04:01 | INFO: Extracting primitive: COL_corridor_post.015
12:04:01 | INFO: Primitives created: 1
12:04:01 | INFO: Extracting primitive: COL_corridor_floor.013
12:04:01 | INFO: Primitives created: 1
12:04:01 | INFO: Extracting primitive: COL_corridor_side.023
12:04:01 | INFO: Primitives created: 1
12:04:01 | INFO: Extracting primitive: COL_corridor_side.024
12:04:01 | INFO: Primitives created: 1
12:04:01 | INFO: Extracting primitive: COL_corridor_post.024
12:04:01 | INFO: Primitives created: 1
12:04:01 | INFO: Extracting primitive: COL_corridor_post.025
12:04:01 | INFO: Primitives created: 1
12:04:01 | INFO: Extracting primitive: COL_corridor_floor.014
12:04:01 | INFO: Primitives created: 1
12:04:01 | INFO: Extracting primitive: COL_corridor_side.025
12:04:01 | INFO: Primitives created: 1
12:04:01 | INFO: Extracting primitive: COL_corridor_side.026
12:04:01 | INFO: Primitives created: 1
12:04:01 | INFO: Extracting primitive: COL_corridor_post.026
12:04:01 | INFO: Primitives created: 1
12:04:01 | INFO: Extracting primitive: COL_corridor_post.027
12:04:01 | INFO: Primitives created: 1
12:04:01 | INFO: Extracting primitive: COL_corridor_floor.015
12:04:01 | INFO: Primitives created: 1
12:04:01 | INFO: Extracting primitive: COL_corridor_side.027
12:04:01 | INFO: Primitives created: 1
12:04:01 | INFO: Extracting primitive: COL_corridor_side.028
12:04:01 | INFO: Primitives created: 1
12:04:01 | INFO: Extracting primitive: COL_corridor_post.028
12:04:01 | INFO: Primitives created: 1
12:04:01 | INFO: Extracting primitive: COL_corridor_post.029
12:04:01 | INFO: Primitives created: 1
12:04:01 | INFO: Extracting primitive: COL_corridor_floor.016
12:04:01 | INFO: Primitives created: 1
12:04:01 | INFO: Extracting primitive: COL_corridor_side.029
12:04:01 | INFO: Primitives created: 1
12:04:01 | INFO: Extracting primitive: COL_corridor_side.030
12:04:01 | INFO: Primitives created: 1
12:04:01 | INFO: Extracting primitive: COL_corridor_post.030
12:04:01 | INFO: Primitives created: 1
12:04:01 | INFO: Extracting primitive: COL_corridor_post.031
12:04:01 | INFO: Primitives created: 1
12:04:01 | INFO: Extracting primitive: COL_qinfang_deck.001
12:04:01 | INFO: Primitives created: 1
12:04:01 | INFO: Extracting primitive: COL_pavilion_bench.001
12:04:01 | INFO: Primitives created: 1
12:04:01 | INFO: Extracting primitive: COL_pavilion_bench.002
12:04:01 | INFO: Primitives created: 1
12:04:01 | INFO: Extracting primitive: COL_pavilion_bracket.001
12:04:01 | INFO: Primitives created: 1
12:04:01 | INFO: Extracting primitive: COL_pavilion_bracket.002
12:04:01 | INFO: Primitives created: 1
12:04:01 | INFO: Extracting primitive: COL_pavilion_bracket.003
12:04:01 | INFO: Primitives created: 1
12:04:01 | INFO: Extracting primitive: COL_pavilion_bracket.004
12:04:01 | INFO: Primitives created: 1
12:04:01 | INFO: Extracting primitive: COL_pavilion_bracket.005
12:04:01 | INFO: Primitives created: 1
12:04:01 | INFO: Extracting primitive: COL_pavilion_bracket.006
12:04:01 | INFO: Primitives created: 1
12:04:01 | INFO: Extracting primitive: COL_pavilion_post.001
12:04:01 | INFO: Primitives created: 1
12:04:01 | INFO: Extracting primitive: COL_pavilion_post.002
12:04:01 | INFO: Primitives created: 1
12:04:01 | INFO: Extracting primitive: COL_pavilion_post.003
12:04:01 | INFO: Primitives created: 1
12:04:01 | INFO: Extracting primitive: COL_pavilion_post.004
12:04:01 | INFO: Primitives created: 1
12:04:01 | INFO: Extracting primitive: COL_pavilion_post.005
12:04:01 | INFO: Primitives created: 1
12:04:01 | INFO: Extracting primitive: COL_pavilion_post.006
12:04:01 | INFO: Primitives created: 1
12:04:01 | INFO: Extracting primitive: COL_pavilion_roof.001
12:04:01 | INFO: Primitives created: 1
12:04:01 | INFO: Extracting primitive: KIT_flora_bamboo_large_render.001
12:04:01 | WARNING: More than one shader node tex image used for a texture. The resulting glTF sampler will behave like the first shader node tex image.
12:04:01 | INFO: Primitives created: 1
12:04:01 | INFO: Extracting primitive: KIT_flora_bamboo_large_render.002
12:04:01 | INFO: Primitives created: 1
12:04:01 | INFO: Extracting primitive: KIT_flora_bamboo_small_render.001
12:04:01 | INFO: Primitives created: 1
12:04:01 | INFO: Extracting primitive: KIT_flora_willow_render.001
12:04:01 | INFO: Primitives created: 1
12:04:01 | INFO: Extracting primitive: KIT_flora_willow_render.002
12:04:01 | INFO: Primitives created: 1
12:04:01 | INFO: Extracting primitive: HERO_qinfang-ting_title.002
12:04:01 | WARNING: More than one shader node tex image used for a texture. The resulting glTF sampler will behave like the first shader node tex image.
12:04:01 | INFO: Primitives created: 1
12:04:01 | INFO: Extracting primitive: HERO_qinfang_bridge.001
12:04:01 | INFO: Primitives created: 1
12:04:01 | INFO: Extracting primitive: HERO_table_hexagram.001
12:04:01 | INFO: Primitives created: 1
12:04:01 | INFO: Extracting primitive: line_piece.005
12:04:01 | WARNING: More than one shader node tex image used for a texture. The resulting glTF sampler will behave like the first shader node tex image.
12:04:01 | INFO: Primitives created: 1
12:04:01 | INFO: Extracting primitive: line_piece.002
12:04:01 | INFO: Primitives created: 1
12:04:01 | INFO: Extracting primitive: line_piece.011
12:04:01 | INFO: Primitives created: 1
12:04:01 | INFO: Extracting primitive: line_piece.008
12:04:01 | INFO: Primitives created: 1
12:04:01 | INFO: Extracting primitive: line_piece.017
12:04:01 | INFO: Primitives created: 1
12:04:01 | INFO: Extracting primitive: line_piece.014
12:04:01 | INFO: Primitives created: 1
12:04:01 | INFO: Extracting primitive: line_piece.019
12:04:01 | INFO: Primitives created: 1
12:04:01 | INFO: Extracting primitive: line_piece.018
12:04:01 | INFO: Primitives created: 1
12:04:01 | INFO: Extracting primitive: line_piece.021
12:04:01 | INFO: Primitives created: 1
12:04:01 | INFO: Extracting primitive: line_piece.020
12:04:01 | INFO: Primitives created: 1
12:04:01 | INFO: Extracting primitive: line_piece.023
12:04:01 | INFO: Primitives created: 1
12:04:01 | INFO: Extracting primitive: line_piece.022
12:04:01 | INFO: Primitives created: 1
12:04:01 | INFO: Extracting primitive: HERO_table_pedestal.001
12:04:01 | INFO: Primitives created: 1
12:04:01 | INFO: Extracting primitive: KIT_water_lotus.021
12:04:01 | INFO: Primitives created: 1
12:04:01 | INFO: Extracting primitive: KIT_corridor_rail.008
12:04:01 | INFO: Primitives created: 1
12:04:01 | INFO: Extracting primitive: KIT_pavilion_roof_shell.001
12:04:01 | INFO: Primitives created: 1
12:04:01 | INFO: Extracting primitive: KIT_pavilion_plinth.001
12:04:01 | INFO: Primitives created: 1
12:04:01 | INFO: Extracting primitive: KIT_props_lantern_hanging_render.001
12:04:01 | WARNING: More than one shader node tex image used for a texture. The resulting glTF sampler will behave like the first shader node tex image.
12:04:01 | INFO: Primitives created: 1
12:04:01 | INFO: Extracting primitive: KIT_water_stream.001
12:04:01 | INFO: Primitives created: 1
12:04:01 | INFO: Finished glTF 2.0 export in 0.24948906898498535 s

12:04:01 | INFO: Starting glTF 2.0 export
12:04:01 | INFO: Extracting primitive: COL_GATE_banana_planter.001
12:04:01 | INFO: Primitives created: 1
12:04:01 | INFO: Extracting primitive: KIT_rockery_passage.022
12:04:01 | INFO: Primitives created: 1
12:04:01 | INFO: Extracting primitive: KIT_rockery_passage.024
12:04:01 | INFO: Primitives created: 1
12:04:01 | INFO: Extracting primitive: KIT_rockery_cliff.006
12:04:01 | INFO: Primitives created: 1
12:04:01 | INFO: Extracting primitive: KIT_rockery_cliff.008
12:04:01 | INFO: Primitives created: 1
12:04:01 | INFO: Extracting primitive: KIT_rockery_passage.004
12:04:01 | INFO: Primitives created: 1
12:04:01 | INFO: Extracting primitive: KIT_rockery_passage.016
12:04:01 | INFO: Primitives created: 1
12:04:01 | INFO: Extracting primitive: KIT_rockery_passage.018
12:04:01 | INFO: Primitives created: 1
12:04:01 | INFO: Extracting primitive: KIT_rockery_passage.020
12:04:01 | INFO: Primitives created: 1
12:04:01 | INFO: Extracting primitive: GATE_paving.003
12:04:01 | INFO: Primitives created: 1
12:04:01 | INFO: Extracting primitive: HERO_gate_inscription.001
12:04:01 | WARNING: More than one shader node tex image used for a texture. The resulting glTF sampler will behave like the first shader node tex image.
12:04:01 | INFO: Primitives created: 1
12:04:01 | INFO: Extracting primitive: HERO_gate_water_drips.001
12:04:01 | WARNING: More than one shader node tex image used for a texture. The resulting glTF sampler will behave like the first shader node tex image.
12:04:01 | INFO: Primitives created: 1
12:04:01 | INFO: Extracting primitive: GATE_banana_pseudostem.001
12:04:01 | INFO: Primitives created: 1
12:04:01 | INFO: Extracting primitive: GATE_banana_soil.001
12:04:01 | INFO: Primitives created: 1
12:04:01 | INFO: Extracting primitive: KIT_rockery_passage.001
12:04:01 | WARNING: More than one shader node tex image used for a texture. The resulting glTF sampler will behave like the first shader node tex image.
12:04:01 | INFO: Primitives created: 1
12:04:01 | INFO: Extracting primitive: GATE_paving.002
12:04:01 | INFO: Primitives created: 1
12:04:01 | INFO: Extracting primitive: KIT_props_lantern_hanging_render.008
12:04:01 | WARNING: More than one shader node tex image used for a texture. The resulting glTF sampler will behave like the first shader node tex image.
12:04:01 | INFO: Primitives created: 1
12:04:01 | INFO: Extracting primitive: KIT_stage_fog_plane_render.017
12:04:01 | INFO: Primitives created: 1
12:04:01 | INFO: Finished glTF 2.0 export in 0.07460379600524902 s

12:04:02 | INFO: Starting glTF 2.0 export
12:04:02 | INFO: Extracting primitive: COL_cell_floor.006
12:04:02 | INFO: Primitives created: 1
12:04:02 | INFO: Extracting primitive: COL_cell_floor.007
12:04:02 | INFO: Primitives created: 1
12:04:02 | INFO: Extracting primitive: COL_cell_floor.008
12:04:02 | INFO: Primitives created: 1
12:04:02 | INFO: Extracting primitive: COL_cell_floor.009
12:04:02 | INFO: Primitives created: 1
12:04:02 | INFO: Extracting primitive: COL_cell_floor.010
12:04:02 | INFO: Primitives created: 1
12:04:02 | INFO: Extracting primitive: COL_cell_floor.011
12:04:02 | INFO: Primitives created: 1
12:04:02 | INFO: Extracting primitive: COL_cell_wall.012
12:04:02 | INFO: Primitives created: 1
12:04:02 | INFO: Extracting primitive: COL_cell_wall.013
12:04:02 | INFO: Primitives created: 1
12:04:02 | INFO: Extracting primitive: COL_cell_wall.014
12:04:02 | INFO: Primitives created: 1
12:04:02 | INFO: Extracting primitive: COL_cell_wall.015
12:04:02 | INFO: Primitives created: 1
12:04:02 | INFO: Extracting primitive: COL_cell_wall.016
12:04:02 | INFO: Primitives created: 1
12:04:02 | INFO: Extracting primitive: COL_cell_wall.017
12:04:02 | INFO: Primitives created: 1
12:04:02 | INFO: Extracting primitive: COL_cell_wall.018
12:04:02 | INFO: Primitives created: 1
12:04:02 | INFO: Extracting primitive: COL_cell_wall.019
12:04:02 | INFO: Primitives created: 1
12:04:02 | INFO: Extracting primitive: COL_cell_wall.020
12:04:02 | INFO: Primitives created: 1
12:04:02 | INFO: Extracting primitive: COL_cell_wall.021
12:04:02 | INFO: Primitives created: 1
12:04:02 | INFO: Extracting primitive: COL_cell_wall.022
12:04:02 | INFO: Primitives created: 1
12:04:02 | INFO: Extracting primitive: COL_cell_wall.023
12:04:02 | INFO: Primitives created: 1
12:04:02 | INFO: Extracting primitive: COL_entry_corridor.001
12:04:02 | INFO: Primitives created: 1
12:04:02 | INFO: Extracting primitive: COL_entry_walk.002
12:04:02 | INFO: Primitives created: 1
12:04:02 | INFO: Extracting primitive: COL_entry_walk.003
12:04:02 | INFO: Primitives created: 1
12:04:02 | INFO: Extracting primitive: COL_floor_joint_cell_threshold_0.001
12:04:02 | INFO: Primitives created: 1
12:04:02 | INFO: Extracting primitive: COL_floor_joint_cell_threshold_1.001
12:04:02 | INFO: Primitives created: 1
12:04:02 | INFO: Extracting primitive: COL_floor_joint_cell_threshold_2.001
12:04:02 | INFO: Primitives created: 1
12:04:02 | INFO: Extracting primitive: COL_floor_joint_cell_threshold_3.001
12:04:02 | INFO: Primitives created: 1
12:04:02 | INFO: Extracting primitive: COL_floor_joint_cell_threshold_4.001
12:04:02 | INFO: Primitives created: 1
12:04:02 | INFO: Extracting primitive: COL_floor_joint_cell_threshold_5.001
12:04:02 | INFO: Primitives created: 1
12:04:02 | INFO: Extracting primitive: Cube.193
12:04:02 | INFO: Primitives created: 1
12:04:02 | INFO: Extracting primitive: Cube.194
12:04:02 | INFO: Primitives created: 1
12:04:02 | INFO: Extracting primitive: Cube.195
12:04:02 | INFO: Primitives created: 1
12:04:02 | INFO: Extracting primitive: Cube.196
12:04:02 | INFO: Primitives created: 1
12:04:02 | INFO: Extracting primitive: Cube.197
12:04:02 | INFO: Primitives created: 1
12:04:02 | INFO: Extracting primitive: Cube.198
12:04:02 | INFO: Primitives created: 1
12:04:02 | INFO: Extracting primitive: Cube.199
12:04:02 | INFO: Primitives created: 1
12:04:02 | INFO: Extracting primitive: Cube.200
12:04:02 | INFO: Primitives created: 1
12:04:02 | INFO: Extracting primitive: Cube.151
12:04:02 | INFO: Primitives created: 1
12:04:02 | INFO: Extracting primitive: Cube.152
12:04:02 | INFO: Primitives created: 1
12:04:02 | INFO: Extracting primitive: Cube.153
12:04:02 | INFO: Primitives created: 1
12:04:02 | INFO: Extracting primitive: Cube.154
12:04:02 | INFO: Primitives created: 1
12:04:02 | INFO: Extracting primitive: Cube.155
12:04:02 | INFO: Primitives created: 1
12:04:02 | INFO: Extracting primitive: Cube.156
12:04:02 | INFO: Primitives created: 1
12:04:02 | INFO: Extracting primitive: Cube.157
12:04:02 | INFO: Primitives created: 1
12:04:02 | INFO: Extracting primitive: Cube.158
12:04:02 | INFO: Primitives created: 1
12:04:02 | INFO: Extracting primitive: Cube.159
12:04:02 | INFO: Primitives created: 1
12:04:02 | INFO: Extracting primitive: Cube.160
12:04:02 | INFO: Primitives created: 1
12:04:02 | INFO: Extracting primitive: Cube.161
12:04:02 | INFO: Primitives created: 1
12:04:02 | INFO: Extracting primitive: Cube.162
12:04:02 | INFO: Primitives created: 1
12:04:02 | INFO: Extracting primitive: Cube.163
12:04:02 | INFO: Primitives created: 1
12:04:02 | INFO: Extracting primitive: Cube.164
12:04:02 | INFO: Primitives created: 1
12:04:02 | INFO: Extracting primitive: Cube.165
12:04:02 | INFO: Primitives created: 1
12:04:02 | INFO: Extracting primitive: Cube.166
12:04:02 | INFO: Primitives created: 1
12:04:02 | INFO: Extracting primitive: Cube.167
12:04:02 | INFO: Primitives created: 1
12:04:02 | INFO: Extracting primitive: Cube.168
12:04:02 | INFO: Primitives created: 1
12:04:02 | INFO: Extracting primitive: Cube.169
12:04:02 | INFO: Primitives created: 1
12:04:02 | INFO: Extracting primitive: Cube.170
12:04:02 | INFO: Primitives created: 1
12:04:02 | INFO: Extracting primitive: Cube.171
12:04:02 | INFO: Primitives created: 1
12:04:02 | INFO: Extracting primitive: Cube.172
12:04:02 | INFO: Primitives created: 1
12:04:02 | INFO: Extracting primitive: Cube.173
12:04:02 | INFO: Primitives created: 1
12:04:02 | INFO: Extracting primitive: Cube.174
12:04:02 | INFO: Primitives created: 1
12:04:02 | INFO: Extracting primitive: Cube.175
12:04:02 | INFO: Primitives created: 1
12:04:02 | INFO: Extracting primitive: Cube.176
12:04:02 | INFO: Primitives created: 1
12:04:02 | INFO: Extracting primitive: Cube.177
12:04:02 | INFO: Primitives created: 1
12:04:02 | INFO: Extracting primitive: Cube.178
12:04:02 | INFO: Primitives created: 1
12:04:02 | INFO: Extracting primitive: Cube.179
12:04:02 | INFO: Primitives created: 1
12:04:02 | INFO: Extracting primitive: Cube.180
12:04:02 | INFO: Primitives created: 1
12:04:02 | INFO: Extracting primitive: Cube.181
12:04:02 | INFO: Primitives created: 1
12:04:02 | INFO: Extracting primitive: Cube.182
12:04:02 | INFO: Primitives created: 1
12:04:02 | INFO: Extracting primitive: Cube.183
12:04:02 | INFO: Primitives created: 1
12:04:02 | INFO: Extracting primitive: Cube.184
12:04:02 | INFO: Primitives created: 1
12:04:02 | INFO: Extracting primitive: Cube.185
12:04:02 | INFO: Primitives created: 1
12:04:02 | INFO: Extracting primitive: Cube.186
12:04:02 | INFO: Primitives created: 1
12:04:02 | INFO: Extracting primitive: Cube.187
12:04:02 | INFO: Primitives created: 1
12:04:02 | INFO: Extracting primitive: Cube.188
12:04:02 | INFO: Primitives created: 1
12:04:02 | INFO: Extracting primitive: Cube.189
12:04:02 | INFO: Primitives created: 1
12:04:02 | INFO: Extracting primitive: Cube.190
12:04:02 | INFO: Primitives created: 1
12:04:02 | INFO: Extracting primitive: Cube.191
12:04:02 | INFO: Primitives created: 1
12:04:02 | INFO: Extracting primitive: Cube.192
12:04:02 | INFO: Primitives created: 1
12:04:02 | INFO: Extracting primitive: KIT_tech_cell_side.012
12:04:02 | INFO: Primitives created: 1
12:04:02 | INFO: Extracting primitive: KIT_wall_window_bar.030
12:04:02 | INFO: Primitives created: 1
12:04:02 | INFO: Extracting primitive: KIT_stage_entry_walk.002
12:04:02 | INFO: Primitives created: 1
12:04:02 | INFO: Extracting primitive: KIT_props_folding_chair_render.001
12:04:02 | WARNING: More than one shader node tex image used for a texture. The resulting glTF sampler will behave like the first shader node tex image.
12:04:02 | INFO: Primitives created: 1
12:04:02 | INFO: Extracting primitive: KIT_stage_floor_boards_render.002
12:04:02 | WARNING: More than one shader node tex image used for a texture. The resulting glTF sampler will behave like the first shader node tex image.
12:04:02 | INFO: Primitives created: 1
12:04:02 | INFO: Extracting primitive: KIT_stage_gel_frame_render.002
12:04:02 | INFO: Primitives created: 2
12:04:02 | INFO: Extracting primitive: KIT_stage_studio_wall_render.002
12:04:02 | INFO: Primitives created: 1
12:04:02 | INFO: Extracting primitive: KIT_stage_fog_plane_render.020
12:04:02 | INFO: Primitives created: 1
12:04:02 | INFO: Extracting primitive: KIT_tech_terminal_desk_render.001
12:04:02 | WARNING: More than one shader node tex image used for a texture. The resulting glTF sampler will behave like the first shader node tex image.
12:04:02 | INFO: Primitives created: 1
12:04:02 | INFO: Extracting primitive: KIT_props_scroll_render.001
12:04:02 | WARNING: More than one shader node tex image used for a texture. The resulting glTF sampler will behave like the first shader node tex image.
12:04:02 | INFO: Primitives created: 1
12:04:02 | INFO: Finished glTF 2.0 export in 0.1516571044921875 s

12:04:03 | INFO: Starting glTF 2.0 export
12:04:03 | INFO: Extracting primitive: COL_qiushuang-zhai_floor.001
12:04:03 | INFO: Primitives created: 1
12:04:03 | INFO: Extracting primitive: COL_study_desk_centre.002
12:04:03 | INFO: Primitives created: 1
12:04:03 | INFO: Extracting primitive: COL_study_desk_left.002
12:04:03 | INFO: Primitives created: 1
12:04:03 | INFO: Extracting primitive: COL_study_desk_right.002
12:04:03 | INFO: Primitives created: 1
12:04:03 | INFO: Extracting primitive: COL_study_front_walk.002
12:04:03 | INFO: Primitives created: 1
12:04:03 | INFO: Extracting primitive: COL_study_front_wall.002
12:04:03 | INFO: Primitives created: 1
12:04:03 | INFO: Extracting primitive: COL_study_post.001
12:04:03 | INFO: Primitives created: 1
12:04:03 | INFO: Extracting primitive: COL_study_post.002
12:04:03 | INFO: Primitives created: 1
12:04:03 | INFO: Extracting primitive: COL_study_post.003
12:04:03 | INFO: Primitives created: 1
12:04:03 | INFO: Extracting primitive: COL_study_post.008
12:04:03 | INFO: Primitives created: 1
12:04:03 | INFO: Extracting primitive: Cube.201
12:04:03 | INFO: Primitives created: 1
12:04:03 | INFO: Extracting primitive: Cube.202
12:04:03 | INFO: Primitives created: 1
12:04:03 | INFO: Extracting primitive: Cube.203
12:04:03 | INFO: Primitives created: 1
12:04:03 | INFO: Extracting primitive: HERO_study_scroll_bamboo.002
12:04:03 | INFO: Primitives created: 1
12:04:03 | INFO: Extracting primitive: HERO_study_scroll_plum.002
12:04:03 | INFO: Primitives created: 1
12:04:03 | INFO: Extracting primitive: HERO_study_title.002
12:04:03 | WARNING: More than one shader node tex image used for a texture. The resulting glTF sampler will behave like the first shader node tex image.
12:04:03 | INFO: Primitives created: 1
12:04:03 | INFO: Extracting primitive: SITE_qiushuang-zhai_backstage.001
12:04:03 | INFO: Primitives created: 1
12:04:03 | INFO: Extracting primitive: KIT_pavilion_finial.005
12:04:03 | INFO: Primitives created: 1
12:04:03 | INFO: Extracting primitive: KIT_wall_lattice_vertical.042
12:04:03 | INFO: Primitives created: 1
12:04:03 | INFO: Extracting primitive: SITE_qiushuang-zhai_platform.001
12:04:03 | INFO: Primitives created: 1
12:04:03 | INFO: Extracting primitive: KIT_props_lantern_hanging_render.010
12:04:03 | WARNING: More than one shader node tex image used for a texture. The resulting glTF sampler will behave like the first shader node tex image.
12:04:03 | INFO: Primitives created: 1
12:04:03 | INFO: Extracting primitive: KIT_pavilion_roof.005
12:04:03 | INFO: Primitives created: 1
12:04:03 | INFO: Extracting primitive: KIT_tech_terminal_desk_render.007
12:04:03 | WARNING: More than one shader node tex image used for a texture. The resulting glTF sampler will behave like the first shader node tex image.
12:04:03 | INFO: Primitives created: 1
12:04:03 | INFO: Extracting primitive: SITE_qiushuang-zhai_front.001
12:04:03 | INFO: Primitives created: 1
12:04:03 | INFO: Finished glTF 2.0 export in 0.04903817176818848 s

12:04:04 | INFO: Starting glTF 2.0 export
12:04:04 | INFO: Extracting primitive: COL_tubi-tang_floor.001
12:04:04 | INFO: Primitives created: 1
12:04:04 | INFO: Extracting primitive: COL_tubi_closed_hall.002
12:04:04 | INFO: Primitives created: 1
12:04:04 | INFO: Extracting primitive: COL_tubi_hall_post.001
12:04:04 | INFO: Primitives created: 1
12:04:04 | INFO: Extracting primitive: COL_tubi_hall_post.002
12:04:04 | INFO: Primitives created: 1
12:04:04 | INFO: Extracting primitive: COL_tubi_hall_post.006
12:04:04 | INFO: Primitives created: 1
12:04:04 | INFO: Extracting primitive: COL_tubi_parapet.001
12:04:04 | INFO: Primitives created: 1
12:04:04 | INFO: Extracting primitive: COL_tubi_parapet.002
12:04:04 | INFO: Primitives created: 1
12:04:04 | INFO: Extracting primitive: COL_tubi_parapet.003
12:04:04 | INFO: Primitives created: 1
12:04:04 | INFO: Extracting primitive: COL_tubi_parapet.008
12:04:04 | INFO: Primitives created: 1
12:04:04 | INFO: Extracting primitive: COL_tubi_stair_guard.001
12:04:04 | INFO: Primitives created: 1
12:04:04 | INFO: Extracting primitive: COL_tubi_stair_guard.004
12:04:04 | INFO: Primitives created: 1
12:04:04 | INFO: Extracting primitive: COL_tubi_stair_ramp.002
12:04:04 | INFO: Primitives created: 1
12:04:04 | INFO: Extracting primitive: COL_tubi_terrace.002
12:04:04 | INFO: Primitives created: 1
12:04:04 | INFO: Extracting primitive: COL_tubi_topic_table.002
12:04:04 | INFO: Primitives created: 1
12:04:04 | INFO: Extracting primitive: COL_tubi_view_bench_left.001
12:04:04 | INFO: Primitives created: 1
12:04:04 | INFO: Extracting primitive: COL_tubi_view_bench_right.001
12:04:04 | INFO: Primitives created: 1
12:04:04 | INFO: Extracting primitive: HERO_tubi_title.002
12:04:04 | WARNING: More than one shader node tex image used for a texture. The resulting glTF sampler will behave like the first shader node tex image.
12:04:04 | INFO: Primitives created: 1
12:04:04 | INFO: Extracting primitive: SITE_tubi-tang_backstage.001
12:04:04 | INFO: Primitives created: 1
12:04:04 | INFO: Extracting primitive: KIT_pavilion_finial.007
12:04:04 | INFO: Primitives created: 1
12:04:04 | INFO: Extracting primitive: KIT_wall_amber_window.003
12:04:04 | INFO: Primitives created: 1
12:04:04 | INFO: Extracting primitive: TUBI_topic_line.001
12:04:04 | INFO: Primitives created: 1
12:04:04 | INFO: Extracting primitive: KIT_wall_lattice_vertical.063
12:04:04 | INFO: Primitives created: 1
12:04:04 | INFO: Extracting primitive: SITE_tubi-tang_platform.001
12:04:04 | INFO: Primitives created: 1
12:04:04 | INFO: Extracting primitive: KIT_props_lantern_hanging_render.012
12:04:04 | WARNING: More than one shader node tex image used for a texture. The resulting glTF sampler will behave like the first shader node tex image.
12:04:04 | INFO: Primitives created: 1
12:04:04 | INFO: Extracting primitive: KIT_pavilion_roof.007
12:04:04 | INFO: Primitives created: 1
12:04:04 | INFO: Extracting primitive: TUBI_terrace.002
12:04:04 | INFO: Primitives created: 1
12:04:04 | INFO: Extracting primitive: SITE_tubi-tang_front.001
12:04:04 | INFO: Primitives created: 1
12:04:04 | INFO: Finished glTF 2.0 export in 0.03959488868713379 s

12:04:06 | INFO: Starting glTF 2.0 export
12:04:06 | INFO: Extracting primitive: COL_daguan_central_step.003
12:04:06 | INFO: Primitives created: 1
12:04:06 | INFO: Extracting primitive: COL_daguan_central_step.004
12:04:06 | INFO: Primitives created: 1
12:04:06 | INFO: Extracting primitive: COL_daguan_central_step.005
12:04:06 | INFO: Primitives created: 1
12:04:06 | INFO: Extracting primitive: COL_daguan_closed_front.001
12:04:06 | INFO: Primitives created: 1
12:04:06 | INFO: Extracting primitive: COL_daguan_column.006
12:04:06 | INFO: Primitives created: 1
12:04:06 | INFO: Extracting primitive: COL_daguan_column.007
12:04:06 | INFO: Primitives created: 1
12:04:06 | INFO: Extracting primitive: COL_daguan_column.008
12:04:06 | INFO: Primitives created: 1
12:04:06 | INFO: Extracting primitive: COL_daguan_column.009
12:04:06 | INFO: Primitives created: 1
12:04:06 | INFO: Extracting primitive: COL_daguan_column.010
12:04:06 | INFO: Primitives created: 1
12:04:06 | INFO: Extracting primitive: COL_daguan_column.011
12:04:06 | INFO: Primitives created: 1
12:04:06 | INFO: Extracting primitive: COL_daguan_floor.001
12:04:06 | INFO: Primitives created: 1
12:04:06 | INFO: Extracting primitive: COL_daguan_return_wall.002
12:04:06 | INFO: Primitives created: 1
12:04:06 | INFO: Extracting primitive: COL_daguan_return_wall.003
12:04:06 | INFO: Primitives created: 1
12:04:06 | INFO: Extracting primitive: HERO_daguan_title.001
12:04:06 | WARNING: More than one shader node tex image used for a texture. The resulting glTF sampler will behave like the first shader node tex image.
12:04:06 | INFO: Primitives created: 1
12:04:06 | INFO: Extracting primitive: DAGUAN_backstage.001
12:04:06 | INFO: Primitives created: 1
12:04:06 | INFO: Extracting primitive: DAGUAN_door_stud.180
12:04:06 | INFO: Primitives created: 1
12:04:06 | INFO: Extracting primitive: DAGUAN_amber_transom.002
12:04:06 | INFO: Primitives created: 1
12:04:06 | INFO: Extracting primitive: DAGUAN_closed_door.010
12:04:06 | INFO: Primitives created: 1
12:04:06 | INFO: Extracting primitive: DAGUAN_recessed_panel.020
12:04:06 | INFO: Primitives created: 1
12:04:06 | INFO: Extracting primitive: DAGUAN_column.006
12:04:06 | INFO: Primitives created: 1
12:04:06 | INFO: Extracting primitive: DAGUAN_platform.001
12:04:06 | INFO: Primitives created: 1
12:04:06 | INFO: Extracting primitive: DAGUAN_lower_roof.001
12:04:06 | INFO: Primitives created: 1
12:04:06 | INFO: Extracting primitive: DAGUAN_front.001
12:04:06 | INFO: Primitives created: 1
12:04:06 | INFO: Finished glTF 2.0 export in 0.0566561222076416 s

12:04:07 | INFO: Starting glTF 2.0 export
12:04:07 | INFO: Extracting primitive: COL_ouxiang_approach.001
12:04:07 | INFO: Primitives created: 1
12:04:07 | INFO: Extracting primitive: COL_ouxiang_deck.001
12:04:07 | INFO: Primitives created: 1
12:04:07 | INFO: Extracting primitive: COL_ouxiang_post.004
12:04:07 | INFO: Primitives created: 1
12:04:07 | INFO: Extracting primitive: COL_ouxiang_post.005
12:04:07 | INFO: Primitives created: 1
12:04:07 | INFO: Extracting primitive: COL_ouxiang_post.006
12:04:07 | INFO: Primitives created: 1
12:04:07 | INFO: Extracting primitive: COL_ouxiang_post.007
12:04:07 | INFO: Primitives created: 1
12:04:07 | INFO: Extracting primitive: COL_ouxiang_rail.002
12:04:07 | INFO: Primitives created: 1
12:04:07 | INFO: Extracting primitive: COL_ouxiang_rail.003
12:04:07 | INFO: Primitives created: 1
12:04:07 | INFO: Extracting primitive: COL_ouxiang_side_rail.004
12:04:07 | INFO: Primitives created: 1
12:04:07 | INFO: Extracting primitive: COL_ouxiang_side_rail.005
12:04:07 | INFO: Primitives created: 1
12:04:07 | INFO: Extracting primitive: COL_ouxiang_side_rail.006
12:04:07 | INFO: Primitives created: 1
12:04:07 | INFO: Extracting primitive: COL_ouxiang_side_rail.007
12:04:07 | INFO: Primitives created: 1
12:04:07 | INFO: Extracting primitive: COL_ouxiang_table.001
12:04:07 | INFO: Primitives created: 1
12:04:07 | INFO: Extracting primitive: KIT_props_tea_cup.006
12:04:07 | INFO: Primitives created: 1
12:04:07 | INFO: Extracting primitive: KIT_water_lotus_leaf.007
12:04:07 | INFO: Primitives created: 1
12:04:07 | INFO: Extracting primitive: SITE_ouxiang_deck.001
12:04:07 | INFO: Primitives created: 1
12:04:07 | INFO: Extracting primitive: KIT_pavilion_water_pier.004
12:04:07 | INFO: Primitives created: 1
12:04:07 | INFO: Extracting primitive: KIT_props_lantern_hanging_render.013
12:04:07 | WARNING: More than one shader node tex image used for a texture. The resulting glTF sampler will behave like the first shader node tex image.
12:04:07 | INFO: Primitives created: 1
12:04:07 | INFO: Extracting primitive: KIT_pavilion_water_hipped_roof.001
12:04:07 | INFO: Primitives created: 1
12:04:07 | INFO: Finished glTF 2.0 export in 0.031045198440551758 s

12:04:09 | INFO: Starting glTF 2.0 export
12:04:09 | INFO: Extracting primitive: COL_hengwu-yuan_floor.001
12:04:09 | INFO: Primitives created: 1
12:04:09 | INFO: Extracting primitive: COL_hengwu_closed_hall.002
12:04:09 | INFO: Primitives created: 1
12:04:09 | INFO: Extracting primitive: COL_hengwu_court.002
12:04:09 | INFO: Primitives created: 1
12:04:09 | INFO: Extracting primitive: COL_hengwu_hall_post.001
12:04:09 | INFO: Primitives created: 1
12:04:09 | INFO: Extracting primitive: COL_hengwu_hall_post.002
12:04:09 | INFO: Primitives created: 1
12:04:09 | INFO: Extracting primitive: COL_hengwu_hall_post.006
12:04:09 | INFO: Primitives created: 1
12:04:09 | INFO: Extracting primitive: COL_wall_bay.001
12:04:09 | INFO: Primitives created: 1
12:04:09 | INFO: Extracting primitive: COL_wall_bay.002
12:04:09 | INFO: Primitives created: 1
12:04:09 | INFO: Extracting primitive: COL_wall_bay.003
12:04:09 | INFO: Primitives created: 1
12:04:09 | INFO: Extracting primitive: COL_wall_bay.004
12:04:09 | INFO: Primitives created: 1
12:04:09 | INFO: Extracting primitive: COL_wall_bay.005
12:04:09 | INFO: Primitives created: 1
12:04:09 | INFO: Extracting primitive: COL_wall_bay.006
12:04:09 | INFO: Primitives created: 1
12:04:09 | INFO: Extracting primitive: KIT_wall_plaster.002
12:04:09 | INFO: Primitives created: 1
12:04:09 | INFO: Extracting primitive: COL_wall_window.001
12:04:09 | INFO: Primitives created: 1
12:04:09 | INFO: Extracting primitive: COL_wall_window.002
12:04:09 | INFO: Primitives created: 1
12:04:09 | INFO: Extracting primitive: COL_hengwu_rock.001
12:04:09 | INFO: Primitives created: 1
12:04:09 | INFO: Extracting primitive: COL_hengwu_rock.002
12:04:09 | INFO: Primitives created: 1
12:04:09 | INFO: Extracting primitive: COL_hengwu_rock.006
12:04:09 | INFO: Primitives created: 1
12:04:09 | INFO: Extracting primitive: COL_hengwu_stool.001
12:04:09 | INFO: Primitives created: 1
12:04:09 | INFO: Extracting primitive: COL_hengwu_stool.002
12:04:09 | INFO: Primitives created: 1
12:04:09 | INFO: Extracting primitive: COL_hengwu_stool.003
12:04:09 | INFO: Primitives created: 1
12:04:09 | INFO: Extracting primitive: COL_hengwu_stool.008
12:04:09 | INFO: Primitives created: 1
12:04:09 | INFO: Extracting primitive: COL_hengwu_table.002
12:04:09 | INFO: Primitives created: 1
12:04:09 | INFO: Extracting primitive: HERO_hengwu-yuan_title.002
12:04:09 | WARNING: More than one shader node tex image used for a texture. The resulting glTF sampler will behave like the first shader node tex image.
12:04:09 | INFO: Primitives created: 1
12:04:09 | INFO: Extracting primitive: SITE_hengwu-yuan_backstage.001
12:04:09 | INFO: Primitives created: 1
12:04:09 | INFO: Extracting primitive: KIT_pavilion_finial.011
12:04:09 | INFO: Primitives created: 1
12:04:09 | INFO: Extracting primitive: KIT_wall_amber_window.006
12:04:09 | INFO: Primitives created: 1
12:04:09 | INFO: Extracting primitive: HENGWU_herb_leaf.001
12:04:09 | INFO: Primitives created: 1
12:04:09 | INFO: Extracting primitive: KIT_wall_lattice_vertical.105
12:04:09 | INFO: Primitives created: 1
12:04:09 | INFO: Extracting primitive: SITE_hengwu-yuan_platform.001
12:04:09 | INFO: Primitives created: 1
12:04:09 | INFO: Extracting primitive: KIT_props_lantern_hanging_render.015
12:04:09 | WARNING: More than one shader node tex image used for a texture. The resulting glTF sampler will behave like the first shader node tex image.
12:04:09 | INFO: Primitives created: 1
12:04:09 | INFO: Extracting primitive: KIT_pavilion_roof.011
12:04:09 | INFO: Primitives created: 1
12:04:09 | INFO: Extracting primitive: KIT_wall_bay.001
12:04:09 | WARNING: More than one shader node tex image used for a texture. The resulting glTF sampler will behave like the first shader node tex image.
12:04:09 | INFO: Primitives created: 1
12:04:09 | INFO: Extracting primitive: SITE_hengwu-yuan_front.001
12:04:09 | INFO: Primitives created: 1
12:04:09 | INFO: Finished glTF 2.0 export in 0.12665987014770508 s

12:04:09 | INFO: Starting glTF 2.0 export
12:04:09 | INFO: Extracting primitive: COL_yihong_closed_front.002
12:04:09 | INFO: Primitives created: 1
12:04:09 | INFO: Extracting primitive: COL_yihong_court_side.001
12:04:09 | INFO: Primitives created: 1
12:04:09 | INFO: Extracting primitive: COL_yihong_court_side.004
12:04:09 | INFO: Primitives created: 1
12:04:09 | INFO: Extracting primitive: COL_yihong_floor.002
12:04:09 | INFO: Primitives created: 1
12:04:09 | INFO: Extracting primitive: COL_yihong_planter.001
12:04:09 | INFO: Primitives created: 1
12:04:09 | INFO: Extracting primitive: COL_yihong_planter.004
12:04:09 | INFO: Primitives created: 1
12:04:09 | INFO: Extracting primitive: COL_yihong_side_return.001
12:04:09 | INFO: Primitives created: 1
12:04:09 | INFO: Extracting primitive: COL_yihong_side_return.004
12:04:09 | INFO: Primitives created: 1
12:04:09 | INFO: Extracting primitive: COL_yihong_threshold.002
12:04:09 | INFO: Primitives created: 1
12:04:09 | INFO: Extracting primitive: KIT_flora_banana_render.001
12:04:09 | WARNING: More than one shader node tex image used for a texture. The resulting glTF sampler will behave like the first shader node tex image.
12:04:09 | INFO: Primitives created: 1
12:04:09 | INFO: Extracting primitive: KIT_flora_banana_render.002
12:04:09 | INFO: Primitives created: 1
12:04:09 | INFO: Extracting primitive: HERO_yihong-yuan_title.002
12:04:09 | WARNING: More than one shader node tex image used for a texture. The resulting glTF sampler will behave like the first shader node tex image.
12:04:09 | INFO: Primitives created: 1
12:04:09 | INFO: Extracting primitive: YIHONG_backstage.002
12:04:09 | INFO: Primitives created: 1
12:04:09 | INFO: Extracting primitive: YIHONG_door_rail.001
12:04:09 | INFO: Primitives created: 1
12:04:09 | INFO: Extracting primitive: YIHONG_amber_window.002
12:04:09 | INFO: Primitives created: 1
12:04:09 | INFO: Extracting primitive: YIHONG_door_panel.001
12:04:09 | INFO: Primitives created: 1
12:04:09 | INFO: Extracting primitive: YIHONG_paving.002
12:04:09 | INFO: Primitives created: 1
12:04:09 | INFO: Extracting primitive: YIHONG_court_cap.001
12:04:09 | INFO: Primitives created: 1
12:04:09 | INFO: Extracting primitive: YIHONG_closed_front.002
12:04:09 | INFO: Primitives created: 1
12:04:09 | INFO: Finished glTF 2.0 export in 0.02918076515197754 s

12:04:09 | INFO: Starting glTF 2.0 export
12:04:09 | INFO: Extracting primitive: COL_xiaoxiang_bamboo_bed.004
12:04:09 | INFO: Primitives created: 1
12:04:09 | INFO: Extracting primitive: COL_xiaoxiang_bamboo_bed.005
12:04:09 | INFO: Primitives created: 1
12:04:09 | INFO: Extracting primitive: COL_xiaoxiang_bamboo_bed.006
12:04:09 | INFO: Primitives created: 1
12:04:09 | INFO: Extracting primitive: COL_xiaoxiang_bamboo_bed.007
12:04:09 | INFO: Primitives created: 1
12:04:09 | INFO: Extracting primitive: COL_xiaoxiang_closed_front.001
12:04:09 | INFO: Primitives created: 1
12:04:09 | INFO: Extracting primitive: COL_xiaoxiang_floor.001
12:04:09 | INFO: Primitives created: 1
12:04:09 | INFO: Extracting primitive: COL_xiaoxiang_return.002
12:04:09 | INFO: Primitives created: 1
12:04:09 | INFO: Extracting primitive: COL_xiaoxiang_return.003
12:04:09 | INFO: Primitives created: 1
12:04:09 | INFO: Extracting primitive: COL_xiaoxiang_threshold.001
12:04:09 | INFO: Primitives created: 1
12:04:09 | INFO: Extracting primitive: KIT_flora_bamboo_large_render.003
12:04:09 | WARNING: More than one shader node tex image used for a texture. The resulting glTF sampler will behave like the first shader node tex image.
12:04:09 | INFO: Primitives created: 1
12:04:09 | INFO: Extracting primitive: KIT_flora_bamboo_medium_render.001
12:04:09 | INFO: Primitives created: 1
12:04:09 | INFO: Extracting primitive: KIT_flora_bamboo_small_render.002
12:04:09 | INFO: Primitives created: 1
12:04:09 | INFO: Extracting primitive: KIT_flora_bamboo_large_render.004
12:04:09 | INFO: Primitives created: 1
12:04:09 | INFO: Extracting primitive: HERO_xiaoxiang-guan_title.002
12:04:09 | WARNING: More than one shader node tex image used for a texture. The resulting glTF sampler will behave like the first shader node tex image.
12:04:09 | INFO: Primitives created: 1
12:04:09 | INFO: Extracting primitive: XIAOXIANG_black_back.001
12:04:09 | INFO: Primitives created: 1
12:04:09 | INFO: Extracting primitive: XIAOXIANG_gate_pull.002
12:04:09 | INFO: Primitives created: 1
12:04:09 | INFO: Extracting primitive: XIAOXIANG_amber_window.001
12:04:09 | INFO: Primitives created: 1
12:04:09 | INFO: Extracting primitive: XIAOXIANG_gate_leaf.002
12:04:10 | INFO: Primitives created: 1
12:04:10 | INFO: Extracting primitive: XIAOXIANG_paving.001
12:04:10 | INFO: Primitives created: 1
12:04:10 | INFO: Extracting primitive: XIAOXIANG_wall_cap.001
12:04:10 | INFO: Primitives created: 1
12:04:10 | INFO: Extracting primitive: XIAOXIANG_closed_front.001
12:04:10 | INFO: Primitives created: 1
12:04:10 | INFO: Finished glTF 2.0 export in 0.03366589546203613 s

12:04:10 | INFO: Starting glTF 2.0 export
12:04:10 | INFO: Extracting primitive: COL_longcui_burner.001
12:04:10 | INFO: Primitives created: 1
12:04:10 | INFO: Extracting primitive: COL_longcui_closed_front.001
12:04:10 | INFO: Primitives created: 1
12:04:10 | INFO: Extracting primitive: COL_longcui_floor.001
12:04:10 | INFO: Primitives created: 1
12:04:10 | INFO: Extracting primitive: COL_longcui_plum_trunk.002
12:04:10 | INFO: Primitives created: 1
12:04:10 | INFO: Extracting primitive: COL_longcui_plum_trunk.003
12:04:10 | INFO: Primitives created: 1
12:04:10 | INFO: Extracting primitive: COL_longcui_return.002
12:04:10 | INFO: Primitives created: 1
12:04:10 | INFO: Extracting primitive: COL_longcui_return.003
12:04:10 | INFO: Primitives created: 1
12:04:10 | INFO: Extracting primitive: COL_longcui_threshold.001
12:04:10 | INFO: Primitives created: 1
12:04:10 | INFO: Extracting primitive: KIT_flora_plum_render.001
12:04:10 | WARNING: More than one shader node tex image used for a texture. The resulting glTF sampler will behave like the first shader node tex image.
12:04:10 | INFO: Primitives created: 1
12:04:10 | INFO: Extracting primitive: KIT_flora_plum_render.002
12:04:10 | INFO: Primitives created: 1
12:04:10 | INFO: Extracting primitive: HERO_longcui-an_title.002
12:04:10 | WARNING: More than one shader node tex image used for a texture. The resulting glTF sampler will behave like the first shader node tex image.
12:04:10 | INFO: Primitives created: 1
12:04:10 | INFO: Extracting primitive: LONGCUI_backstage.001
12:04:10 | INFO: Primitives created: 1
12:04:10 | INFO: Extracting primitive: LONGCUI_gate_pull.002
12:04:10 | INFO: Primitives created: 1
12:04:10 | INFO: Extracting primitive: LONGCUI_closed_gate.002
12:04:10 | INFO: Primitives created: 1
12:04:10 | INFO: Extracting primitive: LONGCUI_paving.001
12:04:10 | INFO: Primitives created: 1
12:04:10 | INFO: Extracting primitive: KIT_props_lantern_hanging_render.016
12:04:10 | WARNING: More than one shader node tex image used for a texture. The resulting glTF sampler will behave like the first shader node tex image.
12:04:10 | INFO: Primitives created: 1
12:04:10 | INFO: Extracting primitive: LONGCUI_wall_cap.001
12:04:10 | INFO: Primitives created: 1
12:04:10 | INFO: Extracting primitive: LONGCUI_closed_front.001
12:04:10 | INFO: Primitives created: 1
12:04:10 | INFO: Finished glTF 2.0 export in 0.033525943756103516 s

12:04:10 | INFO: Starting glTF 2.0 export
12:04:10 | INFO: Extracting primitive: COL_aojing_closed_front.002
12:04:10 | INFO: Primitives created: 1
12:04:10 | INFO: Extracting primitive: COL_aojing_dry_ledge.002
12:04:10 | INFO: Primitives created: 1
12:04:10 | INFO: Extracting primitive: COL_aojing_hall_floor.002
12:04:10 | INFO: Primitives created: 1
12:04:10 | INFO: Extracting primitive: COL_aojing_ledge_end.002
12:04:10 | INFO: Primitives created: 1
12:04:10 | INFO: Extracting primitive: COL_aojing_ledge_parapet.002
12:04:10 | INFO: Primitives created: 1
12:04:10 | INFO: Extracting primitive: COL_aojing_return.001
12:04:10 | INFO: Primitives created: 1
12:04:10 | INFO: Extracting primitive: COL_aojing_return.004
12:04:10 | INFO: Primitives created: 1
12:04:10 | INFO: Extracting primitive: HERO_aojing-guan_title.002
12:04:10 | WARNING: More than one shader node tex image used for a texture. The resulting glTF sampler will behave like the first shader node tex image.
12:04:10 | INFO: Primitives created: 1
12:04:10 | INFO: Extracting primitive: AOJING_pond.002
12:04:10 | INFO: Primitives created: 1
12:04:10 | INFO: Extracting primitive: AOJING_backstage.002
12:04:10 | INFO: Primitives created: 1
12:04:10 | INFO: Extracting primitive: AOJING_amber_window.002
12:04:10 | INFO: Primitives created: 1
12:04:10 | INFO: Extracting primitive: AOJING_window_lattice.001
12:04:10 | INFO: Primitives created: 1
12:04:10 | INFO: Extracting primitive: AOJING_dry_ledge.002
12:04:10 | INFO: Primitives created: 1
12:04:10 | INFO: Extracting primitive: AOJING_roof.002
12:04:10 | INFO: Primitives created: 1
12:04:10 | INFO: Extracting primitive: AOJING_closed_front.002
12:04:10 | INFO: Primitives created: 1
12:04:10 | INFO: Finished glTF 2.0 export in 0.02668309211730957 s

12:04:12 | INFO: Starting glTF 2.0 export
12:04:12 | INFO: Extracting primitive: COL_daoxiang_closed_front.001
12:04:12 | INFO: Primitives created: 1
12:04:12 | INFO: Extracting primitive: COL_daoxiang_court.001
12:04:12 | INFO: Primitives created: 1
12:04:12 | INFO: Extracting primitive: COL_daoxiang_fence.004
12:04:12 | INFO: Primitives created: 1
12:04:12 | INFO: Extracting primitive: COL_daoxiang_fence.005
12:04:12 | INFO: Primitives created: 1
12:04:12 | INFO: Extracting primitive: COL_daoxiang_fence.006
12:04:12 | INFO: Primitives created: 1
12:04:12 | INFO: Extracting primitive: COL_daoxiang_fence.007
12:04:12 | INFO: Primitives created: 1
12:04:12 | INFO: Extracting primitive: COL_daoxiang_side.002
12:04:12 | INFO: Primitives created: 1
12:04:12 | INFO: Extracting primitive: COL_daoxiang_side.003
12:04:12 | INFO: Primitives created: 1
12:04:12 | INFO: Extracting primitive: HERO_daoxiang-cun_title.002
12:04:12 | WARNING: More than one shader node tex image used for a texture. The resulting glTF sampler will behave like the first shader node tex image.
12:04:12 | INFO: Primitives created: 1
12:04:12 | INFO: Extracting primitive: DAOXIANG_backstage.001
12:04:12 | INFO: Primitives created: 1
12:04:12 | INFO: Extracting primitive: DAOXIANG_door_latch.001
12:04:12 | INFO: Primitives created: 1
12:04:12 | INFO: Extracting primitive: DAOXIANG_warm_sliver.001
12:04:12 | INFO: Primitives created: 1
12:04:12 | INFO: Extracting primitive: DAOXIANG_closed_door.001
12:04:12 | INFO: Primitives created: 1
12:04:12 | INFO: Extracting primitive: DAOXIANG_paddy_painting.001
12:04:12 | INFO: Primitives created: 1
12:04:12 | INFO: Extracting primitive: DAOXIANG_court.001
12:04:12 | INFO: Primitives created: 1
12:04:12 | INFO: Extracting primitive: DAOXIANG_thatch_mass.001
12:04:12 | INFO: Primitives created: 1
12:04:12 | INFO: Extracting primitive: DAOXIANG_front.001
12:04:12 | INFO: Primitives created: 1
12:04:12 | INFO: Finished glTF 2.0 export in 0.036939144134521484 s

12:04:12 | INFO: Starting glTF 2.0 export
12:04:12 | INFO: Extracting primitive: COL_water_bridge_side.001
12:04:12 | INFO: Primitives created: 1
12:04:12 | INFO: Extracting primitive: COL_water_bridge_side.004
12:04:12 | INFO: Primitives created: 1
12:04:12 | INFO: Extracting primitive: COL_water_bridge_deck.002
12:04:12 | INFO: Primitives created: 1
12:04:12 | INFO: Extracting primitive: COL_ziling_landing.001
12:04:12 | INFO: Primitives created: 1
12:04:12 | INFO: Extracting primitive: KIT_flora_reed_render.001
12:04:12 | WARNING: More than one shader node tex image used for a texture. The resulting glTF sampler will behave like the first shader node tex image.
12:04:12 | INFO: Primitives created: 1
12:04:12 | INFO: Extracting primitive: KIT_flora_reed_render.002
12:04:12 | INFO: Primitives created: 1
12:04:12 | INFO: Extracting primitive: KIT_flora_reed_render.003
12:04:12 | INFO: Primitives created: 1
12:04:12 | INFO: Extracting primitive: KIT_flora_reed_render.004
12:04:12 | INFO: Primitives created: 1
12:04:12 | INFO: Extracting primitive: KIT_flora_reed_render.005
12:04:12 | INFO: Primitives created: 1
12:04:12 | INFO: Extracting primitive: KIT_flora_reed_render.006
12:04:12 | INFO: Primitives created: 1
12:04:12 | INFO: Extracting primitive: KIT_flora_reed_render.007
12:04:12 | INFO: Primitives created: 1
12:04:12 | INFO: Extracting primitive: KIT_flora_reed_render.008
12:04:12 | INFO: Primitives created: 1
12:04:12 | INFO: Extracting primitive: KIT_flora_reed_render.009
12:04:12 | INFO: Primitives created: 1
12:04:12 | INFO: Extracting primitive: KIT_flora_reed_render.010
12:04:12 | INFO: Primitives created: 1
12:04:12 | INFO: Extracting primitive: KIT_water_lotus_leaf.011
12:04:12 | INFO: Primitives created: 1
12:04:12 | INFO: Extracting primitive: KIT_water_plank.002
12:04:12 | WARNING: More than one shader node tex image used for a texture. The resulting glTF sampler will behave like the first shader node tex image.
12:04:12 | INFO: Primitives created: 1
12:04:12 | INFO: Extracting primitive: SITE_ziling_island.001
12:04:12 | INFO: Primitives created: 1
12:04:12 | INFO: Finished glTF 2.0 export in 0.0346369743347168 s

12:04:12 | INFO: Starting glTF 2.0 export
12:04:12 | INFO: Extracting primitive: COL_aojing_approach.001
12:04:12 | INFO: Primitives created: 1
12:04:12 | INFO: Extracting primitive: COL_aojing_approach.004
12:04:12 | INFO: Primitives created: 1
12:04:12 | INFO: Extracting primitive: COL_aojing_approach_guard.001
12:04:12 | INFO: Primitives created: 1
12:04:12 | INFO: Extracting primitive: COL_aojing_approach_guard.004
12:04:12 | INFO: Primitives created: 1
12:04:12 | INFO: Extracting primitive: COL_aojing_approach_ramp.002
12:04:12 | INFO: Primitives created: 1
12:04:12 | INFO: Extracting primitive: COL_aojing_closed_front.002
12:04:12 | INFO: Primitives created: 1
12:04:12 | INFO: Extracting primitive: COL_aojing_dry_ledge.002
12:04:12 | INFO: Primitives created: 1
12:04:12 | INFO: Extracting primitive: COL_aojing_hall_floor.002
12:04:12 | INFO: Primitives created: 1
12:04:12 | INFO: Extracting primitive: COL_aojing_ledge_end.002
12:04:12 | INFO: Primitives created: 1
12:04:12 | INFO: Extracting primitive: COL_aojing_ledge_parapet.002
12:04:12 | INFO: Primitives created: 1
12:04:12 | INFO: Extracting primitive: COL_aojing_return.001
12:04:12 | INFO: Primitives created: 1
12:04:12 | INFO: Extracting primitive: COL_aojing_return.004
12:04:12 | INFO: Primitives created: 1
12:04:12 | INFO: Extracting primitive: Cube.147
12:04:12 | INFO: Primitives created: 1
12:04:12 | INFO: Extracting primitive: Cube.148
12:04:12 | INFO: Primitives created: 1
12:04:12 | INFO: Extracting primitive: Cube.149
12:04:12 | INFO: Primitives created: 1
12:04:12 | INFO: Extracting primitive: Cube.150
12:04:12 | INFO: Primitives created: 1
12:04:12 | INFO: Extracting primitive: COL_bridge_crosswalk.002
12:04:12 | INFO: Primitives created: 1
12:04:12 | INFO: Extracting primitive: COL_bridge_crosswalk.003
12:04:12 | INFO: Primitives created: 1
12:04:12 | INFO: Extracting primitive: COL_cell_floor.006
12:04:12 | INFO: Primitives created: 1
12:04:12 | INFO: Extracting primitive: COL_cell_floor.007
12:04:12 | INFO: Primitives created: 1
12:04:12 | INFO: Extracting primitive: COL_cell_floor.008
12:04:12 | INFO: Primitives created: 1
12:04:12 | INFO: Extracting primitive: COL_cell_floor.009
12:04:12 | INFO: Primitives created: 1
12:04:12 | INFO: Extracting primitive: COL_cell_floor.010
12:04:12 | INFO: Primitives created: 1
12:04:12 | INFO: Extracting primitive: COL_cell_floor.011
12:04:12 | INFO: Primitives created: 1
12:04:12 | INFO: Extracting primitive: COL_cell_wall.012
12:04:12 | INFO: Primitives created: 1
12:04:12 | INFO: Extracting primitive: COL_cell_wall.013
12:04:12 | INFO: Primitives created: 1
12:04:12 | INFO: Extracting primitive: COL_cell_wall.014
12:04:12 | INFO: Primitives created: 1
12:04:12 | INFO: Extracting primitive: COL_cell_wall.015
12:04:12 | INFO: Primitives created: 1
12:04:12 | INFO: Extracting primitive: COL_cell_wall.016
12:04:12 | INFO: Primitives created: 1
12:04:12 | INFO: Extracting primitive: COL_cell_wall.017
12:04:12 | INFO: Primitives created: 1
12:04:12 | INFO: Extracting primitive: COL_cell_wall.018
12:04:12 | INFO: Primitives created: 1
12:04:12 | INFO: Extracting primitive: COL_cell_wall.019
12:04:12 | INFO: Primitives created: 1
12:04:12 | INFO: Extracting primitive: COL_cell_wall.020
12:04:12 | INFO: Primitives created: 1
12:04:12 | INFO: Extracting primitive: COL_cell_wall.021
12:04:12 | INFO: Primitives created: 1
12:04:12 | INFO: Extracting primitive: COL_cell_wall.022
12:04:12 | INFO: Primitives created: 1
12:04:12 | INFO: Extracting primitive: COL_cell_wall.023
12:04:12 | INFO: Primitives created: 1
12:04:12 | INFO: Extracting primitive: COL_daguan_central_step.003
12:04:12 | INFO: Primitives created: 1
12:04:12 | INFO: Extracting primitive: COL_daguan_central_step.004
12:04:12 | INFO: Primitives created: 1
12:04:12 | INFO: Extracting primitive: COL_daguan_central_step.005
12:04:12 | INFO: Primitives created: 1
12:04:12 | INFO: Extracting primitive: COL_daguan_closed_front.001
12:04:12 | INFO: Primitives created: 1
12:04:12 | INFO: Extracting primitive: COL_daguan_column.006
12:04:12 | INFO: Primitives created: 1
12:04:12 | INFO: Extracting primitive: COL_daguan_column.007
12:04:12 | INFO: Primitives created: 1
12:04:12 | INFO: Extracting primitive: COL_daguan_column.008
12:04:12 | INFO: Primitives created: 1
12:04:12 | INFO: Extracting primitive: COL_daguan_column.009
12:04:12 | INFO: Primitives created: 1
12:04:12 | INFO: Extracting primitive: COL_daguan_column.010
12:04:12 | INFO: Primitives created: 1
12:04:12 | INFO: Extracting primitive: COL_daguan_column.011
12:04:12 | INFO: Primitives created: 1
12:04:12 | INFO: Extracting primitive: COL_daguan_floor.001
12:04:12 | INFO: Primitives created: 1
12:04:12 | INFO: Extracting primitive: COL_daguan_return_wall.002
12:04:12 | INFO: Primitives created: 1
12:04:12 | INFO: Extracting primitive: COL_daguan_return_wall.003
12:04:12 | INFO: Primitives created: 1
12:04:12 | INFO: Extracting primitive: COL_daoxiang_approach.002
12:04:12 | INFO: Primitives created: 1
12:04:12 | INFO: Extracting primitive: COL_daoxiang_approach.003
12:04:12 | INFO: Primitives created: 1
12:04:12 | INFO: Extracting primitive: COL_daoxiang_closed_front.001
12:04:12 | INFO: Primitives created: 1
12:04:12 | INFO: Extracting primitive: COL_daoxiang_court.001
12:04:12 | INFO: Primitives created: 1
12:04:12 | INFO: Extracting primitive: COL_daoxiang_fence.004
12:04:12 | INFO: Primitives created: 1
12:04:12 | INFO: Extracting primitive: COL_daoxiang_fence.005
12:04:12 | INFO: Primitives created: 1
12:04:12 | INFO: Extracting primitive: COL_daoxiang_fence.006
12:04:12 | INFO: Primitives created: 1
12:04:12 | INFO: Extracting primitive: COL_daoxiang_fence.007
12:04:12 | INFO: Primitives created: 1
12:04:12 | INFO: Extracting primitive: COL_daoxiang_side.002
12:04:12 | INFO: Primitives created: 1
12:04:12 | INFO: Extracting primitive: COL_daoxiang_side.003
12:04:12 | INFO: Primitives created: 1
12:04:12 | INFO: Extracting primitive: COL_entry_corridor.001
12:04:12 | INFO: Primitives created: 1
12:04:12 | INFO: Extracting primitive: COL_entry_walk.002
12:04:12 | INFO: Primitives created: 1
12:04:12 | INFO: Extracting primitive: COL_entry_walk.003
12:04:12 | INFO: Primitives created: 1
12:04:12 | INFO: Extracting primitive: COL_floor_joint_cell_threshold_0.001
12:04:12 | INFO: Primitives created: 1
12:04:12 | INFO: Extracting primitive: COL_floor_joint_cell_threshold_1.001
12:04:12 | INFO: Primitives created: 1
12:04:12 | INFO: Extracting primitive: COL_floor_joint_cell_threshold_2.001
12:04:12 | INFO: Primitives created: 1
12:04:12 | INFO: Extracting primitive: COL_floor_joint_cell_threshold_3.001
12:04:12 | INFO: Primitives created: 1
12:04:12 | INFO: Extracting primitive: COL_floor_joint_cell_threshold_4.001
12:04:12 | INFO: Primitives created: 1
12:04:12 | INFO: Extracting primitive: COL_floor_joint_cell_threshold_5.001
12:04:12 | INFO: Primitives created: 1
12:04:12 | INFO: Extracting primitive: COL_floor_joint_pavilion_east_joint.001
12:04:12 | INFO: Primitives created: 1
12:04:12 | INFO: Extracting primitive: COL_floor_joint_pavilion_west_joint.001
12:04:12 | INFO: Primitives created: 1
12:04:12 | INFO: Extracting primitive: Cube.146
12:04:12 | INFO: Primitives created: 1
12:04:12 | INFO: Extracting primitive: Cube.145
12:04:12 | INFO: Primitives created: 1
12:04:12 | INFO: Extracting primitive: COL_GATE_banana_planter.001
12:04:12 | INFO: Primitives created: 1
12:04:12 | INFO: Extracting primitive: KIT_rockery_passage.022
12:04:12 | INFO: Primitives created: 1
12:04:12 | INFO: Extracting primitive: KIT_rockery_passage.024
12:04:12 | INFO: Primitives created: 1
12:04:12 | INFO: Extracting primitive: KIT_rockery_cliff.006
12:04:12 | INFO: Primitives created: 1
12:04:12 | INFO: Extracting primitive: KIT_rockery_cliff.008
12:04:12 | INFO: Primitives created: 1
12:04:12 | INFO: Extracting primitive: KIT_rockery_passage.004
12:04:12 | INFO: Primitives created: 1
12:04:12 | INFO: Extracting primitive: KIT_rockery_passage.016
12:04:12 | INFO: Primitives created: 1
12:04:12 | INFO: Extracting primitive: KIT_rockery_passage.018
12:04:12 | INFO: Primitives created: 1
12:04:12 | INFO: Extracting primitive: KIT_rockery_passage.020
12:04:12 | INFO: Primitives created: 1
12:04:12 | INFO: Extracting primitive: GATE_paving.003
12:04:12 | INFO: Primitives created: 1
12:04:12 | INFO: Extracting primitive: COL_hengwu-yuan_floor.001
12:04:12 | INFO: Primitives created: 1
12:04:12 | INFO: Extracting primitive: COL_hengwu_approach.002
12:04:12 | INFO: Primitives created: 1
12:04:12 | INFO: Extracting primitive: COL_hengwu_approach.003
12:04:12 | INFO: Primitives created: 1
12:04:12 | INFO: Extracting primitive: COL_hengwu_closed_hall.002
12:04:12 | INFO: Primitives created: 1
12:04:12 | INFO: Extracting primitive: COL_hengwu_court.002
12:04:12 | INFO: Primitives created: 1
12:04:12 | INFO: Extracting primitive: COL_hengwu_hall_post.001
12:04:12 | INFO: Primitives created: 1
12:04:12 | INFO: Extracting primitive: COL_hengwu_hall_post.002
12:04:12 | INFO: Primitives created: 1
12:04:12 | INFO: Extracting primitive: COL_hengwu_hall_post.006
12:04:12 | INFO: Primitives created: 1
12:04:12 | INFO: Extracting primitive: COL_wall_bay.001
12:04:12 | INFO: Primitives created: 1
12:04:12 | INFO: Extracting primitive: COL_wall_bay.002
12:04:12 | INFO: Primitives created: 1
12:04:12 | INFO: Extracting primitive: COL_wall_bay.003
12:04:12 | INFO: Primitives created: 1
12:04:12 | INFO: Extracting primitive: COL_wall_bay.004
12:04:12 | INFO: Primitives created: 1
12:04:12 | INFO: Extracting primitive: COL_wall_bay.005
12:04:12 | INFO: Primitives created: 1
12:04:12 | INFO: Extracting primitive: COL_wall_bay.006
12:04:12 | INFO: Primitives created: 1
12:04:12 | INFO: Extracting primitive: KIT_wall_plaster.002
12:04:12 | INFO: Primitives created: 1
12:04:12 | INFO: Extracting primitive: COL_wall_window.001
12:04:12 | INFO: Primitives created: 1
12:04:12 | INFO: Extracting primitive: COL_wall_window.002
12:04:12 | INFO: Primitives created: 1
12:04:12 | INFO: Extracting primitive: COL_hengwu_rock.001
12:04:12 | INFO: Primitives created: 1
12:04:12 | INFO: Extracting primitive: COL_hengwu_rock.002
12:04:12 | INFO: Primitives created: 1
12:04:12 | INFO: Extracting primitive: COL_hengwu_rock.006
12:04:12 | INFO: Primitives created: 1
12:04:12 | INFO: Extracting primitive: COL_hengwu_stool.001
12:04:12 | INFO: Primitives created: 1
12:04:12 | INFO: Extracting primitive: COL_hengwu_stool.002
12:04:12 | INFO: Primitives created: 1
12:04:12 | INFO: Extracting primitive: COL_hengwu_stool.003
12:04:12 | INFO: Primitives created: 1
12:04:12 | INFO: Extracting primitive: COL_hengwu_stool.008
12:04:12 | INFO: Primitives created: 1
12:04:12 | INFO: Extracting primitive: COL_hengwu_table.002
12:04:12 | INFO: Primitives created: 1
12:04:12 | INFO: Extracting primitive: COL_longcui_approach.003
12:04:12 | INFO: Primitives created: 1
12:04:12 | INFO: Extracting primitive: COL_longcui_approach.004
12:04:12 | INFO: Primitives created: 1
12:04:12 | INFO: Extracting primitive: COL_longcui_approach.005
12:04:12 | INFO: Primitives created: 1
12:04:12 | INFO: Extracting primitive: COL_longcui_burner.001
12:04:12 | INFO: Primitives created: 1
12:04:12 | INFO: Extracting primitive: COL_longcui_closed_front.001
12:04:12 | INFO: Primitives created: 1
12:04:12 | INFO: Extracting primitive: COL_longcui_floor.001
12:04:12 | INFO: Primitives created: 1
12:04:12 | INFO: Extracting primitive: COL_longcui_plum_trunk.002
12:04:12 | INFO: Primitives created: 1
12:04:12 | INFO: Extracting primitive: COL_longcui_plum_trunk.003
12:04:12 | INFO: Primitives created: 1
12:04:12 | INFO: Extracting primitive: COL_longcui_return.002
12:04:12 | INFO: Primitives created: 1
12:04:12 | INFO: Extracting primitive: COL_longcui_return.003
12:04:12 | INFO: Primitives created: 1
12:04:12 | INFO: Extracting primitive: COL_longcui_threshold.001
12:04:12 | INFO: Primitives created: 1
12:04:12 | INFO: Extracting primitive: COL_ouxiang_approach.001
12:04:12 | INFO: Primitives created: 1
12:04:12 | INFO: Extracting primitive: COL_ouxiang_deck.001
12:04:12 | INFO: Primitives created: 1
12:04:12 | INFO: Extracting primitive: COL_ouxiang_post.004
12:04:12 | INFO: Primitives created: 1
12:04:12 | INFO: Extracting primitive: COL_ouxiang_post.005
12:04:12 | INFO: Primitives created: 1
12:04:12 | INFO: Extracting primitive: COL_ouxiang_post.006
12:04:12 | INFO: Primitives created: 1
12:04:12 | INFO: Extracting primitive: COL_ouxiang_post.007
12:04:12 | INFO: Primitives created: 1
12:04:12 | INFO: Extracting primitive: COL_ouxiang_rail.002
12:04:12 | INFO: Primitives created: 1
12:04:12 | INFO: Extracting primitive: COL_ouxiang_rail.003
12:04:12 | INFO: Primitives created: 1
12:04:12 | INFO: Extracting primitive: COL_ouxiang_side_rail.004
12:04:12 | INFO: Primitives created: 1
12:04:12 | INFO: Extracting primitive: COL_ouxiang_side_rail.005
12:04:12 | INFO: Primitives created: 1
12:04:12 | INFO: Extracting primitive: COL_ouxiang_side_rail.006
12:04:12 | INFO: Primitives created: 1
12:04:12 | INFO: Extracting primitive: COL_ouxiang_side_rail.007
12:04:12 | INFO: Primitives created: 1
12:04:12 | INFO: Extracting primitive: COL_ouxiang_table.001
12:04:12 | INFO: Primitives created: 1
12:04:12 | INFO: Extracting primitive: COL_corridor_floor.009
12:04:12 | INFO: Primitives created: 1
12:04:12 | INFO: Extracting primitive: COL_corridor_side.015
12:04:12 | INFO: Primitives created: 1
12:04:12 | INFO: Extracting primitive: COL_corridor_side.016
12:04:12 | INFO: Primitives created: 1
12:04:12 | INFO: Extracting primitive: COL_corridor_post.016
12:04:12 | INFO: Primitives created: 1
12:04:12 | INFO: Extracting primitive: COL_corridor_post.017
12:04:12 | INFO: Primitives created: 1
12:04:12 | INFO: Extracting primitive: COL_corridor_floor.010
12:04:12 | INFO: Primitives created: 1
12:04:12 | INFO: Extracting primitive: COL_corridor_side.017
12:04:12 | INFO: Primitives created: 1
12:04:12 | INFO: Extracting primitive: COL_corridor_side.018
12:04:12 | INFO: Primitives created: 1
12:04:12 | INFO: Extracting primitive: COL_corridor_post.018
12:04:12 | INFO: Primitives created: 1
12:04:12 | INFO: Extracting primitive: COL_corridor_post.019
12:04:12 | INFO: Primitives created: 1
12:04:12 | INFO: Extracting primitive: COL_corridor_floor.011
12:04:12 | INFO: Primitives created: 1
12:04:12 | INFO: Extracting primitive: COL_corridor_side.019
12:04:12 | INFO: Primitives created: 1
12:04:12 | INFO: Extracting primitive: COL_corridor_side.020
12:04:12 | INFO: Primitives created: 1
12:04:12 | INFO: Extracting primitive: COL_corridor_post.020
12:04:12 | INFO: Primitives created: 1
12:04:12 | INFO: Extracting primitive: COL_corridor_post.021
12:04:12 | INFO: Primitives created: 1
12:04:12 | INFO: Extracting primitive: COL_corridor_floor.012
12:04:12 | INFO: Primitives created: 1
12:04:12 | INFO: Extracting primitive: COL_corridor_side.021
12:04:12 | INFO: Primitives created: 1
12:04:12 | INFO: Extracting primitive: COL_corridor_side.022
12:04:12 | INFO: Primitives created: 1
12:04:12 | INFO: Extracting primitive: COL_corridor_post.022
12:04:12 | INFO: Primitives created: 1
12:04:12 | INFO: Extracting primitive: COL_corridor_post.023
12:04:12 | INFO: Primitives created: 1
12:04:12 | INFO: Extracting primitive: COL_corridor_floor.001
12:04:12 | INFO: Primitives created: 1
12:04:12 | INFO: Extracting primitive: COL_corridor_side.001
12:04:12 | INFO: Primitives created: 1
12:04:12 | INFO: Extracting primitive: COL_corridor_side.002
12:04:12 | INFO: Primitives created: 1
12:04:12 | INFO: Extracting primitive: COL_corridor_post.001
12:04:12 | INFO: Primitives created: 1
12:04:12 | INFO: Extracting primitive: COL_corridor_post.002
12:04:12 | INFO: Primitives created: 1
12:04:12 | INFO: Extracting primitive: COL_corridor_floor.002
12:04:12 | INFO: Primitives created: 1
12:04:12 | INFO: Extracting primitive: COL_corridor_side.003
12:04:12 | INFO: Primitives created: 1
12:04:12 | INFO: Extracting primitive: COL_corridor_side.004
12:04:12 | INFO: Primitives created: 1
12:04:12 | INFO: Extracting primitive: COL_corridor_post.003
12:04:12 | INFO: Primitives created: 1
12:04:12 | INFO: Extracting primitive: COL_corridor_post.004
12:04:12 | INFO: Primitives created: 1
12:04:12 | INFO: Extracting primitive: COL_corridor_floor.003
12:04:12 | INFO: Primitives created: 1
12:04:12 | INFO: Extracting primitive: COL_corridor_side.005
12:04:12 | INFO: Primitives created: 1
12:04:12 | INFO: Extracting primitive: COL_corridor_side.006
12:04:12 | INFO: Primitives created: 1
12:04:12 | INFO: Extracting primitive: COL_corridor_post.005
12:04:12 | INFO: Primitives created: 1
12:04:12 | INFO: Extracting primitive: COL_corridor_post.006
12:04:12 | INFO: Primitives created: 1
12:04:12 | INFO: Extracting primitive: COL_corridor_floor.004
12:04:12 | INFO: Primitives created: 1
12:04:12 | INFO: Extracting primitive: COL_corridor_side.007
12:04:12 | INFO: Primitives created: 1
12:04:12 | INFO: Extracting primitive: COL_corridor_side.008
12:04:12 | INFO: Primitives created: 1
12:04:12 | INFO: Extracting primitive: COL_corridor_post.007
12:04:12 | INFO: Primitives created: 1
12:04:12 | INFO: Extracting primitive: COL_corridor_post.008
12:04:12 | INFO: Primitives created: 1
12:04:12 | INFO: Extracting primitive: COL_corridor_floor.005
12:04:12 | INFO: Primitives created: 1
12:04:12 | INFO: Extracting primitive: COL_corridor_side.009
12:04:12 | INFO: Primitives created: 1
12:04:12 | INFO: Extracting primitive: COL_corridor_side.010
12:04:12 | INFO: Primitives created: 1
12:04:12 | INFO: Extracting primitive: COL_corridor_post.009
12:04:12 | INFO: Primitives created: 1
12:04:12 | INFO: Extracting primitive: COL_corridor_post.010
12:04:12 | INFO: Primitives created: 1
12:04:12 | INFO: Extracting primitive: COL_corridor_floor.006
12:04:12 | INFO: Primitives created: 1
12:04:12 | INFO: Extracting primitive: COL_corridor_side.011
12:04:12 | INFO: Primitives created: 1
12:04:12 | INFO: Extracting primitive: COL_corridor_post.011
12:04:12 | INFO: Primitives created: 1
12:04:12 | INFO: Extracting primitive: COL_corridor_post.012
12:04:12 | INFO: Primitives created: 1
12:04:12 | INFO: Extracting primitive: COL_corridor_floor.007
12:04:12 | INFO: Primitives created: 1
12:04:12 | INFO: Extracting primitive: COL_corridor_side.012
12:04:12 | INFO: Primitives created: 1
12:04:12 | INFO: Extracting primitive: COL_corridor_post.013
12:04:12 | INFO: Primitives created: 1
12:04:12 | INFO: Extracting primitive: COL_corridor_floor.008
12:04:12 | INFO: Primitives created: 1
12:04:12 | INFO: Extracting primitive: COL_corridor_side.013
12:04:12 | INFO: Primitives created: 1
12:04:12 | INFO: Extracting primitive: COL_corridor_side.014
12:04:12 | INFO: Primitives created: 1
12:04:12 | INFO: Extracting primitive: COL_corridor_post.014
12:04:12 | INFO: Primitives created: 1
12:04:12 | INFO: Extracting primitive: COL_corridor_post.015
12:04:12 | INFO: Primitives created: 1
12:04:12 | INFO: Extracting primitive: COL_corridor_floor.013
12:04:12 | INFO: Primitives created: 1
12:04:12 | INFO: Extracting primitive: COL_corridor_side.023
12:04:12 | INFO: Primitives created: 1
12:04:12 | INFO: Extracting primitive: COL_corridor_side.024
12:04:12 | INFO: Primitives created: 1
12:04:12 | INFO: Extracting primitive: COL_corridor_post.024
12:04:12 | INFO: Primitives created: 1
12:04:12 | INFO: Extracting primitive: COL_corridor_post.025
12:04:12 | INFO: Primitives created: 1
12:04:12 | INFO: Extracting primitive: COL_corridor_floor.014
12:04:12 | INFO: Primitives created: 1
12:04:12 | INFO: Extracting primitive: COL_corridor_side.025
12:04:12 | INFO: Primitives created: 1
12:04:12 | INFO: Extracting primitive: COL_corridor_side.026
12:04:12 | INFO: Primitives created: 1
12:04:12 | INFO: Extracting primitive: COL_corridor_post.026
12:04:12 | INFO: Primitives created: 1
12:04:12 | INFO: Extracting primitive: COL_corridor_post.027
12:04:12 | INFO: Primitives created: 1
12:04:12 | INFO: Extracting primitive: COL_corridor_floor.015
12:04:12 | INFO: Primitives created: 1
12:04:12 | INFO: Extracting primitive: COL_corridor_side.027
12:04:12 | INFO: Primitives created: 1
12:04:12 | INFO: Extracting primitive: COL_corridor_side.028
12:04:12 | INFO: Primitives created: 1
12:04:12 | INFO: Extracting primitive: COL_corridor_post.028
12:04:12 | INFO: Primitives created: 1
12:04:12 | INFO: Extracting primitive: COL_corridor_post.029
12:04:12 | INFO: Primitives created: 1
12:04:12 | INFO: Extracting primitive: COL_corridor_floor.016
12:04:12 | INFO: Primitives created: 1
12:04:12 | INFO: Extracting primitive: COL_corridor_side.029
12:04:12 | INFO: Primitives created: 1
12:04:12 | INFO: Extracting primitive: COL_corridor_side.030
12:04:12 | INFO: Primitives created: 1
12:04:12 | INFO: Extracting primitive: COL_corridor_post.030
12:04:12 | INFO: Primitives created: 1
12:04:12 | INFO: Extracting primitive: COL_corridor_post.031
12:04:12 | INFO: Primitives created: 1
12:04:12 | INFO: Extracting primitive: COL_qinfang_deck.001
12:04:12 | INFO: Primitives created: 1
12:04:12 | INFO: Extracting primitive: COL_pavilion_bench.001
12:04:12 | INFO: Primitives created: 1
12:04:12 | INFO: Extracting primitive: COL_pavilion_bench.002
12:04:12 | INFO: Primitives created: 1
12:04:12 | INFO: Extracting primitive: COL_pavilion_bracket.001
12:04:12 | INFO: Primitives created: 1
12:04:12 | INFO: Extracting primitive: COL_pavilion_bracket.002
12:04:12 | INFO: Primitives created: 1
12:04:12 | INFO: Extracting primitive: COL_pavilion_bracket.003
12:04:12 | INFO: Primitives created: 1
12:04:12 | INFO: Extracting primitive: COL_pavilion_bracket.004
12:04:12 | INFO: Primitives created: 1
12:04:12 | INFO: Extracting primitive: COL_pavilion_bracket.005
12:04:12 | INFO: Primitives created: 1
12:04:12 | INFO: Extracting primitive: COL_pavilion_bracket.006
12:04:12 | INFO: Primitives created: 1
12:04:12 | INFO: Extracting primitive: COL_pavilion_post.001
12:04:12 | INFO: Primitives created: 1
12:04:12 | INFO: Extracting primitive: COL_pavilion_post.002
12:04:12 | INFO: Primitives created: 1
12:04:12 | INFO: Extracting primitive: COL_pavilion_post.003
12:04:12 | INFO: Primitives created: 1
12:04:12 | INFO: Extracting primitive: COL_pavilion_post.004
12:04:12 | INFO: Primitives created: 1
12:04:12 | INFO: Extracting primitive: COL_pavilion_post.005
12:04:12 | INFO: Primitives created: 1
12:04:12 | INFO: Extracting primitive: COL_pavilion_post.006
12:04:12 | INFO: Primitives created: 1
12:04:12 | INFO: Extracting primitive: COL_pavilion_roof.001
12:04:12 | INFO: Primitives created: 1
12:04:12 | INFO: Extracting primitive: COL_qiushuang-zhai_floor.001
12:04:12 | INFO: Primitives created: 1
12:04:12 | INFO: Extracting primitive: Cube.009
12:04:12 | INFO: Primitives created: 1
12:04:12 | INFO: Extracting primitive: Cube.011
12:04:12 | INFO: Primitives created: 1
12:04:12 | INFO: Extracting primitive: Cube.012
12:04:12 | INFO: Primitives created: 1
12:04:12 | INFO: Extracting primitive: Cube.013
12:04:12 | INFO: Primitives created: 1
12:04:12 | INFO: Extracting primitive: Cube.019
12:04:12 | INFO: Primitives created: 1
12:04:12 | INFO: Extracting primitive: Cube.020
12:04:12 | INFO: Primitives created: 1
12:04:12 | INFO: Extracting primitive: Cube.023
12:04:12 | INFO: Primitives created: 1
12:04:12 | INFO: Extracting primitive: Cube.024
12:04:12 | INFO: Primitives created: 1
12:04:12 | INFO: Extracting primitive: Cube.048
12:04:12 | INFO: Primitives created: 1
12:04:12 | INFO: Extracting primitive: Cube.050
12:04:12 | INFO: Primitives created: 1
12:04:12 | INFO: Extracting primitive: Cube.052
12:04:12 | INFO: Primitives created: 1
12:04:12 | INFO: Extracting primitive: Cube.092
12:04:12 | INFO: Primitives created: 1
12:04:12 | INFO: Extracting primitive: Cube.093
12:04:12 | INFO: Primitives created: 1
12:04:12 | INFO: Extracting primitive: Cube.094
12:04:12 | INFO: Primitives created: 1
12:04:12 | INFO: Extracting primitive: Cube.095
12:04:12 | INFO: Primitives created: 1
12:04:12 | INFO: Extracting primitive: Cube.096
12:04:12 | INFO: Primitives created: 1
12:04:12 | INFO: Extracting primitive: Cube.097
12:04:12 | INFO: Primitives created: 1
12:04:12 | INFO: Extracting primitive: Cube.098
12:04:12 | INFO: Primitives created: 1
12:04:12 | INFO: Extracting primitive: Cube.099
12:04:12 | INFO: Primitives created: 1
12:04:12 | INFO: Extracting primitive: Cube.100
12:04:12 | INFO: Primitives created: 1
12:04:12 | INFO: Extracting primitive: Cube.101
12:04:12 | INFO: Primitives created: 1
12:04:12 | INFO: Extracting primitive: Cube.102
12:04:12 | INFO: Primitives created: 1
12:04:12 | INFO: Extracting primitive: Cube.103
12:04:12 | INFO: Primitives created: 1
12:04:12 | INFO: Extracting primitive: Cube.104
12:04:12 | INFO: Primitives created: 1
12:04:12 | INFO: Extracting primitive: Cube.105
12:04:12 | INFO: Primitives created: 1
12:04:12 | INFO: Extracting primitive: Cube.106
12:04:12 | INFO: Primitives created: 1
12:04:12 | INFO: Extracting primitive: Cube.107
12:04:12 | INFO: Primitives created: 1
12:04:12 | INFO: Extracting primitive: Cube.108
12:04:12 | INFO: Primitives created: 1
12:04:12 | INFO: Extracting primitive: Cube.109
12:04:12 | INFO: Primitives created: 1
12:04:12 | INFO: Extracting primitive: Cube.110
12:04:12 | INFO: Primitives created: 1
12:04:12 | INFO: Extracting primitive: Cube.111
12:04:12 | INFO: Primitives created: 1
12:04:12 | INFO: Extracting primitive: Cube.112
12:04:12 | INFO: Primitives created: 1
12:04:12 | INFO: Extracting primitive: Cube.113
12:04:12 | INFO: Primitives created: 1
12:04:12 | INFO: Extracting primitive: Cube.114
12:04:12 | INFO: Primitives created: 1
12:04:12 | INFO: Extracting primitive: Cube.115
12:04:12 | INFO: Primitives created: 1
12:04:12 | INFO: Extracting primitive: Cube.116
12:04:12 | INFO: Primitives created: 1
12:04:12 | INFO: Extracting primitive: Cube.117
12:04:12 | INFO: Primitives created: 1
12:04:12 | INFO: Extracting primitive: Cube.118
12:04:12 | INFO: Primitives created: 1
12:04:12 | INFO: Extracting primitive: Cube.119
12:04:12 | INFO: Primitives created: 1
12:04:12 | INFO: Extracting primitive: Cube.120
12:04:12 | INFO: Primitives created: 1
12:04:12 | INFO: Extracting primitive: Cube.121
12:04:12 | INFO: Primitives created: 1
12:04:12 | INFO: Extracting primitive: Cube.122
12:04:12 | INFO: Primitives created: 1
12:04:12 | INFO: Extracting primitive: Cube.123
12:04:12 | INFO: Primitives created: 1
12:04:12 | INFO: Extracting primitive: Cube.124
12:04:12 | INFO: Primitives created: 1
12:04:12 | INFO: Extracting primitive: Cube.125
12:04:12 | INFO: Primitives created: 1
12:04:12 | INFO: Extracting primitive: Cube.126
12:04:12 | INFO: Primitives created: 1
12:04:12 | INFO: Extracting primitive: Cube.127
12:04:12 | INFO: Primitives created: 1
12:04:12 | INFO: Extracting primitive: Cube.128
12:04:12 | INFO: Primitives created: 1
12:04:12 | INFO: Extracting primitive: Cube.129
12:04:12 | INFO: Primitives created: 1
12:04:12 | INFO: Extracting primitive: Cube.130
12:04:12 | INFO: Primitives created: 1
12:04:12 | INFO: Extracting primitive: Cube.131
12:04:12 | INFO: Primitives created: 1
12:04:12 | INFO: Extracting primitive: Cube.132
12:04:12 | INFO: Primitives created: 1
12:04:12 | INFO: Extracting primitive: Cube.133
12:04:12 | INFO: Primitives created: 1
12:04:12 | INFO: Extracting primitive: Cube.134
12:04:12 | INFO: Primitives created: 1
12:04:12 | INFO: Extracting primitive: Cube.135
12:04:12 | INFO: Primitives created: 1
12:04:12 | INFO: Extracting primitive: Cube.136
12:04:12 | INFO: Primitives created: 1
12:04:12 | INFO: Extracting primitive: Cube.137
12:04:12 | INFO: Primitives created: 1
12:04:12 | INFO: Extracting primitive: Cube.138
12:04:12 | INFO: Primitives created: 1
12:04:12 | INFO: Extracting primitive: Cube.139
12:04:12 | INFO: Primitives created: 1
12:04:12 | INFO: Extracting primitive: Cube.140
12:04:12 | INFO: Primitives created: 1
12:04:12 | INFO: Extracting primitive: Cube.141
12:04:12 | INFO: Primitives created: 1
12:04:12 | INFO: Extracting primitive: Cube.142
12:04:12 | INFO: Primitives created: 1
12:04:12 | INFO: Extracting primitive: Cube.143
12:04:12 | INFO: Primitives created: 1
12:04:12 | INFO: Extracting primitive: Cube.144
12:04:12 | INFO: Primitives created: 1
12:04:12 | INFO: Extracting primitive: Cube.193
12:04:12 | INFO: Primitives created: 1
12:04:12 | INFO: Extracting primitive: Cube.194
12:04:12 | INFO: Primitives created: 1
12:04:12 | INFO: Extracting primitive: Cube.195
12:04:12 | INFO: Primitives created: 1
12:04:12 | INFO: Extracting primitive: Cube.196
12:04:12 | INFO: Primitives created: 1
12:04:12 | INFO: Extracting primitive: Cube.197
12:04:12 | INFO: Primitives created: 1
12:04:12 | INFO: Extracting primitive: Cube.198
12:04:12 | INFO: Primitives created: 1
12:04:12 | INFO: Extracting primitive: Cube.199
12:04:12 | INFO: Primitives created: 1
12:04:12 | INFO: Extracting primitive: Cube.200
12:04:12 | INFO: Primitives created: 1
12:04:12 | INFO: Extracting primitive: COL_stone_walk.005
12:04:12 | INFO: Primitives created: 1
12:04:12 | INFO: Extracting primitive: COL_stone_walk.008
12:04:12 | INFO: Primitives created: 1
12:04:12 | INFO: Extracting primitive: COL_stone_walk.009
12:04:12 | INFO: Primitives created: 1
12:04:12 | INFO: Extracting primitive: COL_stone_walk.010
12:04:12 | INFO: Primitives created: 1
12:04:12 | INFO: Extracting primitive: COL_stone_walk.011
12:04:12 | INFO: Primitives created: 1
12:04:12 | INFO: Extracting primitive: COL_stone_walk.012
12:04:12 | INFO: Primitives created: 1
12:04:12 | INFO: Extracting primitive: COL_study_approach.002
12:04:12 | INFO: Primitives created: 1
12:04:12 | INFO: Extracting primitive: COL_study_desk_centre.002
12:04:12 | INFO: Primitives created: 1
12:04:12 | INFO: Extracting primitive: COL_study_desk_left.002
12:04:12 | INFO: Primitives created: 1
12:04:12 | INFO: Extracting primitive: COL_study_desk_right.002
12:04:12 | INFO: Primitives created: 1
12:04:12 | INFO: Extracting primitive: COL_study_front_walk.002
12:04:12 | INFO: Primitives created: 1
12:04:12 | INFO: Extracting primitive: COL_study_front_wall.002
12:04:12 | INFO: Primitives created: 1
12:04:12 | INFO: Extracting primitive: COL_study_post.001
12:04:12 | INFO: Primitives created: 1
12:04:12 | INFO: Extracting primitive: COL_study_post.002
12:04:12 | INFO: Primitives created: 1
12:04:12 | INFO: Extracting primitive: COL_study_post.003
12:04:12 | INFO: Primitives created: 1
12:04:12 | INFO: Extracting primitive: COL_study_post.008
12:04:12 | INFO: Primitives created: 1
12:04:12 | INFO: Extracting primitive: Cube.151
12:04:12 | INFO: Primitives created: 1
12:04:12 | INFO: Extracting primitive: Cube.152
12:04:12 | INFO: Primitives created: 1
12:04:12 | INFO: Extracting primitive: Cube.153
12:04:12 | INFO: Primitives created: 1
12:04:12 | INFO: Extracting primitive: Cube.154
12:04:12 | INFO: Primitives created: 1
12:04:12 | INFO: Extracting primitive: Cube.155
12:04:12 | INFO: Primitives created: 1
12:04:12 | INFO: Extracting primitive: Cube.156
12:04:12 | INFO: Primitives created: 1
12:04:12 | INFO: Extracting primitive: Cube.157
12:04:12 | INFO: Primitives created: 1
12:04:12 | INFO: Extracting primitive: Cube.158
12:04:12 | INFO: Primitives created: 1
12:04:12 | INFO: Extracting primitive: Cube.159
12:04:12 | INFO: Primitives created: 1
12:04:12 | INFO: Extracting primitive: Cube.160
12:04:12 | INFO: Primitives created: 1
12:04:12 | INFO: Extracting primitive: Cube.161
12:04:12 | INFO: Primitives created: 1
12:04:12 | INFO: Extracting primitive: Cube.162
12:04:12 | INFO: Primitives created: 1
12:04:12 | INFO: Extracting primitive: Cube.163
12:04:12 | INFO: Primitives created: 1
12:04:12 | INFO: Extracting primitive: Cube.164
12:04:12 | INFO: Primitives created: 1
12:04:12 | INFO: Extracting primitive: Cube.165
12:04:12 | INFO: Primitives created: 1
12:04:12 | INFO: Extracting primitive: Cube.166
12:04:12 | INFO: Primitives created: 1
12:04:12 | INFO: Extracting primitive: Cube.167
12:04:12 | INFO: Primitives created: 1
12:04:12 | INFO: Extracting primitive: Cube.168
12:04:12 | INFO: Primitives created: 1
12:04:12 | INFO: Extracting primitive: Cube.169
12:04:12 | INFO: Primitives created: 1
12:04:12 | INFO: Extracting primitive: Cube.170
12:04:12 | INFO: Primitives created: 1
12:04:12 | INFO: Extracting primitive: Cube.171
12:04:12 | INFO: Primitives created: 1
12:04:12 | INFO: Extracting primitive: Cube.172
12:04:12 | INFO: Primitives created: 1
12:04:12 | INFO: Extracting primitive: Cube.173
12:04:12 | INFO: Primitives created: 1
12:04:12 | INFO: Extracting primitive: Cube.174
12:04:12 | INFO: Primitives created: 1
12:04:12 | INFO: Extracting primitive: Cube.175
12:04:12 | INFO: Primitives created: 1
12:04:12 | INFO: Extracting primitive: Cube.176
12:04:12 | INFO: Primitives created: 1
12:04:12 | INFO: Extracting primitive: Cube.177
12:04:12 | INFO: Primitives created: 1
12:04:12 | INFO: Extracting primitive: Cube.178
12:04:12 | INFO: Primitives created: 1
12:04:12 | INFO: Extracting primitive: Cube.179
12:04:12 | INFO: Primitives created: 1
12:04:12 | INFO: Extracting primitive: Cube.180
12:04:12 | INFO: Primitives created: 1
12:04:12 | INFO: Extracting primitive: Cube.201
12:04:12 | INFO: Primitives created: 1
12:04:12 | INFO: Extracting primitive: Cube.202
12:04:12 | INFO: Primitives created: 1
12:04:12 | INFO: Extracting primitive: Cube.203
12:04:12 | INFO: Primitives created: 1
12:04:12 | INFO: Extracting primitive: Cube.181
12:04:12 | INFO: Primitives created: 1
12:04:12 | INFO: Extracting primitive: Cube.182
12:04:12 | INFO: Primitives created: 1
12:04:12 | INFO: Extracting primitive: Cube.183
12:04:12 | INFO: Primitives created: 1
12:04:12 | INFO: Extracting primitive: Cube.184
12:04:12 | INFO: Primitives created: 1
12:04:12 | INFO: Extracting primitive: Cube.185
12:04:12 | INFO: Primitives created: 1
12:04:12 | INFO: Extracting primitive: Cube.186
12:04:12 | INFO: Primitives created: 1
12:04:12 | INFO: Extracting primitive: Cube.187
12:04:12 | INFO: Primitives created: 1
12:04:12 | INFO: Extracting primitive: Cube.188
12:04:12 | INFO: Primitives created: 1
12:04:12 | INFO: Extracting primitive: Cube.189
12:04:12 | INFO: Primitives created: 1
12:04:12 | INFO: Extracting primitive: Cube.190
12:04:12 | INFO: Primitives created: 1
12:04:12 | INFO: Extracting primitive: Cube.191
12:04:12 | INFO: Primitives created: 1
12:04:12 | INFO: Extracting primitive: Cube.192
12:04:12 | INFO: Primitives created: 1
12:04:12 | INFO: Extracting primitive: COL_tubi-tang_floor.001
12:04:12 | INFO: Primitives created: 1
12:04:12 | INFO: Extracting primitive: COL_tubi_approach.001
12:04:12 | INFO: Primitives created: 1
12:04:12 | INFO: Extracting primitive: COL_tubi_approach.002
12:04:12 | INFO: Primitives created: 1
12:04:12 | INFO: Extracting primitive: COL_tubi_approach.007
12:04:12 | INFO: Primitives created: 1
12:04:12 | INFO: Extracting primitive: COL_tubi_approach.008
12:04:12 | INFO: Primitives created: 1
12:04:12 | INFO: Extracting primitive: COL_tubi_closed_hall.002
12:04:12 | INFO: Primitives created: 1
12:04:12 | INFO: Extracting primitive: COL_tubi_hall_post.001
12:04:12 | INFO: Primitives created: 1
12:04:12 | INFO: Extracting primitive: COL_tubi_hall_post.002
12:04:12 | INFO: Primitives created: 1
12:04:12 | INFO: Extracting primitive: COL_tubi_hall_post.006
12:04:12 | INFO: Primitives created: 1
12:04:12 | INFO: Extracting primitive: COL_tubi_parapet.001
12:04:12 | INFO: Primitives created: 1
12:04:12 | INFO: Extracting primitive: COL_tubi_parapet.002
12:04:12 | INFO: Primitives created: 1
12:04:12 | INFO: Extracting primitive: COL_tubi_parapet.003
12:04:12 | INFO: Primitives created: 1
12:04:12 | INFO: Extracting primitive: COL_tubi_parapet.008
12:04:12 | INFO: Primitives created: 1
12:04:12 | INFO: Extracting primitive: COL_tubi_stair_guard.001
12:04:12 | INFO: Primitives created: 1
12:04:12 | INFO: Extracting primitive: COL_tubi_stair_guard.004
12:04:12 | INFO: Primitives created: 1
12:04:12 | INFO: Extracting primitive: COL_tubi_stair_ramp.002
12:04:12 | INFO: Primitives created: 1
12:04:12 | INFO: Extracting primitive: COL_tubi_terrace.002
12:04:12 | INFO: Primitives created: 1
12:04:12 | INFO: Extracting primitive: COL_tubi_topic_table.002
12:04:12 | INFO: Primitives created: 1
12:04:12 | INFO: Extracting primitive: COL_tubi_view_bench_left.001
12:04:12 | INFO: Primitives created: 1
12:04:12 | INFO: Extracting primitive: COL_tubi_view_bench_right.001
12:04:12 | INFO: Primitives created: 1
12:04:12 | INFO: Extracting primitive: COL_water_bridge_side.001
12:04:12 | INFO: Primitives created: 1
12:04:12 | INFO: Extracting primitive: COL_water_bridge_side.004
12:04:12 | INFO: Primitives created: 1
12:04:12 | INFO: Extracting primitive: COL_water_bridge_deck.002
12:04:12 | INFO: Primitives created: 1
12:04:12 | INFO: Extracting primitive: COL_xiaoxiang_bamboo_bed.004
12:04:12 | INFO: Primitives created: 1
12:04:12 | INFO: Extracting primitive: COL_xiaoxiang_bamboo_bed.005
12:04:12 | INFO: Primitives created: 1
12:04:12 | INFO: Extracting primitive: COL_xiaoxiang_bamboo_bed.006
12:04:12 | INFO: Primitives created: 1
12:04:12 | INFO: Extracting primitive: COL_xiaoxiang_bamboo_bed.007
12:04:12 | INFO: Primitives created: 1
12:04:12 | INFO: Extracting primitive: COL_xiaoxiang_closed_front.001
12:04:12 | INFO: Primitives created: 1
12:04:12 | INFO: Extracting primitive: COL_xiaoxiang_floor.001
12:04:12 | INFO: Primitives created: 1
12:04:12 | INFO: Extracting primitive: COL_xiaoxiang_return.002
12:04:12 | INFO: Primitives created: 1
12:04:12 | INFO: Extracting primitive: COL_xiaoxiang_return.003
12:04:12 | INFO: Primitives created: 1
12:04:12 | INFO: Extracting primitive: COL_xiaoxiang_threshold.001
12:04:12 | INFO: Primitives created: 1
12:04:12 | INFO: Extracting primitive: COL_yihong_closed_front.002
12:04:12 | INFO: Primitives created: 1
12:04:12 | INFO: Extracting primitive: COL_yihong_court_side.001
12:04:12 | INFO: Primitives created: 1
12:04:12 | INFO: Extracting primitive: COL_yihong_court_side.004
12:04:12 | INFO: Primitives created: 1
12:04:12 | INFO: Extracting primitive: COL_yihong_floor.002
12:04:12 | INFO: Primitives created: 1
12:04:12 | INFO: Extracting primitive: COL_yihong_planter.001
12:04:12 | INFO: Primitives created: 1
12:04:12 | INFO: Extracting primitive: COL_yihong_planter.004
12:04:12 | INFO: Primitives created: 1
12:04:12 | INFO: Extracting primitive: COL_yihong_side_return.001
12:04:12 | INFO: Primitives created: 1
12:04:12 | INFO: Extracting primitive: COL_yihong_side_return.004
12:04:12 | INFO: Primitives created: 1
12:04:12 | INFO: Extracting primitive: COL_yihong_threshold.002
12:04:12 | INFO: Primitives created: 1
12:04:12 | INFO: Extracting primitive: COL_ziling_landing.001
12:04:12 | INFO: Primitives created: 1
12:04:12 | INFO: Extracting primitive: HERO_aojing-guan_title.002
12:04:12 | WARNING: More than one shader node tex image used for a texture. The resulting glTF sampler will behave like the first shader node tex image.
12:04:12 | INFO: Primitives created: 1
12:04:12 | INFO: Extracting primitive: HERO_daguan_title.001
12:04:12 | WARNING: More than one shader node tex image used for a texture. The resulting glTF sampler will behave like the first shader node tex image.
12:04:12 | INFO: Primitives created: 1
12:04:12 | INFO: Extracting primitive: HERO_daoxiang-cun_title.002
12:04:12 | WARNING: More than one shader node tex image used for a texture. The resulting glTF sampler will behave like the first shader node tex image.
12:04:12 | INFO: Primitives created: 1
12:04:12 | INFO: Extracting primitive: KIT_flora_plum_render.001
12:04:12 | WARNING: More than one shader node tex image used for a texture. The resulting glTF sampler will behave like the first shader node tex image.
12:04:12 | INFO: Primitives created: 1
12:04:12 | INFO: Extracting primitive: KIT_flora_plum_render.002
12:04:12 | INFO: Primitives created: 1
12:04:12 | INFO: Extracting primitive: KIT_flora_bamboo_large_render.001
12:04:12 | INFO: Primitives created: 1
12:04:12 | INFO: Extracting primitive: KIT_flora_bamboo_large_render.002
12:04:12 | INFO: Primitives created: 1
12:04:12 | INFO: Extracting primitive: KIT_flora_bamboo_small_render.001
12:04:12 | INFO: Primitives created: 1
12:04:12 | INFO: Extracting primitive: KIT_flora_willow_render.001
12:04:12 | INFO: Primitives created: 1
12:04:12 | INFO: Extracting primitive: KIT_flora_willow_render.002
12:04:12 | INFO: Primitives created: 1
12:04:12 | INFO: Extracting primitive: KIT_flora_bamboo_large_render.003
12:04:12 | INFO: Primitives created: 1
12:04:12 | INFO: Extracting primitive: KIT_flora_bamboo_medium_render.001
12:04:12 | INFO: Primitives created: 1
12:04:12 | INFO: Extracting primitive: KIT_flora_bamboo_small_render.002
12:04:12 | INFO: Primitives created: 1
12:04:12 | INFO: Extracting primitive: KIT_flora_bamboo_large_render.004
12:04:12 | INFO: Primitives created: 1
12:04:12 | INFO: Extracting primitive: KIT_flora_banana_render.001
12:04:12 | INFO: Primitives created: 1
12:04:12 | INFO: Extracting primitive: KIT_flora_banana_render.002
12:04:12 | INFO: Primitives created: 1
12:04:12 | INFO: Extracting primitive: KIT_flora_reed_render.001
12:04:12 | INFO: Primitives created: 1
12:04:12 | INFO: Extracting primitive: KIT_flora_reed_render.002
12:04:12 | INFO: Primitives created: 1
12:04:12 | INFO: Extracting primitive: KIT_flora_reed_render.003
12:04:12 | INFO: Primitives created: 1
12:04:12 | INFO: Extracting primitive: KIT_flora_reed_render.004
12:04:12 | INFO: Primitives created: 1
12:04:12 | INFO: Extracting primitive: KIT_flora_reed_render.005
12:04:12 | INFO: Primitives created: 1
12:04:12 | INFO: Extracting primitive: KIT_flora_reed_render.006
12:04:12 | INFO: Primitives created: 1
12:04:12 | INFO: Extracting primitive: KIT_flora_reed_render.007
12:04:12 | INFO: Primitives created: 1
12:04:12 | INFO: Extracting primitive: KIT_flora_reed_render.008
12:04:12 | INFO: Primitives created: 1
12:04:12 | INFO: Extracting primitive: KIT_flora_reed_render.009
12:04:12 | INFO: Primitives created: 1
12:04:12 | INFO: Extracting primitive: KIT_flora_reed_render.010
12:04:12 | INFO: Primitives created: 1
12:04:12 | INFO: Extracting primitive: HERO_gate_inscription.001
12:04:12 | WARNING: More than one shader node tex image used for a texture. The resulting glTF sampler will behave like the first shader node tex image.
12:04:12 | INFO: Primitives created: 1
12:04:12 | INFO: Extracting primitive: HERO_gate_water_drips.001
12:04:12 | WARNING: More than one shader node tex image used for a texture. The resulting glTF sampler will behave like the first shader node tex image.
12:04:12 | INFO: Primitives created: 1
12:04:12 | INFO: Extracting primitive: HERO_hengwu-yuan_title.002
12:04:12 | WARNING: More than one shader node tex image used for a texture. The resulting glTF sampler will behave like the first shader node tex image.
12:04:12 | INFO: Primitives created: 1
12:04:12 | INFO: Extracting primitive: HERO_longcui-an_title.002
12:04:12 | WARNING: More than one shader node tex image used for a texture. The resulting glTF sampler will behave like the first shader node tex image.
12:04:12 | INFO: Primitives created: 1
12:04:12 | INFO: Extracting primitive: HERO_qinfang-ting_title.002
12:04:12 | WARNING: More than one shader node tex image used for a texture. The resulting glTF sampler will behave like the first shader node tex image.
12:04:12 | INFO: Primitives created: 1
12:04:12 | INFO: Extracting primitive: HERO_qinfang_bridge.001
12:04:12 | INFO: Primitives created: 1
12:04:12 | INFO: Extracting primitive: HERO_study_scroll_bamboo.002
12:04:12 | INFO: Primitives created: 1
12:04:12 | INFO: Extracting primitive: HERO_study_scroll_plum.002
12:04:12 | INFO: Primitives created: 1
12:04:12 | INFO: Extracting primitive: HERO_study_title.002
12:04:12 | WARNING: More than one shader node tex image used for a texture. The resulting glTF sampler will behave like the first shader node tex image.
12:04:12 | INFO: Primitives created: 1
12:04:12 | INFO: Extracting primitive: HERO_table_hexagram.001
12:04:12 | INFO: Primitives created: 1
12:04:12 | INFO: Extracting primitive: line_piece.005
12:04:12 | WARNING: More than one shader node tex image used for a texture. The resulting glTF sampler will behave like the first shader node tex image.
12:04:12 | INFO: Primitives created: 1
12:04:12 | INFO: Extracting primitive: line_piece.002
12:04:12 | INFO: Primitives created: 1
12:04:12 | INFO: Extracting primitive: line_piece.011
12:04:12 | INFO: Primitives created: 1
12:04:12 | INFO: Extracting primitive: line_piece.008
12:04:12 | INFO: Primitives created: 1
12:04:12 | INFO: Extracting primitive: line_piece.017
12:04:12 | INFO: Primitives created: 1
12:04:12 | INFO: Extracting primitive: line_piece.014
12:04:12 | INFO: Primitives created: 1
12:04:12 | INFO: Extracting primitive: line_piece.019
12:04:12 | INFO: Primitives created: 1
12:04:12 | INFO: Extracting primitive: line_piece.018
12:04:12 | INFO: Primitives created: 1
12:04:12 | INFO: Extracting primitive: line_piece.021
12:04:12 | INFO: Primitives created: 1
12:04:12 | INFO: Extracting primitive: line_piece.020
12:04:12 | INFO: Primitives created: 1
12:04:12 | INFO: Extracting primitive: line_piece.023
12:04:12 | INFO: Primitives created: 1
12:04:12 | INFO: Extracting primitive: line_piece.022
12:04:12 | INFO: Primitives created: 1
12:04:12 | INFO: Extracting primitive: HERO_table_pedestal.001
12:04:12 | INFO: Primitives created: 1
12:04:12 | INFO: Extracting primitive: HERO_tubi_title.002
12:04:12 | WARNING: More than one shader node tex image used for a texture. The resulting glTF sampler will behave like the first shader node tex image.
12:04:12 | INFO: Primitives created: 1
12:04:12 | INFO: Extracting primitive: HERO_xiaoxiang-guan_title.002
12:04:12 | WARNING: More than one shader node tex image used for a texture. The resulting glTF sampler will behave like the first shader node tex image.
12:04:12 | INFO: Primitives created: 1
12:04:12 | INFO: Extracting primitive: HERO_yihong-yuan_title.002
12:04:12 | WARNING: More than one shader node tex image used for a texture. The resulting glTF sampler will behave like the first shader node tex image.
12:04:12 | INFO: Primitives created: 1
12:04:12 | INFO: Extracting primitive: AOJING_pond.002
12:04:12 | INFO: Primitives created: 1
12:04:12 | INFO: Extracting primitive: AOJING_backstage.002
12:04:12 | INFO: Primitives created: 1
12:04:12 | INFO: Extracting primitive: AOJING_amber_window.002
12:04:12 | INFO: Primitives created: 1
12:04:12 | INFO: Extracting primitive: AOJING_window_lattice.001
12:04:12 | INFO: Primitives created: 1
12:04:12 | INFO: Extracting primitive: AOJING_dry_ledge.002
12:04:12 | INFO: Primitives created: 1
12:04:12 | INFO: Extracting primitive: AOJING_roof.002
12:04:12 | INFO: Primitives created: 1
12:04:12 | INFO: Extracting primitive: AOJING_closed_front.002
12:04:12 | INFO: Primitives created: 1
12:04:12 | INFO: Extracting primitive: DAGUAN_backstage.001
12:04:12 | INFO: Primitives created: 1
12:04:12 | INFO: Extracting primitive: DAGUAN_door_stud.180
12:04:12 | INFO: Primitives created: 1
12:04:12 | INFO: Extracting primitive: DAGUAN_amber_transom.002
12:04:12 | INFO: Primitives created: 1
12:04:12 | INFO: Extracting primitive: DAGUAN_closed_door.010
12:04:12 | INFO: Primitives created: 1
12:04:12 | INFO: Extracting primitive: DAGUAN_recessed_panel.020
12:04:12 | INFO: Primitives created: 1
12:04:12 | INFO: Extracting primitive: DAGUAN_column.006
12:04:12 | INFO: Primitives created: 1
12:04:12 | INFO: Extracting primitive: DAGUAN_platform.001
12:04:12 | INFO: Primitives created: 1
12:04:12 | INFO: Extracting primitive: DAGUAN_lower_roof.001
12:04:12 | INFO: Primitives created: 1
12:04:12 | INFO: Extracting primitive: DAGUAN_front.001
12:04:12 | INFO: Primitives created: 1
12:04:12 | INFO: Extracting primitive: DAOXIANG_backstage.001
12:04:12 | INFO: Primitives created: 1
12:04:12 | INFO: Extracting primitive: DAOXIANG_door_latch.001
12:04:12 | INFO: Primitives created: 1
12:04:12 | INFO: Extracting primitive: DAOXIANG_warm_sliver.001
12:04:12 | INFO: Primitives created: 1
12:04:12 | INFO: Extracting primitive: DAOXIANG_closed_door.001
12:04:12 | INFO: Primitives created: 1
12:04:12 | INFO: Extracting primitive: DAOXIANG_paddy_painting.001
12:04:12 | INFO: Primitives created: 1
12:04:12 | INFO: Extracting primitive: DAOXIANG_court.001
12:04:12 | INFO: Primitives created: 1
12:04:12 | INFO: Extracting primitive: DAOXIANG_thatch_mass.001
12:04:12 | INFO: Primitives created: 1
12:04:12 | INFO: Extracting primitive: DAOXIANG_front.001
12:04:12 | INFO: Primitives created: 1
12:04:12 | INFO: Extracting primitive: SITE_hengwu-yuan_backstage.001
12:04:12 | INFO: Primitives created: 1
12:04:12 | INFO: Extracting primitive: KIT_pavilion_finial.011
12:04:12 | INFO: Primitives created: 1
12:04:12 | INFO: Extracting primitive: KIT_wall_amber_window.006
12:04:12 | INFO: Primitives created: 1
12:04:12 | INFO: Extracting primitive: HENGWU_herb_leaf.001
12:04:12 | INFO: Primitives created: 1
12:04:12 | INFO: Extracting primitive: KIT_wall_lattice_vertical.105
12:04:12 | INFO: Primitives created: 1
12:04:12 | INFO: Extracting primitive: SITE_hengwu-yuan_platform.001
12:04:12 | INFO: Primitives created: 1
12:04:12 | INFO: Extracting primitive: KIT_props_lantern_hanging_render.015
12:04:12 | WARNING: More than one shader node tex image used for a texture. The resulting glTF sampler will behave like the first shader node tex image.
12:04:12 | INFO: Primitives created: 1
12:04:12 | INFO: Extracting primitive: KIT_pavilion_roof.011
12:04:12 | INFO: Primitives created: 1
12:04:12 | INFO: Extracting primitive: KIT_wall_bay.001
12:04:12 | WARNING: More than one shader node tex image used for a texture. The resulting glTF sampler will behave like the first shader node tex image.
12:04:12 | INFO: Primitives created: 1
12:04:12 | INFO: Extracting primitive: SITE_hengwu-yuan_front.001
12:04:12 | INFO: Primitives created: 1
12:04:12 | INFO: Extracting primitive: LONGCUI_backstage.001
12:04:12 | INFO: Primitives created: 1
12:04:12 | INFO: Extracting primitive: LONGCUI_gate_pull.002
12:04:12 | INFO: Primitives created: 1
12:04:12 | INFO: Extracting primitive: LONGCUI_closed_gate.002
12:04:12 | INFO: Primitives created: 1
12:04:12 | INFO: Extracting primitive: LONGCUI_paving.001
12:04:12 | INFO: Primitives created: 1
12:04:12 | INFO: Extracting primitive: KIT_props_lantern_hanging_render.016
12:04:12 | INFO: Primitives created: 1
12:04:12 | INFO: Extracting primitive: LONGCUI_wall_cap.001
12:04:12 | INFO: Primitives created: 1
12:04:12 | INFO: Extracting primitive: LONGCUI_closed_front.001
12:04:12 | INFO: Primitives created: 1
12:04:12 | INFO: Extracting primitive: KIT_props_tea_cup.006
12:04:12 | INFO: Primitives created: 1
12:04:12 | INFO: Extracting primitive: KIT_water_lotus_leaf.007
12:04:12 | INFO: Primitives created: 1
12:04:12 | INFO: Extracting primitive: SITE_ouxiang_deck.001
12:04:12 | INFO: Primitives created: 1
12:04:12 | INFO: Extracting primitive: KIT_pavilion_water_pier.004
12:04:12 | INFO: Primitives created: 1
12:04:12 | INFO: Extracting primitive: KIT_props_lantern_hanging_render.013
12:04:12 | INFO: Primitives created: 1
12:04:12 | INFO: Extracting primitive: KIT_pavilion_water_hipped_roof.001
12:04:12 | INFO: Primitives created: 1
12:04:12 | INFO: Extracting primitive: KIT_water_lotus.021
12:04:12 | INFO: Primitives created: 1
12:04:12 | INFO: Extracting primitive: KIT_corridor_rail.008
12:04:12 | INFO: Primitives created: 1
12:04:12 | INFO: Extracting primitive: KIT_pavilion_roof_shell.001
12:04:12 | INFO: Primitives created: 1
12:04:12 | INFO: Extracting primitive: KIT_pavilion_plinth.001
12:04:12 | INFO: Primitives created: 1
12:04:12 | INFO: Extracting primitive: KIT_props_lantern_hanging_render.001
12:04:12 | INFO: Primitives created: 1
12:04:12 | INFO: Extracting primitive: KIT_water_stream.001
12:04:12 | INFO: Primitives created: 1
12:04:12 | INFO: Extracting primitive: SITE_qiushuang-zhai_backstage.001
12:04:12 | INFO: Primitives created: 1
12:04:12 | INFO: Extracting primitive: KIT_pavilion_finial.005
12:04:12 | INFO: Primitives created: 1
12:04:12 | INFO: Extracting primitive: KIT_wall_lattice_vertical.042
12:04:12 | INFO: Primitives created: 1
12:04:12 | INFO: Extracting primitive: SITE_qiushuang-zhai_platform.001
12:04:12 | INFO: Primitives created: 1
12:04:12 | INFO: Extracting primitive: KIT_props_lantern_hanging_render.010
12:04:12 | INFO: Primitives created: 1
12:04:12 | INFO: Extracting primitive: KIT_pavilion_roof.005
12:04:12 | INFO: Primitives created: 1
12:04:12 | INFO: Extracting primitive: KIT_tech_terminal_desk_render.007
12:04:12 | WARNING: More than one shader node tex image used for a texture. The resulting glTF sampler will behave like the first shader node tex image.
12:04:12 | INFO: Primitives created: 1
12:04:12 | INFO: Extracting primitive: SITE_qiushuang-zhai_front.001
12:04:12 | INFO: Primitives created: 1
12:04:12 | INFO: Extracting primitive: GATE_banana_pseudostem.001
12:04:12 | INFO: Primitives created: 1
12:04:12 | INFO: Extracting primitive: GATE_banana_soil.001
12:04:12 | INFO: Primitives created: 1
12:04:12 | INFO: Extracting primitive: KIT_rockery_passage.001
12:04:12 | INFO: Primitives created: 1
12:04:12 | INFO: Extracting primitive: GATE_paving.002
12:04:12 | INFO: Primitives created: 1
12:04:12 | INFO: Extracting primitive: KIT_props_lantern_hanging_render.008
12:04:12 | INFO: Primitives created: 1
12:04:12 | INFO: Extracting primitive: KIT_stage_fog_plane_render.017
12:04:12 | INFO: Primitives created: 1
12:04:12 | INFO: Extracting primitive: KIT_stage_floor.001
12:04:12 | INFO: Primitives created: 1
12:04:12 | INFO: Extracting primitive: AOJING_approach_guard.001
12:04:12 | INFO: Primitives created: 1
12:04:12 | INFO: Extracting primitive: KIT_stage_painted_moon.001
12:04:12 | INFO: Primitives created: 1
12:04:12 | INFO: Extracting primitive: KIT_stage_painted_mountain_layer.003
12:04:12 | INFO: Primitives created: 1
12:04:12 | INFO: Extracting primitive: KIT_stage_painted_mountain_layer.004
12:04:12 | INFO: Primitives created: 1
12:04:12 | INFO: Extracting primitive: KIT_stage_painted_mountain_layer.005
12:04:12 | INFO: Primitives created: 1
12:04:12 | INFO: Extracting primitive: KIT_water_stone_walk.005
12:04:12 | INFO: Primitives created: 1
12:04:12 | INFO: Extracting primitive: Painted coved ceiling candidate.001
12:04:12 | INFO: Primitives created: 1
12:04:12 | INFO: Extracting primitive: KIT_stage_painted_canvas.002
12:04:12 | INFO: Primitives created: 1
12:04:12 | INFO: Extracting primitive: Eight painted cyclorama arcs.001
12:04:12 | WARNING: More than one shader node tex image used for a texture. The resulting glTF sampler will behave like the first shader node tex image.
12:04:12 | INFO: Primitives created: 2
12:04:12 | INFO: Extracting primitive: KIT_stage_fog_plane_render.002
12:04:12 | INFO: Primitives created: 1
12:04:12 | INFO: Extracting primitive: KIT_tech_cell_side.012
12:04:12 | INFO: Primitives created: 1
12:04:12 | INFO: Extracting primitive: KIT_wall_window_bar.030
12:04:12 | INFO: Primitives created: 1
12:04:12 | INFO: Extracting primitive: KIT_stage_entry_walk.002
12:04:12 | INFO: Primitives created: 1
12:04:12 | INFO: Extracting primitive: KIT_props_folding_chair_render.001
12:04:12 | INFO: Primitives created: 1
12:04:12 | INFO: Extracting primitive: KIT_stage_floor_boards_render.002
12:04:12 | INFO: Primitives created: 1
12:04:12 | INFO: Extracting primitive: KIT_stage_gel_frame_render.002
12:04:12 | INFO: Primitives created: 2
12:04:12 | INFO: Extracting primitive: KIT_stage_studio_wall_render.002
12:04:12 | INFO: Primitives created: 1
12:04:12 | INFO: Extracting primitive: KIT_stage_fog_plane_render.020
12:04:12 | INFO: Primitives created: 1
12:04:12 | INFO: Extracting primitive: KIT_tech_terminal_desk_render.001
12:04:12 | INFO: Primitives created: 1
12:04:12 | INFO: Extracting primitive: KIT_props_scroll_render.001
12:04:12 | WARNING: More than one shader node tex image used for a texture. The resulting glTF sampler will behave like the first shader node tex image.
12:04:12 | INFO: Primitives created: 1
12:04:12 | INFO: Extracting primitive: SITE_tubi-tang_backstage.001
12:04:12 | INFO: Primitives created: 1
12:04:12 | INFO: Extracting primitive: KIT_pavilion_finial.007
12:04:12 | INFO: Primitives created: 1
12:04:12 | INFO: Extracting primitive: KIT_wall_amber_window.003
12:04:12 | INFO: Primitives created: 1
12:04:12 | INFO: Extracting primitive: TUBI_topic_line.001
12:04:12 | INFO: Primitives created: 1
12:04:12 | INFO: Extracting primitive: KIT_wall_lattice_vertical.063
12:04:12 | INFO: Primitives created: 1
12:04:12 | INFO: Extracting primitive: SITE_tubi-tang_platform.001
12:04:12 | INFO: Primitives created: 1
12:04:12 | INFO: Extracting primitive: KIT_props_lantern_hanging_render.012
12:04:12 | INFO: Primitives created: 1
12:04:12 | INFO: Extracting primitive: KIT_pavilion_roof.007
12:04:12 | INFO: Primitives created: 1
12:04:12 | INFO: Extracting primitive: TUBI_terrace.002
12:04:12 | INFO: Primitives created: 1
12:04:12 | INFO: Extracting primitive: SITE_tubi-tang_front.001
12:04:12 | INFO: Primitives created: 1
12:04:12 | INFO: Extracting primitive: XIAOXIANG_black_back.001
12:04:12 | INFO: Primitives created: 1
12:04:12 | INFO: Extracting primitive: XIAOXIANG_gate_pull.002
12:04:12 | INFO: Primitives created: 1
12:04:12 | INFO: Extracting primitive: XIAOXIANG_amber_window.001
12:04:12 | INFO: Primitives created: 1
12:04:12 | INFO: Extracting primitive: XIAOXIANG_gate_leaf.002
12:04:12 | INFO: Primitives created: 1
12:04:12 | INFO: Extracting primitive: XIAOXIANG_paving.001
12:04:12 | INFO: Primitives created: 1
12:04:12 | INFO: Extracting primitive: XIAOXIANG_wall_cap.001
12:04:12 | INFO: Primitives created: 1
12:04:12 | INFO: Extracting primitive: XIAOXIANG_closed_front.001
12:04:12 | INFO: Primitives created: 1
12:04:12 | INFO: Extracting primitive: YIHONG_backstage.002
12:04:12 | INFO: Primitives created: 1
12:04:12 | INFO: Extracting primitive: YIHONG_door_rail.001
12:04:12 | INFO: Primitives created: 1
12:04:12 | INFO: Extracting primitive: YIHONG_amber_window.002
12:04:12 | INFO: Primitives created: 1
12:04:12 | INFO: Extracting primitive: YIHONG_door_panel.001
12:04:12 | INFO: Primitives created: 1
12:04:12 | INFO: Extracting primitive: YIHONG_paving.002
12:04:12 | INFO: Primitives created: 1
12:04:12 | INFO: Extracting primitive: YIHONG_court_cap.001
12:04:12 | INFO: Primitives created: 1
12:04:12 | INFO: Extracting primitive: YIHONG_closed_front.002
12:04:12 | INFO: Primitives created: 1
12:04:12 | INFO: Extracting primitive: KIT_water_lotus_leaf.011
12:04:12 | INFO: Primitives created: 1
12:04:12 | INFO: Extracting primitive: KIT_water_plank.002
12:04:12 | INFO: Primitives created: 1
12:04:12 | INFO: Extracting primitive: SITE_ziling_island.001
12:04:12 | INFO: Primitives created: 1
12:04:13 | INFO: Finished glTF 2.0 export in 0.6382741928100586 s

{"engine": "Godot", "sites": {"stage": {"objects": 100, "triangles": 11188, "render_meshes": 11, "colliders": 87, "triggers": 0}, "qinfang-ting": {"objects": 145, "triangles": 41324, "render_meshes": 27, "colliders": 103, "triggers": 7}, "rockery-gate": {"objects": 27, "triangles": 15324, "render_meshes": 8, "colliders": 10, "triggers": 3}, "terminal-cells": {"objects": 113, "triangles": 37996, "render_meshes": 10, "colliders": 77, "triggers": 18}, "qiushuang-zhai": {"objects": 36, "triangles": 21754, "render_meshes": 11, "colliders": 13, "triggers": 5}, "tubi-tang": {"objects": 37, "triangles": 11340, "render_meshes": 11, "colliders": 16, "triggers": 5}, "daguan-lou": {"objects": 29, "triangles": 23666, "render_meshes": 10, "colliders": 13, "triggers": 3}, "ouxiang-xie": {"objects": 28, "triangles": 15450, "render_meshes": 6, "colliders": 13, "triggers": 4}, "hengwu-yuan": {"objects": 43, "triangles": 20386, "render_meshes": 11, "colliders": 23, "triggers": 4}, "yihong-yuan": {"objects": 28, "triangles": 2294, "render_meshes": 10, "colliders": 9, "triggers": 4}, "xiaoxiang-guan": {"objects": 30, "triangles": 7478, "render_meshes": 12, "colliders": 9, "triggers": 4}, "longcui-an": {"objects": 27, "triangles": 4638, "render_meshes": 10, "colliders": 8, "triggers": 4}, "aojing-guan": {"objects": 24, "triangles": 2788, "render_meshes": 8, "colliders": 7, "triggers": 3}, "daoxiang-cun": {"objects": 27, "triangles": 10862, "render_meshes": 9, "colliders": 8, "triggers": 4}, "ziling-zhou": {"objects": 23, "triangles": 7064, "render_meshes": 13, "colliders": 4, "triggers": 3}}, "warnings": ["Reference assets, not yet profiled on mobile.", "Lightmap bake remains unfinished; engine import evidence is recorded separately in godot/import-validation.json."], "total_triangles": 233552, "total_render_meshes": 167}
BlenderMCP addon unregistered
Blender 5.2.2 LTS (hash d13f752e3b9c built 2026-09-15 01:49:19)

Blender quit
