00:00.349  blend            | Read blend: "/var/folders/gf/s_g2zvzj3jxbylz3ylbc7k4c0000gn/T/garden-normal-tile-chart-candidate-h31_ah95/blender/authoring.blend"
BlenderMCP addon registered
INFO Draco is available, use library at /Applications/Blender.app/Contents/Resources/5.2/scripts/addons_core/io_scene_gltf2/libbf_intern_draco_bridge.dylib
INFO MeshOptimizer is available, use library at /Applications/Blender.app/Contents/Resources/5.2/scripts/addons_core/io_scene_gltf2/libbf_intern_meshopt_bridge.dylib
16:04:33 | INFO: Starting glTF 2.0 export
16:04:33 | INFO: Extracting primitive: COL_aojing_approach.001
16:04:33 | INFO: Primitives created: 1
16:04:33 | INFO: Extracting primitive: COL_aojing_approach.004
16:04:33 | INFO: Primitives created: 1
16:04:33 | INFO: Extracting primitive: COL_aojing_approach_guard.001
16:04:33 | INFO: Primitives created: 1
16:04:33 | INFO: Extracting primitive: COL_aojing_approach_guard.004
16:04:33 | INFO: Primitives created: 1
16:04:33 | INFO: Extracting primitive: COL_aojing_approach_ramp.002
16:04:33 | INFO: Primitives created: 1
16:04:33 | INFO: Extracting primitive: COL_daoxiang_approach.002
16:04:33 | INFO: Primitives created: 1
16:04:33 | INFO: Extracting primitive: COL_daoxiang_approach.003
16:04:33 | INFO: Primitives created: 1
16:04:33 | INFO: Extracting primitive: COL_hengwu_approach.002
16:04:33 | INFO: Primitives created: 1
16:04:33 | INFO: Extracting primitive: COL_hengwu_approach.003
16:04:33 | INFO: Primitives created: 1
16:04:33 | INFO: Extracting primitive: COL_longcui_approach.003
16:04:33 | INFO: Primitives created: 1
16:04:33 | INFO: Extracting primitive: COL_longcui_approach.004
16:04:33 | INFO: Primitives created: 1
16:04:33 | INFO: Extracting primitive: COL_longcui_approach.005
16:04:33 | INFO: Primitives created: 1
16:04:33 | INFO: Extracting primitive: Cube.009
16:04:33 | INFO: Primitives created: 1
16:04:33 | INFO: Extracting primitive: Cube.011
16:04:33 | INFO: Primitives created: 1
16:04:33 | INFO: Extracting primitive: Cube.012
16:04:33 | INFO: Primitives created: 1
16:04:33 | INFO: Extracting primitive: Cube.013
16:04:33 | INFO: Primitives created: 1
16:04:33 | INFO: Extracting primitive: Cube.019
16:04:33 | INFO: Primitives created: 1
16:04:33 | INFO: Extracting primitive: Cube.020
16:04:33 | INFO: Primitives created: 1
16:04:33 | INFO: Extracting primitive: Cube.023
16:04:33 | INFO: Primitives created: 1
16:04:33 | INFO: Extracting primitive: Cube.024
16:04:33 | INFO: Primitives created: 1
16:04:33 | INFO: Extracting primitive: Cube.048
16:04:33 | INFO: Primitives created: 1
16:04:33 | INFO: Extracting primitive: Cube.050
16:04:33 | INFO: Primitives created: 1
16:04:33 | INFO: Extracting primitive: Cube.052
16:04:33 | INFO: Primitives created: 1
16:04:33 | INFO: Extracting primitive: Cube.092
16:04:33 | INFO: Primitives created: 1
16:04:33 | INFO: Extracting primitive: Cube.093
16:04:33 | INFO: Primitives created: 1
16:04:33 | INFO: Extracting primitive: Cube.094
16:04:33 | INFO: Primitives created: 1
16:04:33 | INFO: Extracting primitive: Cube.095
16:04:33 | INFO: Primitives created: 1
16:04:33 | INFO: Extracting primitive: Cube.096
16:04:33 | INFO: Primitives created: 1
16:04:33 | INFO: Extracting primitive: Cube.097
16:04:33 | INFO: Primitives created: 1
16:04:33 | INFO: Extracting primitive: Cube.098
16:04:33 | INFO: Primitives created: 1
16:04:33 | INFO: Extracting primitive: Cube.099
16:04:33 | INFO: Primitives created: 1
16:04:33 | INFO: Extracting primitive: Cube.100
16:04:33 | INFO: Primitives created: 1
16:04:33 | INFO: Extracting primitive: Cube.101
16:04:33 | INFO: Primitives created: 1
16:04:33 | INFO: Extracting primitive: Cube.102
16:04:33 | INFO: Primitives created: 1
16:04:33 | INFO: Extracting primitive: Cube.103
16:04:33 | INFO: Primitives created: 1
16:04:33 | INFO: Extracting primitive: Cube.104
16:04:33 | INFO: Primitives created: 1
16:04:33 | INFO: Extracting primitive: Cube.105
16:04:33 | INFO: Primitives created: 1
16:04:33 | INFO: Extracting primitive: Cube.106
16:04:33 | INFO: Primitives created: 1
16:04:33 | INFO: Extracting primitive: Cube.107
16:04:33 | INFO: Primitives created: 1
16:04:33 | INFO: Extracting primitive: Cube.108
16:04:33 | INFO: Primitives created: 1
16:04:33 | INFO: Extracting primitive: Cube.109
16:04:33 | INFO: Primitives created: 1
16:04:33 | INFO: Extracting primitive: Cube.110
16:04:33 | INFO: Primitives created: 1
16:04:33 | INFO: Extracting primitive: Cube.111
16:04:33 | INFO: Primitives created: 1
16:04:33 | INFO: Extracting primitive: Cube.112
16:04:33 | INFO: Primitives created: 1
16:04:33 | INFO: Extracting primitive: Cube.113
16:04:33 | INFO: Primitives created: 1
16:04:33 | INFO: Extracting primitive: Cube.114
16:04:33 | INFO: Primitives created: 1
16:04:33 | INFO: Extracting primitive: Cube.115
16:04:33 | INFO: Primitives created: 1
16:04:33 | INFO: Extracting primitive: Cube.116
16:04:33 | INFO: Primitives created: 1
16:04:33 | INFO: Extracting primitive: Cube.117
16:04:33 | INFO: Primitives created: 1
16:04:33 | INFO: Extracting primitive: Cube.118
16:04:33 | INFO: Primitives created: 1
16:04:33 | INFO: Extracting primitive: Cube.119
16:04:33 | INFO: Primitives created: 1
16:04:33 | INFO: Extracting primitive: Cube.120
16:04:33 | INFO: Primitives created: 1
16:04:33 | INFO: Extracting primitive: Cube.121
16:04:33 | INFO: Primitives created: 1
16:04:33 | INFO: Extracting primitive: Cube.122
16:04:33 | INFO: Primitives created: 1
16:04:33 | INFO: Extracting primitive: Cube.123
16:04:33 | INFO: Primitives created: 1
16:04:33 | INFO: Extracting primitive: Cube.124
16:04:33 | INFO: Primitives created: 1
16:04:33 | INFO: Extracting primitive: Cube.125
16:04:33 | INFO: Primitives created: 1
16:04:33 | INFO: Extracting primitive: Cube.126
16:04:33 | INFO: Primitives created: 1
16:04:33 | INFO: Extracting primitive: Cube.127
16:04:33 | INFO: Primitives created: 1
16:04:33 | INFO: Extracting primitive: Cube.128
16:04:33 | INFO: Primitives created: 1
16:04:33 | INFO: Extracting primitive: Cube.129
16:04:33 | INFO: Primitives created: 1
16:04:33 | INFO: Extracting primitive: Cube.130
16:04:33 | INFO: Primitives created: 1
16:04:33 | INFO: Extracting primitive: Cube.131
16:04:33 | INFO: Primitives created: 1
16:04:33 | INFO: Extracting primitive: Cube.132
16:04:33 | INFO: Primitives created: 1
16:04:33 | INFO: Extracting primitive: Cube.133
16:04:33 | INFO: Primitives created: 1
16:04:33 | INFO: Extracting primitive: Cube.134
16:04:33 | INFO: Primitives created: 1
16:04:33 | INFO: Extracting primitive: Cube.135
16:04:33 | INFO: Primitives created: 1
16:04:33 | INFO: Extracting primitive: Cube.136
16:04:33 | INFO: Primitives created: 1
16:04:33 | INFO: Extracting primitive: Cube.137
16:04:33 | INFO: Primitives created: 1
16:04:33 | INFO: Extracting primitive: Cube.138
16:04:33 | INFO: Primitives created: 1
16:04:33 | INFO: Extracting primitive: Cube.139
16:04:33 | INFO: Primitives created: 1
16:04:33 | INFO: Extracting primitive: Cube.140
16:04:33 | INFO: Primitives created: 1
16:04:33 | INFO: Extracting primitive: Cube.141
16:04:33 | INFO: Primitives created: 1
16:04:33 | INFO: Extracting primitive: Cube.142
16:04:33 | INFO: Primitives created: 1
16:04:33 | INFO: Extracting primitive: Cube.143
16:04:33 | INFO: Primitives created: 1
16:04:33 | INFO: Extracting primitive: Cube.144
16:04:33 | INFO: Primitives created: 1
16:04:33 | INFO: Extracting primitive: COL_stone_walk.005
16:04:33 | INFO: Primitives created: 1
16:04:33 | INFO: Extracting primitive: COL_stone_walk.008
16:04:33 | INFO: Primitives created: 1
16:04:33 | INFO: Extracting primitive: COL_stone_walk.009
16:04:33 | INFO: Primitives created: 1
16:04:33 | INFO: Extracting primitive: COL_stone_walk.010
16:04:33 | INFO: Primitives created: 1
16:04:33 | INFO: Extracting primitive: COL_stone_walk.011
16:04:33 | INFO: Primitives created: 1
16:04:33 | INFO: Extracting primitive: COL_stone_walk.012
16:04:33 | INFO: Primitives created: 1
16:04:33 | INFO: Extracting primitive: COL_study_approach.002
16:04:33 | INFO: Primitives created: 1
16:04:33 | INFO: Extracting primitive: COL_tubi_approach.001
16:04:33 | INFO: Primitives created: 1
16:04:33 | INFO: Extracting primitive: COL_tubi_approach.002
16:04:33 | INFO: Primitives created: 1
16:04:33 | INFO: Extracting primitive: COL_tubi_approach.007
16:04:33 | INFO: Primitives created: 1
16:04:33 | INFO: Extracting primitive: COL_tubi_approach.008
16:04:33 | INFO: Primitives created: 1
16:04:33 | INFO: Extracting primitive: KIT_stage_floor.001
16:04:33 | INFO: Primitives created: 1
16:04:33 | INFO: Extracting primitive: AOJING_approach_guard.001
16:04:33 | INFO: Primitives created: 1
16:04:33 | INFO: Extracting primitive: KIT_stage_painted_moon.001
16:04:33 | INFO: Primitives created: 1
16:04:33 | INFO: Extracting primitive: KIT_stage_painted_mountain_layer.003
16:04:33 | INFO: Primitives created: 1
16:04:33 | INFO: Extracting primitive: KIT_stage_painted_mountain_layer.004
16:04:33 | INFO: Primitives created: 1
16:04:33 | INFO: Extracting primitive: KIT_stage_painted_mountain_layer.005
16:04:33 | INFO: Primitives created: 1
16:04:33 | INFO: Extracting primitive: KIT_water_stone_walk.005
16:04:33 | INFO: Primitives created: 1
16:04:33 | INFO: Extracting primitive: Painted coved ceiling candidate.001
16:04:33 | INFO: Primitives created: 1
16:04:33 | INFO: Extracting primitive: KIT_stage_painted_canvas.002
16:04:33 | INFO: Primitives created: 1
16:04:33 | INFO: Extracting primitive: Eight painted cyclorama arcs.001
16:04:33 | WARNING: More than one shader node tex image used for a texture. The resulting glTF sampler will behave like the first shader node tex image.
16:04:33 | INFO: Primitives created: 2
16:04:33 | INFO: Extracting primitive: KIT_stage_fog_plane_render.002
16:04:33 | INFO: Primitives created: 1
16:04:33 | INFO: Finished glTF 2.0 export in 0.1789839267730713 s

16:04:37 | INFO: Starting glTF 2.0 export
16:04:37 | INFO: Extracting primitive: Cube.147
16:04:37 | INFO: Primitives created: 1
16:04:37 | INFO: Extracting primitive: Cube.148
16:04:37 | INFO: Primitives created: 1
16:04:37 | INFO: Extracting primitive: Cube.149
16:04:37 | INFO: Primitives created: 1
16:04:37 | INFO: Extracting primitive: Cube.150
16:04:37 | INFO: Primitives created: 1
16:04:37 | INFO: Extracting primitive: COL_bridge_crosswalk.002
16:04:37 | INFO: Primitives created: 1
16:04:37 | INFO: Extracting primitive: COL_bridge_crosswalk.003
16:04:37 | INFO: Primitives created: 1
16:04:37 | INFO: Extracting primitive: COL_floor_joint_pavilion_east_joint.001
16:04:37 | INFO: Primitives created: 1
16:04:37 | INFO: Extracting primitive: COL_floor_joint_pavilion_west_joint.001
16:04:37 | INFO: Primitives created: 1
16:04:37 | INFO: Extracting primitive: Cube.146
16:04:37 | INFO: Primitives created: 1
16:04:37 | INFO: Extracting primitive: Cube.145
16:04:37 | INFO: Primitives created: 1
16:04:37 | INFO: Extracting primitive: COL_corridor_floor.009
16:04:37 | INFO: Primitives created: 1
16:04:37 | INFO: Extracting primitive: COL_corridor_side.015
16:04:37 | INFO: Primitives created: 1
16:04:37 | INFO: Extracting primitive: COL_corridor_side.016
16:04:37 | INFO: Primitives created: 1
16:04:37 | INFO: Extracting primitive: COL_corridor_post.016
16:04:37 | INFO: Primitives created: 1
16:04:37 | INFO: Extracting primitive: COL_corridor_post.017
16:04:37 | INFO: Primitives created: 1
16:04:37 | INFO: Extracting primitive: COL_corridor_floor.010
16:04:37 | INFO: Primitives created: 1
16:04:37 | INFO: Extracting primitive: COL_corridor_side.017
16:04:37 | INFO: Primitives created: 1
16:04:37 | INFO: Extracting primitive: COL_corridor_side.018
16:04:37 | INFO: Primitives created: 1
16:04:37 | INFO: Extracting primitive: COL_corridor_post.018
16:04:37 | INFO: Primitives created: 1
16:04:37 | INFO: Extracting primitive: COL_corridor_post.019
16:04:37 | INFO: Primitives created: 1
16:04:37 | INFO: Extracting primitive: COL_corridor_floor.011
16:04:37 | INFO: Primitives created: 1
16:04:37 | INFO: Extracting primitive: COL_corridor_side.019
16:04:37 | INFO: Primitives created: 1
16:04:37 | INFO: Extracting primitive: COL_corridor_side.020
16:04:37 | INFO: Primitives created: 1
16:04:37 | INFO: Extracting primitive: COL_corridor_post.020
16:04:37 | INFO: Primitives created: 1
16:04:37 | INFO: Extracting primitive: COL_corridor_post.021
16:04:37 | INFO: Primitives created: 1
16:04:37 | INFO: Extracting primitive: COL_corridor_floor.012
16:04:37 | INFO: Primitives created: 1
16:04:37 | INFO: Extracting primitive: COL_corridor_side.021
16:04:37 | INFO: Primitives created: 1
16:04:37 | INFO: Extracting primitive: COL_corridor_side.022
16:04:37 | INFO: Primitives created: 1
16:04:37 | INFO: Extracting primitive: COL_corridor_post.022
16:04:37 | INFO: Primitives created: 1
16:04:37 | INFO: Extracting primitive: COL_corridor_post.023
16:04:37 | INFO: Primitives created: 1
16:04:37 | INFO: Extracting primitive: COL_corridor_floor.001
16:04:37 | INFO: Primitives created: 1
16:04:37 | INFO: Extracting primitive: COL_corridor_side.001
16:04:37 | INFO: Primitives created: 1
16:04:37 | INFO: Extracting primitive: COL_corridor_side.002
16:04:37 | INFO: Primitives created: 1
16:04:37 | INFO: Extracting primitive: COL_corridor_post.001
16:04:37 | INFO: Primitives created: 1
16:04:37 | INFO: Extracting primitive: COL_corridor_post.002
16:04:37 | INFO: Primitives created: 1
16:04:37 | INFO: Extracting primitive: COL_corridor_floor.002
16:04:37 | INFO: Primitives created: 1
16:04:37 | INFO: Extracting primitive: COL_corridor_side.003
16:04:37 | INFO: Primitives created: 1
16:04:37 | INFO: Extracting primitive: COL_corridor_side.004
16:04:37 | INFO: Primitives created: 1
16:04:37 | INFO: Extracting primitive: COL_corridor_post.003
16:04:37 | INFO: Primitives created: 1
16:04:37 | INFO: Extracting primitive: COL_corridor_post.004
16:04:37 | INFO: Primitives created: 1
16:04:37 | INFO: Extracting primitive: COL_corridor_floor.003
16:04:37 | INFO: Primitives created: 1
16:04:37 | INFO: Extracting primitive: COL_corridor_side.005
16:04:37 | INFO: Primitives created: 1
16:04:37 | INFO: Extracting primitive: COL_corridor_side.006
16:04:37 | INFO: Primitives created: 1
16:04:37 | INFO: Extracting primitive: COL_corridor_post.005
16:04:37 | INFO: Primitives created: 1
16:04:37 | INFO: Extracting primitive: COL_corridor_post.006
16:04:37 | INFO: Primitives created: 1
16:04:37 | INFO: Extracting primitive: COL_corridor_floor.004
16:04:37 | INFO: Primitives created: 1
16:04:37 | INFO: Extracting primitive: COL_corridor_side.007
16:04:37 | INFO: Primitives created: 1
16:04:37 | INFO: Extracting primitive: COL_corridor_side.008
16:04:37 | INFO: Primitives created: 1
16:04:37 | INFO: Extracting primitive: COL_corridor_post.007
16:04:37 | INFO: Primitives created: 1
16:04:37 | INFO: Extracting primitive: COL_corridor_post.008
16:04:37 | INFO: Primitives created: 1
16:04:37 | INFO: Extracting primitive: COL_corridor_floor.005
16:04:37 | INFO: Primitives created: 1
16:04:37 | INFO: Extracting primitive: COL_corridor_side.009
16:04:37 | INFO: Primitives created: 1
16:04:37 | INFO: Extracting primitive: COL_corridor_side.010
16:04:37 | INFO: Primitives created: 1
16:04:37 | INFO: Extracting primitive: COL_corridor_post.009
16:04:37 | INFO: Primitives created: 1
16:04:37 | INFO: Extracting primitive: COL_corridor_post.010
16:04:37 | INFO: Primitives created: 1
16:04:37 | INFO: Extracting primitive: COL_corridor_floor.006
16:04:37 | INFO: Primitives created: 1
16:04:37 | INFO: Extracting primitive: COL_corridor_side.011
16:04:37 | INFO: Primitives created: 1
16:04:37 | INFO: Extracting primitive: COL_corridor_post.011
16:04:37 | INFO: Primitives created: 1
16:04:37 | INFO: Extracting primitive: COL_corridor_post.012
16:04:37 | INFO: Primitives created: 1
16:04:37 | INFO: Extracting primitive: COL_corridor_floor.007
16:04:37 | INFO: Primitives created: 1
16:04:37 | INFO: Extracting primitive: COL_corridor_side.012
16:04:37 | INFO: Primitives created: 1
16:04:37 | INFO: Extracting primitive: COL_corridor_post.013
16:04:37 | INFO: Primitives created: 1
16:04:37 | INFO: Extracting primitive: COL_corridor_floor.008
16:04:37 | INFO: Primitives created: 1
16:04:37 | INFO: Extracting primitive: COL_corridor_side.013
16:04:37 | INFO: Primitives created: 1
16:04:37 | INFO: Extracting primitive: COL_corridor_side.014
16:04:37 | INFO: Primitives created: 1
16:04:37 | INFO: Extracting primitive: COL_corridor_post.014
16:04:37 | INFO: Primitives created: 1
16:04:37 | INFO: Extracting primitive: COL_corridor_post.015
16:04:37 | INFO: Primitives created: 1
16:04:37 | INFO: Extracting primitive: COL_corridor_floor.013
16:04:37 | INFO: Primitives created: 1
16:04:37 | INFO: Extracting primitive: COL_corridor_side.023
16:04:37 | INFO: Primitives created: 1
16:04:37 | INFO: Extracting primitive: COL_corridor_side.024
16:04:37 | INFO: Primitives created: 1
16:04:37 | INFO: Extracting primitive: COL_corridor_post.024
16:04:37 | INFO: Primitives created: 1
16:04:37 | INFO: Extracting primitive: COL_corridor_post.025
16:04:37 | INFO: Primitives created: 1
16:04:37 | INFO: Extracting primitive: COL_corridor_floor.014
16:04:37 | INFO: Primitives created: 1
16:04:37 | INFO: Extracting primitive: COL_corridor_side.025
16:04:37 | INFO: Primitives created: 1
16:04:37 | INFO: Extracting primitive: COL_corridor_side.026
16:04:37 | INFO: Primitives created: 1
16:04:37 | INFO: Extracting primitive: COL_corridor_post.026
16:04:37 | INFO: Primitives created: 1
16:04:37 | INFO: Extracting primitive: COL_corridor_post.027
16:04:37 | INFO: Primitives created: 1
16:04:37 | INFO: Extracting primitive: COL_corridor_floor.015
16:04:37 | INFO: Primitives created: 1
16:04:37 | INFO: Extracting primitive: COL_corridor_side.027
16:04:37 | INFO: Primitives created: 1
16:04:37 | INFO: Extracting primitive: COL_corridor_side.028
16:04:37 | INFO: Primitives created: 1
16:04:37 | INFO: Extracting primitive: COL_corridor_post.028
16:04:37 | INFO: Primitives created: 1
16:04:37 | INFO: Extracting primitive: COL_corridor_post.029
16:04:37 | INFO: Primitives created: 1
16:04:37 | INFO: Extracting primitive: COL_corridor_floor.016
16:04:37 | INFO: Primitives created: 1
16:04:37 | INFO: Extracting primitive: COL_corridor_side.029
16:04:37 | INFO: Primitives created: 1
16:04:37 | INFO: Extracting primitive: COL_corridor_side.030
16:04:37 | INFO: Primitives created: 1
16:04:37 | INFO: Extracting primitive: COL_corridor_post.030
16:04:37 | INFO: Primitives created: 1
16:04:37 | INFO: Extracting primitive: COL_corridor_post.031
16:04:37 | INFO: Primitives created: 1
16:04:37 | INFO: Extracting primitive: COL_qinfang_deck.001
16:04:37 | INFO: Primitives created: 1
16:04:37 | INFO: Extracting primitive: COL_pavilion_bench.001
16:04:37 | INFO: Primitives created: 1
16:04:37 | INFO: Extracting primitive: COL_pavilion_bench.002
16:04:37 | INFO: Primitives created: 1
16:04:37 | INFO: Extracting primitive: COL_pavilion_bracket.001
16:04:37 | INFO: Primitives created: 1
16:04:37 | INFO: Extracting primitive: COL_pavilion_bracket.002
16:04:37 | INFO: Primitives created: 1
16:04:37 | INFO: Extracting primitive: COL_pavilion_bracket.003
16:04:37 | INFO: Primitives created: 1
16:04:37 | INFO: Extracting primitive: COL_pavilion_bracket.004
16:04:37 | INFO: Primitives created: 1
16:04:37 | INFO: Extracting primitive: COL_pavilion_bracket.005
16:04:37 | INFO: Primitives created: 1
16:04:37 | INFO: Extracting primitive: COL_pavilion_bracket.006
16:04:37 | INFO: Primitives created: 1
16:04:37 | INFO: Extracting primitive: COL_pavilion_post.001
16:04:37 | INFO: Primitives created: 1
16:04:37 | INFO: Extracting primitive: COL_pavilion_post.002
16:04:37 | INFO: Primitives created: 1
16:04:37 | INFO: Extracting primitive: COL_pavilion_post.003
16:04:37 | INFO: Primitives created: 1
16:04:37 | INFO: Extracting primitive: COL_pavilion_post.004
16:04:37 | INFO: Primitives created: 1
16:04:37 | INFO: Extracting primitive: COL_pavilion_post.005
16:04:37 | INFO: Primitives created: 1
16:04:37 | INFO: Extracting primitive: COL_pavilion_post.006
16:04:37 | INFO: Primitives created: 1
16:04:37 | INFO: Extracting primitive: COL_pavilion_roof.001
16:04:37 | INFO: Primitives created: 1
16:04:37 | INFO: Extracting primitive: KIT_flora_bamboo_large_render.001
16:04:37 | WARNING: More than one shader node tex image used for a texture. The resulting glTF sampler will behave like the first shader node tex image.
16:04:37 | INFO: Primitives created: 1
16:04:37 | INFO: Extracting primitive: KIT_flora_bamboo_large_render.002
16:04:37 | INFO: Primitives created: 1
16:04:37 | INFO: Extracting primitive: KIT_flora_bamboo_small_render.001
16:04:37 | INFO: Primitives created: 1
16:04:37 | INFO: Extracting primitive: KIT_flora_willow_render.001
16:04:37 | INFO: Primitives created: 1
16:04:37 | INFO: Extracting primitive: KIT_flora_willow_render.002
16:04:37 | INFO: Primitives created: 1
16:04:37 | INFO: Extracting primitive: HERO_qinfang-ting_title.002
16:04:37 | WARNING: More than one shader node tex image used for a texture. The resulting glTF sampler will behave like the first shader node tex image.
16:04:37 | INFO: Primitives created: 1
16:04:37 | INFO: Extracting primitive: HERO_qinfang_bridge.001
16:04:37 | INFO: Primitives created: 1
16:04:37 | INFO: Extracting primitive: HERO_table_hexagram.001
16:04:37 | INFO: Primitives created: 1
16:04:37 | INFO: Extracting primitive: line_piece.005
16:04:37 | WARNING: More than one shader node tex image used for a texture. The resulting glTF sampler will behave like the first shader node tex image.
16:04:37 | INFO: Primitives created: 1
16:04:37 | INFO: Extracting primitive: line_piece.002
16:04:37 | INFO: Primitives created: 1
16:04:37 | INFO: Extracting primitive: line_piece.011
16:04:37 | INFO: Primitives created: 1
16:04:37 | INFO: Extracting primitive: line_piece.008
16:04:37 | INFO: Primitives created: 1
16:04:37 | INFO: Extracting primitive: line_piece.017
16:04:37 | INFO: Primitives created: 1
16:04:37 | INFO: Extracting primitive: line_piece.014
16:04:37 | INFO: Primitives created: 1
16:04:37 | INFO: Extracting primitive: line_piece.019
16:04:37 | INFO: Primitives created: 1
16:04:37 | INFO: Extracting primitive: line_piece.018
16:04:37 | INFO: Primitives created: 1
16:04:37 | INFO: Extracting primitive: line_piece.021
16:04:37 | INFO: Primitives created: 1
16:04:37 | INFO: Extracting primitive: line_piece.020
16:04:37 | INFO: Primitives created: 1
16:04:37 | INFO: Extracting primitive: line_piece.023
16:04:37 | INFO: Primitives created: 1
16:04:37 | INFO: Extracting primitive: line_piece.022
16:04:37 | INFO: Primitives created: 1
16:04:37 | INFO: Extracting primitive: HERO_table_pedestal.001
16:04:37 | INFO: Primitives created: 1
16:04:37 | INFO: Extracting primitive: KIT_water_lotus.021
16:04:37 | INFO: Primitives created: 1
16:04:37 | INFO: Extracting primitive: KIT_corridor_rail.008
16:04:37 | INFO: Primitives created: 1
16:04:37 | INFO: Extracting primitive: KIT_pavilion_roof_shell.001
16:04:37 | INFO: Primitives created: 1
16:04:37 | INFO: Extracting primitive: KIT_pavilion_plinth.001
16:04:37 | INFO: Primitives created: 1
16:04:37 | INFO: Extracting primitive: KIT_props_lantern_hanging_render.001
16:04:37 | WARNING: More than one shader node tex image used for a texture. The resulting glTF sampler will behave like the first shader node tex image.
16:04:37 | INFO: Primitives created: 1
16:04:37 | INFO: Extracting primitive: KIT_water_stream.001
16:04:37 | INFO: Primitives created: 1
16:04:37 | INFO: Finished glTF 2.0 export in 0.2355670928955078 s

16:04:38 | INFO: Starting glTF 2.0 export
16:04:38 | INFO: Extracting primitive: COL_GATE_banana_planter.001
16:04:38 | INFO: Primitives created: 1
16:04:38 | INFO: Extracting primitive: KIT_rockery_passage.022
16:04:38 | INFO: Primitives created: 1
16:04:38 | INFO: Extracting primitive: KIT_rockery_passage.024
16:04:38 | INFO: Primitives created: 1
16:04:38 | INFO: Extracting primitive: KIT_rockery_cliff.006
16:04:38 | INFO: Primitives created: 1
16:04:38 | INFO: Extracting primitive: KIT_rockery_cliff.008
16:04:38 | INFO: Primitives created: 1
16:04:38 | INFO: Extracting primitive: KIT_rockery_passage.004
16:04:38 | INFO: Primitives created: 1
16:04:38 | INFO: Extracting primitive: KIT_rockery_passage.016
16:04:38 | INFO: Primitives created: 1
16:04:38 | INFO: Extracting primitive: KIT_rockery_passage.018
16:04:38 | INFO: Primitives created: 1
16:04:38 | INFO: Extracting primitive: KIT_rockery_passage.020
16:04:38 | INFO: Primitives created: 1
16:04:38 | INFO: Extracting primitive: GATE_paving.003
16:04:38 | INFO: Primitives created: 1
16:04:38 | INFO: Extracting primitive: HERO_gate_inscription.001
16:04:38 | WARNING: More than one shader node tex image used for a texture. The resulting glTF sampler will behave like the first shader node tex image.
16:04:38 | INFO: Primitives created: 1
16:04:38 | INFO: Extracting primitive: HERO_gate_water_drips.001
16:04:38 | WARNING: More than one shader node tex image used for a texture. The resulting glTF sampler will behave like the first shader node tex image.
16:04:38 | INFO: Primitives created: 1
16:04:38 | INFO: Extracting primitive: GATE_banana_pseudostem.001
16:04:38 | INFO: Primitives created: 1
16:04:38 | INFO: Extracting primitive: GATE_banana_soil.001
16:04:38 | INFO: Primitives created: 1
16:04:38 | INFO: Extracting primitive: KIT_rockery_passage.001
16:04:38 | WARNING: More than one shader node tex image used for a texture. The resulting glTF sampler will behave like the first shader node tex image.
16:04:38 | INFO: Primitives created: 1
16:04:38 | INFO: Extracting primitive: GATE_paving.002
16:04:38 | INFO: Primitives created: 1
16:04:38 | INFO: Extracting primitive: KIT_props_lantern_hanging_render.008
16:04:38 | WARNING: More than one shader node tex image used for a texture. The resulting glTF sampler will behave like the first shader node tex image.
16:04:38 | INFO: Primitives created: 1
16:04:38 | INFO: Extracting primitive: KIT_stage_fog_plane_render.017
16:04:38 | INFO: Primitives created: 1
16:04:38 | INFO: Finished glTF 2.0 export in 0.07208895683288574 s

16:04:38 | INFO: Starting glTF 2.0 export
16:04:38 | INFO: Extracting primitive: COL_cell_floor.006
16:04:38 | INFO: Primitives created: 1
16:04:38 | INFO: Extracting primitive: COL_cell_floor.007
16:04:38 | INFO: Primitives created: 1
16:04:38 | INFO: Extracting primitive: COL_cell_floor.008
16:04:38 | INFO: Primitives created: 1
16:04:38 | INFO: Extracting primitive: COL_cell_floor.009
16:04:38 | INFO: Primitives created: 1
16:04:38 | INFO: Extracting primitive: COL_cell_floor.010
16:04:38 | INFO: Primitives created: 1
16:04:38 | INFO: Extracting primitive: COL_cell_floor.011
16:04:38 | INFO: Primitives created: 1
16:04:38 | INFO: Extracting primitive: COL_cell_wall.012
16:04:38 | INFO: Primitives created: 1
16:04:38 | INFO: Extracting primitive: COL_cell_wall.013
16:04:38 | INFO: Primitives created: 1
16:04:38 | INFO: Extracting primitive: COL_cell_wall.014
16:04:38 | INFO: Primitives created: 1
16:04:38 | INFO: Extracting primitive: COL_cell_wall.015
16:04:38 | INFO: Primitives created: 1
16:04:38 | INFO: Extracting primitive: COL_cell_wall.016
16:04:38 | INFO: Primitives created: 1
16:04:38 | INFO: Extracting primitive: COL_cell_wall.017
16:04:38 | INFO: Primitives created: 1
16:04:38 | INFO: Extracting primitive: COL_cell_wall.018
16:04:38 | INFO: Primitives created: 1
16:04:38 | INFO: Extracting primitive: COL_cell_wall.019
16:04:38 | INFO: Primitives created: 1
16:04:38 | INFO: Extracting primitive: COL_cell_wall.020
16:04:38 | INFO: Primitives created: 1
16:04:38 | INFO: Extracting primitive: COL_cell_wall.021
16:04:38 | INFO: Primitives created: 1
16:04:38 | INFO: Extracting primitive: COL_cell_wall.022
16:04:38 | INFO: Primitives created: 1
16:04:38 | INFO: Extracting primitive: COL_cell_wall.023
16:04:38 | INFO: Primitives created: 1
16:04:38 | INFO: Extracting primitive: COL_entry_corridor.001
16:04:38 | INFO: Primitives created: 1
16:04:38 | INFO: Extracting primitive: COL_entry_walk.002
16:04:38 | INFO: Primitives created: 1
16:04:38 | INFO: Extracting primitive: COL_entry_walk.003
16:04:38 | INFO: Primitives created: 1
16:04:38 | INFO: Extracting primitive: COL_floor_joint_cell_threshold_0.001
16:04:38 | INFO: Primitives created: 1
16:04:38 | INFO: Extracting primitive: COL_floor_joint_cell_threshold_1.001
16:04:38 | INFO: Primitives created: 1
16:04:38 | INFO: Extracting primitive: COL_floor_joint_cell_threshold_2.001
16:04:38 | INFO: Primitives created: 1
16:04:38 | INFO: Extracting primitive: COL_floor_joint_cell_threshold_3.001
16:04:38 | INFO: Primitives created: 1
16:04:38 | INFO: Extracting primitive: COL_floor_joint_cell_threshold_4.001
16:04:38 | INFO: Primitives created: 1
16:04:38 | INFO: Extracting primitive: COL_floor_joint_cell_threshold_5.001
16:04:38 | INFO: Primitives created: 1
16:04:38 | INFO: Extracting primitive: Cube.193
16:04:38 | INFO: Primitives created: 1
16:04:38 | INFO: Extracting primitive: Cube.194
16:04:38 | INFO: Primitives created: 1
16:04:38 | INFO: Extracting primitive: Cube.195
16:04:38 | INFO: Primitives created: 1
16:04:38 | INFO: Extracting primitive: Cube.196
16:04:38 | INFO: Primitives created: 1
16:04:38 | INFO: Extracting primitive: Cube.197
16:04:38 | INFO: Primitives created: 1
16:04:38 | INFO: Extracting primitive: Cube.198
16:04:38 | INFO: Primitives created: 1
16:04:38 | INFO: Extracting primitive: Cube.199
16:04:38 | INFO: Primitives created: 1
16:04:38 | INFO: Extracting primitive: Cube.200
16:04:38 | INFO: Primitives created: 1
16:04:38 | INFO: Extracting primitive: Cube.151
16:04:38 | INFO: Primitives created: 1
16:04:38 | INFO: Extracting primitive: Cube.152
16:04:38 | INFO: Primitives created: 1
16:04:38 | INFO: Extracting primitive: Cube.153
16:04:38 | INFO: Primitives created: 1
16:04:38 | INFO: Extracting primitive: Cube.154
16:04:38 | INFO: Primitives created: 1
16:04:38 | INFO: Extracting primitive: Cube.155
16:04:38 | INFO: Primitives created: 1
16:04:38 | INFO: Extracting primitive: Cube.156
16:04:38 | INFO: Primitives created: 1
16:04:38 | INFO: Extracting primitive: Cube.157
16:04:38 | INFO: Primitives created: 1
16:04:38 | INFO: Extracting primitive: Cube.158
16:04:38 | INFO: Primitives created: 1
16:04:38 | INFO: Extracting primitive: Cube.159
16:04:38 | INFO: Primitives created: 1
16:04:38 | INFO: Extracting primitive: Cube.160
16:04:38 | INFO: Primitives created: 1
16:04:38 | INFO: Extracting primitive: Cube.161
16:04:38 | INFO: Primitives created: 1
16:04:38 | INFO: Extracting primitive: Cube.162
16:04:38 | INFO: Primitives created: 1
16:04:38 | INFO: Extracting primitive: Cube.163
16:04:38 | INFO: Primitives created: 1
16:04:38 | INFO: Extracting primitive: Cube.164
16:04:38 | INFO: Primitives created: 1
16:04:38 | INFO: Extracting primitive: Cube.165
16:04:38 | INFO: Primitives created: 1
16:04:38 | INFO: Extracting primitive: Cube.166
16:04:38 | INFO: Primitives created: 1
16:04:38 | INFO: Extracting primitive: Cube.167
16:04:38 | INFO: Primitives created: 1
16:04:38 | INFO: Extracting primitive: Cube.168
16:04:38 | INFO: Primitives created: 1
16:04:38 | INFO: Extracting primitive: Cube.169
16:04:38 | INFO: Primitives created: 1
16:04:38 | INFO: Extracting primitive: Cube.170
16:04:38 | INFO: Primitives created: 1
16:04:38 | INFO: Extracting primitive: Cube.171
16:04:38 | INFO: Primitives created: 1
16:04:38 | INFO: Extracting primitive: Cube.172
16:04:38 | INFO: Primitives created: 1
16:04:38 | INFO: Extracting primitive: Cube.173
16:04:38 | INFO: Primitives created: 1
16:04:38 | INFO: Extracting primitive: Cube.174
16:04:38 | INFO: Primitives created: 1
16:04:38 | INFO: Extracting primitive: Cube.175
16:04:38 | INFO: Primitives created: 1
16:04:38 | INFO: Extracting primitive: Cube.176
16:04:38 | INFO: Primitives created: 1
16:04:38 | INFO: Extracting primitive: Cube.177
16:04:38 | INFO: Primitives created: 1
16:04:38 | INFO: Extracting primitive: Cube.178
16:04:38 | INFO: Primitives created: 1
16:04:38 | INFO: Extracting primitive: Cube.179
16:04:38 | INFO: Primitives created: 1
16:04:38 | INFO: Extracting primitive: Cube.180
16:04:38 | INFO: Primitives created: 1
16:04:38 | INFO: Extracting primitive: Cube.181
16:04:38 | INFO: Primitives created: 1
16:04:38 | INFO: Extracting primitive: Cube.182
16:04:38 | INFO: Primitives created: 1
16:04:38 | INFO: Extracting primitive: Cube.183
16:04:38 | INFO: Primitives created: 1
16:04:38 | INFO: Extracting primitive: Cube.184
16:04:38 | INFO: Primitives created: 1
16:04:38 | INFO: Extracting primitive: Cube.185
16:04:38 | INFO: Primitives created: 1
16:04:38 | INFO: Extracting primitive: Cube.186
16:04:38 | INFO: Primitives created: 1
16:04:38 | INFO: Extracting primitive: Cube.187
16:04:38 | INFO: Primitives created: 1
16:04:38 | INFO: Extracting primitive: Cube.188
16:04:38 | INFO: Primitives created: 1
16:04:38 | INFO: Extracting primitive: Cube.189
16:04:38 | INFO: Primitives created: 1
16:04:38 | INFO: Extracting primitive: Cube.190
16:04:38 | INFO: Primitives created: 1
16:04:38 | INFO: Extracting primitive: Cube.191
16:04:38 | INFO: Primitives created: 1
16:04:38 | INFO: Extracting primitive: Cube.192
16:04:38 | INFO: Primitives created: 1
16:04:38 | INFO: Extracting primitive: KIT_tech_cell_side.012
16:04:38 | INFO: Primitives created: 1
16:04:38 | INFO: Extracting primitive: KIT_wall_window_bar.030
16:04:38 | INFO: Primitives created: 1
16:04:38 | INFO: Extracting primitive: KIT_stage_entry_walk.002
16:04:38 | INFO: Primitives created: 1
16:04:38 | INFO: Extracting primitive: KIT_props_folding_chair_render.001
16:04:38 | WARNING: More than one shader node tex image used for a texture. The resulting glTF sampler will behave like the first shader node tex image.
16:04:38 | INFO: Primitives created: 1
16:04:38 | INFO: Extracting primitive: KIT_stage_floor_boards_render.002
16:04:38 | WARNING: More than one shader node tex image used for a texture. The resulting glTF sampler will behave like the first shader node tex image.
16:04:38 | INFO: Primitives created: 1
16:04:38 | INFO: Extracting primitive: KIT_stage_gel_frame_render.002
16:04:38 | INFO: Primitives created: 2
16:04:38 | INFO: Extracting primitive: KIT_stage_studio_wall_render.002
16:04:38 | INFO: Primitives created: 1
16:04:38 | INFO: Extracting primitive: KIT_stage_fog_plane_render.020
16:04:38 | INFO: Primitives created: 1
16:04:38 | INFO: Extracting primitive: KIT_tech_terminal_desk_render.001
16:04:38 | WARNING: More than one shader node tex image used for a texture. The resulting glTF sampler will behave like the first shader node tex image.
16:04:38 | INFO: Primitives created: 1
16:04:38 | INFO: Extracting primitive: KIT_props_scroll_render.001
16:04:38 | WARNING: More than one shader node tex image used for a texture. The resulting glTF sampler will behave like the first shader node tex image.
16:04:38 | INFO: Primitives created: 1
16:04:39 | INFO: Finished glTF 2.0 export in 0.16089391708374023 s

16:04:40 | INFO: Starting glTF 2.0 export
16:04:40 | INFO: Extracting primitive: COL_qiushuang-zhai_floor.001
16:04:40 | INFO: Primitives created: 1
16:04:40 | INFO: Extracting primitive: COL_study_desk_centre.002
16:04:40 | INFO: Primitives created: 1
16:04:40 | INFO: Extracting primitive: COL_study_desk_left.002
16:04:40 | INFO: Primitives created: 1
16:04:40 | INFO: Extracting primitive: COL_study_desk_right.002
16:04:40 | INFO: Primitives created: 1
16:04:40 | INFO: Extracting primitive: COL_study_front_walk.002
16:04:40 | INFO: Primitives created: 1
16:04:40 | INFO: Extracting primitive: COL_study_front_wall.002
16:04:40 | INFO: Primitives created: 1
16:04:40 | INFO: Extracting primitive: COL_study_post.001
16:04:40 | INFO: Primitives created: 1
16:04:40 | INFO: Extracting primitive: COL_study_post.002
16:04:40 | INFO: Primitives created: 1
16:04:40 | INFO: Extracting primitive: COL_study_post.003
16:04:40 | INFO: Primitives created: 1
16:04:40 | INFO: Extracting primitive: COL_study_post.008
16:04:40 | INFO: Primitives created: 1
16:04:40 | INFO: Extracting primitive: Cube.201
16:04:40 | INFO: Primitives created: 1
16:04:40 | INFO: Extracting primitive: Cube.202
16:04:40 | INFO: Primitives created: 1
16:04:40 | INFO: Extracting primitive: Cube.203
16:04:40 | INFO: Primitives created: 1
16:04:40 | INFO: Extracting primitive: HERO_study_scroll_bamboo.002
16:04:40 | INFO: Primitives created: 1
16:04:40 | INFO: Extracting primitive: HERO_study_scroll_plum.002
16:04:40 | INFO: Primitives created: 1
16:04:40 | INFO: Extracting primitive: HERO_study_title.002
16:04:40 | WARNING: More than one shader node tex image used for a texture. The resulting glTF sampler will behave like the first shader node tex image.
16:04:40 | INFO: Primitives created: 1
16:04:40 | INFO: Extracting primitive: SITE_qiushuang-zhai_backstage.001
16:04:40 | INFO: Primitives created: 1
16:04:40 | INFO: Extracting primitive: KIT_pavilion_finial.005
16:04:40 | INFO: Primitives created: 1
16:04:40 | INFO: Extracting primitive: KIT_wall_lattice_vertical.042
16:04:40 | INFO: Primitives created: 1
16:04:40 | INFO: Extracting primitive: SITE_qiushuang-zhai_platform.001
16:04:40 | INFO: Primitives created: 1
16:04:40 | INFO: Extracting primitive: KIT_props_lantern_hanging_render.010
16:04:40 | WARNING: More than one shader node tex image used for a texture. The resulting glTF sampler will behave like the first shader node tex image.
16:04:40 | INFO: Primitives created: 1
16:04:40 | INFO: Extracting primitive: KIT_pavilion_roof.005
16:04:40 | INFO: Primitives created: 1
16:04:40 | INFO: Extracting primitive: KIT_tech_terminal_desk_render.007
16:04:40 | WARNING: More than one shader node tex image used for a texture. The resulting glTF sampler will behave like the first shader node tex image.
16:04:40 | INFO: Primitives created: 1
16:04:40 | INFO: Extracting primitive: SITE_qiushuang-zhai_front.001
16:04:40 | INFO: Primitives created: 1
16:04:40 | INFO: Finished glTF 2.0 export in 0.049715280532836914 s

16:04:41 | INFO: Starting glTF 2.0 export
16:04:41 | INFO: Extracting primitive: COL_tubi-tang_floor.001
16:04:41 | INFO: Primitives created: 1
16:04:41 | INFO: Extracting primitive: COL_tubi_closed_hall.002
16:04:41 | INFO: Primitives created: 1
16:04:41 | INFO: Extracting primitive: COL_tubi_hall_post.001
16:04:41 | INFO: Primitives created: 1
16:04:41 | INFO: Extracting primitive: COL_tubi_hall_post.002
16:04:41 | INFO: Primitives created: 1
16:04:41 | INFO: Extracting primitive: COL_tubi_hall_post.006
16:04:41 | INFO: Primitives created: 1
16:04:41 | INFO: Extracting primitive: COL_tubi_parapet.001
16:04:41 | INFO: Primitives created: 1
16:04:41 | INFO: Extracting primitive: COL_tubi_parapet.002
16:04:41 | INFO: Primitives created: 1
16:04:41 | INFO: Extracting primitive: COL_tubi_parapet.003
16:04:41 | INFO: Primitives created: 1
16:04:41 | INFO: Extracting primitive: COL_tubi_parapet.008
16:04:41 | INFO: Primitives created: 1
16:04:41 | INFO: Extracting primitive: COL_tubi_stair_guard.001
16:04:41 | INFO: Primitives created: 1
16:04:41 | INFO: Extracting primitive: COL_tubi_stair_guard.004
16:04:41 | INFO: Primitives created: 1
16:04:41 | INFO: Extracting primitive: COL_tubi_stair_ramp.002
16:04:41 | INFO: Primitives created: 1
16:04:41 | INFO: Extracting primitive: COL_tubi_terrace.002
16:04:41 | INFO: Primitives created: 1
16:04:41 | INFO: Extracting primitive: COL_tubi_topic_table.002
16:04:41 | INFO: Primitives created: 1
16:04:41 | INFO: Extracting primitive: COL_tubi_view_bench_left.001
16:04:41 | INFO: Primitives created: 1
16:04:41 | INFO: Extracting primitive: COL_tubi_view_bench_right.001
16:04:41 | INFO: Primitives created: 1
16:04:41 | INFO: Extracting primitive: HERO_tubi_title.002
16:04:41 | WARNING: More than one shader node tex image used for a texture. The resulting glTF sampler will behave like the first shader node tex image.
16:04:41 | INFO: Primitives created: 1
16:04:41 | INFO: Extracting primitive: SITE_tubi-tang_backstage.001
16:04:41 | INFO: Primitives created: 1
16:04:41 | INFO: Extracting primitive: KIT_pavilion_finial.007
16:04:41 | INFO: Primitives created: 1
16:04:41 | INFO: Extracting primitive: KIT_wall_amber_window.003
16:04:41 | INFO: Primitives created: 1
16:04:41 | INFO: Extracting primitive: TUBI_topic_line.001
16:04:41 | INFO: Primitives created: 1
16:04:41 | INFO: Extracting primitive: KIT_wall_lattice_vertical.063
16:04:41 | INFO: Primitives created: 1
16:04:41 | INFO: Extracting primitive: SITE_tubi-tang_platform.001
16:04:41 | INFO: Primitives created: 1
16:04:41 | INFO: Extracting primitive: KIT_props_lantern_hanging_render.012
16:04:41 | WARNING: More than one shader node tex image used for a texture. The resulting glTF sampler will behave like the first shader node tex image.
16:04:41 | INFO: Primitives created: 1
16:04:41 | INFO: Extracting primitive: KIT_pavilion_roof.007
16:04:41 | INFO: Primitives created: 1
16:04:41 | INFO: Extracting primitive: TUBI_terrace.002
16:04:41 | INFO: Primitives created: 1
16:04:41 | INFO: Extracting primitive: SITE_tubi-tang_front.001
16:04:41 | INFO: Primitives created: 1
16:04:41 | INFO: Finished glTF 2.0 export in 0.0389101505279541 s

16:04:43 | INFO: Starting glTF 2.0 export
16:04:43 | INFO: Extracting primitive: COL_daguan_central_step.003
16:04:43 | INFO: Primitives created: 1
16:04:43 | INFO: Extracting primitive: COL_daguan_central_step.004
16:04:43 | INFO: Primitives created: 1
16:04:43 | INFO: Extracting primitive: COL_daguan_central_step.005
16:04:43 | INFO: Primitives created: 1
16:04:43 | INFO: Extracting primitive: COL_daguan_closed_front.001
16:04:43 | INFO: Primitives created: 1
16:04:43 | INFO: Extracting primitive: COL_daguan_column.006
16:04:43 | INFO: Primitives created: 1
16:04:43 | INFO: Extracting primitive: COL_daguan_column.007
16:04:43 | INFO: Primitives created: 1
16:04:43 | INFO: Extracting primitive: COL_daguan_column.008
16:04:43 | INFO: Primitives created: 1
16:04:43 | INFO: Extracting primitive: COL_daguan_column.009
16:04:43 | INFO: Primitives created: 1
16:04:43 | INFO: Extracting primitive: COL_daguan_column.010
16:04:43 | INFO: Primitives created: 1
16:04:43 | INFO: Extracting primitive: COL_daguan_column.011
16:04:43 | INFO: Primitives created: 1
16:04:43 | INFO: Extracting primitive: COL_daguan_floor.001
16:04:43 | INFO: Primitives created: 1
16:04:43 | INFO: Extracting primitive: COL_daguan_return_wall.002
16:04:43 | INFO: Primitives created: 1
16:04:43 | INFO: Extracting primitive: COL_daguan_return_wall.003
16:04:43 | INFO: Primitives created: 1
16:04:43 | INFO: Extracting primitive: HERO_daguan_title.001
16:04:43 | WARNING: More than one shader node tex image used for a texture. The resulting glTF sampler will behave like the first shader node tex image.
16:04:43 | INFO: Primitives created: 1
16:04:43 | INFO: Extracting primitive: DAGUAN_backstage.001
16:04:43 | INFO: Primitives created: 1
16:04:43 | INFO: Extracting primitive: DAGUAN_door_stud.180
16:04:43 | INFO: Primitives created: 1
16:04:43 | INFO: Extracting primitive: DAGUAN_amber_transom.002
16:04:43 | INFO: Primitives created: 1
16:04:43 | INFO: Extracting primitive: DAGUAN_closed_door.010
16:04:43 | INFO: Primitives created: 1
16:04:43 | INFO: Extracting primitive: DAGUAN_recessed_panel.020
16:04:43 | INFO: Primitives created: 1
16:04:43 | INFO: Extracting primitive: DAGUAN_column.006
16:04:43 | INFO: Primitives created: 1
16:04:43 | INFO: Extracting primitive: DAGUAN_platform.001
16:04:43 | INFO: Primitives created: 1
16:04:43 | INFO: Extracting primitive: DAGUAN_lower_roof.001
16:04:43 | INFO: Primitives created: 1
16:04:43 | INFO: Extracting primitive: DAGUAN_front.001
16:04:43 | INFO: Primitives created: 1
16:04:43 | INFO: Finished glTF 2.0 export in 0.04386782646179199 s

16:04:44 | INFO: Starting glTF 2.0 export
16:04:44 | INFO: Extracting primitive: COL_ouxiang_approach.001
16:04:44 | INFO: Primitives created: 1
16:04:44 | INFO: Extracting primitive: COL_ouxiang_deck.001
16:04:44 | INFO: Primitives created: 1
16:04:44 | INFO: Extracting primitive: COL_ouxiang_post.004
16:04:44 | INFO: Primitives created: 1
16:04:44 | INFO: Extracting primitive: COL_ouxiang_post.005
16:04:44 | INFO: Primitives created: 1
16:04:44 | INFO: Extracting primitive: COL_ouxiang_post.006
16:04:44 | INFO: Primitives created: 1
16:04:44 | INFO: Extracting primitive: COL_ouxiang_post.007
16:04:44 | INFO: Primitives created: 1
16:04:44 | INFO: Extracting primitive: COL_ouxiang_rail.002
16:04:44 | INFO: Primitives created: 1
16:04:44 | INFO: Extracting primitive: COL_ouxiang_rail.003
16:04:44 | INFO: Primitives created: 1
16:04:44 | INFO: Extracting primitive: COL_ouxiang_side_rail.004
16:04:44 | INFO: Primitives created: 1
16:04:44 | INFO: Extracting primitive: COL_ouxiang_side_rail.005
16:04:44 | INFO: Primitives created: 1
16:04:44 | INFO: Extracting primitive: COL_ouxiang_side_rail.006
16:04:44 | INFO: Primitives created: 1
16:04:44 | INFO: Extracting primitive: COL_ouxiang_side_rail.007
16:04:44 | INFO: Primitives created: 1
16:04:44 | INFO: Extracting primitive: COL_ouxiang_table.001
16:04:44 | INFO: Primitives created: 1
16:04:44 | INFO: Extracting primitive: KIT_props_tea_cup.006
16:04:44 | INFO: Primitives created: 1
16:04:44 | INFO: Extracting primitive: KIT_water_lotus_leaf.007
16:04:44 | INFO: Primitives created: 1
16:04:44 | INFO: Extracting primitive: SITE_ouxiang_deck.001
16:04:44 | INFO: Primitives created: 1
16:04:44 | INFO: Extracting primitive: KIT_pavilion_water_pier.004
16:04:44 | INFO: Primitives created: 1
16:04:44 | INFO: Extracting primitive: KIT_props_lantern_hanging_render.013
16:04:44 | WARNING: More than one shader node tex image used for a texture. The resulting glTF sampler will behave like the first shader node tex image.
16:04:44 | INFO: Primitives created: 1
16:04:44 | INFO: Extracting primitive: KIT_pavilion_water_hipped_roof.001
16:04:44 | INFO: Primitives created: 1
16:04:44 | INFO: Finished glTF 2.0 export in 0.03166699409484863 s

16:04:45 | INFO: Starting glTF 2.0 export
16:04:45 | INFO: Extracting primitive: COL_hengwu-yuan_floor.001
16:04:45 | INFO: Primitives created: 1
16:04:45 | INFO: Extracting primitive: COL_hengwu_closed_hall.002
16:04:45 | INFO: Primitives created: 1
16:04:45 | INFO: Extracting primitive: COL_hengwu_court.002
16:04:45 | INFO: Primitives created: 1
16:04:45 | INFO: Extracting primitive: COL_hengwu_hall_post.001
16:04:45 | INFO: Primitives created: 1
16:04:45 | INFO: Extracting primitive: COL_hengwu_hall_post.002
16:04:45 | INFO: Primitives created: 1
16:04:45 | INFO: Extracting primitive: COL_hengwu_hall_post.006
16:04:45 | INFO: Primitives created: 1
16:04:45 | INFO: Extracting primitive: COL_wall_bay.001
16:04:45 | INFO: Primitives created: 1
16:04:45 | INFO: Extracting primitive: COL_wall_bay.002
16:04:45 | INFO: Primitives created: 1
16:04:45 | INFO: Extracting primitive: COL_wall_bay.003
16:04:45 | INFO: Primitives created: 1
16:04:45 | INFO: Extracting primitive: COL_wall_bay.004
16:04:45 | INFO: Primitives created: 1
16:04:45 | INFO: Extracting primitive: COL_wall_bay.005
16:04:45 | INFO: Primitives created: 1
16:04:45 | INFO: Extracting primitive: COL_wall_bay.006
16:04:45 | INFO: Primitives created: 1
16:04:45 | INFO: Extracting primitive: KIT_wall_plaster.002
16:04:45 | INFO: Primitives created: 1
16:04:45 | INFO: Extracting primitive: COL_wall_window.001
16:04:45 | INFO: Primitives created: 1
16:04:45 | INFO: Extracting primitive: COL_wall_window.002
16:04:45 | INFO: Primitives created: 1
16:04:45 | INFO: Extracting primitive: COL_hengwu_rock.001
16:04:45 | INFO: Primitives created: 1
16:04:45 | INFO: Extracting primitive: COL_hengwu_rock.002
16:04:45 | INFO: Primitives created: 1
16:04:45 | INFO: Extracting primitive: COL_hengwu_rock.006
16:04:45 | INFO: Primitives created: 1
16:04:45 | INFO: Extracting primitive: COL_hengwu_stool.001
16:04:45 | INFO: Primitives created: 1
16:04:45 | INFO: Extracting primitive: COL_hengwu_stool.002
16:04:45 | INFO: Primitives created: 1
16:04:45 | INFO: Extracting primitive: COL_hengwu_stool.003
16:04:45 | INFO: Primitives created: 1
16:04:45 | INFO: Extracting primitive: COL_hengwu_stool.008
16:04:45 | INFO: Primitives created: 1
16:04:45 | INFO: Extracting primitive: COL_hengwu_table.002
16:04:45 | INFO: Primitives created: 1
16:04:45 | INFO: Extracting primitive: HERO_hengwu-yuan_title.002
16:04:45 | WARNING: More than one shader node tex image used for a texture. The resulting glTF sampler will behave like the first shader node tex image.
16:04:45 | INFO: Primitives created: 1
16:04:45 | INFO: Extracting primitive: SITE_hengwu-yuan_backstage.001
16:04:45 | INFO: Primitives created: 1
16:04:45 | INFO: Extracting primitive: KIT_pavilion_finial.011
16:04:45 | INFO: Primitives created: 1
16:04:45 | INFO: Extracting primitive: KIT_wall_amber_window.006
16:04:45 | INFO: Primitives created: 1
16:04:45 | INFO: Extracting primitive: HENGWU_herb_leaf.001
16:04:45 | INFO: Primitives created: 1
16:04:45 | INFO: Extracting primitive: KIT_wall_lattice_vertical.105
16:04:45 | INFO: Primitives created: 1
16:04:45 | INFO: Extracting primitive: SITE_hengwu-yuan_platform.001
16:04:45 | INFO: Primitives created: 1
16:04:45 | INFO: Extracting primitive: KIT_props_lantern_hanging_render.015
16:04:45 | WARNING: More than one shader node tex image used for a texture. The resulting glTF sampler will behave like the first shader node tex image.
16:04:45 | INFO: Primitives created: 1
16:04:45 | INFO: Extracting primitive: KIT_pavilion_roof.011
16:04:45 | INFO: Primitives created: 1
16:04:45 | INFO: Extracting primitive: KIT_wall_bay.001
16:04:45 | WARNING: More than one shader node tex image used for a texture. The resulting glTF sampler will behave like the first shader node tex image.
16:04:45 | INFO: Primitives created: 1
16:04:45 | INFO: Extracting primitive: SITE_hengwu-yuan_front.001
16:04:45 | INFO: Primitives created: 1
16:04:45 | INFO: Finished glTF 2.0 export in 0.12550902366638184 s

16:04:45 | INFO: Starting glTF 2.0 export
16:04:46 | INFO: Extracting primitive: COL_yihong_closed_front.002
16:04:46 | INFO: Primitives created: 1
16:04:46 | INFO: Extracting primitive: COL_yihong_court_side.001
16:04:46 | INFO: Primitives created: 1
16:04:46 | INFO: Extracting primitive: COL_yihong_court_side.004
16:04:46 | INFO: Primitives created: 1
16:04:46 | INFO: Extracting primitive: COL_yihong_floor.002
16:04:46 | INFO: Primitives created: 1
16:04:46 | INFO: Extracting primitive: COL_yihong_planter.001
16:04:46 | INFO: Primitives created: 1
16:04:46 | INFO: Extracting primitive: COL_yihong_planter.004
16:04:46 | INFO: Primitives created: 1
16:04:46 | INFO: Extracting primitive: COL_yihong_side_return.001
16:04:46 | INFO: Primitives created: 1
16:04:46 | INFO: Extracting primitive: COL_yihong_side_return.004
16:04:46 | INFO: Primitives created: 1
16:04:46 | INFO: Extracting primitive: COL_yihong_threshold.002
16:04:46 | INFO: Primitives created: 1
16:04:46 | INFO: Extracting primitive: KIT_flora_banana_render.001
16:04:46 | WARNING: More than one shader node tex image used for a texture. The resulting glTF sampler will behave like the first shader node tex image.
16:04:46 | INFO: Primitives created: 1
16:04:46 | INFO: Extracting primitive: KIT_flora_banana_render.002
16:04:46 | INFO: Primitives created: 1
16:04:46 | INFO: Extracting primitive: HERO_yihong-yuan_title.002
16:04:46 | WARNING: More than one shader node tex image used for a texture. The resulting glTF sampler will behave like the first shader node tex image.
16:04:46 | INFO: Primitives created: 1
16:04:46 | INFO: Extracting primitive: YIHONG_backstage.002
16:04:46 | INFO: Primitives created: 1
16:04:46 | INFO: Extracting primitive: YIHONG_door_rail.001
16:04:46 | INFO: Primitives created: 1
16:04:46 | INFO: Extracting primitive: YIHONG_amber_window.002
16:04:46 | INFO: Primitives created: 1
16:04:46 | INFO: Extracting primitive: YIHONG_door_panel.001
16:04:46 | INFO: Primitives created: 1
16:04:46 | INFO: Extracting primitive: YIHONG_paving.002
16:04:46 | INFO: Primitives created: 1
16:04:46 | INFO: Extracting primitive: YIHONG_court_cap.001
16:04:46 | INFO: Primitives created: 1
16:04:46 | INFO: Extracting primitive: YIHONG_closed_front.002
16:04:46 | INFO: Primitives created: 1
16:04:46 | INFO: Finished glTF 2.0 export in 0.028883934020996094 s

16:04:46 | INFO: Starting glTF 2.0 export
16:04:46 | INFO: Extracting primitive: COL_xiaoxiang_bamboo_bed.004
16:04:46 | INFO: Primitives created: 1
16:04:46 | INFO: Extracting primitive: COL_xiaoxiang_bamboo_bed.005
16:04:46 | INFO: Primitives created: 1
16:04:46 | INFO: Extracting primitive: COL_xiaoxiang_bamboo_bed.006
16:04:46 | INFO: Primitives created: 1
16:04:46 | INFO: Extracting primitive: COL_xiaoxiang_bamboo_bed.007
16:04:46 | INFO: Primitives created: 1
16:04:46 | INFO: Extracting primitive: COL_xiaoxiang_closed_front.001
16:04:46 | INFO: Primitives created: 1
16:04:46 | INFO: Extracting primitive: COL_xiaoxiang_floor.001
16:04:46 | INFO: Primitives created: 1
16:04:46 | INFO: Extracting primitive: COL_xiaoxiang_return.002
16:04:46 | INFO: Primitives created: 1
16:04:46 | INFO: Extracting primitive: COL_xiaoxiang_return.003
16:04:46 | INFO: Primitives created: 1
16:04:46 | INFO: Extracting primitive: COL_xiaoxiang_threshold.001
16:04:46 | INFO: Primitives created: 1
16:04:46 | INFO: Extracting primitive: KIT_flora_bamboo_large_render.003
16:04:46 | WARNING: More than one shader node tex image used for a texture. The resulting glTF sampler will behave like the first shader node tex image.
16:04:46 | INFO: Primitives created: 1
16:04:46 | INFO: Extracting primitive: KIT_flora_bamboo_medium_render.001
16:04:46 | INFO: Primitives created: 1
16:04:46 | INFO: Extracting primitive: KIT_flora_bamboo_small_render.002
16:04:46 | INFO: Primitives created: 1
16:04:46 | INFO: Extracting primitive: KIT_flora_bamboo_large_render.004
16:04:46 | INFO: Primitives created: 1
16:04:46 | INFO: Extracting primitive: HERO_xiaoxiang-guan_title.002
16:04:46 | WARNING: More than one shader node tex image used for a texture. The resulting glTF sampler will behave like the first shader node tex image.
16:04:46 | INFO: Primitives created: 1
16:04:46 | INFO: Extracting primitive: XIAOXIANG_black_back.001
16:04:46 | INFO: Primitives created: 1
16:04:46 | INFO: Extracting primitive: XIAOXIANG_gate_pull.002
16:04:46 | INFO: Primitives created: 1
16:04:46 | INFO: Extracting primitive: XIAOXIANG_amber_window.001
16:04:46 | INFO: Primitives created: 1
16:04:46 | INFO: Extracting primitive: XIAOXIANG_gate_leaf.002
16:04:46 | INFO: Primitives created: 1
16:04:46 | INFO: Extracting primitive: XIAOXIANG_paving.001
16:04:46 | INFO: Primitives created: 1
16:04:46 | INFO: Extracting primitive: XIAOXIANG_wall_cap.001
16:04:46 | INFO: Primitives created: 1
16:04:46 | INFO: Extracting primitive: XIAOXIANG_closed_front.001
16:04:46 | INFO: Primitives created: 1
16:04:46 | INFO: Finished glTF 2.0 export in 0.035079002380371094 s

16:04:46 | INFO: Starting glTF 2.0 export
16:04:46 | INFO: Extracting primitive: COL_longcui_burner.001
16:04:46 | INFO: Primitives created: 1
16:04:46 | INFO: Extracting primitive: COL_longcui_closed_front.001
16:04:46 | INFO: Primitives created: 1
16:04:46 | INFO: Extracting primitive: COL_longcui_floor.001
16:04:46 | INFO: Primitives created: 1
16:04:46 | INFO: Extracting primitive: COL_longcui_plum_trunk.002
16:04:46 | INFO: Primitives created: 1
16:04:46 | INFO: Extracting primitive: COL_longcui_plum_trunk.003
16:04:46 | INFO: Primitives created: 1
16:04:46 | INFO: Extracting primitive: COL_longcui_return.002
16:04:46 | INFO: Primitives created: 1
16:04:46 | INFO: Extracting primitive: COL_longcui_return.003
16:04:46 | INFO: Primitives created: 1
16:04:46 | INFO: Extracting primitive: COL_longcui_threshold.001
16:04:46 | INFO: Primitives created: 1
16:04:46 | INFO: Extracting primitive: KIT_flora_plum_render.001
16:04:46 | WARNING: More than one shader node tex image used for a texture. The resulting glTF sampler will behave like the first shader node tex image.
16:04:46 | INFO: Primitives created: 1
16:04:46 | INFO: Extracting primitive: KIT_flora_plum_render.002
16:04:46 | INFO: Primitives created: 1
16:04:46 | INFO: Extracting primitive: HERO_longcui-an_title.002
16:04:46 | WARNING: More than one shader node tex image used for a texture. The resulting glTF sampler will behave like the first shader node tex image.
16:04:46 | INFO: Primitives created: 1
16:04:46 | INFO: Extracting primitive: LONGCUI_backstage.001
16:04:46 | INFO: Primitives created: 1
16:04:46 | INFO: Extracting primitive: LONGCUI_gate_pull.002
16:04:46 | INFO: Primitives created: 1
16:04:46 | INFO: Extracting primitive: LONGCUI_closed_gate.002
16:04:46 | INFO: Primitives created: 1
16:04:46 | INFO: Extracting primitive: LONGCUI_paving.001
16:04:46 | INFO: Primitives created: 1
16:04:46 | INFO: Extracting primitive: KIT_props_lantern_hanging_render.016
16:04:46 | WARNING: More than one shader node tex image used for a texture. The resulting glTF sampler will behave like the first shader node tex image.
16:04:46 | INFO: Primitives created: 1
16:04:46 | INFO: Extracting primitive: LONGCUI_wall_cap.001
16:04:46 | INFO: Primitives created: 1
16:04:46 | INFO: Extracting primitive: LONGCUI_closed_front.001
16:04:46 | INFO: Primitives created: 1
16:04:46 | INFO: Finished glTF 2.0 export in 0.032737016677856445 s

16:04:47 | INFO: Starting glTF 2.0 export
16:04:47 | INFO: Extracting primitive: COL_aojing_closed_front.002
16:04:47 | INFO: Primitives created: 1
16:04:47 | INFO: Extracting primitive: COL_aojing_dry_ledge.002
16:04:47 | INFO: Primitives created: 1
16:04:47 | INFO: Extracting primitive: COL_aojing_hall_floor.002
16:04:47 | INFO: Primitives created: 1
16:04:47 | INFO: Extracting primitive: COL_aojing_ledge_end.002
16:04:47 | INFO: Primitives created: 1
16:04:47 | INFO: Extracting primitive: COL_aojing_ledge_parapet.002
16:04:47 | INFO: Primitives created: 1
16:04:47 | INFO: Extracting primitive: COL_aojing_return.001
16:04:47 | INFO: Primitives created: 1
16:04:47 | INFO: Extracting primitive: COL_aojing_return.004
16:04:47 | INFO: Primitives created: 1
16:04:47 | INFO: Extracting primitive: HERO_aojing-guan_title.002
16:04:47 | WARNING: More than one shader node tex image used for a texture. The resulting glTF sampler will behave like the first shader node tex image.
16:04:47 | INFO: Primitives created: 1
16:04:47 | INFO: Extracting primitive: AOJING_pond.002
16:04:47 | INFO: Primitives created: 1
16:04:47 | INFO: Extracting primitive: AOJING_backstage.002
16:04:47 | INFO: Primitives created: 1
16:04:47 | INFO: Extracting primitive: AOJING_amber_window.002
16:04:47 | INFO: Primitives created: 1
16:04:47 | INFO: Extracting primitive: AOJING_window_lattice.001
16:04:47 | INFO: Primitives created: 1
16:04:47 | INFO: Extracting primitive: AOJING_dry_ledge.002
16:04:47 | INFO: Primitives created: 1
16:04:47 | INFO: Extracting primitive: AOJING_roof.002
16:04:47 | INFO: Primitives created: 1
16:04:47 | INFO: Extracting primitive: AOJING_closed_front.002
16:04:47 | INFO: Primitives created: 1
16:04:47 | INFO: Finished glTF 2.0 export in 0.03918194770812988 s

16:04:48 | INFO: Starting glTF 2.0 export
16:04:48 | INFO: Extracting primitive: COL_daoxiang_closed_front.001
16:04:48 | INFO: Primitives created: 1
16:04:48 | INFO: Extracting primitive: COL_daoxiang_court.001
16:04:48 | INFO: Primitives created: 1
16:04:48 | INFO: Extracting primitive: COL_daoxiang_fence.004
16:04:48 | INFO: Primitives created: 1
16:04:48 | INFO: Extracting primitive: COL_daoxiang_fence.005
16:04:48 | INFO: Primitives created: 1
16:04:48 | INFO: Extracting primitive: COL_daoxiang_fence.006
16:04:48 | INFO: Primitives created: 1
16:04:48 | INFO: Extracting primitive: COL_daoxiang_fence.007
16:04:48 | INFO: Primitives created: 1
16:04:48 | INFO: Extracting primitive: COL_daoxiang_side.002
16:04:48 | INFO: Primitives created: 1
16:04:48 | INFO: Extracting primitive: COL_daoxiang_side.003
16:04:48 | INFO: Primitives created: 1
16:04:48 | INFO: Extracting primitive: HERO_daoxiang-cun_title.002
16:04:48 | WARNING: More than one shader node tex image used for a texture. The resulting glTF sampler will behave like the first shader node tex image.
16:04:48 | INFO: Primitives created: 1
16:04:48 | INFO: Extracting primitive: DAOXIANG_backstage.001
16:04:48 | INFO: Primitives created: 1
16:04:48 | INFO: Extracting primitive: DAOXIANG_door_latch.001
16:04:48 | INFO: Primitives created: 1
16:04:48 | INFO: Extracting primitive: DAOXIANG_warm_sliver.001
16:04:48 | INFO: Primitives created: 1
16:04:48 | INFO: Extracting primitive: DAOXIANG_closed_door.001
16:04:48 | INFO: Primitives created: 1
16:04:48 | INFO: Extracting primitive: DAOXIANG_paddy_painting.001
16:04:48 | INFO: Primitives created: 1
16:04:48 | INFO: Extracting primitive: DAOXIANG_court.001
16:04:48 | INFO: Primitives created: 1
16:04:48 | INFO: Extracting primitive: DAOXIANG_thatch_mass.001
16:04:48 | INFO: Primitives created: 1
16:04:48 | INFO: Extracting primitive: DAOXIANG_front.001
16:04:48 | INFO: Primitives created: 1
16:04:48 | INFO: Finished glTF 2.0 export in 0.03768610954284668 s

16:04:48 | INFO: Starting glTF 2.0 export
16:04:48 | INFO: Extracting primitive: COL_water_bridge_side.001
16:04:48 | INFO: Primitives created: 1
16:04:48 | INFO: Extracting primitive: COL_water_bridge_side.004
16:04:48 | INFO: Primitives created: 1
16:04:48 | INFO: Extracting primitive: COL_water_bridge_deck.002
16:04:48 | INFO: Primitives created: 1
16:04:48 | INFO: Extracting primitive: COL_ziling_landing.001
16:04:48 | INFO: Primitives created: 1
16:04:48 | INFO: Extracting primitive: KIT_flora_reed_render.001
16:04:48 | WARNING: More than one shader node tex image used for a texture. The resulting glTF sampler will behave like the first shader node tex image.
16:04:48 | INFO: Primitives created: 1
16:04:48 | INFO: Extracting primitive: KIT_flora_reed_render.002
16:04:48 | INFO: Primitives created: 1
16:04:48 | INFO: Extracting primitive: KIT_flora_reed_render.003
16:04:48 | INFO: Primitives created: 1
16:04:48 | INFO: Extracting primitive: KIT_flora_reed_render.004
16:04:48 | INFO: Primitives created: 1
16:04:48 | INFO: Extracting primitive: KIT_flora_reed_render.005
16:04:48 | INFO: Primitives created: 1
16:04:48 | INFO: Extracting primitive: KIT_flora_reed_render.006
16:04:48 | INFO: Primitives created: 1
16:04:48 | INFO: Extracting primitive: KIT_flora_reed_render.007
16:04:48 | INFO: Primitives created: 1
16:04:48 | INFO: Extracting primitive: KIT_flora_reed_render.008
16:04:48 | INFO: Primitives created: 1
16:04:48 | INFO: Extracting primitive: KIT_flora_reed_render.009
16:04:48 | INFO: Primitives created: 1
16:04:48 | INFO: Extracting primitive: KIT_flora_reed_render.010
16:04:48 | INFO: Primitives created: 1
16:04:48 | INFO: Extracting primitive: KIT_water_lotus_leaf.011
16:04:48 | INFO: Primitives created: 1
16:04:48 | INFO: Extracting primitive: KIT_water_plank.002
16:04:48 | WARNING: More than one shader node tex image used for a texture. The resulting glTF sampler will behave like the first shader node tex image.
16:04:48 | INFO: Primitives created: 1
16:04:48 | INFO: Extracting primitive: SITE_ziling_island.001
16:04:48 | INFO: Primitives created: 1
16:04:48 | INFO: Finished glTF 2.0 export in 0.039427995681762695 s

16:04:48 | INFO: Starting glTF 2.0 export
16:04:48 | INFO: Extracting primitive: COL_aojing_approach.001
16:04:48 | INFO: Primitives created: 1
16:04:48 | INFO: Extracting primitive: COL_aojing_approach.004
16:04:48 | INFO: Primitives created: 1
16:04:48 | INFO: Extracting primitive: COL_aojing_approach_guard.001
16:04:48 | INFO: Primitives created: 1
16:04:48 | INFO: Extracting primitive: COL_aojing_approach_guard.004
16:04:48 | INFO: Primitives created: 1
16:04:48 | INFO: Extracting primitive: COL_aojing_approach_ramp.002
16:04:48 | INFO: Primitives created: 1
16:04:48 | INFO: Extracting primitive: COL_aojing_closed_front.002
16:04:48 | INFO: Primitives created: 1
16:04:48 | INFO: Extracting primitive: COL_aojing_dry_ledge.002
16:04:48 | INFO: Primitives created: 1
16:04:48 | INFO: Extracting primitive: COL_aojing_hall_floor.002
16:04:48 | INFO: Primitives created: 1
16:04:48 | INFO: Extracting primitive: COL_aojing_ledge_end.002
16:04:48 | INFO: Primitives created: 1
16:04:48 | INFO: Extracting primitive: COL_aojing_ledge_parapet.002
16:04:48 | INFO: Primitives created: 1
16:04:48 | INFO: Extracting primitive: COL_aojing_return.001
16:04:48 | INFO: Primitives created: 1
16:04:48 | INFO: Extracting primitive: COL_aojing_return.004
16:04:48 | INFO: Primitives created: 1
16:04:48 | INFO: Extracting primitive: Cube.147
16:04:48 | INFO: Primitives created: 1
16:04:48 | INFO: Extracting primitive: Cube.148
16:04:48 | INFO: Primitives created: 1
16:04:48 | INFO: Extracting primitive: Cube.149
16:04:48 | INFO: Primitives created: 1
16:04:48 | INFO: Extracting primitive: Cube.150
16:04:48 | INFO: Primitives created: 1
16:04:48 | INFO: Extracting primitive: COL_bridge_crosswalk.002
16:04:48 | INFO: Primitives created: 1
16:04:48 | INFO: Extracting primitive: COL_bridge_crosswalk.003
16:04:48 | INFO: Primitives created: 1
16:04:48 | INFO: Extracting primitive: COL_cell_floor.006
16:04:48 | INFO: Primitives created: 1
16:04:48 | INFO: Extracting primitive: COL_cell_floor.007
16:04:48 | INFO: Primitives created: 1
16:04:48 | INFO: Extracting primitive: COL_cell_floor.008
16:04:48 | INFO: Primitives created: 1
16:04:48 | INFO: Extracting primitive: COL_cell_floor.009
16:04:48 | INFO: Primitives created: 1
16:04:48 | INFO: Extracting primitive: COL_cell_floor.010
16:04:48 | INFO: Primitives created: 1
16:04:48 | INFO: Extracting primitive: COL_cell_floor.011
16:04:48 | INFO: Primitives created: 1
16:04:48 | INFO: Extracting primitive: COL_cell_wall.012
16:04:48 | INFO: Primitives created: 1
16:04:48 | INFO: Extracting primitive: COL_cell_wall.013
16:04:48 | INFO: Primitives created: 1
16:04:48 | INFO: Extracting primitive: COL_cell_wall.014
16:04:48 | INFO: Primitives created: 1
16:04:48 | INFO: Extracting primitive: COL_cell_wall.015
16:04:48 | INFO: Primitives created: 1
16:04:48 | INFO: Extracting primitive: COL_cell_wall.016
16:04:48 | INFO: Primitives created: 1
16:04:48 | INFO: Extracting primitive: COL_cell_wall.017
16:04:48 | INFO: Primitives created: 1
16:04:48 | INFO: Extracting primitive: COL_cell_wall.018
16:04:48 | INFO: Primitives created: 1
16:04:48 | INFO: Extracting primitive: COL_cell_wall.019
16:04:48 | INFO: Primitives created: 1
16:04:48 | INFO: Extracting primitive: COL_cell_wall.020
16:04:48 | INFO: Primitives created: 1
16:04:48 | INFO: Extracting primitive: COL_cell_wall.021
16:04:48 | INFO: Primitives created: 1
16:04:48 | INFO: Extracting primitive: COL_cell_wall.022
16:04:48 | INFO: Primitives created: 1
16:04:48 | INFO: Extracting primitive: COL_cell_wall.023
16:04:48 | INFO: Primitives created: 1
16:04:48 | INFO: Extracting primitive: COL_daguan_central_step.003
16:04:48 | INFO: Primitives created: 1
16:04:48 | INFO: Extracting primitive: COL_daguan_central_step.004
16:04:48 | INFO: Primitives created: 1
16:04:48 | INFO: Extracting primitive: COL_daguan_central_step.005
16:04:48 | INFO: Primitives created: 1
16:04:48 | INFO: Extracting primitive: COL_daguan_closed_front.001
16:04:48 | INFO: Primitives created: 1
16:04:48 | INFO: Extracting primitive: COL_daguan_column.006
16:04:48 | INFO: Primitives created: 1
16:04:48 | INFO: Extracting primitive: COL_daguan_column.007
16:04:48 | INFO: Primitives created: 1
16:04:48 | INFO: Extracting primitive: COL_daguan_column.008
16:04:48 | INFO: Primitives created: 1
16:04:48 | INFO: Extracting primitive: COL_daguan_column.009
16:04:48 | INFO: Primitives created: 1
16:04:48 | INFO: Extracting primitive: COL_daguan_column.010
16:04:48 | INFO: Primitives created: 1
16:04:48 | INFO: Extracting primitive: COL_daguan_column.011
16:04:48 | INFO: Primitives created: 1
16:04:48 | INFO: Extracting primitive: COL_daguan_floor.001
16:04:48 | INFO: Primitives created: 1
16:04:48 | INFO: Extracting primitive: COL_daguan_return_wall.002
16:04:48 | INFO: Primitives created: 1
16:04:48 | INFO: Extracting primitive: COL_daguan_return_wall.003
16:04:48 | INFO: Primitives created: 1
16:04:48 | INFO: Extracting primitive: COL_daoxiang_approach.002
16:04:48 | INFO: Primitives created: 1
16:04:48 | INFO: Extracting primitive: COL_daoxiang_approach.003
16:04:48 | INFO: Primitives created: 1
16:04:48 | INFO: Extracting primitive: COL_daoxiang_closed_front.001
16:04:48 | INFO: Primitives created: 1
16:04:48 | INFO: Extracting primitive: COL_daoxiang_court.001
16:04:48 | INFO: Primitives created: 1
16:04:48 | INFO: Extracting primitive: COL_daoxiang_fence.004
16:04:48 | INFO: Primitives created: 1
16:04:48 | INFO: Extracting primitive: COL_daoxiang_fence.005
16:04:48 | INFO: Primitives created: 1
16:04:48 | INFO: Extracting primitive: COL_daoxiang_fence.006
16:04:48 | INFO: Primitives created: 1
16:04:48 | INFO: Extracting primitive: COL_daoxiang_fence.007
16:04:48 | INFO: Primitives created: 1
16:04:48 | INFO: Extracting primitive: COL_daoxiang_side.002
16:04:48 | INFO: Primitives created: 1
16:04:48 | INFO: Extracting primitive: COL_daoxiang_side.003
16:04:48 | INFO: Primitives created: 1
16:04:48 | INFO: Extracting primitive: COL_entry_corridor.001
16:04:48 | INFO: Primitives created: 1
16:04:48 | INFO: Extracting primitive: COL_entry_walk.002
16:04:48 | INFO: Primitives created: 1
16:04:48 | INFO: Extracting primitive: COL_entry_walk.003
16:04:48 | INFO: Primitives created: 1
16:04:48 | INFO: Extracting primitive: COL_floor_joint_cell_threshold_0.001
16:04:48 | INFO: Primitives created: 1
16:04:48 | INFO: Extracting primitive: COL_floor_joint_cell_threshold_1.001
16:04:48 | INFO: Primitives created: 1
16:04:48 | INFO: Extracting primitive: COL_floor_joint_cell_threshold_2.001
16:04:48 | INFO: Primitives created: 1
16:04:48 | INFO: Extracting primitive: COL_floor_joint_cell_threshold_3.001
16:04:48 | INFO: Primitives created: 1
16:04:48 | INFO: Extracting primitive: COL_floor_joint_cell_threshold_4.001
16:04:48 | INFO: Primitives created: 1
16:04:48 | INFO: Extracting primitive: COL_floor_joint_cell_threshold_5.001
16:04:48 | INFO: Primitives created: 1
16:04:48 | INFO: Extracting primitive: COL_floor_joint_pavilion_east_joint.001
16:04:48 | INFO: Primitives created: 1
16:04:48 | INFO: Extracting primitive: COL_floor_joint_pavilion_west_joint.001
16:04:48 | INFO: Primitives created: 1
16:04:48 | INFO: Extracting primitive: Cube.146
16:04:48 | INFO: Primitives created: 1
16:04:48 | INFO: Extracting primitive: Cube.145
16:04:48 | INFO: Primitives created: 1
16:04:48 | INFO: Extracting primitive: COL_GATE_banana_planter.001
16:04:48 | INFO: Primitives created: 1
16:04:48 | INFO: Extracting primitive: KIT_rockery_passage.022
16:04:48 | INFO: Primitives created: 1
16:04:48 | INFO: Extracting primitive: KIT_rockery_passage.024
16:04:48 | INFO: Primitives created: 1
16:04:48 | INFO: Extracting primitive: KIT_rockery_cliff.006
16:04:48 | INFO: Primitives created: 1
16:04:48 | INFO: Extracting primitive: KIT_rockery_cliff.008
16:04:48 | INFO: Primitives created: 1
16:04:48 | INFO: Extracting primitive: KIT_rockery_passage.004
16:04:48 | INFO: Primitives created: 1
16:04:48 | INFO: Extracting primitive: KIT_rockery_passage.016
16:04:48 | INFO: Primitives created: 1
16:04:48 | INFO: Extracting primitive: KIT_rockery_passage.018
16:04:48 | INFO: Primitives created: 1
16:04:48 | INFO: Extracting primitive: KIT_rockery_passage.020
16:04:48 | INFO: Primitives created: 1
16:04:48 | INFO: Extracting primitive: GATE_paving.003
16:04:48 | INFO: Primitives created: 1
16:04:48 | INFO: Extracting primitive: COL_hengwu-yuan_floor.001
16:04:48 | INFO: Primitives created: 1
16:04:48 | INFO: Extracting primitive: COL_hengwu_approach.002
16:04:48 | INFO: Primitives created: 1
16:04:48 | INFO: Extracting primitive: COL_hengwu_approach.003
16:04:48 | INFO: Primitives created: 1
16:04:48 | INFO: Extracting primitive: COL_hengwu_closed_hall.002
16:04:48 | INFO: Primitives created: 1
16:04:48 | INFO: Extracting primitive: COL_hengwu_court.002
16:04:48 | INFO: Primitives created: 1
16:04:48 | INFO: Extracting primitive: COL_hengwu_hall_post.001
16:04:48 | INFO: Primitives created: 1
16:04:48 | INFO: Extracting primitive: COL_hengwu_hall_post.002
16:04:48 | INFO: Primitives created: 1
16:04:48 | INFO: Extracting primitive: COL_hengwu_hall_post.006
16:04:48 | INFO: Primitives created: 1
16:04:48 | INFO: Extracting primitive: COL_wall_bay.001
16:04:48 | INFO: Primitives created: 1
16:04:48 | INFO: Extracting primitive: COL_wall_bay.002
16:04:48 | INFO: Primitives created: 1
16:04:48 | INFO: Extracting primitive: COL_wall_bay.003
16:04:48 | INFO: Primitives created: 1
16:04:48 | INFO: Extracting primitive: COL_wall_bay.004
16:04:48 | INFO: Primitives created: 1
16:04:48 | INFO: Extracting primitive: COL_wall_bay.005
16:04:48 | INFO: Primitives created: 1
16:04:48 | INFO: Extracting primitive: COL_wall_bay.006
16:04:48 | INFO: Primitives created: 1
16:04:48 | INFO: Extracting primitive: KIT_wall_plaster.002
16:04:48 | INFO: Primitives created: 1
16:04:48 | INFO: Extracting primitive: COL_wall_window.001
16:04:48 | INFO: Primitives created: 1
16:04:48 | INFO: Extracting primitive: COL_wall_window.002
16:04:48 | INFO: Primitives created: 1
16:04:48 | INFO: Extracting primitive: COL_hengwu_rock.001
16:04:48 | INFO: Primitives created: 1
16:04:48 | INFO: Extracting primitive: COL_hengwu_rock.002
16:04:48 | INFO: Primitives created: 1
16:04:48 | INFO: Extracting primitive: COL_hengwu_rock.006
16:04:48 | INFO: Primitives created: 1
16:04:48 | INFO: Extracting primitive: COL_hengwu_stool.001
16:04:48 | INFO: Primitives created: 1
16:04:48 | INFO: Extracting primitive: COL_hengwu_stool.002
16:04:48 | INFO: Primitives created: 1
16:04:48 | INFO: Extracting primitive: COL_hengwu_stool.003
16:04:48 | INFO: Primitives created: 1
16:04:48 | INFO: Extracting primitive: COL_hengwu_stool.008
16:04:48 | INFO: Primitives created: 1
16:04:48 | INFO: Extracting primitive: COL_hengwu_table.002
16:04:48 | INFO: Primitives created: 1
16:04:48 | INFO: Extracting primitive: COL_longcui_approach.003
16:04:48 | INFO: Primitives created: 1
16:04:48 | INFO: Extracting primitive: COL_longcui_approach.004
16:04:48 | INFO: Primitives created: 1
16:04:48 | INFO: Extracting primitive: COL_longcui_approach.005
16:04:48 | INFO: Primitives created: 1
16:04:48 | INFO: Extracting primitive: COL_longcui_burner.001
16:04:48 | INFO: Primitives created: 1
16:04:48 | INFO: Extracting primitive: COL_longcui_closed_front.001
16:04:48 | INFO: Primitives created: 1
16:04:48 | INFO: Extracting primitive: COL_longcui_floor.001
16:04:48 | INFO: Primitives created: 1
16:04:48 | INFO: Extracting primitive: COL_longcui_plum_trunk.002
16:04:48 | INFO: Primitives created: 1
16:04:48 | INFO: Extracting primitive: COL_longcui_plum_trunk.003
16:04:48 | INFO: Primitives created: 1
16:04:48 | INFO: Extracting primitive: COL_longcui_return.002
16:04:48 | INFO: Primitives created: 1
16:04:48 | INFO: Extracting primitive: COL_longcui_return.003
16:04:48 | INFO: Primitives created: 1
16:04:48 | INFO: Extracting primitive: COL_longcui_threshold.001
16:04:48 | INFO: Primitives created: 1
16:04:48 | INFO: Extracting primitive: COL_ouxiang_approach.001
16:04:48 | INFO: Primitives created: 1
16:04:48 | INFO: Extracting primitive: COL_ouxiang_deck.001
16:04:48 | INFO: Primitives created: 1
16:04:48 | INFO: Extracting primitive: COL_ouxiang_post.004
16:04:48 | INFO: Primitives created: 1
16:04:48 | INFO: Extracting primitive: COL_ouxiang_post.005
16:04:48 | INFO: Primitives created: 1
16:04:48 | INFO: Extracting primitive: COL_ouxiang_post.006
16:04:48 | INFO: Primitives created: 1
16:04:48 | INFO: Extracting primitive: COL_ouxiang_post.007
16:04:48 | INFO: Primitives created: 1
16:04:48 | INFO: Extracting primitive: COL_ouxiang_rail.002
16:04:48 | INFO: Primitives created: 1
16:04:48 | INFO: Extracting primitive: COL_ouxiang_rail.003
16:04:48 | INFO: Primitives created: 1
16:04:48 | INFO: Extracting primitive: COL_ouxiang_side_rail.004
16:04:48 | INFO: Primitives created: 1
16:04:48 | INFO: Extracting primitive: COL_ouxiang_side_rail.005
16:04:48 | INFO: Primitives created: 1
16:04:48 | INFO: Extracting primitive: COL_ouxiang_side_rail.006
16:04:48 | INFO: Primitives created: 1
16:04:48 | INFO: Extracting primitive: COL_ouxiang_side_rail.007
16:04:48 | INFO: Primitives created: 1
16:04:48 | INFO: Extracting primitive: COL_ouxiang_table.001
16:04:48 | INFO: Primitives created: 1
16:04:48 | INFO: Extracting primitive: COL_corridor_floor.009
16:04:48 | INFO: Primitives created: 1
16:04:48 | INFO: Extracting primitive: COL_corridor_side.015
16:04:48 | INFO: Primitives created: 1
16:04:48 | INFO: Extracting primitive: COL_corridor_side.016
16:04:48 | INFO: Primitives created: 1
16:04:48 | INFO: Extracting primitive: COL_corridor_post.016
16:04:48 | INFO: Primitives created: 1
16:04:48 | INFO: Extracting primitive: COL_corridor_post.017
16:04:48 | INFO: Primitives created: 1
16:04:48 | INFO: Extracting primitive: COL_corridor_floor.010
16:04:48 | INFO: Primitives created: 1
16:04:48 | INFO: Extracting primitive: COL_corridor_side.017
16:04:48 | INFO: Primitives created: 1
16:04:48 | INFO: Extracting primitive: COL_corridor_side.018
16:04:48 | INFO: Primitives created: 1
16:04:48 | INFO: Extracting primitive: COL_corridor_post.018
16:04:48 | INFO: Primitives created: 1
16:04:48 | INFO: Extracting primitive: COL_corridor_post.019
16:04:48 | INFO: Primitives created: 1
16:04:48 | INFO: Extracting primitive: COL_corridor_floor.011
16:04:48 | INFO: Primitives created: 1
16:04:48 | INFO: Extracting primitive: COL_corridor_side.019
16:04:48 | INFO: Primitives created: 1
16:04:48 | INFO: Extracting primitive: COL_corridor_side.020
16:04:48 | INFO: Primitives created: 1
16:04:48 | INFO: Extracting primitive: COL_corridor_post.020
16:04:48 | INFO: Primitives created: 1
16:04:48 | INFO: Extracting primitive: COL_corridor_post.021
16:04:48 | INFO: Primitives created: 1
16:04:48 | INFO: Extracting primitive: COL_corridor_floor.012
16:04:48 | INFO: Primitives created: 1
16:04:48 | INFO: Extracting primitive: COL_corridor_side.021
16:04:48 | INFO: Primitives created: 1
16:04:48 | INFO: Extracting primitive: COL_corridor_side.022
16:04:48 | INFO: Primitives created: 1
16:04:48 | INFO: Extracting primitive: COL_corridor_post.022
16:04:48 | INFO: Primitives created: 1
16:04:48 | INFO: Extracting primitive: COL_corridor_post.023
16:04:48 | INFO: Primitives created: 1
16:04:48 | INFO: Extracting primitive: COL_corridor_floor.001
16:04:48 | INFO: Primitives created: 1
16:04:48 | INFO: Extracting primitive: COL_corridor_side.001
16:04:48 | INFO: Primitives created: 1
16:04:48 | INFO: Extracting primitive: COL_corridor_side.002
16:04:48 | INFO: Primitives created: 1
16:04:48 | INFO: Extracting primitive: COL_corridor_post.001
16:04:48 | INFO: Primitives created: 1
16:04:48 | INFO: Extracting primitive: COL_corridor_post.002
16:04:48 | INFO: Primitives created: 1
16:04:48 | INFO: Extracting primitive: COL_corridor_floor.002
16:04:48 | INFO: Primitives created: 1
16:04:48 | INFO: Extracting primitive: COL_corridor_side.003
16:04:48 | INFO: Primitives created: 1
16:04:48 | INFO: Extracting primitive: COL_corridor_side.004
16:04:48 | INFO: Primitives created: 1
16:04:48 | INFO: Extracting primitive: COL_corridor_post.003
16:04:48 | INFO: Primitives created: 1
16:04:48 | INFO: Extracting primitive: COL_corridor_post.004
16:04:48 | INFO: Primitives created: 1
16:04:48 | INFO: Extracting primitive: COL_corridor_floor.003
16:04:48 | INFO: Primitives created: 1
16:04:48 | INFO: Extracting primitive: COL_corridor_side.005
16:04:48 | INFO: Primitives created: 1
16:04:48 | INFO: Extracting primitive: COL_corridor_side.006
16:04:48 | INFO: Primitives created: 1
16:04:48 | INFO: Extracting primitive: COL_corridor_post.005
16:04:48 | INFO: Primitives created: 1
16:04:48 | INFO: Extracting primitive: COL_corridor_post.006
16:04:48 | INFO: Primitives created: 1
16:04:48 | INFO: Extracting primitive: COL_corridor_floor.004
16:04:48 | INFO: Primitives created: 1
16:04:48 | INFO: Extracting primitive: COL_corridor_side.007
16:04:48 | INFO: Primitives created: 1
16:04:48 | INFO: Extracting primitive: COL_corridor_side.008
16:04:48 | INFO: Primitives created: 1
16:04:48 | INFO: Extracting primitive: COL_corridor_post.007
16:04:48 | INFO: Primitives created: 1
16:04:48 | INFO: Extracting primitive: COL_corridor_post.008
16:04:48 | INFO: Primitives created: 1
16:04:48 | INFO: Extracting primitive: COL_corridor_floor.005
16:04:48 | INFO: Primitives created: 1
16:04:48 | INFO: Extracting primitive: COL_corridor_side.009
16:04:48 | INFO: Primitives created: 1
16:04:48 | INFO: Extracting primitive: COL_corridor_side.010
16:04:48 | INFO: Primitives created: 1
16:04:48 | INFO: Extracting primitive: COL_corridor_post.009
16:04:48 | INFO: Primitives created: 1
16:04:48 | INFO: Extracting primitive: COL_corridor_post.010
16:04:48 | INFO: Primitives created: 1
16:04:48 | INFO: Extracting primitive: COL_corridor_floor.006
16:04:48 | INFO: Primitives created: 1
16:04:48 | INFO: Extracting primitive: COL_corridor_side.011
16:04:48 | INFO: Primitives created: 1
16:04:48 | INFO: Extracting primitive: COL_corridor_post.011
16:04:48 | INFO: Primitives created: 1
16:04:48 | INFO: Extracting primitive: COL_corridor_post.012
16:04:48 | INFO: Primitives created: 1
16:04:48 | INFO: Extracting primitive: COL_corridor_floor.007
16:04:48 | INFO: Primitives created: 1
16:04:48 | INFO: Extracting primitive: COL_corridor_side.012
16:04:48 | INFO: Primitives created: 1
16:04:48 | INFO: Extracting primitive: COL_corridor_post.013
16:04:48 | INFO: Primitives created: 1
16:04:48 | INFO: Extracting primitive: COL_corridor_floor.008
16:04:48 | INFO: Primitives created: 1
16:04:48 | INFO: Extracting primitive: COL_corridor_side.013
16:04:48 | INFO: Primitives created: 1
16:04:48 | INFO: Extracting primitive: COL_corridor_side.014
16:04:48 | INFO: Primitives created: 1
16:04:48 | INFO: Extracting primitive: COL_corridor_post.014
16:04:48 | INFO: Primitives created: 1
16:04:48 | INFO: Extracting primitive: COL_corridor_post.015
16:04:48 | INFO: Primitives created: 1
16:04:48 | INFO: Extracting primitive: COL_corridor_floor.013
16:04:48 | INFO: Primitives created: 1
16:04:48 | INFO: Extracting primitive: COL_corridor_side.023
16:04:48 | INFO: Primitives created: 1
16:04:48 | INFO: Extracting primitive: COL_corridor_side.024
16:04:48 | INFO: Primitives created: 1
16:04:48 | INFO: Extracting primitive: COL_corridor_post.024
16:04:48 | INFO: Primitives created: 1
16:04:48 | INFO: Extracting primitive: COL_corridor_post.025
16:04:48 | INFO: Primitives created: 1
16:04:48 | INFO: Extracting primitive: COL_corridor_floor.014
16:04:48 | INFO: Primitives created: 1
16:04:48 | INFO: Extracting primitive: COL_corridor_side.025
16:04:48 | INFO: Primitives created: 1
16:04:48 | INFO: Extracting primitive: COL_corridor_side.026
16:04:48 | INFO: Primitives created: 1
16:04:48 | INFO: Extracting primitive: COL_corridor_post.026
16:04:48 | INFO: Primitives created: 1
16:04:48 | INFO: Extracting primitive: COL_corridor_post.027
16:04:48 | INFO: Primitives created: 1
16:04:48 | INFO: Extracting primitive: COL_corridor_floor.015
16:04:48 | INFO: Primitives created: 1
16:04:48 | INFO: Extracting primitive: COL_corridor_side.027
16:04:48 | INFO: Primitives created: 1
16:04:48 | INFO: Extracting primitive: COL_corridor_side.028
16:04:48 | INFO: Primitives created: 1
16:04:48 | INFO: Extracting primitive: COL_corridor_post.028
16:04:48 | INFO: Primitives created: 1
16:04:48 | INFO: Extracting primitive: COL_corridor_post.029
16:04:48 | INFO: Primitives created: 1
16:04:48 | INFO: Extracting primitive: COL_corridor_floor.016
16:04:48 | INFO: Primitives created: 1
16:04:48 | INFO: Extracting primitive: COL_corridor_side.029
16:04:48 | INFO: Primitives created: 1
16:04:48 | INFO: Extracting primitive: COL_corridor_side.030
16:04:48 | INFO: Primitives created: 1
16:04:48 | INFO: Extracting primitive: COL_corridor_post.030
16:04:48 | INFO: Primitives created: 1
16:04:48 | INFO: Extracting primitive: COL_corridor_post.031
16:04:48 | INFO: Primitives created: 1
16:04:48 | INFO: Extracting primitive: COL_qinfang_deck.001
16:04:48 | INFO: Primitives created: 1
16:04:48 | INFO: Extracting primitive: COL_pavilion_bench.001
16:04:48 | INFO: Primitives created: 1
16:04:48 | INFO: Extracting primitive: COL_pavilion_bench.002
16:04:48 | INFO: Primitives created: 1
16:04:48 | INFO: Extracting primitive: COL_pavilion_bracket.001
16:04:48 | INFO: Primitives created: 1
16:04:48 | INFO: Extracting primitive: COL_pavilion_bracket.002
16:04:48 | INFO: Primitives created: 1
16:04:48 | INFO: Extracting primitive: COL_pavilion_bracket.003
16:04:48 | INFO: Primitives created: 1
16:04:48 | INFO: Extracting primitive: COL_pavilion_bracket.004
16:04:48 | INFO: Primitives created: 1
16:04:48 | INFO: Extracting primitive: COL_pavilion_bracket.005
16:04:48 | INFO: Primitives created: 1
16:04:48 | INFO: Extracting primitive: COL_pavilion_bracket.006
16:04:48 | INFO: Primitives created: 1
16:04:48 | INFO: Extracting primitive: COL_pavilion_post.001
16:04:48 | INFO: Primitives created: 1
16:04:48 | INFO: Extracting primitive: COL_pavilion_post.002
16:04:48 | INFO: Primitives created: 1
16:04:48 | INFO: Extracting primitive: COL_pavilion_post.003
16:04:48 | INFO: Primitives created: 1
16:04:48 | INFO: Extracting primitive: COL_pavilion_post.004
16:04:48 | INFO: Primitives created: 1
16:04:48 | INFO: Extracting primitive: COL_pavilion_post.005
16:04:48 | INFO: Primitives created: 1
16:04:48 | INFO: Extracting primitive: COL_pavilion_post.006
16:04:48 | INFO: Primitives created: 1
16:04:48 | INFO: Extracting primitive: COL_pavilion_roof.001
16:04:48 | INFO: Primitives created: 1
16:04:48 | INFO: Extracting primitive: COL_qiushuang-zhai_floor.001
16:04:48 | INFO: Primitives created: 1
16:04:48 | INFO: Extracting primitive: Cube.009
16:04:48 | INFO: Primitives created: 1
16:04:48 | INFO: Extracting primitive: Cube.011
16:04:48 | INFO: Primitives created: 1
16:04:48 | INFO: Extracting primitive: Cube.012
16:04:48 | INFO: Primitives created: 1
16:04:48 | INFO: Extracting primitive: Cube.013
16:04:48 | INFO: Primitives created: 1
16:04:48 | INFO: Extracting primitive: Cube.019
16:04:48 | INFO: Primitives created: 1
16:04:48 | INFO: Extracting primitive: Cube.020
16:04:48 | INFO: Primitives created: 1
16:04:48 | INFO: Extracting primitive: Cube.023
16:04:48 | INFO: Primitives created: 1
16:04:48 | INFO: Extracting primitive: Cube.024
16:04:48 | INFO: Primitives created: 1
16:04:48 | INFO: Extracting primitive: Cube.048
16:04:48 | INFO: Primitives created: 1
16:04:48 | INFO: Extracting primitive: Cube.050
16:04:48 | INFO: Primitives created: 1
16:04:48 | INFO: Extracting primitive: Cube.052
16:04:48 | INFO: Primitives created: 1
16:04:48 | INFO: Extracting primitive: Cube.092
16:04:48 | INFO: Primitives created: 1
16:04:48 | INFO: Extracting primitive: Cube.093
16:04:48 | INFO: Primitives created: 1
16:04:48 | INFO: Extracting primitive: Cube.094
16:04:48 | INFO: Primitives created: 1
16:04:48 | INFO: Extracting primitive: Cube.095
16:04:48 | INFO: Primitives created: 1
16:04:48 | INFO: Extracting primitive: Cube.096
16:04:48 | INFO: Primitives created: 1
16:04:48 | INFO: Extracting primitive: Cube.097
16:04:48 | INFO: Primitives created: 1
16:04:48 | INFO: Extracting primitive: Cube.098
16:04:48 | INFO: Primitives created: 1
16:04:48 | INFO: Extracting primitive: Cube.099
16:04:48 | INFO: Primitives created: 1
16:04:48 | INFO: Extracting primitive: Cube.100
16:04:48 | INFO: Primitives created: 1
16:04:48 | INFO: Extracting primitive: Cube.101
16:04:48 | INFO: Primitives created: 1
16:04:48 | INFO: Extracting primitive: Cube.102
16:04:48 | INFO: Primitives created: 1
16:04:48 | INFO: Extracting primitive: Cube.103
16:04:48 | INFO: Primitives created: 1
16:04:48 | INFO: Extracting primitive: Cube.104
16:04:48 | INFO: Primitives created: 1
16:04:48 | INFO: Extracting primitive: Cube.105
16:04:48 | INFO: Primitives created: 1
16:04:48 | INFO: Extracting primitive: Cube.106
16:04:48 | INFO: Primitives created: 1
16:04:48 | INFO: Extracting primitive: Cube.107
16:04:48 | INFO: Primitives created: 1
16:04:48 | INFO: Extracting primitive: Cube.108
16:04:48 | INFO: Primitives created: 1
16:04:48 | INFO: Extracting primitive: Cube.109
16:04:48 | INFO: Primitives created: 1
16:04:48 | INFO: Extracting primitive: Cube.110
16:04:48 | INFO: Primitives created: 1
16:04:48 | INFO: Extracting primitive: Cube.111
16:04:48 | INFO: Primitives created: 1
16:04:48 | INFO: Extracting primitive: Cube.112
16:04:48 | INFO: Primitives created: 1
16:04:48 | INFO: Extracting primitive: Cube.113
16:04:48 | INFO: Primitives created: 1
16:04:48 | INFO: Extracting primitive: Cube.114
16:04:48 | INFO: Primitives created: 1
16:04:48 | INFO: Extracting primitive: Cube.115
16:04:48 | INFO: Primitives created: 1
16:04:48 | INFO: Extracting primitive: Cube.116
16:04:48 | INFO: Primitives created: 1
16:04:48 | INFO: Extracting primitive: Cube.117
16:04:48 | INFO: Primitives created: 1
16:04:48 | INFO: Extracting primitive: Cube.118
16:04:48 | INFO: Primitives created: 1
16:04:48 | INFO: Extracting primitive: Cube.119
16:04:48 | INFO: Primitives created: 1
16:04:48 | INFO: Extracting primitive: Cube.120
16:04:48 | INFO: Primitives created: 1
16:04:48 | INFO: Extracting primitive: Cube.121
16:04:48 | INFO: Primitives created: 1
16:04:48 | INFO: Extracting primitive: Cube.122
16:04:48 | INFO: Primitives created: 1
16:04:48 | INFO: Extracting primitive: Cube.123
16:04:48 | INFO: Primitives created: 1
16:04:48 | INFO: Extracting primitive: Cube.124
16:04:48 | INFO: Primitives created: 1
16:04:48 | INFO: Extracting primitive: Cube.125
16:04:48 | INFO: Primitives created: 1
16:04:48 | INFO: Extracting primitive: Cube.126
16:04:48 | INFO: Primitives created: 1
16:04:48 | INFO: Extracting primitive: Cube.127
16:04:48 | INFO: Primitives created: 1
16:04:48 | INFO: Extracting primitive: Cube.128
16:04:48 | INFO: Primitives created: 1
16:04:48 | INFO: Extracting primitive: Cube.129
16:04:48 | INFO: Primitives created: 1
16:04:48 | INFO: Extracting primitive: Cube.130
16:04:48 | INFO: Primitives created: 1
16:04:48 | INFO: Extracting primitive: Cube.131
16:04:48 | INFO: Primitives created: 1
16:04:48 | INFO: Extracting primitive: Cube.132
16:04:48 | INFO: Primitives created: 1
16:04:48 | INFO: Extracting primitive: Cube.133
16:04:48 | INFO: Primitives created: 1
16:04:48 | INFO: Extracting primitive: Cube.134
16:04:48 | INFO: Primitives created: 1
16:04:48 | INFO: Extracting primitive: Cube.135
16:04:48 | INFO: Primitives created: 1
16:04:48 | INFO: Extracting primitive: Cube.136
16:04:48 | INFO: Primitives created: 1
16:04:48 | INFO: Extracting primitive: Cube.137
16:04:48 | INFO: Primitives created: 1
16:04:48 | INFO: Extracting primitive: Cube.138
16:04:48 | INFO: Primitives created: 1
16:04:48 | INFO: Extracting primitive: Cube.139
16:04:48 | INFO: Primitives created: 1
16:04:48 | INFO: Extracting primitive: Cube.140
16:04:48 | INFO: Primitives created: 1
16:04:48 | INFO: Extracting primitive: Cube.141
16:04:48 | INFO: Primitives created: 1
16:04:48 | INFO: Extracting primitive: Cube.142
16:04:48 | INFO: Primitives created: 1
16:04:48 | INFO: Extracting primitive: Cube.143
16:04:48 | INFO: Primitives created: 1
16:04:48 | INFO: Extracting primitive: Cube.144
16:04:48 | INFO: Primitives created: 1
16:04:48 | INFO: Extracting primitive: Cube.193
16:04:48 | INFO: Primitives created: 1
16:04:48 | INFO: Extracting primitive: Cube.194
16:04:48 | INFO: Primitives created: 1
16:04:48 | INFO: Extracting primitive: Cube.195
16:04:48 | INFO: Primitives created: 1
16:04:48 | INFO: Extracting primitive: Cube.196
16:04:48 | INFO: Primitives created: 1
16:04:48 | INFO: Extracting primitive: Cube.197
16:04:48 | INFO: Primitives created: 1
16:04:48 | INFO: Extracting primitive: Cube.198
16:04:48 | INFO: Primitives created: 1
16:04:48 | INFO: Extracting primitive: Cube.199
16:04:48 | INFO: Primitives created: 1
16:04:48 | INFO: Extracting primitive: Cube.200
16:04:48 | INFO: Primitives created: 1
16:04:48 | INFO: Extracting primitive: COL_stone_walk.005
16:04:48 | INFO: Primitives created: 1
16:04:48 | INFO: Extracting primitive: COL_stone_walk.008
16:04:48 | INFO: Primitives created: 1
16:04:48 | INFO: Extracting primitive: COL_stone_walk.009
16:04:48 | INFO: Primitives created: 1
16:04:48 | INFO: Extracting primitive: COL_stone_walk.010
16:04:48 | INFO: Primitives created: 1
16:04:48 | INFO: Extracting primitive: COL_stone_walk.011
16:04:48 | INFO: Primitives created: 1
16:04:48 | INFO: Extracting primitive: COL_stone_walk.012
16:04:48 | INFO: Primitives created: 1
16:04:48 | INFO: Extracting primitive: COL_study_approach.002
16:04:48 | INFO: Primitives created: 1
16:04:48 | INFO: Extracting primitive: COL_study_desk_centre.002
16:04:48 | INFO: Primitives created: 1
16:04:48 | INFO: Extracting primitive: COL_study_desk_left.002
16:04:48 | INFO: Primitives created: 1
16:04:48 | INFO: Extracting primitive: COL_study_desk_right.002
16:04:48 | INFO: Primitives created: 1
16:04:48 | INFO: Extracting primitive: COL_study_front_walk.002
16:04:48 | INFO: Primitives created: 1
16:04:48 | INFO: Extracting primitive: COL_study_front_wall.002
16:04:48 | INFO: Primitives created: 1
16:04:48 | INFO: Extracting primitive: COL_study_post.001
16:04:48 | INFO: Primitives created: 1
16:04:48 | INFO: Extracting primitive: COL_study_post.002
16:04:48 | INFO: Primitives created: 1
16:04:48 | INFO: Extracting primitive: COL_study_post.003
16:04:48 | INFO: Primitives created: 1
16:04:48 | INFO: Extracting primitive: COL_study_post.008
16:04:48 | INFO: Primitives created: 1
16:04:48 | INFO: Extracting primitive: Cube.151
16:04:48 | INFO: Primitives created: 1
16:04:48 | INFO: Extracting primitive: Cube.152
16:04:48 | INFO: Primitives created: 1
16:04:48 | INFO: Extracting primitive: Cube.153
16:04:48 | INFO: Primitives created: 1
16:04:48 | INFO: Extracting primitive: Cube.154
16:04:48 | INFO: Primitives created: 1
16:04:48 | INFO: Extracting primitive: Cube.155
16:04:48 | INFO: Primitives created: 1
16:04:48 | INFO: Extracting primitive: Cube.156
16:04:48 | INFO: Primitives created: 1
16:04:48 | INFO: Extracting primitive: Cube.157
16:04:48 | INFO: Primitives created: 1
16:04:48 | INFO: Extracting primitive: Cube.158
16:04:48 | INFO: Primitives created: 1
16:04:48 | INFO: Extracting primitive: Cube.159
16:04:48 | INFO: Primitives created: 1
16:04:48 | INFO: Extracting primitive: Cube.160
16:04:48 | INFO: Primitives created: 1
16:04:48 | INFO: Extracting primitive: Cube.161
16:04:48 | INFO: Primitives created: 1
16:04:48 | INFO: Extracting primitive: Cube.162
16:04:48 | INFO: Primitives created: 1
16:04:48 | INFO: Extracting primitive: Cube.163
16:04:48 | INFO: Primitives created: 1
16:04:48 | INFO: Extracting primitive: Cube.164
16:04:48 | INFO: Primitives created: 1
16:04:48 | INFO: Extracting primitive: Cube.165
16:04:48 | INFO: Primitives created: 1
16:04:48 | INFO: Extracting primitive: Cube.166
16:04:48 | INFO: Primitives created: 1
16:04:48 | INFO: Extracting primitive: Cube.167
16:04:48 | INFO: Primitives created: 1
16:04:48 | INFO: Extracting primitive: Cube.168
16:04:48 | INFO: Primitives created: 1
16:04:48 | INFO: Extracting primitive: Cube.169
16:04:48 | INFO: Primitives created: 1
16:04:48 | INFO: Extracting primitive: Cube.170
16:04:48 | INFO: Primitives created: 1
16:04:48 | INFO: Extracting primitive: Cube.171
16:04:48 | INFO: Primitives created: 1
16:04:48 | INFO: Extracting primitive: Cube.172
16:04:48 | INFO: Primitives created: 1
16:04:48 | INFO: Extracting primitive: Cube.173
16:04:48 | INFO: Primitives created: 1
16:04:48 | INFO: Extracting primitive: Cube.174
16:04:48 | INFO: Primitives created: 1
16:04:48 | INFO: Extracting primitive: Cube.175
16:04:48 | INFO: Primitives created: 1
16:04:48 | INFO: Extracting primitive: Cube.176
16:04:48 | INFO: Primitives created: 1
16:04:48 | INFO: Extracting primitive: Cube.177
16:04:48 | INFO: Primitives created: 1
16:04:48 | INFO: Extracting primitive: Cube.178
16:04:48 | INFO: Primitives created: 1
16:04:48 | INFO: Extracting primitive: Cube.179
16:04:48 | INFO: Primitives created: 1
16:04:48 | INFO: Extracting primitive: Cube.180
16:04:48 | INFO: Primitives created: 1
16:04:48 | INFO: Extracting primitive: Cube.201
16:04:48 | INFO: Primitives created: 1
16:04:48 | INFO: Extracting primitive: Cube.202
16:04:48 | INFO: Primitives created: 1
16:04:48 | INFO: Extracting primitive: Cube.203
16:04:48 | INFO: Primitives created: 1
16:04:48 | INFO: Extracting primitive: Cube.181
16:04:48 | INFO: Primitives created: 1
16:04:48 | INFO: Extracting primitive: Cube.182
16:04:48 | INFO: Primitives created: 1
16:04:48 | INFO: Extracting primitive: Cube.183
16:04:48 | INFO: Primitives created: 1
16:04:48 | INFO: Extracting primitive: Cube.184
16:04:48 | INFO: Primitives created: 1
16:04:48 | INFO: Extracting primitive: Cube.185
16:04:48 | INFO: Primitives created: 1
16:04:48 | INFO: Extracting primitive: Cube.186
16:04:48 | INFO: Primitives created: 1
16:04:48 | INFO: Extracting primitive: Cube.187
16:04:48 | INFO: Primitives created: 1
16:04:48 | INFO: Extracting primitive: Cube.188
16:04:48 | INFO: Primitives created: 1
16:04:48 | INFO: Extracting primitive: Cube.189
16:04:48 | INFO: Primitives created: 1
16:04:48 | INFO: Extracting primitive: Cube.190
16:04:48 | INFO: Primitives created: 1
16:04:48 | INFO: Extracting primitive: Cube.191
16:04:48 | INFO: Primitives created: 1
16:04:48 | INFO: Extracting primitive: Cube.192
16:04:48 | INFO: Primitives created: 1
16:04:48 | INFO: Extracting primitive: COL_tubi-tang_floor.001
16:04:48 | INFO: Primitives created: 1
16:04:48 | INFO: Extracting primitive: COL_tubi_approach.001
16:04:48 | INFO: Primitives created: 1
16:04:48 | INFO: Extracting primitive: COL_tubi_approach.002
16:04:48 | INFO: Primitives created: 1
16:04:48 | INFO: Extracting primitive: COL_tubi_approach.007
16:04:48 | INFO: Primitives created: 1
16:04:48 | INFO: Extracting primitive: COL_tubi_approach.008
16:04:48 | INFO: Primitives created: 1
16:04:48 | INFO: Extracting primitive: COL_tubi_closed_hall.002
16:04:48 | INFO: Primitives created: 1
16:04:48 | INFO: Extracting primitive: COL_tubi_hall_post.001
16:04:48 | INFO: Primitives created: 1
16:04:48 | INFO: Extracting primitive: COL_tubi_hall_post.002
16:04:48 | INFO: Primitives created: 1
16:04:48 | INFO: Extracting primitive: COL_tubi_hall_post.006
16:04:48 | INFO: Primitives created: 1
16:04:48 | INFO: Extracting primitive: COL_tubi_parapet.001
16:04:48 | INFO: Primitives created: 1
16:04:48 | INFO: Extracting primitive: COL_tubi_parapet.002
16:04:48 | INFO: Primitives created: 1
16:04:48 | INFO: Extracting primitive: COL_tubi_parapet.003
16:04:48 | INFO: Primitives created: 1
16:04:48 | INFO: Extracting primitive: COL_tubi_parapet.008
16:04:48 | INFO: Primitives created: 1
16:04:48 | INFO: Extracting primitive: COL_tubi_stair_guard.001
16:04:48 | INFO: Primitives created: 1
16:04:48 | INFO: Extracting primitive: COL_tubi_stair_guard.004
16:04:48 | INFO: Primitives created: 1
16:04:48 | INFO: Extracting primitive: COL_tubi_stair_ramp.002
16:04:48 | INFO: Primitives created: 1
16:04:48 | INFO: Extracting primitive: COL_tubi_terrace.002
16:04:48 | INFO: Primitives created: 1
16:04:48 | INFO: Extracting primitive: COL_tubi_topic_table.002
16:04:48 | INFO: Primitives created: 1
16:04:48 | INFO: Extracting primitive: COL_tubi_view_bench_left.001
16:04:48 | INFO: Primitives created: 1
16:04:48 | INFO: Extracting primitive: COL_tubi_view_bench_right.001
16:04:48 | INFO: Primitives created: 1
16:04:48 | INFO: Extracting primitive: COL_water_bridge_side.001
16:04:48 | INFO: Primitives created: 1
16:04:48 | INFO: Extracting primitive: COL_water_bridge_side.004
16:04:48 | INFO: Primitives created: 1
16:04:48 | INFO: Extracting primitive: COL_water_bridge_deck.002
16:04:48 | INFO: Primitives created: 1
16:04:48 | INFO: Extracting primitive: COL_xiaoxiang_bamboo_bed.004
16:04:48 | INFO: Primitives created: 1
16:04:48 | INFO: Extracting primitive: COL_xiaoxiang_bamboo_bed.005
16:04:48 | INFO: Primitives created: 1
16:04:48 | INFO: Extracting primitive: COL_xiaoxiang_bamboo_bed.006
16:04:48 | INFO: Primitives created: 1
16:04:48 | INFO: Extracting primitive: COL_xiaoxiang_bamboo_bed.007
16:04:48 | INFO: Primitives created: 1
16:04:48 | INFO: Extracting primitive: COL_xiaoxiang_closed_front.001
16:04:48 | INFO: Primitives created: 1
16:04:48 | INFO: Extracting primitive: COL_xiaoxiang_floor.001
16:04:48 | INFO: Primitives created: 1
16:04:48 | INFO: Extracting primitive: COL_xiaoxiang_return.002
16:04:48 | INFO: Primitives created: 1
16:04:48 | INFO: Extracting primitive: COL_xiaoxiang_return.003
16:04:48 | INFO: Primitives created: 1
16:04:48 | INFO: Extracting primitive: COL_xiaoxiang_threshold.001
16:04:48 | INFO: Primitives created: 1
16:04:48 | INFO: Extracting primitive: COL_yihong_closed_front.002
16:04:48 | INFO: Primitives created: 1
16:04:48 | INFO: Extracting primitive: COL_yihong_court_side.001
16:04:48 | INFO: Primitives created: 1
16:04:48 | INFO: Extracting primitive: COL_yihong_court_side.004
16:04:48 | INFO: Primitives created: 1
16:04:48 | INFO: Extracting primitive: COL_yihong_floor.002
16:04:48 | INFO: Primitives created: 1
16:04:48 | INFO: Extracting primitive: COL_yihong_planter.001
16:04:48 | INFO: Primitives created: 1
16:04:48 | INFO: Extracting primitive: COL_yihong_planter.004
16:04:48 | INFO: Primitives created: 1
16:04:48 | INFO: Extracting primitive: COL_yihong_side_return.001
16:04:48 | INFO: Primitives created: 1
16:04:48 | INFO: Extracting primitive: COL_yihong_side_return.004
16:04:48 | INFO: Primitives created: 1
16:04:48 | INFO: Extracting primitive: COL_yihong_threshold.002
16:04:48 | INFO: Primitives created: 1
16:04:48 | INFO: Extracting primitive: COL_ziling_landing.001
16:04:48 | INFO: Primitives created: 1
16:04:48 | INFO: Extracting primitive: HERO_aojing-guan_title.002
16:04:48 | WARNING: More than one shader node tex image used for a texture. The resulting glTF sampler will behave like the first shader node tex image.
16:04:48 | INFO: Primitives created: 1
16:04:48 | INFO: Extracting primitive: HERO_daguan_title.001
16:04:48 | WARNING: More than one shader node tex image used for a texture. The resulting glTF sampler will behave like the first shader node tex image.
16:04:48 | INFO: Primitives created: 1
16:04:48 | INFO: Extracting primitive: HERO_daoxiang-cun_title.002
16:04:48 | WARNING: More than one shader node tex image used for a texture. The resulting glTF sampler will behave like the first shader node tex image.
16:04:48 | INFO: Primitives created: 1
16:04:48 | INFO: Extracting primitive: KIT_flora_plum_render.001
16:04:48 | WARNING: More than one shader node tex image used for a texture. The resulting glTF sampler will behave like the first shader node tex image.
16:04:48 | INFO: Primitives created: 1
16:04:48 | INFO: Extracting primitive: KIT_flora_plum_render.002
16:04:48 | INFO: Primitives created: 1
16:04:48 | INFO: Extracting primitive: KIT_flora_bamboo_large_render.001
16:04:48 | INFO: Primitives created: 1
16:04:48 | INFO: Extracting primitive: KIT_flora_bamboo_large_render.002
16:04:48 | INFO: Primitives created: 1
16:04:48 | INFO: Extracting primitive: KIT_flora_bamboo_small_render.001
16:04:48 | INFO: Primitives created: 1
16:04:48 | INFO: Extracting primitive: KIT_flora_willow_render.001
16:04:48 | INFO: Primitives created: 1
16:04:48 | INFO: Extracting primitive: KIT_flora_willow_render.002
16:04:48 | INFO: Primitives created: 1
16:04:48 | INFO: Extracting primitive: KIT_flora_bamboo_large_render.003
16:04:48 | INFO: Primitives created: 1
16:04:48 | INFO: Extracting primitive: KIT_flora_bamboo_medium_render.001
16:04:48 | INFO: Primitives created: 1
16:04:48 | INFO: Extracting primitive: KIT_flora_bamboo_small_render.002
16:04:48 | INFO: Primitives created: 1
16:04:48 | INFO: Extracting primitive: KIT_flora_bamboo_large_render.004
16:04:48 | INFO: Primitives created: 1
16:04:48 | INFO: Extracting primitive: KIT_flora_banana_render.001
16:04:48 | INFO: Primitives created: 1
16:04:48 | INFO: Extracting primitive: KIT_flora_banana_render.002
16:04:48 | INFO: Primitives created: 1
16:04:48 | INFO: Extracting primitive: KIT_flora_reed_render.001
16:04:48 | INFO: Primitives created: 1
16:04:48 | INFO: Extracting primitive: KIT_flora_reed_render.002
16:04:48 | INFO: Primitives created: 1
16:04:48 | INFO: Extracting primitive: KIT_flora_reed_render.003
16:04:48 | INFO: Primitives created: 1
16:04:48 | INFO: Extracting primitive: KIT_flora_reed_render.004
16:04:48 | INFO: Primitives created: 1
16:04:48 | INFO: Extracting primitive: KIT_flora_reed_render.005
16:04:48 | INFO: Primitives created: 1
16:04:48 | INFO: Extracting primitive: KIT_flora_reed_render.006
16:04:48 | INFO: Primitives created: 1
16:04:48 | INFO: Extracting primitive: KIT_flora_reed_render.007
16:04:48 | INFO: Primitives created: 1
16:04:48 | INFO: Extracting primitive: KIT_flora_reed_render.008
16:04:48 | INFO: Primitives created: 1
16:04:48 | INFO: Extracting primitive: KIT_flora_reed_render.009
16:04:48 | INFO: Primitives created: 1
16:04:48 | INFO: Extracting primitive: KIT_flora_reed_render.010
16:04:48 | INFO: Primitives created: 1
16:04:48 | INFO: Extracting primitive: HERO_gate_inscription.001
16:04:48 | WARNING: More than one shader node tex image used for a texture. The resulting glTF sampler will behave like the first shader node tex image.
16:04:48 | INFO: Primitives created: 1
16:04:48 | INFO: Extracting primitive: HERO_gate_water_drips.001
16:04:48 | WARNING: More than one shader node tex image used for a texture. The resulting glTF sampler will behave like the first shader node tex image.
16:04:48 | INFO: Primitives created: 1
16:04:48 | INFO: Extracting primitive: HERO_hengwu-yuan_title.002
16:04:48 | WARNING: More than one shader node tex image used for a texture. The resulting glTF sampler will behave like the first shader node tex image.
16:04:48 | INFO: Primitives created: 1
16:04:48 | INFO: Extracting primitive: HERO_longcui-an_title.002
16:04:48 | WARNING: More than one shader node tex image used for a texture. The resulting glTF sampler will behave like the first shader node tex image.
16:04:48 | INFO: Primitives created: 1
16:04:48 | INFO: Extracting primitive: HERO_qinfang-ting_title.002
16:04:48 | WARNING: More than one shader node tex image used for a texture. The resulting glTF sampler will behave like the first shader node tex image.
16:04:48 | INFO: Primitives created: 1
16:04:48 | INFO: Extracting primitive: HERO_qinfang_bridge.001
16:04:48 | INFO: Primitives created: 1
16:04:48 | INFO: Extracting primitive: HERO_study_scroll_bamboo.002
16:04:48 | INFO: Primitives created: 1
16:04:48 | INFO: Extracting primitive: HERO_study_scroll_plum.002
16:04:48 | INFO: Primitives created: 1
16:04:48 | INFO: Extracting primitive: HERO_study_title.002
16:04:48 | WARNING: More than one shader node tex image used for a texture. The resulting glTF sampler will behave like the first shader node tex image.
16:04:48 | INFO: Primitives created: 1
16:04:48 | INFO: Extracting primitive: HERO_table_hexagram.001
16:04:48 | INFO: Primitives created: 1
16:04:48 | INFO: Extracting primitive: line_piece.005
16:04:48 | WARNING: More than one shader node tex image used for a texture. The resulting glTF sampler will behave like the first shader node tex image.
16:04:48 | INFO: Primitives created: 1
16:04:48 | INFO: Extracting primitive: line_piece.002
16:04:48 | INFO: Primitives created: 1
16:04:48 | INFO: Extracting primitive: line_piece.011
16:04:48 | INFO: Primitives created: 1
16:04:48 | INFO: Extracting primitive: line_piece.008
16:04:48 | INFO: Primitives created: 1
16:04:48 | INFO: Extracting primitive: line_piece.017
16:04:48 | INFO: Primitives created: 1
16:04:48 | INFO: Extracting primitive: line_piece.014
16:04:48 | INFO: Primitives created: 1
16:04:48 | INFO: Extracting primitive: line_piece.019
16:04:48 | INFO: Primitives created: 1
16:04:48 | INFO: Extracting primitive: line_piece.018
16:04:48 | INFO: Primitives created: 1
16:04:48 | INFO: Extracting primitive: line_piece.021
16:04:48 | INFO: Primitives created: 1
16:04:48 | INFO: Extracting primitive: line_piece.020
16:04:48 | INFO: Primitives created: 1
16:04:48 | INFO: Extracting primitive: line_piece.023
16:04:48 | INFO: Primitives created: 1
16:04:48 | INFO: Extracting primitive: line_piece.022
16:04:48 | INFO: Primitives created: 1
16:04:48 | INFO: Extracting primitive: HERO_table_pedestal.001
16:04:48 | INFO: Primitives created: 1
16:04:48 | INFO: Extracting primitive: HERO_tubi_title.002
16:04:48 | WARNING: More than one shader node tex image used for a texture. The resulting glTF sampler will behave like the first shader node tex image.
16:04:48 | INFO: Primitives created: 1
16:04:48 | INFO: Extracting primitive: HERO_xiaoxiang-guan_title.002
16:04:48 | WARNING: More than one shader node tex image used for a texture. The resulting glTF sampler will behave like the first shader node tex image.
16:04:48 | INFO: Primitives created: 1
16:04:48 | INFO: Extracting primitive: HERO_yihong-yuan_title.002
16:04:48 | WARNING: More than one shader node tex image used for a texture. The resulting glTF sampler will behave like the first shader node tex image.
16:04:48 | INFO: Primitives created: 1
16:04:48 | INFO: Extracting primitive: AOJING_pond.002
16:04:48 | INFO: Primitives created: 1
16:04:48 | INFO: Extracting primitive: AOJING_backstage.002
16:04:48 | INFO: Primitives created: 1
16:04:48 | INFO: Extracting primitive: AOJING_amber_window.002
16:04:48 | INFO: Primitives created: 1
16:04:48 | INFO: Extracting primitive: AOJING_window_lattice.001
16:04:48 | INFO: Primitives created: 1
16:04:48 | INFO: Extracting primitive: AOJING_dry_ledge.002
16:04:48 | INFO: Primitives created: 1
16:04:49 | INFO: Extracting primitive: AOJING_roof.002
16:04:49 | INFO: Primitives created: 1
16:04:49 | INFO: Extracting primitive: AOJING_closed_front.002
16:04:49 | INFO: Primitives created: 1
16:04:49 | INFO: Extracting primitive: DAGUAN_backstage.001
16:04:49 | INFO: Primitives created: 1
16:04:49 | INFO: Extracting primitive: DAGUAN_door_stud.180
16:04:49 | INFO: Primitives created: 1
16:04:49 | INFO: Extracting primitive: DAGUAN_amber_transom.002
16:04:49 | INFO: Primitives created: 1
16:04:49 | INFO: Extracting primitive: DAGUAN_closed_door.010
16:04:49 | INFO: Primitives created: 1
16:04:49 | INFO: Extracting primitive: DAGUAN_recessed_panel.020
16:04:49 | INFO: Primitives created: 1
16:04:49 | INFO: Extracting primitive: DAGUAN_column.006
16:04:49 | INFO: Primitives created: 1
16:04:49 | INFO: Extracting primitive: DAGUAN_platform.001
16:04:49 | INFO: Primitives created: 1
16:04:49 | INFO: Extracting primitive: DAGUAN_lower_roof.001
16:04:49 | INFO: Primitives created: 1
16:04:49 | INFO: Extracting primitive: DAGUAN_front.001
16:04:49 | INFO: Primitives created: 1
16:04:49 | INFO: Extracting primitive: DAOXIANG_backstage.001
16:04:49 | INFO: Primitives created: 1
16:04:49 | INFO: Extracting primitive: DAOXIANG_door_latch.001
16:04:49 | INFO: Primitives created: 1
16:04:49 | INFO: Extracting primitive: DAOXIANG_warm_sliver.001
16:04:49 | INFO: Primitives created: 1
16:04:49 | INFO: Extracting primitive: DAOXIANG_closed_door.001
16:04:49 | INFO: Primitives created: 1
16:04:49 | INFO: Extracting primitive: DAOXIANG_paddy_painting.001
16:04:49 | INFO: Primitives created: 1
16:04:49 | INFO: Extracting primitive: DAOXIANG_court.001
16:04:49 | INFO: Primitives created: 1
16:04:49 | INFO: Extracting primitive: DAOXIANG_thatch_mass.001
16:04:49 | INFO: Primitives created: 1
16:04:49 | INFO: Extracting primitive: DAOXIANG_front.001
16:04:49 | INFO: Primitives created: 1
16:04:49 | INFO: Extracting primitive: SITE_hengwu-yuan_backstage.001
16:04:49 | INFO: Primitives created: 1
16:04:49 | INFO: Extracting primitive: KIT_pavilion_finial.011
16:04:49 | INFO: Primitives created: 1
16:04:49 | INFO: Extracting primitive: KIT_wall_amber_window.006
16:04:49 | INFO: Primitives created: 1
16:04:49 | INFO: Extracting primitive: HENGWU_herb_leaf.001
16:04:49 | INFO: Primitives created: 1
16:04:49 | INFO: Extracting primitive: KIT_wall_lattice_vertical.105
16:04:49 | INFO: Primitives created: 1
16:04:49 | INFO: Extracting primitive: SITE_hengwu-yuan_platform.001
16:04:49 | INFO: Primitives created: 1
16:04:49 | INFO: Extracting primitive: KIT_props_lantern_hanging_render.015
16:04:49 | WARNING: More than one shader node tex image used for a texture. The resulting glTF sampler will behave like the first shader node tex image.
16:04:49 | INFO: Primitives created: 1
16:04:49 | INFO: Extracting primitive: KIT_pavilion_roof.011
16:04:49 | INFO: Primitives created: 1
16:04:49 | INFO: Extracting primitive: KIT_wall_bay.001
16:04:49 | WARNING: More than one shader node tex image used for a texture. The resulting glTF sampler will behave like the first shader node tex image.
16:04:49 | INFO: Primitives created: 1
16:04:49 | INFO: Extracting primitive: SITE_hengwu-yuan_front.001
16:04:49 | INFO: Primitives created: 1
16:04:49 | INFO: Extracting primitive: LONGCUI_backstage.001
16:04:49 | INFO: Primitives created: 1
16:04:49 | INFO: Extracting primitive: LONGCUI_gate_pull.002
16:04:49 | INFO: Primitives created: 1
16:04:49 | INFO: Extracting primitive: LONGCUI_closed_gate.002
16:04:49 | INFO: Primitives created: 1
16:04:49 | INFO: Extracting primitive: LONGCUI_paving.001
16:04:49 | INFO: Primitives created: 1
16:04:49 | INFO: Extracting primitive: KIT_props_lantern_hanging_render.016
16:04:49 | INFO: Primitives created: 1
16:04:49 | INFO: Extracting primitive: LONGCUI_wall_cap.001
16:04:49 | INFO: Primitives created: 1
16:04:49 | INFO: Extracting primitive: LONGCUI_closed_front.001
16:04:49 | INFO: Primitives created: 1
16:04:49 | INFO: Extracting primitive: KIT_props_tea_cup.006
16:04:49 | INFO: Primitives created: 1
16:04:49 | INFO: Extracting primitive: KIT_water_lotus_leaf.007
16:04:49 | INFO: Primitives created: 1
16:04:49 | INFO: Extracting primitive: SITE_ouxiang_deck.001
16:04:49 | INFO: Primitives created: 1
16:04:49 | INFO: Extracting primitive: KIT_pavilion_water_pier.004
16:04:49 | INFO: Primitives created: 1
16:04:49 | INFO: Extracting primitive: KIT_props_lantern_hanging_render.013
16:04:49 | INFO: Primitives created: 1
16:04:49 | INFO: Extracting primitive: KIT_pavilion_water_hipped_roof.001
16:04:49 | INFO: Primitives created: 1
16:04:49 | INFO: Extracting primitive: KIT_water_lotus.021
16:04:49 | INFO: Primitives created: 1
16:04:49 | INFO: Extracting primitive: KIT_corridor_rail.008
16:04:49 | INFO: Primitives created: 1
16:04:49 | INFO: Extracting primitive: KIT_pavilion_roof_shell.001
16:04:49 | INFO: Primitives created: 1
16:04:49 | INFO: Extracting primitive: KIT_pavilion_plinth.001
16:04:49 | INFO: Primitives created: 1
16:04:49 | INFO: Extracting primitive: KIT_props_lantern_hanging_render.001
16:04:49 | INFO: Primitives created: 1
16:04:49 | INFO: Extracting primitive: KIT_water_stream.001
16:04:49 | INFO: Primitives created: 1
16:04:49 | INFO: Extracting primitive: SITE_qiushuang-zhai_backstage.001
16:04:49 | INFO: Primitives created: 1
16:04:49 | INFO: Extracting primitive: KIT_pavilion_finial.005
16:04:49 | INFO: Primitives created: 1
16:04:49 | INFO: Extracting primitive: KIT_wall_lattice_vertical.042
16:04:49 | INFO: Primitives created: 1
16:04:49 | INFO: Extracting primitive: SITE_qiushuang-zhai_platform.001
16:04:49 | INFO: Primitives created: 1
16:04:49 | INFO: Extracting primitive: KIT_props_lantern_hanging_render.010
16:04:49 | INFO: Primitives created: 1
16:04:49 | INFO: Extracting primitive: KIT_pavilion_roof.005
16:04:49 | INFO: Primitives created: 1
16:04:49 | INFO: Extracting primitive: KIT_tech_terminal_desk_render.007
16:04:49 | WARNING: More than one shader node tex image used for a texture. The resulting glTF sampler will behave like the first shader node tex image.
16:04:49 | INFO: Primitives created: 1
16:04:49 | INFO: Extracting primitive: SITE_qiushuang-zhai_front.001
16:04:49 | INFO: Primitives created: 1
16:04:49 | INFO: Extracting primitive: GATE_banana_pseudostem.001
16:04:49 | INFO: Primitives created: 1
16:04:49 | INFO: Extracting primitive: GATE_banana_soil.001
16:04:49 | INFO: Primitives created: 1
16:04:49 | INFO: Extracting primitive: KIT_rockery_passage.001
16:04:49 | INFO: Primitives created: 1
16:04:49 | INFO: Extracting primitive: GATE_paving.002
16:04:49 | INFO: Primitives created: 1
16:04:49 | INFO: Extracting primitive: KIT_props_lantern_hanging_render.008
16:04:49 | INFO: Primitives created: 1
16:04:49 | INFO: Extracting primitive: KIT_stage_fog_plane_render.017
16:04:49 | INFO: Primitives created: 1
16:04:49 | INFO: Extracting primitive: KIT_stage_floor.001
16:04:49 | INFO: Primitives created: 1
16:04:49 | INFO: Extracting primitive: AOJING_approach_guard.001
16:04:49 | INFO: Primitives created: 1
16:04:49 | INFO: Extracting primitive: KIT_stage_painted_moon.001
16:04:49 | INFO: Primitives created: 1
16:04:49 | INFO: Extracting primitive: KIT_stage_painted_mountain_layer.003
16:04:49 | INFO: Primitives created: 1
16:04:49 | INFO: Extracting primitive: KIT_stage_painted_mountain_layer.004
16:04:49 | INFO: Primitives created: 1
16:04:49 | INFO: Extracting primitive: KIT_stage_painted_mountain_layer.005
16:04:49 | INFO: Primitives created: 1
16:04:49 | INFO: Extracting primitive: KIT_water_stone_walk.005
16:04:49 | INFO: Primitives created: 1
16:04:49 | INFO: Extracting primitive: Painted coved ceiling candidate.001
16:04:49 | INFO: Primitives created: 1
16:04:49 | INFO: Extracting primitive: KIT_stage_painted_canvas.002
16:04:49 | INFO: Primitives created: 1
16:04:49 | INFO: Extracting primitive: Eight painted cyclorama arcs.001
16:04:49 | WARNING: More than one shader node tex image used for a texture. The resulting glTF sampler will behave like the first shader node tex image.
16:04:49 | INFO: Primitives created: 2
16:04:49 | INFO: Extracting primitive: KIT_stage_fog_plane_render.002
16:04:49 | INFO: Primitives created: 1
16:04:49 | INFO: Extracting primitive: KIT_tech_cell_side.012
16:04:49 | INFO: Primitives created: 1
16:04:49 | INFO: Extracting primitive: KIT_wall_window_bar.030
16:04:49 | INFO: Primitives created: 1
16:04:49 | INFO: Extracting primitive: KIT_stage_entry_walk.002
16:04:49 | INFO: Primitives created: 1
16:04:49 | INFO: Extracting primitive: KIT_props_folding_chair_render.001
16:04:49 | INFO: Primitives created: 1
16:04:49 | INFO: Extracting primitive: KIT_stage_floor_boards_render.002
16:04:49 | INFO: Primitives created: 1
16:04:49 | INFO: Extracting primitive: KIT_stage_gel_frame_render.002
16:04:49 | INFO: Primitives created: 2
16:04:49 | INFO: Extracting primitive: KIT_stage_studio_wall_render.002
16:04:49 | INFO: Primitives created: 1
16:04:49 | INFO: Extracting primitive: KIT_stage_fog_plane_render.020
16:04:49 | INFO: Primitives created: 1
16:04:49 | INFO: Extracting primitive: KIT_tech_terminal_desk_render.001
16:04:49 | INFO: Primitives created: 1
16:04:49 | INFO: Extracting primitive: KIT_props_scroll_render.001
16:04:49 | WARNING: More than one shader node tex image used for a texture. The resulting glTF sampler will behave like the first shader node tex image.
16:04:49 | INFO: Primitives created: 1
16:04:49 | INFO: Extracting primitive: SITE_tubi-tang_backstage.001
16:04:49 | INFO: Primitives created: 1
16:04:49 | INFO: Extracting primitive: KIT_pavilion_finial.007
16:04:49 | INFO: Primitives created: 1
16:04:49 | INFO: Extracting primitive: KIT_wall_amber_window.003
16:04:49 | INFO: Primitives created: 1
16:04:49 | INFO: Extracting primitive: TUBI_topic_line.001
16:04:49 | INFO: Primitives created: 1
16:04:49 | INFO: Extracting primitive: KIT_wall_lattice_vertical.063
16:04:49 | INFO: Primitives created: 1
16:04:49 | INFO: Extracting primitive: SITE_tubi-tang_platform.001
16:04:49 | INFO: Primitives created: 1
16:04:49 | INFO: Extracting primitive: KIT_props_lantern_hanging_render.012
16:04:49 | INFO: Primitives created: 1
16:04:49 | INFO: Extracting primitive: KIT_pavilion_roof.007
16:04:49 | INFO: Primitives created: 1
16:04:49 | INFO: Extracting primitive: TUBI_terrace.002
16:04:49 | INFO: Primitives created: 1
16:04:49 | INFO: Extracting primitive: SITE_tubi-tang_front.001
16:04:49 | INFO: Primitives created: 1
16:04:49 | INFO: Extracting primitive: XIAOXIANG_black_back.001
16:04:49 | INFO: Primitives created: 1
16:04:49 | INFO: Extracting primitive: XIAOXIANG_gate_pull.002
16:04:49 | INFO: Primitives created: 1
16:04:49 | INFO: Extracting primitive: XIAOXIANG_amber_window.001
16:04:49 | INFO: Primitives created: 1
16:04:49 | INFO: Extracting primitive: XIAOXIANG_gate_leaf.002
16:04:49 | INFO: Primitives created: 1
16:04:49 | INFO: Extracting primitive: XIAOXIANG_paving.001
16:04:49 | INFO: Primitives created: 1
16:04:49 | INFO: Extracting primitive: XIAOXIANG_wall_cap.001
16:04:49 | INFO: Primitives created: 1
16:04:49 | INFO: Extracting primitive: XIAOXIANG_closed_front.001
16:04:49 | INFO: Primitives created: 1
16:04:49 | INFO: Extracting primitive: YIHONG_backstage.002
16:04:49 | INFO: Primitives created: 1
16:04:49 | INFO: Extracting primitive: YIHONG_door_rail.001
16:04:49 | INFO: Primitives created: 1
16:04:49 | INFO: Extracting primitive: YIHONG_amber_window.002
16:04:49 | INFO: Primitives created: 1
16:04:49 | INFO: Extracting primitive: YIHONG_door_panel.001
16:04:49 | INFO: Primitives created: 1
16:04:49 | INFO: Extracting primitive: YIHONG_paving.002
16:04:49 | INFO: Primitives created: 1
16:04:49 | INFO: Extracting primitive: YIHONG_court_cap.001
16:04:49 | INFO: Primitives created: 1
16:04:49 | INFO: Extracting primitive: YIHONG_closed_front.002
16:04:49 | INFO: Primitives created: 1
16:04:49 | INFO: Extracting primitive: KIT_water_lotus_leaf.011
16:04:49 | INFO: Primitives created: 1
16:04:49 | INFO: Extracting primitive: KIT_water_plank.002
16:04:49 | INFO: Primitives created: 1
16:04:49 | INFO: Extracting primitive: SITE_ziling_island.001
16:04:49 | INFO: Primitives created: 1
16:04:49 | INFO: Finished glTF 2.0 export in 0.6165938377380371 s

{"engine": "Godot", "sites": {"stage": {"objects": 100, "triangles": 11188, "render_meshes": 11, "colliders": 87, "triggers": 0}, "qinfang-ting": {"objects": 145, "triangles": 41324, "render_meshes": 27, "colliders": 103, "triggers": 7}, "rockery-gate": {"objects": 27, "triangles": 15324, "render_meshes": 8, "colliders": 10, "triggers": 3}, "terminal-cells": {"objects": 113, "triangles": 37996, "render_meshes": 10, "colliders": 77, "triggers": 18}, "qiushuang-zhai": {"objects": 36, "triangles": 21754, "render_meshes": 11, "colliders": 13, "triggers": 5}, "tubi-tang": {"objects": 37, "triangles": 11340, "render_meshes": 11, "colliders": 16, "triggers": 5}, "daguan-lou": {"objects": 29, "triangles": 23666, "render_meshes": 10, "colliders": 13, "triggers": 3}, "ouxiang-xie": {"objects": 28, "triangles": 15450, "render_meshes": 6, "colliders": 13, "triggers": 4}, "hengwu-yuan": {"objects": 43, "triangles": 20386, "render_meshes": 11, "colliders": 23, "triggers": 4}, "yihong-yuan": {"objects": 28, "triangles": 2294, "render_meshes": 10, "colliders": 9, "triggers": 4}, "xiaoxiang-guan": {"objects": 30, "triangles": 7478, "render_meshes": 12, "colliders": 9, "triggers": 4}, "longcui-an": {"objects": 27, "triangles": 4638, "render_meshes": 10, "colliders": 8, "triggers": 4}, "aojing-guan": {"objects": 24, "triangles": 2788, "render_meshes": 8, "colliders": 7, "triggers": 3}, "daoxiang-cun": {"objects": 27, "triangles": 10862, "render_meshes": 9, "colliders": 8, "triggers": 4}, "ziling-zhou": {"objects": 23, "triangles": 7064, "render_meshes": 13, "colliders": 4, "triggers": 3}}, "warnings": ["Reference assets, not yet profiled on mobile.", "Lightmap bake remains unfinished; engine import evidence is recorded separately in godot/import-validation.json."], "total_triangles": 233552, "total_render_meshes": 167}
BlenderMCP addon unregistered
Blender 5.2.2 LTS (hash d13f752e3b9c built 2026-09-15 01:49:19)

Blender quit
