00:00.331  blend            | Read blend: "/private/var/folders/gf/s_g2zvzj3jxbylz3ylbc7k4c0000gn/T/garden-neutral-atlas-full-source-ncsvy1b8/candidate/input/blender/authoring.blend"
/private/var/folders/gf/s_g2zvzj3jxbylz3ylbc7k4c0000gn/T/garden-neutral-atlas-full-source-ncsvy1b8/candidate/scripts/apply_garden_architecture_atlases.py:49: DeprecationWarning: 'Material.use_nodes' is expected to be removed in Blender 6.0
  uses = [(m.name, n.name) for m in bpy.data.materials if m.use_nodes
BlenderMCP addon registered
Info: Saved as "authoring.blend"
INFO Draco is available, use library at /Applications/Blender.app/Contents/Resources/5.2/scripts/addons_core/io_scene_gltf2/libbf_intern_draco_bridge.dylib
INFO MeshOptimizer is available, use library at /Applications/Blender.app/Contents/Resources/5.2/scripts/addons_core/io_scene_gltf2/libbf_intern_meshopt_bridge.dylib
00:08:13 | INFO: Starting glTF 2.0 export
00:08:13 | INFO: Extracting primitive: COL_aojing_approach.001
00:08:13 | INFO: Primitives created: 1
00:08:13 | INFO: Extracting primitive: COL_aojing_approach.004
00:08:13 | INFO: Primitives created: 1
00:08:13 | INFO: Extracting primitive: COL_aojing_approach_guard.001
00:08:13 | INFO: Primitives created: 1
00:08:13 | INFO: Extracting primitive: COL_aojing_approach_guard.004
00:08:13 | INFO: Primitives created: 1
00:08:13 | INFO: Extracting primitive: COL_aojing_approach_ramp.002
00:08:13 | INFO: Primitives created: 1
00:08:13 | INFO: Extracting primitive: COL_daoxiang_approach.002
00:08:13 | INFO: Primitives created: 1
00:08:13 | INFO: Extracting primitive: COL_daoxiang_approach.003
00:08:13 | INFO: Primitives created: 1
00:08:13 | INFO: Extracting primitive: COL_hengwu_approach.002
00:08:13 | INFO: Primitives created: 1
00:08:13 | INFO: Extracting primitive: COL_hengwu_approach.003
00:08:13 | INFO: Primitives created: 1
00:08:13 | INFO: Extracting primitive: COL_longcui_approach.003
00:08:13 | INFO: Primitives created: 1
00:08:13 | INFO: Extracting primitive: COL_longcui_approach.004
00:08:13 | INFO: Primitives created: 1
00:08:13 | INFO: Extracting primitive: COL_longcui_approach.005
00:08:13 | INFO: Primitives created: 1
00:08:13 | INFO: Extracting primitive: Cube.009
00:08:13 | INFO: Primitives created: 1
00:08:13 | INFO: Extracting primitive: Cube.011
00:08:13 | INFO: Primitives created: 1
00:08:13 | INFO: Extracting primitive: Cube.012
00:08:13 | INFO: Primitives created: 1
00:08:13 | INFO: Extracting primitive: Cube.013
00:08:13 | INFO: Primitives created: 1
00:08:13 | INFO: Extracting primitive: Cube.019
00:08:13 | INFO: Primitives created: 1
00:08:13 | INFO: Extracting primitive: Cube.020
00:08:13 | INFO: Primitives created: 1
00:08:13 | INFO: Extracting primitive: Cube.023
00:08:13 | INFO: Primitives created: 1
00:08:13 | INFO: Extracting primitive: Cube.024
00:08:13 | INFO: Primitives created: 1
00:08:13 | INFO: Extracting primitive: Cube.048
00:08:13 | INFO: Primitives created: 1
00:08:13 | INFO: Extracting primitive: Cube.050
00:08:13 | INFO: Primitives created: 1
00:08:13 | INFO: Extracting primitive: Cube.052
00:08:13 | INFO: Primitives created: 1
00:08:13 | INFO: Extracting primitive: Cube.092
00:08:13 | INFO: Primitives created: 1
00:08:13 | INFO: Extracting primitive: Cube.093
00:08:13 | INFO: Primitives created: 1
00:08:13 | INFO: Extracting primitive: Cube.094
00:08:13 | INFO: Primitives created: 1
00:08:13 | INFO: Extracting primitive: Cube.095
00:08:13 | INFO: Primitives created: 1
00:08:13 | INFO: Extracting primitive: Cube.096
00:08:13 | INFO: Primitives created: 1
00:08:13 | INFO: Extracting primitive: Cube.097
00:08:13 | INFO: Primitives created: 1
00:08:13 | INFO: Extracting primitive: Cube.098
00:08:13 | INFO: Primitives created: 1
00:08:13 | INFO: Extracting primitive: Cube.099
00:08:13 | INFO: Primitives created: 1
00:08:13 | INFO: Extracting primitive: Cube.100
00:08:13 | INFO: Primitives created: 1
00:08:13 | INFO: Extracting primitive: Cube.101
00:08:13 | INFO: Primitives created: 1
00:08:13 | INFO: Extracting primitive: Cube.102
00:08:13 | INFO: Primitives created: 1
00:08:13 | INFO: Extracting primitive: Cube.103
00:08:13 | INFO: Primitives created: 1
00:08:13 | INFO: Extracting primitive: Cube.104
00:08:13 | INFO: Primitives created: 1
00:08:13 | INFO: Extracting primitive: Cube.105
00:08:13 | INFO: Primitives created: 1
00:08:13 | INFO: Extracting primitive: Cube.106
00:08:13 | INFO: Primitives created: 1
00:08:13 | INFO: Extracting primitive: Cube.107
00:08:13 | INFO: Primitives created: 1
00:08:13 | INFO: Extracting primitive: Cube.108
00:08:13 | INFO: Primitives created: 1
00:08:13 | INFO: Extracting primitive: Cube.109
00:08:13 | INFO: Primitives created: 1
00:08:13 | INFO: Extracting primitive: Cube.110
00:08:13 | INFO: Primitives created: 1
00:08:13 | INFO: Extracting primitive: Cube.111
00:08:13 | INFO: Primitives created: 1
00:08:13 | INFO: Extracting primitive: Cube.112
00:08:13 | INFO: Primitives created: 1
00:08:13 | INFO: Extracting primitive: Cube.113
00:08:13 | INFO: Primitives created: 1
00:08:13 | INFO: Extracting primitive: Cube.114
00:08:13 | INFO: Primitives created: 1
00:08:13 | INFO: Extracting primitive: Cube.115
00:08:13 | INFO: Primitives created: 1
00:08:13 | INFO: Extracting primitive: Cube.116
00:08:13 | INFO: Primitives created: 1
00:08:13 | INFO: Extracting primitive: Cube.117
00:08:13 | INFO: Primitives created: 1
00:08:13 | INFO: Extracting primitive: Cube.118
00:08:13 | INFO: Primitives created: 1
00:08:13 | INFO: Extracting primitive: Cube.119
00:08:13 | INFO: Primitives created: 1
00:08:13 | INFO: Extracting primitive: Cube.120
00:08:13 | INFO: Primitives created: 1
00:08:13 | INFO: Extracting primitive: Cube.121
00:08:13 | INFO: Primitives created: 1
00:08:13 | INFO: Extracting primitive: Cube.122
00:08:13 | INFO: Primitives created: 1
00:08:13 | INFO: Extracting primitive: Cube.123
00:08:13 | INFO: Primitives created: 1
00:08:13 | INFO: Extracting primitive: Cube.124
00:08:13 | INFO: Primitives created: 1
00:08:13 | INFO: Extracting primitive: Cube.125
00:08:13 | INFO: Primitives created: 1
00:08:13 | INFO: Extracting primitive: Cube.126
00:08:13 | INFO: Primitives created: 1
00:08:13 | INFO: Extracting primitive: Cube.127
00:08:13 | INFO: Primitives created: 1
00:08:13 | INFO: Extracting primitive: Cube.128
00:08:13 | INFO: Primitives created: 1
00:08:13 | INFO: Extracting primitive: Cube.129
00:08:13 | INFO: Primitives created: 1
00:08:13 | INFO: Extracting primitive: Cube.130
00:08:13 | INFO: Primitives created: 1
00:08:13 | INFO: Extracting primitive: Cube.131
00:08:13 | INFO: Primitives created: 1
00:08:13 | INFO: Extracting primitive: Cube.132
00:08:13 | INFO: Primitives created: 1
00:08:13 | INFO: Extracting primitive: Cube.133
00:08:13 | INFO: Primitives created: 1
00:08:13 | INFO: Extracting primitive: Cube.134
00:08:13 | INFO: Primitives created: 1
00:08:13 | INFO: Extracting primitive: Cube.135
00:08:13 | INFO: Primitives created: 1
00:08:13 | INFO: Extracting primitive: Cube.136
00:08:13 | INFO: Primitives created: 1
00:08:13 | INFO: Extracting primitive: Cube.137
00:08:13 | INFO: Primitives created: 1
00:08:13 | INFO: Extracting primitive: Cube.138
00:08:13 | INFO: Primitives created: 1
00:08:13 | INFO: Extracting primitive: Cube.139
00:08:13 | INFO: Primitives created: 1
00:08:13 | INFO: Extracting primitive: Cube.140
00:08:13 | INFO: Primitives created: 1
00:08:13 | INFO: Extracting primitive: Cube.141
00:08:13 | INFO: Primitives created: 1
00:08:13 | INFO: Extracting primitive: Cube.142
00:08:13 | INFO: Primitives created: 1
00:08:13 | INFO: Extracting primitive: Cube.143
00:08:13 | INFO: Primitives created: 1
00:08:13 | INFO: Extracting primitive: Cube.144
00:08:13 | INFO: Primitives created: 1
00:08:13 | INFO: Extracting primitive: COL_stone_walk.005
00:08:13 | INFO: Primitives created: 1
00:08:13 | INFO: Extracting primitive: COL_stone_walk.008
00:08:13 | INFO: Primitives created: 1
00:08:13 | INFO: Extracting primitive: COL_stone_walk.009
00:08:13 | INFO: Primitives created: 1
00:08:13 | INFO: Extracting primitive: COL_stone_walk.010
00:08:13 | INFO: Primitives created: 1
00:08:13 | INFO: Extracting primitive: COL_stone_walk.011
00:08:13 | INFO: Primitives created: 1
00:08:13 | INFO: Extracting primitive: COL_stone_walk.012
00:08:13 | INFO: Primitives created: 1
00:08:13 | INFO: Extracting primitive: COL_study_approach.002
00:08:13 | INFO: Primitives created: 1
00:08:13 | INFO: Extracting primitive: COL_tubi_approach.001
00:08:13 | INFO: Primitives created: 1
00:08:13 | INFO: Extracting primitive: COL_tubi_approach.002
00:08:13 | INFO: Primitives created: 1
00:08:13 | INFO: Extracting primitive: COL_tubi_approach.007
00:08:13 | INFO: Primitives created: 1
00:08:13 | INFO: Extracting primitive: COL_tubi_approach.008
00:08:13 | INFO: Primitives created: 1
00:08:13 | INFO: Extracting primitive: KIT_stage_floor.001
00:08:13 | INFO: Primitives created: 1
00:08:13 | INFO: Extracting primitive: AOJING_approach_guard.001
00:08:13 | INFO: Primitives created: 1
00:08:13 | INFO: Extracting primitive: KIT_stage_painted_moon.001
00:08:13 | INFO: Primitives created: 1
00:08:13 | INFO: Extracting primitive: KIT_stage_painted_mountain_layer.003
00:08:13 | INFO: Primitives created: 1
00:08:13 | INFO: Extracting primitive: KIT_stage_painted_mountain_layer.004
00:08:13 | INFO: Primitives created: 1
00:08:13 | INFO: Extracting primitive: KIT_stage_painted_mountain_layer.005
00:08:13 | INFO: Primitives created: 1
00:08:13 | INFO: Extracting primitive: KIT_water_stone_walk.005
00:08:13 | INFO: Primitives created: 1
00:08:13 | INFO: Extracting primitive: Painted coved ceiling candidate.001
00:08:13 | INFO: Primitives created: 1
00:08:13 | INFO: Extracting primitive: KIT_stage_painted_canvas.002
00:08:13 | INFO: Primitives created: 1
00:08:13 | INFO: Extracting primitive: Eight painted cyclorama arcs.001
00:08:13 | WARNING: More than one shader node tex image used for a texture. The resulting glTF sampler will behave like the first shader node tex image.
00:08:13 | INFO: Primitives created: 2
00:08:13 | INFO: Extracting primitive: KIT_stage_fog_plane_render.002
00:08:13 | INFO: Primitives created: 1
00:08:13 | INFO: Finished glTF 2.0 export in 0.17206883430480957 s

00:08:17 | INFO: Starting glTF 2.0 export
00:08:17 | INFO: Extracting primitive: Cube.147
00:08:17 | INFO: Primitives created: 1
00:08:17 | INFO: Extracting primitive: Cube.148
00:08:17 | INFO: Primitives created: 1
00:08:17 | INFO: Extracting primitive: Cube.149
00:08:17 | INFO: Primitives created: 1
00:08:17 | INFO: Extracting primitive: Cube.150
00:08:17 | INFO: Primitives created: 1
00:08:17 | INFO: Extracting primitive: COL_bridge_crosswalk.002
00:08:17 | INFO: Primitives created: 1
00:08:17 | INFO: Extracting primitive: COL_bridge_crosswalk.003
00:08:17 | INFO: Primitives created: 1
00:08:17 | INFO: Extracting primitive: COL_floor_joint_pavilion_east_joint.001
00:08:17 | INFO: Primitives created: 1
00:08:17 | INFO: Extracting primitive: COL_floor_joint_pavilion_west_joint.001
00:08:17 | INFO: Primitives created: 1
00:08:17 | INFO: Extracting primitive: Cube.146
00:08:17 | INFO: Primitives created: 1
00:08:17 | INFO: Extracting primitive: Cube.145
00:08:17 | INFO: Primitives created: 1
00:08:17 | INFO: Extracting primitive: COL_corridor_floor.009
00:08:17 | INFO: Primitives created: 1
00:08:17 | INFO: Extracting primitive: COL_corridor_side.015
00:08:17 | INFO: Primitives created: 1
00:08:17 | INFO: Extracting primitive: COL_corridor_side.016
00:08:17 | INFO: Primitives created: 1
00:08:17 | INFO: Extracting primitive: COL_corridor_post.016
00:08:17 | INFO: Primitives created: 1
00:08:17 | INFO: Extracting primitive: COL_corridor_post.017
00:08:17 | INFO: Primitives created: 1
00:08:17 | INFO: Extracting primitive: COL_corridor_floor.010
00:08:17 | INFO: Primitives created: 1
00:08:17 | INFO: Extracting primitive: COL_corridor_side.017
00:08:17 | INFO: Primitives created: 1
00:08:17 | INFO: Extracting primitive: COL_corridor_side.018
00:08:17 | INFO: Primitives created: 1
00:08:17 | INFO: Extracting primitive: COL_corridor_post.018
00:08:17 | INFO: Primitives created: 1
00:08:17 | INFO: Extracting primitive: COL_corridor_post.019
00:08:17 | INFO: Primitives created: 1
00:08:17 | INFO: Extracting primitive: COL_corridor_floor.011
00:08:17 | INFO: Primitives created: 1
00:08:17 | INFO: Extracting primitive: COL_corridor_side.019
00:08:17 | INFO: Primitives created: 1
00:08:17 | INFO: Extracting primitive: COL_corridor_side.020
00:08:17 | INFO: Primitives created: 1
00:08:17 | INFO: Extracting primitive: COL_corridor_post.020
00:08:17 | INFO: Primitives created: 1
00:08:17 | INFO: Extracting primitive: COL_corridor_post.021
00:08:17 | INFO: Primitives created: 1
00:08:17 | INFO: Extracting primitive: COL_corridor_floor.012
00:08:17 | INFO: Primitives created: 1
00:08:17 | INFO: Extracting primitive: COL_corridor_side.021
00:08:17 | INFO: Primitives created: 1
00:08:17 | INFO: Extracting primitive: COL_corridor_side.022
00:08:17 | INFO: Primitives created: 1
00:08:17 | INFO: Extracting primitive: COL_corridor_post.022
00:08:17 | INFO: Primitives created: 1
00:08:17 | INFO: Extracting primitive: COL_corridor_post.023
00:08:17 | INFO: Primitives created: 1
00:08:17 | INFO: Extracting primitive: COL_corridor_floor.001
00:08:17 | INFO: Primitives created: 1
00:08:17 | INFO: Extracting primitive: COL_corridor_side.001
00:08:17 | INFO: Primitives created: 1
00:08:17 | INFO: Extracting primitive: COL_corridor_side.002
00:08:17 | INFO: Primitives created: 1
00:08:17 | INFO: Extracting primitive: COL_corridor_post.001
00:08:17 | INFO: Primitives created: 1
00:08:17 | INFO: Extracting primitive: COL_corridor_post.002
00:08:17 | INFO: Primitives created: 1
00:08:17 | INFO: Extracting primitive: COL_corridor_floor.002
00:08:17 | INFO: Primitives created: 1
00:08:17 | INFO: Extracting primitive: COL_corridor_side.003
00:08:17 | INFO: Primitives created: 1
00:08:17 | INFO: Extracting primitive: COL_corridor_side.004
00:08:17 | INFO: Primitives created: 1
00:08:17 | INFO: Extracting primitive: COL_corridor_post.003
00:08:17 | INFO: Primitives created: 1
00:08:17 | INFO: Extracting primitive: COL_corridor_post.004
00:08:17 | INFO: Primitives created: 1
00:08:17 | INFO: Extracting primitive: COL_corridor_floor.003
00:08:17 | INFO: Primitives created: 1
00:08:17 | INFO: Extracting primitive: COL_corridor_side.005
00:08:17 | INFO: Primitives created: 1
00:08:17 | INFO: Extracting primitive: COL_corridor_side.006
00:08:17 | INFO: Primitives created: 1
00:08:17 | INFO: Extracting primitive: COL_corridor_post.005
00:08:17 | INFO: Primitives created: 1
00:08:17 | INFO: Extracting primitive: COL_corridor_post.006
00:08:17 | INFO: Primitives created: 1
00:08:17 | INFO: Extracting primitive: COL_corridor_floor.004
00:08:17 | INFO: Primitives created: 1
00:08:17 | INFO: Extracting primitive: COL_corridor_side.007
00:08:17 | INFO: Primitives created: 1
00:08:17 | INFO: Extracting primitive: COL_corridor_side.008
00:08:17 | INFO: Primitives created: 1
00:08:17 | INFO: Extracting primitive: COL_corridor_post.007
00:08:17 | INFO: Primitives created: 1
00:08:17 | INFO: Extracting primitive: COL_corridor_post.008
00:08:17 | INFO: Primitives created: 1
00:08:17 | INFO: Extracting primitive: COL_corridor_floor.005
00:08:17 | INFO: Primitives created: 1
00:08:17 | INFO: Extracting primitive: COL_corridor_side.009
00:08:17 | INFO: Primitives created: 1
00:08:17 | INFO: Extracting primitive: COL_corridor_side.010
00:08:17 | INFO: Primitives created: 1
00:08:17 | INFO: Extracting primitive: COL_corridor_post.009
00:08:17 | INFO: Primitives created: 1
00:08:17 | INFO: Extracting primitive: COL_corridor_post.010
00:08:17 | INFO: Primitives created: 1
00:08:17 | INFO: Extracting primitive: COL_corridor_floor.006
00:08:17 | INFO: Primitives created: 1
00:08:17 | INFO: Extracting primitive: COL_corridor_side.011
00:08:17 | INFO: Primitives created: 1
00:08:17 | INFO: Extracting primitive: COL_corridor_post.011
00:08:17 | INFO: Primitives created: 1
00:08:17 | INFO: Extracting primitive: COL_corridor_post.012
00:08:17 | INFO: Primitives created: 1
00:08:17 | INFO: Extracting primitive: COL_corridor_floor.007
00:08:17 | INFO: Primitives created: 1
00:08:17 | INFO: Extracting primitive: COL_corridor_side.012
00:08:17 | INFO: Primitives created: 1
00:08:17 | INFO: Extracting primitive: COL_corridor_post.013
00:08:17 | INFO: Primitives created: 1
00:08:17 | INFO: Extracting primitive: COL_corridor_floor.008
00:08:17 | INFO: Primitives created: 1
00:08:17 | INFO: Extracting primitive: COL_corridor_side.013
00:08:17 | INFO: Primitives created: 1
00:08:17 | INFO: Extracting primitive: COL_corridor_side.014
00:08:17 | INFO: Primitives created: 1
00:08:17 | INFO: Extracting primitive: COL_corridor_post.014
00:08:17 | INFO: Primitives created: 1
00:08:17 | INFO: Extracting primitive: COL_corridor_post.015
00:08:17 | INFO: Primitives created: 1
00:08:17 | INFO: Extracting primitive: COL_corridor_floor.013
00:08:17 | INFO: Primitives created: 1
00:08:17 | INFO: Extracting primitive: COL_corridor_side.023
00:08:17 | INFO: Primitives created: 1
00:08:17 | INFO: Extracting primitive: COL_corridor_side.024
00:08:17 | INFO: Primitives created: 1
00:08:17 | INFO: Extracting primitive: COL_corridor_post.024
00:08:17 | INFO: Primitives created: 1
00:08:17 | INFO: Extracting primitive: COL_corridor_post.025
00:08:17 | INFO: Primitives created: 1
00:08:17 | INFO: Extracting primitive: COL_corridor_floor.014
00:08:17 | INFO: Primitives created: 1
00:08:17 | INFO: Extracting primitive: COL_corridor_side.025
00:08:17 | INFO: Primitives created: 1
00:08:17 | INFO: Extracting primitive: COL_corridor_side.026
00:08:17 | INFO: Primitives created: 1
00:08:17 | INFO: Extracting primitive: COL_corridor_post.026
00:08:17 | INFO: Primitives created: 1
00:08:17 | INFO: Extracting primitive: COL_corridor_post.027
00:08:17 | INFO: Primitives created: 1
00:08:17 | INFO: Extracting primitive: COL_corridor_floor.015
00:08:17 | INFO: Primitives created: 1
00:08:17 | INFO: Extracting primitive: COL_corridor_side.027
00:08:17 | INFO: Primitives created: 1
00:08:17 | INFO: Extracting primitive: COL_corridor_side.028
00:08:17 | INFO: Primitives created: 1
00:08:17 | INFO: Extracting primitive: COL_corridor_post.028
00:08:17 | INFO: Primitives created: 1
00:08:17 | INFO: Extracting primitive: COL_corridor_post.029
00:08:17 | INFO: Primitives created: 1
00:08:17 | INFO: Extracting primitive: COL_corridor_floor.016
00:08:17 | INFO: Primitives created: 1
00:08:17 | INFO: Extracting primitive: COL_corridor_side.029
00:08:17 | INFO: Primitives created: 1
00:08:17 | INFO: Extracting primitive: COL_corridor_side.030
00:08:17 | INFO: Primitives created: 1
00:08:17 | INFO: Extracting primitive: COL_corridor_post.030
00:08:17 | INFO: Primitives created: 1
00:08:17 | INFO: Extracting primitive: COL_corridor_post.031
00:08:17 | INFO: Primitives created: 1
00:08:17 | INFO: Extracting primitive: COL_qinfang_deck.001
00:08:17 | INFO: Primitives created: 1
00:08:17 | INFO: Extracting primitive: COL_pavilion_bench.001
00:08:17 | INFO: Primitives created: 1
00:08:17 | INFO: Extracting primitive: COL_pavilion_bench.002
00:08:17 | INFO: Primitives created: 1
00:08:17 | INFO: Extracting primitive: COL_pavilion_bracket.001
00:08:17 | INFO: Primitives created: 1
00:08:17 | INFO: Extracting primitive: COL_pavilion_bracket.002
00:08:17 | INFO: Primitives created: 1
00:08:17 | INFO: Extracting primitive: COL_pavilion_bracket.003
00:08:17 | INFO: Primitives created: 1
00:08:17 | INFO: Extracting primitive: COL_pavilion_bracket.004
00:08:17 | INFO: Primitives created: 1
00:08:17 | INFO: Extracting primitive: COL_pavilion_bracket.005
00:08:17 | INFO: Primitives created: 1
00:08:17 | INFO: Extracting primitive: COL_pavilion_bracket.006
00:08:17 | INFO: Primitives created: 1
00:08:17 | INFO: Extracting primitive: COL_pavilion_post.001
00:08:17 | INFO: Primitives created: 1
00:08:17 | INFO: Extracting primitive: COL_pavilion_post.002
00:08:17 | INFO: Primitives created: 1
00:08:17 | INFO: Extracting primitive: COL_pavilion_post.003
00:08:17 | INFO: Primitives created: 1
00:08:17 | INFO: Extracting primitive: COL_pavilion_post.004
00:08:17 | INFO: Primitives created: 1
00:08:17 | INFO: Extracting primitive: COL_pavilion_post.005
00:08:17 | INFO: Primitives created: 1
00:08:17 | INFO: Extracting primitive: COL_pavilion_post.006
00:08:17 | INFO: Primitives created: 1
00:08:17 | INFO: Extracting primitive: COL_pavilion_roof.001
00:08:17 | INFO: Primitives created: 1
00:08:17 | INFO: Extracting primitive: KIT_flora_bamboo_large_render.001
00:08:17 | WARNING: More than one shader node tex image used for a texture. The resulting glTF sampler will behave like the first shader node tex image.
00:08:17 | INFO: Primitives created: 1
00:08:17 | INFO: Extracting primitive: KIT_flora_bamboo_large_render.002
00:08:17 | INFO: Primitives created: 1
00:08:17 | INFO: Extracting primitive: KIT_flora_bamboo_small_render.001
00:08:17 | INFO: Primitives created: 1
00:08:17 | INFO: Extracting primitive: KIT_flora_willow_render.001
00:08:17 | INFO: Primitives created: 1
00:08:17 | INFO: Extracting primitive: KIT_flora_willow_render.002
00:08:17 | INFO: Primitives created: 1
00:08:17 | INFO: Extracting primitive: HERO_qinfang-ting_title.002
00:08:17 | WARNING: More than one shader node tex image used for a texture. The resulting glTF sampler will behave like the first shader node tex image.
00:08:17 | INFO: Primitives created: 1
00:08:17 | INFO: Extracting primitive: HERO_qinfang_bridge.001
00:08:17 | INFO: Primitives created: 1
00:08:17 | INFO: Extracting primitive: HERO_table_hexagram.001
00:08:17 | INFO: Primitives created: 1
00:08:17 | INFO: Extracting primitive: line_piece.005
00:08:17 | WARNING: More than one shader node tex image used for a texture. The resulting glTF sampler will behave like the first shader node tex image.
00:08:17 | INFO: Primitives created: 1
00:08:17 | INFO: Extracting primitive: line_piece.002
00:08:17 | INFO: Primitives created: 1
00:08:17 | INFO: Extracting primitive: line_piece.011
00:08:17 | INFO: Primitives created: 1
00:08:17 | INFO: Extracting primitive: line_piece.008
00:08:17 | INFO: Primitives created: 1
00:08:17 | INFO: Extracting primitive: line_piece.017
00:08:17 | INFO: Primitives created: 1
00:08:17 | INFO: Extracting primitive: line_piece.014
00:08:17 | INFO: Primitives created: 1
00:08:17 | INFO: Extracting primitive: line_piece.019
00:08:17 | INFO: Primitives created: 1
00:08:17 | INFO: Extracting primitive: line_piece.018
00:08:17 | INFO: Primitives created: 1
00:08:17 | INFO: Extracting primitive: line_piece.021
00:08:17 | INFO: Primitives created: 1
00:08:17 | INFO: Extracting primitive: line_piece.020
00:08:17 | INFO: Primitives created: 1
00:08:17 | INFO: Extracting primitive: line_piece.023
00:08:17 | INFO: Primitives created: 1
00:08:17 | INFO: Extracting primitive: line_piece.022
00:08:17 | INFO: Primitives created: 1
00:08:17 | INFO: Extracting primitive: HERO_table_pedestal.001
00:08:17 | INFO: Primitives created: 1
00:08:17 | INFO: Extracting primitive: KIT_water_lotus.021
00:08:17 | INFO: Primitives created: 1
00:08:17 | INFO: Extracting primitive: KIT_corridor_rail.008
00:08:17 | INFO: Primitives created: 1
00:08:17 | INFO: Extracting primitive: KIT_pavilion_roof_shell.001
00:08:17 | INFO: Primitives created: 1
00:08:17 | INFO: Extracting primitive: KIT_pavilion_plinth.001
00:08:17 | INFO: Primitives created: 1
00:08:17 | INFO: Extracting primitive: KIT_props_lantern_hanging_render.001
00:08:17 | WARNING: More than one shader node tex image used for a texture. The resulting glTF sampler will behave like the first shader node tex image.
00:08:17 | INFO: Primitives created: 1
00:08:17 | INFO: Extracting primitive: KIT_water_stream.001
00:08:17 | INFO: Primitives created: 1
00:08:17 | INFO: Finished glTF 2.0 export in 0.23569107055664062 s

00:08:18 | INFO: Starting glTF 2.0 export
00:08:18 | INFO: Extracting primitive: COL_GATE_banana_planter.001
00:08:18 | INFO: Primitives created: 1
00:08:18 | INFO: Extracting primitive: KIT_rockery_passage.022
00:08:18 | INFO: Primitives created: 1
00:08:18 | INFO: Extracting primitive: KIT_rockery_passage.024
00:08:18 | INFO: Primitives created: 1
00:08:18 | INFO: Extracting primitive: KIT_rockery_cliff.006
00:08:18 | INFO: Primitives created: 1
00:08:18 | INFO: Extracting primitive: KIT_rockery_cliff.008
00:08:18 | INFO: Primitives created: 1
00:08:18 | INFO: Extracting primitive: KIT_rockery_passage.004
00:08:18 | INFO: Primitives created: 1
00:08:18 | INFO: Extracting primitive: KIT_rockery_passage.016
00:08:18 | INFO: Primitives created: 1
00:08:18 | INFO: Extracting primitive: KIT_rockery_passage.018
00:08:18 | INFO: Primitives created: 1
00:08:18 | INFO: Extracting primitive: KIT_rockery_passage.020
00:08:18 | INFO: Primitives created: 1
00:08:18 | INFO: Extracting primitive: GATE_paving.003
00:08:18 | INFO: Primitives created: 1
00:08:18 | INFO: Extracting primitive: HERO_gate_inscription.001
00:08:18 | WARNING: More than one shader node tex image used for a texture. The resulting glTF sampler will behave like the first shader node tex image.
00:08:18 | INFO: Primitives created: 1
00:08:18 | INFO: Extracting primitive: HERO_gate_water_drips.001
00:08:18 | WARNING: More than one shader node tex image used for a texture. The resulting glTF sampler will behave like the first shader node tex image.
00:08:18 | INFO: Primitives created: 1
00:08:18 | INFO: Extracting primitive: GATE_banana_pseudostem.001
00:08:18 | INFO: Primitives created: 1
00:08:18 | INFO: Extracting primitive: GATE_banana_soil.001
00:08:18 | INFO: Primitives created: 1
00:08:18 | INFO: Extracting primitive: KIT_rockery_passage.001
00:08:18 | WARNING: More than one shader node tex image used for a texture. The resulting glTF sampler will behave like the first shader node tex image.
00:08:18 | INFO: Primitives created: 1
00:08:18 | INFO: Extracting primitive: GATE_paving.002
00:08:18 | INFO: Primitives created: 1
00:08:18 | INFO: Extracting primitive: KIT_props_lantern_hanging_render.008
00:08:18 | WARNING: More than one shader node tex image used for a texture. The resulting glTF sampler will behave like the first shader node tex image.
00:08:18 | INFO: Primitives created: 1
00:08:18 | INFO: Extracting primitive: KIT_stage_fog_plane_render.017
00:08:18 | INFO: Primitives created: 1
00:08:18 | INFO: Finished glTF 2.0 export in 0.06983613967895508 s

00:08:18 | INFO: Starting glTF 2.0 export
00:08:18 | INFO: Extracting primitive: COL_cell_floor.006
00:08:18 | INFO: Primitives created: 1
00:08:18 | INFO: Extracting primitive: COL_cell_floor.007
00:08:18 | INFO: Primitives created: 1
00:08:18 | INFO: Extracting primitive: COL_cell_floor.008
00:08:18 | INFO: Primitives created: 1
00:08:18 | INFO: Extracting primitive: COL_cell_floor.009
00:08:18 | INFO: Primitives created: 1
00:08:18 | INFO: Extracting primitive: COL_cell_floor.010
00:08:18 | INFO: Primitives created: 1
00:08:18 | INFO: Extracting primitive: COL_cell_floor.011
00:08:18 | INFO: Primitives created: 1
00:08:18 | INFO: Extracting primitive: COL_cell_wall.012
00:08:18 | INFO: Primitives created: 1
00:08:18 | INFO: Extracting primitive: COL_cell_wall.013
00:08:18 | INFO: Primitives created: 1
00:08:18 | INFO: Extracting primitive: COL_cell_wall.014
00:08:18 | INFO: Primitives created: 1
00:08:18 | INFO: Extracting primitive: COL_cell_wall.015
00:08:18 | INFO: Primitives created: 1
00:08:18 | INFO: Extracting primitive: COL_cell_wall.016
00:08:18 | INFO: Primitives created: 1
00:08:18 | INFO: Extracting primitive: COL_cell_wall.017
00:08:18 | INFO: Primitives created: 1
00:08:18 | INFO: Extracting primitive: COL_cell_wall.018
00:08:18 | INFO: Primitives created: 1
00:08:18 | INFO: Extracting primitive: COL_cell_wall.019
00:08:18 | INFO: Primitives created: 1
00:08:18 | INFO: Extracting primitive: COL_cell_wall.020
00:08:18 | INFO: Primitives created: 1
00:08:18 | INFO: Extracting primitive: COL_cell_wall.021
00:08:18 | INFO: Primitives created: 1
00:08:18 | INFO: Extracting primitive: COL_cell_wall.022
00:08:18 | INFO: Primitives created: 1
00:08:18 | INFO: Extracting primitive: COL_cell_wall.023
00:08:18 | INFO: Primitives created: 1
00:08:18 | INFO: Extracting primitive: COL_entry_corridor.001
00:08:18 | INFO: Primitives created: 1
00:08:18 | INFO: Extracting primitive: COL_entry_walk.002
00:08:18 | INFO: Primitives created: 1
00:08:18 | INFO: Extracting primitive: COL_entry_walk.003
00:08:18 | INFO: Primitives created: 1
00:08:18 | INFO: Extracting primitive: COL_floor_joint_cell_threshold_0.001
00:08:18 | INFO: Primitives created: 1
00:08:18 | INFO: Extracting primitive: COL_floor_joint_cell_threshold_1.001
00:08:18 | INFO: Primitives created: 1
00:08:18 | INFO: Extracting primitive: COL_floor_joint_cell_threshold_2.001
00:08:18 | INFO: Primitives created: 1
00:08:18 | INFO: Extracting primitive: COL_floor_joint_cell_threshold_3.001
00:08:18 | INFO: Primitives created: 1
00:08:18 | INFO: Extracting primitive: COL_floor_joint_cell_threshold_4.001
00:08:18 | INFO: Primitives created: 1
00:08:18 | INFO: Extracting primitive: COL_floor_joint_cell_threshold_5.001
00:08:18 | INFO: Primitives created: 1
00:08:18 | INFO: Extracting primitive: Cube.193
00:08:18 | INFO: Primitives created: 1
00:08:18 | INFO: Extracting primitive: Cube.194
00:08:18 | INFO: Primitives created: 1
00:08:18 | INFO: Extracting primitive: Cube.195
00:08:18 | INFO: Primitives created: 1
00:08:18 | INFO: Extracting primitive: Cube.196
00:08:18 | INFO: Primitives created: 1
00:08:18 | INFO: Extracting primitive: Cube.197
00:08:18 | INFO: Primitives created: 1
00:08:18 | INFO: Extracting primitive: Cube.198
00:08:18 | INFO: Primitives created: 1
00:08:18 | INFO: Extracting primitive: Cube.199
00:08:18 | INFO: Primitives created: 1
00:08:18 | INFO: Extracting primitive: Cube.200
00:08:18 | INFO: Primitives created: 1
00:08:18 | INFO: Extracting primitive: Cube.151
00:08:18 | INFO: Primitives created: 1
00:08:18 | INFO: Extracting primitive: Cube.152
00:08:18 | INFO: Primitives created: 1
00:08:18 | INFO: Extracting primitive: Cube.153
00:08:18 | INFO: Primitives created: 1
00:08:18 | INFO: Extracting primitive: Cube.154
00:08:18 | INFO: Primitives created: 1
00:08:18 | INFO: Extracting primitive: Cube.155
00:08:18 | INFO: Primitives created: 1
00:08:18 | INFO: Extracting primitive: Cube.156
00:08:18 | INFO: Primitives created: 1
00:08:18 | INFO: Extracting primitive: Cube.157
00:08:18 | INFO: Primitives created: 1
00:08:18 | INFO: Extracting primitive: Cube.158
00:08:18 | INFO: Primitives created: 1
00:08:18 | INFO: Extracting primitive: Cube.159
00:08:18 | INFO: Primitives created: 1
00:08:18 | INFO: Extracting primitive: Cube.160
00:08:18 | INFO: Primitives created: 1
00:08:18 | INFO: Extracting primitive: Cube.161
00:08:18 | INFO: Primitives created: 1
00:08:18 | INFO: Extracting primitive: Cube.162
00:08:18 | INFO: Primitives created: 1
00:08:18 | INFO: Extracting primitive: Cube.163
00:08:18 | INFO: Primitives created: 1
00:08:18 | INFO: Extracting primitive: Cube.164
00:08:18 | INFO: Primitives created: 1
00:08:18 | INFO: Extracting primitive: Cube.165
00:08:18 | INFO: Primitives created: 1
00:08:18 | INFO: Extracting primitive: Cube.166
00:08:18 | INFO: Primitives created: 1
00:08:18 | INFO: Extracting primitive: Cube.167
00:08:18 | INFO: Primitives created: 1
00:08:18 | INFO: Extracting primitive: Cube.168
00:08:18 | INFO: Primitives created: 1
00:08:18 | INFO: Extracting primitive: Cube.169
00:08:18 | INFO: Primitives created: 1
00:08:18 | INFO: Extracting primitive: Cube.170
00:08:18 | INFO: Primitives created: 1
00:08:18 | INFO: Extracting primitive: Cube.171
00:08:18 | INFO: Primitives created: 1
00:08:18 | INFO: Extracting primitive: Cube.172
00:08:18 | INFO: Primitives created: 1
00:08:18 | INFO: Extracting primitive: Cube.173
00:08:18 | INFO: Primitives created: 1
00:08:18 | INFO: Extracting primitive: Cube.174
00:08:18 | INFO: Primitives created: 1
00:08:18 | INFO: Extracting primitive: Cube.175
00:08:18 | INFO: Primitives created: 1
00:08:18 | INFO: Extracting primitive: Cube.176
00:08:18 | INFO: Primitives created: 1
00:08:18 | INFO: Extracting primitive: Cube.177
00:08:18 | INFO: Primitives created: 1
00:08:18 | INFO: Extracting primitive: Cube.178
00:08:18 | INFO: Primitives created: 1
00:08:18 | INFO: Extracting primitive: Cube.179
00:08:18 | INFO: Primitives created: 1
00:08:18 | INFO: Extracting primitive: Cube.180
00:08:18 | INFO: Primitives created: 1
00:08:18 | INFO: Extracting primitive: Cube.181
00:08:18 | INFO: Primitives created: 1
00:08:18 | INFO: Extracting primitive: Cube.182
00:08:18 | INFO: Primitives created: 1
00:08:18 | INFO: Extracting primitive: Cube.183
00:08:18 | INFO: Primitives created: 1
00:08:18 | INFO: Extracting primitive: Cube.184
00:08:18 | INFO: Primitives created: 1
00:08:18 | INFO: Extracting primitive: Cube.185
00:08:18 | INFO: Primitives created: 1
00:08:18 | INFO: Extracting primitive: Cube.186
00:08:18 | INFO: Primitives created: 1
00:08:18 | INFO: Extracting primitive: Cube.187
00:08:18 | INFO: Primitives created: 1
00:08:18 | INFO: Extracting primitive: Cube.188
00:08:18 | INFO: Primitives created: 1
00:08:18 | INFO: Extracting primitive: Cube.189
00:08:18 | INFO: Primitives created: 1
00:08:18 | INFO: Extracting primitive: Cube.190
00:08:18 | INFO: Primitives created: 1
00:08:18 | INFO: Extracting primitive: Cube.191
00:08:18 | INFO: Primitives created: 1
00:08:18 | INFO: Extracting primitive: Cube.192
00:08:18 | INFO: Primitives created: 1
00:08:18 | INFO: Extracting primitive: KIT_tech_cell_side.012
00:08:18 | INFO: Primitives created: 1
00:08:18 | INFO: Extracting primitive: KIT_wall_window_bar.030
00:08:18 | INFO: Primitives created: 1
00:08:18 | INFO: Extracting primitive: KIT_stage_entry_walk.002
00:08:18 | INFO: Primitives created: 1
00:08:18 | INFO: Extracting primitive: KIT_props_folding_chair_render.001
00:08:18 | WARNING: More than one shader node tex image used for a texture. The resulting glTF sampler will behave like the first shader node tex image.
00:08:18 | INFO: Primitives created: 1
00:08:18 | INFO: Extracting primitive: KIT_stage_floor_boards_render.002
00:08:18 | WARNING: More than one shader node tex image used for a texture. The resulting glTF sampler will behave like the first shader node tex image.
00:08:18 | INFO: Primitives created: 1
00:08:18 | INFO: Extracting primitive: KIT_stage_gel_frame_render.002
00:08:18 | INFO: Primitives created: 2
00:08:18 | INFO: Extracting primitive: KIT_stage_studio_wall_render.002
00:08:18 | INFO: Primitives created: 1
00:08:18 | INFO: Extracting primitive: KIT_stage_fog_plane_render.020
00:08:18 | INFO: Primitives created: 1
00:08:18 | INFO: Extracting primitive: KIT_tech_terminal_desk_render.001
00:08:18 | WARNING: More than one shader node tex image used for a texture. The resulting glTF sampler will behave like the first shader node tex image.
00:08:18 | INFO: Primitives created: 1
00:08:18 | INFO: Extracting primitive: KIT_props_scroll_render.001
00:08:18 | WARNING: More than one shader node tex image used for a texture. The resulting glTF sampler will behave like the first shader node tex image.
00:08:18 | INFO: Primitives created: 1
00:08:18 | INFO: Finished glTF 2.0 export in 0.1624159812927246 s

00:08:19 | INFO: Starting glTF 2.0 export
00:08:19 | INFO: Extracting primitive: COL_qiushuang-zhai_floor.001
00:08:19 | INFO: Primitives created: 1
00:08:19 | INFO: Extracting primitive: COL_study_desk_centre.002
00:08:19 | INFO: Primitives created: 1
00:08:19 | INFO: Extracting primitive: COL_study_desk_left.002
00:08:19 | INFO: Primitives created: 1
00:08:19 | INFO: Extracting primitive: COL_study_desk_right.002
00:08:19 | INFO: Primitives created: 1
00:08:19 | INFO: Extracting primitive: COL_study_front_walk.002
00:08:19 | INFO: Primitives created: 1
00:08:19 | INFO: Extracting primitive: COL_study_front_wall.002
00:08:19 | INFO: Primitives created: 1
00:08:19 | INFO: Extracting primitive: COL_study_post.001
00:08:19 | INFO: Primitives created: 1
00:08:19 | INFO: Extracting primitive: COL_study_post.002
00:08:19 | INFO: Primitives created: 1
00:08:19 | INFO: Extracting primitive: COL_study_post.003
00:08:19 | INFO: Primitives created: 1
00:08:19 | INFO: Extracting primitive: COL_study_post.008
00:08:19 | INFO: Primitives created: 1
00:08:19 | INFO: Extracting primitive: Cube.201
00:08:19 | INFO: Primitives created: 1
00:08:19 | INFO: Extracting primitive: Cube.202
00:08:19 | INFO: Primitives created: 1
00:08:19 | INFO: Extracting primitive: Cube.203
00:08:19 | INFO: Primitives created: 1
00:08:19 | INFO: Extracting primitive: HERO_study_scroll_bamboo.002
00:08:19 | INFO: Primitives created: 1
00:08:19 | INFO: Extracting primitive: HERO_study_scroll_plum.002
00:08:19 | INFO: Primitives created: 1
00:08:19 | INFO: Extracting primitive: HERO_study_title.002
00:08:19 | WARNING: More than one shader node tex image used for a texture. The resulting glTF sampler will behave like the first shader node tex image.
00:08:19 | INFO: Primitives created: 1
00:08:19 | INFO: Extracting primitive: SITE_qiushuang-zhai_backstage.001
00:08:19 | INFO: Primitives created: 1
00:08:19 | INFO: Extracting primitive: KIT_pavilion_finial.005
00:08:19 | INFO: Primitives created: 1
00:08:19 | INFO: Extracting primitive: KIT_wall_lattice_vertical.042
00:08:19 | INFO: Primitives created: 1
00:08:19 | INFO: Extracting primitive: SITE_qiushuang-zhai_platform.001
00:08:19 | INFO: Primitives created: 1
00:08:19 | INFO: Extracting primitive: KIT_props_lantern_hanging_render.010
00:08:19 | WARNING: More than one shader node tex image used for a texture. The resulting glTF sampler will behave like the first shader node tex image.
00:08:19 | INFO: Primitives created: 1
00:08:19 | INFO: Extracting primitive: KIT_pavilion_roof.005
00:08:19 | INFO: Primitives created: 1
00:08:19 | INFO: Extracting primitive: KIT_tech_terminal_desk_render.007
00:08:19 | WARNING: More than one shader node tex image used for a texture. The resulting glTF sampler will behave like the first shader node tex image.
00:08:19 | INFO: Primitives created: 1
00:08:19 | INFO: Extracting primitive: SITE_qiushuang-zhai_front.001
00:08:19 | INFO: Primitives created: 1
00:08:19 | INFO: Finished glTF 2.0 export in 0.04863619804382324 s

00:08:21 | INFO: Starting glTF 2.0 export
00:08:21 | INFO: Extracting primitive: COL_tubi-tang_floor.001
00:08:21 | INFO: Primitives created: 1
00:08:21 | INFO: Extracting primitive: COL_tubi_closed_hall.002
00:08:21 | INFO: Primitives created: 1
00:08:21 | INFO: Extracting primitive: COL_tubi_hall_post.001
00:08:21 | INFO: Primitives created: 1
00:08:21 | INFO: Extracting primitive: COL_tubi_hall_post.002
00:08:21 | INFO: Primitives created: 1
00:08:21 | INFO: Extracting primitive: COL_tubi_hall_post.006
00:08:21 | INFO: Primitives created: 1
00:08:21 | INFO: Extracting primitive: COL_tubi_parapet.001
00:08:21 | INFO: Primitives created: 1
00:08:21 | INFO: Extracting primitive: COL_tubi_parapet.002
00:08:21 | INFO: Primitives created: 1
00:08:21 | INFO: Extracting primitive: COL_tubi_parapet.003
00:08:21 | INFO: Primitives created: 1
00:08:21 | INFO: Extracting primitive: COL_tubi_parapet.008
00:08:21 | INFO: Primitives created: 1
00:08:21 | INFO: Extracting primitive: COL_tubi_stair_guard.001
00:08:21 | INFO: Primitives created: 1
00:08:21 | INFO: Extracting primitive: COL_tubi_stair_guard.004
00:08:21 | INFO: Primitives created: 1
00:08:21 | INFO: Extracting primitive: COL_tubi_stair_ramp.002
00:08:21 | INFO: Primitives created: 1
00:08:21 | INFO: Extracting primitive: COL_tubi_terrace.002
00:08:21 | INFO: Primitives created: 1
00:08:21 | INFO: Extracting primitive: COL_tubi_topic_table.002
00:08:21 | INFO: Primitives created: 1
00:08:21 | INFO: Extracting primitive: COL_tubi_view_bench_left.001
00:08:21 | INFO: Primitives created: 1
00:08:21 | INFO: Extracting primitive: COL_tubi_view_bench_right.001
00:08:21 | INFO: Primitives created: 1
00:08:21 | INFO: Extracting primitive: HERO_tubi_title.002
00:08:21 | WARNING: More than one shader node tex image used for a texture. The resulting glTF sampler will behave like the first shader node tex image.
00:08:21 | INFO: Primitives created: 1
00:08:21 | INFO: Extracting primitive: SITE_tubi-tang_backstage.001
00:08:21 | INFO: Primitives created: 1
00:08:21 | INFO: Extracting primitive: KIT_pavilion_finial.007
00:08:21 | INFO: Primitives created: 1
00:08:21 | INFO: Extracting primitive: KIT_wall_amber_window.003
00:08:21 | INFO: Primitives created: 1
00:08:21 | INFO: Extracting primitive: TUBI_topic_line.001
00:08:21 | INFO: Primitives created: 1
00:08:21 | INFO: Extracting primitive: KIT_wall_lattice_vertical.063
00:08:21 | INFO: Primitives created: 1
00:08:21 | INFO: Extracting primitive: SITE_tubi-tang_platform.001
00:08:21 | INFO: Primitives created: 1
00:08:21 | INFO: Extracting primitive: KIT_props_lantern_hanging_render.012
00:08:21 | WARNING: More than one shader node tex image used for a texture. The resulting glTF sampler will behave like the first shader node tex image.
00:08:21 | INFO: Primitives created: 1
00:08:21 | INFO: Extracting primitive: KIT_pavilion_roof.007
00:08:21 | INFO: Primitives created: 1
00:08:21 | INFO: Extracting primitive: TUBI_terrace.002
00:08:21 | INFO: Primitives created: 1
00:08:21 | INFO: Extracting primitive: SITE_tubi-tang_front.001
00:08:21 | INFO: Primitives created: 1
00:08:21 | INFO: Finished glTF 2.0 export in 0.03966689109802246 s

IMPERIAL_JOINED_TOPOLOGY {(16, 26): 2, (16, 28): 576}
00:08:26 | INFO: Starting glTF 2.0 export
00:08:26 | INFO: Extracting primitive: COL_daguan_central_step.003
00:08:26 | INFO: Primitives created: 1
00:08:26 | INFO: Extracting primitive: COL_daguan_central_step.004
00:08:26 | INFO: Primitives created: 1
00:08:26 | INFO: Extracting primitive: COL_daguan_central_step.005
00:08:26 | INFO: Primitives created: 1
00:08:26 | INFO: Extracting primitive: COL_daguan_closed_front.001
00:08:26 | INFO: Primitives created: 1
00:08:26 | INFO: Extracting primitive: COL_daguan_column.006
00:08:26 | INFO: Primitives created: 1
00:08:26 | INFO: Extracting primitive: COL_daguan_column.007
00:08:26 | INFO: Primitives created: 1
00:08:26 | INFO: Extracting primitive: COL_daguan_column.008
00:08:26 | INFO: Primitives created: 1
00:08:26 | INFO: Extracting primitive: COL_daguan_column.009
00:08:26 | INFO: Primitives created: 1
00:08:26 | INFO: Extracting primitive: COL_daguan_column.010
00:08:26 | INFO: Primitives created: 1
00:08:26 | INFO: Extracting primitive: COL_daguan_column.011
00:08:26 | INFO: Primitives created: 1
00:08:26 | INFO: Extracting primitive: COL_daguan_floor.001
00:08:26 | INFO: Primitives created: 1
00:08:26 | INFO: Extracting primitive: COL_daguan_return_wall.002
00:08:26 | INFO: Primitives created: 1
00:08:26 | INFO: Extracting primitive: COL_daguan_return_wall.003
00:08:26 | INFO: Primitives created: 1
00:08:26 | INFO: Extracting primitive: HERO_daguan_title.001
00:08:26 | WARNING: More than one shader node tex image used for a texture. The resulting glTF sampler will behave like the first shader node tex image.
00:08:26 | INFO: Primitives created: 1
00:08:26 | INFO: Extracting primitive: DAGUAN_backstage.001
00:08:26 | INFO: Primitives created: 1
00:08:26 | INFO: Extracting primitive: DAGUAN_door_stud.180
00:08:26 | INFO: Primitives created: 1
00:08:26 | INFO: Extracting primitive: DAGUAN_amber_transom.002
00:08:26 | INFO: Primitives created: 1
00:08:26 | INFO: Extracting primitive: DAGUAN_closed_door.010
00:08:26 | INFO: Primitives created: 1
00:08:26 | INFO: Extracting primitive: DAGUAN_recessed_panel.020
00:08:26 | INFO: Primitives created: 1
00:08:26 | INFO: Extracting primitive: DAGUAN_column.006
00:08:26 | INFO: Primitives created: 1
00:08:26 | INFO: Extracting primitive: DAGUAN_platform.001
00:08:26 | INFO: Primitives created: 1
00:08:26 | INFO: Extracting primitive: DAGUAN_lower_roof.001
00:08:26 | INFO: Primitives created: 1
00:08:26 | INFO: Extracting primitive: DAGUAN_front.001
00:08:26 | INFO: Primitives created: 1
00:08:26 | INFO: Finished glTF 2.0 export in 0.04360795021057129 s

00:08:26 | INFO: Starting glTF 2.0 export
00:08:26 | INFO: Extracting primitive: COL_ouxiang_approach.001
00:08:26 | INFO: Primitives created: 1
00:08:26 | INFO: Extracting primitive: COL_ouxiang_deck.001
00:08:26 | INFO: Primitives created: 1
00:08:26 | INFO: Extracting primitive: COL_ouxiang_post.004
00:08:26 | INFO: Primitives created: 1
00:08:26 | INFO: Extracting primitive: COL_ouxiang_post.005
00:08:26 | INFO: Primitives created: 1
00:08:26 | INFO: Extracting primitive: COL_ouxiang_post.006
00:08:26 | INFO: Primitives created: 1
00:08:26 | INFO: Extracting primitive: COL_ouxiang_post.007
00:08:26 | INFO: Primitives created: 1
00:08:26 | INFO: Extracting primitive: COL_ouxiang_rail.002
00:08:26 | INFO: Primitives created: 1
00:08:26 | INFO: Extracting primitive: COL_ouxiang_rail.003
00:08:26 | INFO: Primitives created: 1
00:08:26 | INFO: Extracting primitive: COL_ouxiang_side_rail.004
00:08:26 | INFO: Primitives created: 1
00:08:26 | INFO: Extracting primitive: COL_ouxiang_side_rail.005
00:08:26 | INFO: Primitives created: 1
00:08:26 | INFO: Extracting primitive: COL_ouxiang_side_rail.006
00:08:26 | INFO: Primitives created: 1
00:08:26 | INFO: Extracting primitive: COL_ouxiang_side_rail.007
00:08:26 | INFO: Primitives created: 1
00:08:26 | INFO: Extracting primitive: COL_ouxiang_table.001
00:08:26 | INFO: Primitives created: 1
00:08:26 | INFO: Extracting primitive: KIT_props_tea_cup.006
00:08:26 | INFO: Primitives created: 1
00:08:26 | INFO: Extracting primitive: KIT_water_lotus_leaf.007
00:08:26 | INFO: Primitives created: 1
00:08:26 | INFO: Extracting primitive: SITE_ouxiang_deck.001
00:08:26 | INFO: Primitives created: 1
00:08:26 | INFO: Extracting primitive: KIT_pavilion_water_pier.004
00:08:26 | INFO: Primitives created: 1
00:08:26 | INFO: Extracting primitive: KIT_props_lantern_hanging_render.013
00:08:26 | WARNING: More than one shader node tex image used for a texture. The resulting glTF sampler will behave like the first shader node tex image.
00:08:26 | INFO: Primitives created: 1
00:08:26 | INFO: Extracting primitive: KIT_pavilion_water_hipped_roof.001
00:08:26 | INFO: Primitives created: 1
00:08:26 | INFO: Finished glTF 2.0 export in 0.04262900352478027 s

00:08:28 | INFO: Starting glTF 2.0 export
00:08:28 | INFO: Extracting primitive: COL_hengwu-yuan_floor.001
00:08:28 | INFO: Primitives created: 1
00:08:28 | INFO: Extracting primitive: COL_hengwu_closed_hall.002
00:08:28 | INFO: Primitives created: 1
00:08:28 | INFO: Extracting primitive: COL_hengwu_court.002
00:08:28 | INFO: Primitives created: 1
00:08:28 | INFO: Extracting primitive: COL_hengwu_hall_post.001
00:08:28 | INFO: Primitives created: 1
00:08:28 | INFO: Extracting primitive: COL_hengwu_hall_post.002
00:08:28 | INFO: Primitives created: 1
00:08:28 | INFO: Extracting primitive: COL_hengwu_hall_post.006
00:08:28 | INFO: Primitives created: 1
00:08:28 | INFO: Extracting primitive: COL_wall_bay.001
00:08:28 | INFO: Primitives created: 1
00:08:28 | INFO: Extracting primitive: COL_wall_bay.002
00:08:28 | INFO: Primitives created: 1
00:08:28 | INFO: Extracting primitive: COL_wall_bay.003
00:08:28 | INFO: Primitives created: 1
00:08:28 | INFO: Extracting primitive: COL_wall_bay.004
00:08:28 | INFO: Primitives created: 1
00:08:28 | INFO: Extracting primitive: COL_wall_bay.005
00:08:28 | INFO: Primitives created: 1
00:08:28 | INFO: Extracting primitive: COL_wall_bay.006
00:08:28 | INFO: Primitives created: 1
00:08:28 | INFO: Extracting primitive: KIT_wall_plaster.002
00:08:28 | INFO: Primitives created: 1
00:08:28 | INFO: Extracting primitive: COL_wall_window.001
00:08:28 | INFO: Primitives created: 1
00:08:28 | INFO: Extracting primitive: COL_wall_window.002
00:08:28 | INFO: Primitives created: 1
00:08:28 | INFO: Extracting primitive: COL_hengwu_rock.001
00:08:28 | INFO: Primitives created: 1
00:08:28 | INFO: Extracting primitive: COL_hengwu_rock.002
00:08:28 | INFO: Primitives created: 1
00:08:28 | INFO: Extracting primitive: COL_hengwu_rock.006
00:08:28 | INFO: Primitives created: 1
00:08:28 | INFO: Extracting primitive: COL_hengwu_stool.001
00:08:28 | INFO: Primitives created: 1
00:08:28 | INFO: Extracting primitive: COL_hengwu_stool.002
00:08:28 | INFO: Primitives created: 1
00:08:28 | INFO: Extracting primitive: COL_hengwu_stool.003
00:08:28 | INFO: Primitives created: 1
00:08:28 | INFO: Extracting primitive: COL_hengwu_stool.008
00:08:28 | INFO: Primitives created: 1
00:08:28 | INFO: Extracting primitive: COL_hengwu_table.002
00:08:28 | INFO: Primitives created: 1
00:08:28 | INFO: Extracting primitive: HERO_hengwu-yuan_title.002
00:08:28 | WARNING: More than one shader node tex image used for a texture. The resulting glTF sampler will behave like the first shader node tex image.
00:08:28 | INFO: Primitives created: 1
00:08:28 | INFO: Extracting primitive: SITE_hengwu-yuan_backstage.001
00:08:28 | INFO: Primitives created: 1
00:08:28 | INFO: Extracting primitive: KIT_pavilion_finial.011
00:08:28 | INFO: Primitives created: 1
00:08:28 | INFO: Extracting primitive: KIT_wall_amber_window.006
00:08:28 | INFO: Primitives created: 1
00:08:28 | INFO: Extracting primitive: HENGWU_herb_leaf.001
00:08:28 | INFO: Primitives created: 1
00:08:28 | INFO: Extracting primitive: KIT_wall_lattice_vertical.105
00:08:28 | INFO: Primitives created: 1
00:08:28 | INFO: Extracting primitive: SITE_hengwu-yuan_platform.001
00:08:28 | INFO: Primitives created: 1
00:08:28 | INFO: Extracting primitive: KIT_props_lantern_hanging_render.015
00:08:28 | WARNING: More than one shader node tex image used for a texture. The resulting glTF sampler will behave like the first shader node tex image.
00:08:28 | INFO: Primitives created: 1
00:08:28 | INFO: Extracting primitive: KIT_pavilion_roof.011
00:08:28 | INFO: Primitives created: 1
00:08:28 | INFO: Extracting primitive: KIT_wall_bay.001
00:08:28 | WARNING: More than one shader node tex image used for a texture. The resulting glTF sampler will behave like the first shader node tex image.
00:08:28 | INFO: Primitives created: 1
00:08:28 | INFO: Extracting primitive: SITE_hengwu-yuan_front.001
00:08:28 | INFO: Primitives created: 1
00:08:28 | INFO: Finished glTF 2.0 export in 0.1156148910522461 s

00:08:29 | INFO: Starting glTF 2.0 export
00:08:29 | INFO: Extracting primitive: COL_yihong_closed_front.002
00:08:29 | INFO: Primitives created: 1
00:08:29 | INFO: Extracting primitive: COL_yihong_court_side.001
00:08:29 | INFO: Primitives created: 1
00:08:29 | INFO: Extracting primitive: COL_yihong_court_side.004
00:08:29 | INFO: Primitives created: 1
00:08:29 | INFO: Extracting primitive: COL_yihong_floor.002
00:08:29 | INFO: Primitives created: 1
00:08:29 | INFO: Extracting primitive: COL_yihong_planter.001
00:08:29 | INFO: Primitives created: 1
00:08:29 | INFO: Extracting primitive: COL_yihong_planter.004
00:08:29 | INFO: Primitives created: 1
00:08:29 | INFO: Extracting primitive: COL_yihong_side_return.001
00:08:29 | INFO: Primitives created: 1
00:08:29 | INFO: Extracting primitive: COL_yihong_side_return.004
00:08:29 | INFO: Primitives created: 1
00:08:29 | INFO: Extracting primitive: COL_yihong_threshold.002
00:08:29 | INFO: Primitives created: 1
00:08:29 | INFO: Extracting primitive: KIT_flora_banana_render.001
00:08:29 | WARNING: More than one shader node tex image used for a texture. The resulting glTF sampler will behave like the first shader node tex image.
00:08:29 | INFO: Primitives created: 1
00:08:29 | INFO: Extracting primitive: KIT_flora_banana_render.002
00:08:29 | INFO: Primitives created: 1
00:08:29 | INFO: Extracting primitive: HERO_yihong-yuan_title.002
00:08:29 | WARNING: More than one shader node tex image used for a texture. The resulting glTF sampler will behave like the first shader node tex image.
00:08:29 | INFO: Primitives created: 1
00:08:29 | INFO: Extracting primitive: YIHONG_backstage.002
00:08:29 | INFO: Primitives created: 1
00:08:29 | INFO: Extracting primitive: YIHONG_door_rail.001
00:08:29 | INFO: Primitives created: 1
00:08:29 | INFO: Extracting primitive: YIHONG_amber_window.002
00:08:29 | INFO: Primitives created: 1
00:08:29 | INFO: Extracting primitive: YIHONG_door_panel.001
00:08:29 | INFO: Primitives created: 1
00:08:29 | INFO: Extracting primitive: YIHONG_paving.002
00:08:29 | INFO: Primitives created: 1
00:08:29 | INFO: Extracting primitive: YIHONG_court_cap.001
00:08:29 | INFO: Primitives created: 1
00:08:29 | INFO: Extracting primitive: YIHONG_closed_front.002
00:08:29 | INFO: Primitives created: 1
00:08:29 | INFO: Finished glTF 2.0 export in 0.02789616584777832 s

00:08:29 | INFO: Starting glTF 2.0 export
00:08:29 | INFO: Extracting primitive: COL_xiaoxiang_bamboo_bed.004
00:08:29 | INFO: Primitives created: 1
00:08:29 | INFO: Extracting primitive: COL_xiaoxiang_bamboo_bed.005
00:08:29 | INFO: Primitives created: 1
00:08:29 | INFO: Extracting primitive: COL_xiaoxiang_bamboo_bed.006
00:08:29 | INFO: Primitives created: 1
00:08:29 | INFO: Extracting primitive: COL_xiaoxiang_bamboo_bed.007
00:08:29 | INFO: Primitives created: 1
00:08:29 | INFO: Extracting primitive: COL_xiaoxiang_closed_front.001
00:08:29 | INFO: Primitives created: 1
00:08:29 | INFO: Extracting primitive: COL_xiaoxiang_floor.001
00:08:29 | INFO: Primitives created: 1
00:08:29 | INFO: Extracting primitive: COL_xiaoxiang_return.002
00:08:29 | INFO: Primitives created: 1
00:08:29 | INFO: Extracting primitive: COL_xiaoxiang_return.003
00:08:29 | INFO: Primitives created: 1
00:08:29 | INFO: Extracting primitive: COL_xiaoxiang_threshold.001
00:08:29 | INFO: Primitives created: 1
00:08:29 | INFO: Extracting primitive: KIT_flora_bamboo_large_render.003
00:08:29 | WARNING: More than one shader node tex image used for a texture. The resulting glTF sampler will behave like the first shader node tex image.
00:08:29 | INFO: Primitives created: 1
00:08:29 | INFO: Extracting primitive: KIT_flora_bamboo_medium_render.001
00:08:29 | INFO: Primitives created: 1
00:08:29 | INFO: Extracting primitive: KIT_flora_bamboo_small_render.002
00:08:29 | INFO: Primitives created: 1
00:08:29 | INFO: Extracting primitive: KIT_flora_bamboo_large_render.004
00:08:29 | INFO: Primitives created: 1
00:08:29 | INFO: Extracting primitive: HERO_xiaoxiang-guan_title.002
00:08:29 | WARNING: More than one shader node tex image used for a texture. The resulting glTF sampler will behave like the first shader node tex image.
00:08:29 | INFO: Primitives created: 1
00:08:29 | INFO: Extracting primitive: XIAOXIANG_black_back.001
00:08:29 | INFO: Primitives created: 1
00:08:29 | INFO: Extracting primitive: XIAOXIANG_gate_pull.002
00:08:29 | INFO: Primitives created: 1
00:08:29 | INFO: Extracting primitive: XIAOXIANG_amber_window.001
00:08:29 | INFO: Primitives created: 1
00:08:29 | INFO: Extracting primitive: XIAOXIANG_gate_leaf.002
00:08:29 | INFO: Primitives created: 1
00:08:29 | INFO: Extracting primitive: XIAOXIANG_paving.001
00:08:29 | INFO: Primitives created: 1
00:08:29 | INFO: Extracting primitive: XIAOXIANG_wall_cap.001
00:08:29 | INFO: Primitives created: 1
00:08:29 | INFO: Extracting primitive: XIAOXIANG_closed_front.001
00:08:29 | INFO: Primitives created: 1
00:08:29 | INFO: Finished glTF 2.0 export in 0.035711050033569336 s

00:08:30 | INFO: Starting glTF 2.0 export
00:08:30 | INFO: Extracting primitive: COL_longcui_burner.001
00:08:30 | INFO: Primitives created: 1
00:08:30 | INFO: Extracting primitive: COL_longcui_closed_front.001
00:08:30 | INFO: Primitives created: 1
00:08:30 | INFO: Extracting primitive: COL_longcui_floor.001
00:08:30 | INFO: Primitives created: 1
00:08:30 | INFO: Extracting primitive: COL_longcui_plum_trunk.002
00:08:30 | INFO: Primitives created: 1
00:08:30 | INFO: Extracting primitive: COL_longcui_plum_trunk.003
00:08:30 | INFO: Primitives created: 1
00:08:30 | INFO: Extracting primitive: COL_longcui_return.002
00:08:30 | INFO: Primitives created: 1
00:08:30 | INFO: Extracting primitive: COL_longcui_return.003
00:08:30 | INFO: Primitives created: 1
00:08:30 | INFO: Extracting primitive: COL_longcui_threshold.001
00:08:30 | INFO: Primitives created: 1
00:08:30 | INFO: Extracting primitive: KIT_flora_plum_render.001
00:08:30 | WARNING: More than one shader node tex image used for a texture. The resulting glTF sampler will behave like the first shader node tex image.
00:08:30 | INFO: Primitives created: 1
00:08:30 | INFO: Extracting primitive: KIT_flora_plum_render.002
00:08:30 | INFO: Primitives created: 1
00:08:30 | INFO: Extracting primitive: HERO_longcui-an_title.002
00:08:30 | WARNING: More than one shader node tex image used for a texture. The resulting glTF sampler will behave like the first shader node tex image.
00:08:30 | INFO: Primitives created: 1
00:08:30 | INFO: Extracting primitive: LONGCUI_backstage.001
00:08:30 | INFO: Primitives created: 1
00:08:30 | INFO: Extracting primitive: LONGCUI_gate_pull.002
00:08:30 | INFO: Primitives created: 1
00:08:30 | INFO: Extracting primitive: LONGCUI_closed_gate.002
00:08:30 | INFO: Primitives created: 1
00:08:30 | INFO: Extracting primitive: LONGCUI_paving.001
00:08:30 | INFO: Primitives created: 1
00:08:30 | INFO: Extracting primitive: KIT_props_lantern_hanging_render.016
00:08:30 | WARNING: More than one shader node tex image used for a texture. The resulting glTF sampler will behave like the first shader node tex image.
00:08:30 | INFO: Primitives created: 1
00:08:30 | INFO: Extracting primitive: LONGCUI_wall_cap.001
00:08:30 | INFO: Primitives created: 1
00:08:30 | INFO: Extracting primitive: LONGCUI_closed_front.001
00:08:30 | INFO: Primitives created: 1
00:08:30 | INFO: Finished glTF 2.0 export in 0.03233695030212402 s

00:08:30 | INFO: Starting glTF 2.0 export
00:08:30 | INFO: Extracting primitive: COL_aojing_closed_front.002
00:08:30 | INFO: Primitives created: 1
00:08:30 | INFO: Extracting primitive: COL_aojing_dry_ledge.002
00:08:30 | INFO: Primitives created: 1
00:08:30 | INFO: Extracting primitive: COL_aojing_hall_floor.002
00:08:30 | INFO: Primitives created: 1
00:08:30 | INFO: Extracting primitive: COL_aojing_ledge_end.002
00:08:30 | INFO: Primitives created: 1
00:08:30 | INFO: Extracting primitive: COL_aojing_ledge_parapet.002
00:08:30 | INFO: Primitives created: 1
00:08:30 | INFO: Extracting primitive: COL_aojing_return.001
00:08:30 | INFO: Primitives created: 1
00:08:30 | INFO: Extracting primitive: COL_aojing_return.004
00:08:30 | INFO: Primitives created: 1
00:08:30 | INFO: Extracting primitive: HERO_aojing-guan_title.002
00:08:30 | WARNING: More than one shader node tex image used for a texture. The resulting glTF sampler will behave like the first shader node tex image.
00:08:30 | INFO: Primitives created: 1
00:08:30 | INFO: Extracting primitive: AOJING_pond.002
00:08:30 | INFO: Primitives created: 1
00:08:30 | INFO: Extracting primitive: AOJING_backstage.002
00:08:30 | INFO: Primitives created: 1
00:08:30 | INFO: Extracting primitive: AOJING_amber_window.002
00:08:30 | INFO: Primitives created: 1
00:08:30 | INFO: Extracting primitive: AOJING_window_lattice.001
00:08:30 | INFO: Primitives created: 1
00:08:30 | INFO: Extracting primitive: AOJING_dry_ledge.002
00:08:30 | INFO: Primitives created: 1
00:08:30 | INFO: Extracting primitive: AOJING_roof.002
00:08:30 | INFO: Primitives created: 1
00:08:30 | INFO: Extracting primitive: AOJING_closed_front.002
00:08:30 | INFO: Primitives created: 1
00:08:30 | INFO: Finished glTF 2.0 export in 0.02591991424560547 s

00:08:31 | INFO: Starting glTF 2.0 export
00:08:31 | INFO: Extracting primitive: COL_daoxiang_closed_front.001
00:08:31 | INFO: Primitives created: 1
00:08:31 | INFO: Extracting primitive: COL_daoxiang_court.001
00:08:31 | INFO: Primitives created: 1
00:08:31 | INFO: Extracting primitive: COL_daoxiang_fence.004
00:08:31 | INFO: Primitives created: 1
00:08:31 | INFO: Extracting primitive: COL_daoxiang_fence.005
00:08:31 | INFO: Primitives created: 1
00:08:31 | INFO: Extracting primitive: COL_daoxiang_fence.006
00:08:31 | INFO: Primitives created: 1
00:08:31 | INFO: Extracting primitive: COL_daoxiang_fence.007
00:08:31 | INFO: Primitives created: 1
00:08:31 | INFO: Extracting primitive: COL_daoxiang_side.002
00:08:31 | INFO: Primitives created: 1
00:08:31 | INFO: Extracting primitive: COL_daoxiang_side.003
00:08:31 | INFO: Primitives created: 1
00:08:31 | INFO: Extracting primitive: HERO_daoxiang-cun_title.002
00:08:31 | WARNING: More than one shader node tex image used for a texture. The resulting glTF sampler will behave like the first shader node tex image.
00:08:31 | INFO: Primitives created: 1
00:08:31 | INFO: Extracting primitive: DAOXIANG_backstage.001
00:08:31 | INFO: Primitives created: 1
00:08:31 | INFO: Extracting primitive: DAOXIANG_door_latch.001
00:08:31 | INFO: Primitives created: 1
00:08:31 | INFO: Extracting primitive: DAOXIANG_warm_sliver.001
00:08:31 | INFO: Primitives created: 1
00:08:31 | INFO: Extracting primitive: DAOXIANG_closed_door.001
00:08:31 | INFO: Primitives created: 1
00:08:31 | INFO: Extracting primitive: DAOXIANG_paddy_painting.001
00:08:31 | INFO: Primitives created: 1
00:08:31 | INFO: Extracting primitive: DAOXIANG_court.001
00:08:31 | INFO: Primitives created: 1
00:08:31 | INFO: Extracting primitive: DAOXIANG_thatch_mass.001
00:08:31 | INFO: Primitives created: 1
00:08:31 | INFO: Extracting primitive: DAOXIANG_front.001
00:08:31 | INFO: Primitives created: 1
00:08:31 | INFO: Finished glTF 2.0 export in 0.038218021392822266 s

00:08:32 | INFO: Starting glTF 2.0 export
00:08:32 | INFO: Extracting primitive: COL_water_bridge_side.001
00:08:32 | INFO: Primitives created: 1
00:08:32 | INFO: Extracting primitive: COL_water_bridge_side.004
00:08:32 | INFO: Primitives created: 1
00:08:32 | INFO: Extracting primitive: COL_water_bridge_deck.002
00:08:32 | INFO: Primitives created: 1
00:08:32 | INFO: Extracting primitive: COL_ziling_landing.001
00:08:32 | INFO: Primitives created: 1
00:08:32 | INFO: Extracting primitive: KIT_flora_reed_render.001
00:08:32 | WARNING: More than one shader node tex image used for a texture. The resulting glTF sampler will behave like the first shader node tex image.
00:08:32 | INFO: Primitives created: 1
00:08:32 | INFO: Extracting primitive: KIT_flora_reed_render.002
00:08:32 | INFO: Primitives created: 1
00:08:32 | INFO: Extracting primitive: KIT_flora_reed_render.003
00:08:32 | INFO: Primitives created: 1
00:08:32 | INFO: Extracting primitive: KIT_flora_reed_render.004
00:08:32 | INFO: Primitives created: 1
00:08:32 | INFO: Extracting primitive: KIT_flora_reed_render.005
00:08:32 | INFO: Primitives created: 1
00:08:32 | INFO: Extracting primitive: KIT_flora_reed_render.006
00:08:32 | INFO: Primitives created: 1
00:08:32 | INFO: Extracting primitive: KIT_flora_reed_render.007
00:08:32 | INFO: Primitives created: 1
00:08:32 | INFO: Extracting primitive: KIT_flora_reed_render.008
00:08:32 | INFO: Primitives created: 1
00:08:32 | INFO: Extracting primitive: KIT_flora_reed_render.009
00:08:32 | INFO: Primitives created: 1
00:08:32 | INFO: Extracting primitive: KIT_flora_reed_render.010
00:08:32 | INFO: Primitives created: 1
00:08:32 | INFO: Extracting primitive: KIT_water_lotus_leaf.011
00:08:32 | INFO: Primitives created: 1
00:08:32 | INFO: Extracting primitive: KIT_water_plank.002
00:08:32 | WARNING: More than one shader node tex image used for a texture. The resulting glTF sampler will behave like the first shader node tex image.
00:08:32 | INFO: Primitives created: 1
00:08:32 | INFO: Extracting primitive: SITE_ziling_island.001
00:08:32 | INFO: Primitives created: 1
00:08:32 | INFO: Finished glTF 2.0 export in 0.0363311767578125 s

00:08:32 | INFO: Starting glTF 2.0 export
00:08:32 | INFO: Extracting primitive: COL_aojing_approach.001
00:08:32 | INFO: Primitives created: 1
00:08:32 | INFO: Extracting primitive: COL_aojing_approach.004
00:08:32 | INFO: Primitives created: 1
00:08:32 | INFO: Extracting primitive: COL_aojing_approach_guard.001
00:08:32 | INFO: Primitives created: 1
00:08:32 | INFO: Extracting primitive: COL_aojing_approach_guard.004
00:08:32 | INFO: Primitives created: 1
00:08:32 | INFO: Extracting primitive: COL_aojing_approach_ramp.002
00:08:32 | INFO: Primitives created: 1
00:08:32 | INFO: Extracting primitive: COL_aojing_closed_front.002
00:08:32 | INFO: Primitives created: 1
00:08:32 | INFO: Extracting primitive: COL_aojing_dry_ledge.002
00:08:32 | INFO: Primitives created: 1
00:08:32 | INFO: Extracting primitive: COL_aojing_hall_floor.002
00:08:32 | INFO: Primitives created: 1
00:08:32 | INFO: Extracting primitive: COL_aojing_ledge_end.002
00:08:32 | INFO: Primitives created: 1
00:08:32 | INFO: Extracting primitive: COL_aojing_ledge_parapet.002
00:08:32 | INFO: Primitives created: 1
00:08:32 | INFO: Extracting primitive: COL_aojing_return.001
00:08:32 | INFO: Primitives created: 1
00:08:32 | INFO: Extracting primitive: COL_aojing_return.004
00:08:32 | INFO: Primitives created: 1
00:08:32 | INFO: Extracting primitive: Cube.147
00:08:32 | INFO: Primitives created: 1
00:08:32 | INFO: Extracting primitive: Cube.148
00:08:32 | INFO: Primitives created: 1
00:08:32 | INFO: Extracting primitive: Cube.149
00:08:32 | INFO: Primitives created: 1
00:08:32 | INFO: Extracting primitive: Cube.150
00:08:32 | INFO: Primitives created: 1
00:08:32 | INFO: Extracting primitive: COL_bridge_crosswalk.002
00:08:32 | INFO: Primitives created: 1
00:08:32 | INFO: Extracting primitive: COL_bridge_crosswalk.003
00:08:32 | INFO: Primitives created: 1
00:08:32 | INFO: Extracting primitive: COL_cell_floor.006
00:08:32 | INFO: Primitives created: 1
00:08:32 | INFO: Extracting primitive: COL_cell_floor.007
00:08:32 | INFO: Primitives created: 1
00:08:32 | INFO: Extracting primitive: COL_cell_floor.008
00:08:32 | INFO: Primitives created: 1
00:08:32 | INFO: Extracting primitive: COL_cell_floor.009
00:08:32 | INFO: Primitives created: 1
00:08:32 | INFO: Extracting primitive: COL_cell_floor.010
00:08:32 | INFO: Primitives created: 1
00:08:32 | INFO: Extracting primitive: COL_cell_floor.011
00:08:32 | INFO: Primitives created: 1
00:08:32 | INFO: Extracting primitive: COL_cell_wall.012
00:08:32 | INFO: Primitives created: 1
00:08:32 | INFO: Extracting primitive: COL_cell_wall.013
00:08:32 | INFO: Primitives created: 1
00:08:32 | INFO: Extracting primitive: COL_cell_wall.014
00:08:32 | INFO: Primitives created: 1
00:08:32 | INFO: Extracting primitive: COL_cell_wall.015
00:08:32 | INFO: Primitives created: 1
00:08:32 | INFO: Extracting primitive: COL_cell_wall.016
00:08:32 | INFO: Primitives created: 1
00:08:32 | INFO: Extracting primitive: COL_cell_wall.017
00:08:32 | INFO: Primitives created: 1
00:08:32 | INFO: Extracting primitive: COL_cell_wall.018
00:08:32 | INFO: Primitives created: 1
00:08:32 | INFO: Extracting primitive: COL_cell_wall.019
00:08:32 | INFO: Primitives created: 1
00:08:32 | INFO: Extracting primitive: COL_cell_wall.020
00:08:32 | INFO: Primitives created: 1
00:08:32 | INFO: Extracting primitive: COL_cell_wall.021
00:08:32 | INFO: Primitives created: 1
00:08:32 | INFO: Extracting primitive: COL_cell_wall.022
00:08:32 | INFO: Primitives created: 1
00:08:32 | INFO: Extracting primitive: COL_cell_wall.023
00:08:32 | INFO: Primitives created: 1
00:08:32 | INFO: Extracting primitive: COL_daguan_central_step.003
00:08:32 | INFO: Primitives created: 1
00:08:32 | INFO: Extracting primitive: COL_daguan_central_step.004
00:08:32 | INFO: Primitives created: 1
00:08:32 | INFO: Extracting primitive: COL_daguan_central_step.005
00:08:32 | INFO: Primitives created: 1
00:08:32 | INFO: Extracting primitive: COL_daguan_closed_front.001
00:08:32 | INFO: Primitives created: 1
00:08:32 | INFO: Extracting primitive: COL_daguan_column.006
00:08:32 | INFO: Primitives created: 1
00:08:32 | INFO: Extracting primitive: COL_daguan_column.007
00:08:32 | INFO: Primitives created: 1
00:08:32 | INFO: Extracting primitive: COL_daguan_column.008
00:08:32 | INFO: Primitives created: 1
00:08:32 | INFO: Extracting primitive: COL_daguan_column.009
00:08:32 | INFO: Primitives created: 1
00:08:32 | INFO: Extracting primitive: COL_daguan_column.010
00:08:32 | INFO: Primitives created: 1
00:08:32 | INFO: Extracting primitive: COL_daguan_column.011
00:08:32 | INFO: Primitives created: 1
00:08:32 | INFO: Extracting primitive: COL_daguan_floor.001
00:08:32 | INFO: Primitives created: 1
00:08:32 | INFO: Extracting primitive: COL_daguan_return_wall.002
00:08:32 | INFO: Primitives created: 1
00:08:32 | INFO: Extracting primitive: COL_daguan_return_wall.003
00:08:32 | INFO: Primitives created: 1
00:08:32 | INFO: Extracting primitive: COL_daoxiang_approach.002
00:08:32 | INFO: Primitives created: 1
00:08:32 | INFO: Extracting primitive: COL_daoxiang_approach.003
00:08:32 | INFO: Primitives created: 1
00:08:32 | INFO: Extracting primitive: COL_daoxiang_closed_front.001
00:08:32 | INFO: Primitives created: 1
00:08:32 | INFO: Extracting primitive: COL_daoxiang_court.001
00:08:32 | INFO: Primitives created: 1
00:08:32 | INFO: Extracting primitive: COL_daoxiang_fence.004
00:08:32 | INFO: Primitives created: 1
00:08:32 | INFO: Extracting primitive: COL_daoxiang_fence.005
00:08:32 | INFO: Primitives created: 1
00:08:32 | INFO: Extracting primitive: COL_daoxiang_fence.006
00:08:32 | INFO: Primitives created: 1
00:08:32 | INFO: Extracting primitive: COL_daoxiang_fence.007
00:08:32 | INFO: Primitives created: 1
00:08:32 | INFO: Extracting primitive: COL_daoxiang_side.002
00:08:32 | INFO: Primitives created: 1
00:08:32 | INFO: Extracting primitive: COL_daoxiang_side.003
00:08:32 | INFO: Primitives created: 1
00:08:32 | INFO: Extracting primitive: COL_entry_corridor.001
00:08:32 | INFO: Primitives created: 1
00:08:32 | INFO: Extracting primitive: COL_entry_walk.002
00:08:32 | INFO: Primitives created: 1
00:08:32 | INFO: Extracting primitive: COL_entry_walk.003
00:08:32 | INFO: Primitives created: 1
00:08:32 | INFO: Extracting primitive: COL_floor_joint_cell_threshold_0.001
00:08:32 | INFO: Primitives created: 1
00:08:32 | INFO: Extracting primitive: COL_floor_joint_cell_threshold_1.001
00:08:32 | INFO: Primitives created: 1
00:08:32 | INFO: Extracting primitive: COL_floor_joint_cell_threshold_2.001
00:08:32 | INFO: Primitives created: 1
00:08:32 | INFO: Extracting primitive: COL_floor_joint_cell_threshold_3.001
00:08:32 | INFO: Primitives created: 1
00:08:32 | INFO: Extracting primitive: COL_floor_joint_cell_threshold_4.001
00:08:32 | INFO: Primitives created: 1
00:08:32 | INFO: Extracting primitive: COL_floor_joint_cell_threshold_5.001
00:08:32 | INFO: Primitives created: 1
00:08:32 | INFO: Extracting primitive: COL_floor_joint_pavilion_east_joint.001
00:08:32 | INFO: Primitives created: 1
00:08:32 | INFO: Extracting primitive: COL_floor_joint_pavilion_west_joint.001
00:08:32 | INFO: Primitives created: 1
00:08:32 | INFO: Extracting primitive: Cube.146
00:08:32 | INFO: Primitives created: 1
00:08:32 | INFO: Extracting primitive: Cube.145
00:08:32 | INFO: Primitives created: 1
00:08:32 | INFO: Extracting primitive: COL_GATE_banana_planter.001
00:08:32 | INFO: Primitives created: 1
00:08:32 | INFO: Extracting primitive: KIT_rockery_passage.022
00:08:32 | INFO: Primitives created: 1
00:08:32 | INFO: Extracting primitive: KIT_rockery_passage.024
00:08:32 | INFO: Primitives created: 1
00:08:32 | INFO: Extracting primitive: KIT_rockery_cliff.006
00:08:32 | INFO: Primitives created: 1
00:08:32 | INFO: Extracting primitive: KIT_rockery_cliff.008
00:08:32 | INFO: Primitives created: 1
00:08:32 | INFO: Extracting primitive: KIT_rockery_passage.004
00:08:32 | INFO: Primitives created: 1
00:08:32 | INFO: Extracting primitive: KIT_rockery_passage.016
00:08:32 | INFO: Primitives created: 1
00:08:32 | INFO: Extracting primitive: KIT_rockery_passage.018
00:08:32 | INFO: Primitives created: 1
00:08:32 | INFO: Extracting primitive: KIT_rockery_passage.020
00:08:32 | INFO: Primitives created: 1
00:08:32 | INFO: Extracting primitive: GATE_paving.003
00:08:32 | INFO: Primitives created: 1
00:08:32 | INFO: Extracting primitive: COL_hengwu-yuan_floor.001
00:08:32 | INFO: Primitives created: 1
00:08:32 | INFO: Extracting primitive: COL_hengwu_approach.002
00:08:32 | INFO: Primitives created: 1
00:08:32 | INFO: Extracting primitive: COL_hengwu_approach.003
00:08:32 | INFO: Primitives created: 1
00:08:32 | INFO: Extracting primitive: COL_hengwu_closed_hall.002
00:08:32 | INFO: Primitives created: 1
00:08:32 | INFO: Extracting primitive: COL_hengwu_court.002
00:08:32 | INFO: Primitives created: 1
00:08:32 | INFO: Extracting primitive: COL_hengwu_hall_post.001
00:08:32 | INFO: Primitives created: 1
00:08:32 | INFO: Extracting primitive: COL_hengwu_hall_post.002
00:08:32 | INFO: Primitives created: 1
00:08:32 | INFO: Extracting primitive: COL_hengwu_hall_post.006
00:08:32 | INFO: Primitives created: 1
00:08:32 | INFO: Extracting primitive: COL_wall_bay.001
00:08:32 | INFO: Primitives created: 1
00:08:32 | INFO: Extracting primitive: COL_wall_bay.002
00:08:32 | INFO: Primitives created: 1
00:08:32 | INFO: Extracting primitive: COL_wall_bay.003
00:08:32 | INFO: Primitives created: 1
00:08:32 | INFO: Extracting primitive: COL_wall_bay.004
00:08:32 | INFO: Primitives created: 1
00:08:32 | INFO: Extracting primitive: COL_wall_bay.005
00:08:32 | INFO: Primitives created: 1
00:08:32 | INFO: Extracting primitive: COL_wall_bay.006
00:08:32 | INFO: Primitives created: 1
00:08:32 | INFO: Extracting primitive: KIT_wall_plaster.002
00:08:32 | INFO: Primitives created: 1
00:08:32 | INFO: Extracting primitive: COL_wall_window.001
00:08:32 | INFO: Primitives created: 1
00:08:32 | INFO: Extracting primitive: COL_wall_window.002
00:08:32 | INFO: Primitives created: 1
00:08:32 | INFO: Extracting primitive: COL_hengwu_rock.001
00:08:32 | INFO: Primitives created: 1
00:08:32 | INFO: Extracting primitive: COL_hengwu_rock.002
00:08:32 | INFO: Primitives created: 1
00:08:32 | INFO: Extracting primitive: COL_hengwu_rock.006
00:08:32 | INFO: Primitives created: 1
00:08:32 | INFO: Extracting primitive: COL_hengwu_stool.001
00:08:32 | INFO: Primitives created: 1
00:08:32 | INFO: Extracting primitive: COL_hengwu_stool.002
00:08:32 | INFO: Primitives created: 1
00:08:32 | INFO: Extracting primitive: COL_hengwu_stool.003
00:08:32 | INFO: Primitives created: 1
00:08:32 | INFO: Extracting primitive: COL_hengwu_stool.008
00:08:32 | INFO: Primitives created: 1
00:08:32 | INFO: Extracting primitive: COL_hengwu_table.002
00:08:32 | INFO: Primitives created: 1
00:08:32 | INFO: Extracting primitive: COL_longcui_approach.003
00:08:32 | INFO: Primitives created: 1
00:08:32 | INFO: Extracting primitive: COL_longcui_approach.004
00:08:32 | INFO: Primitives created: 1
00:08:32 | INFO: Extracting primitive: COL_longcui_approach.005
00:08:32 | INFO: Primitives created: 1
00:08:32 | INFO: Extracting primitive: COL_longcui_burner.001
00:08:32 | INFO: Primitives created: 1
00:08:32 | INFO: Extracting primitive: COL_longcui_closed_front.001
00:08:32 | INFO: Primitives created: 1
00:08:32 | INFO: Extracting primitive: COL_longcui_floor.001
00:08:32 | INFO: Primitives created: 1
00:08:32 | INFO: Extracting primitive: COL_longcui_plum_trunk.002
00:08:32 | INFO: Primitives created: 1
00:08:32 | INFO: Extracting primitive: COL_longcui_plum_trunk.003
00:08:32 | INFO: Primitives created: 1
00:08:32 | INFO: Extracting primitive: COL_longcui_return.002
00:08:32 | INFO: Primitives created: 1
00:08:32 | INFO: Extracting primitive: COL_longcui_return.003
00:08:32 | INFO: Primitives created: 1
00:08:32 | INFO: Extracting primitive: COL_longcui_threshold.001
00:08:32 | INFO: Primitives created: 1
00:08:32 | INFO: Extracting primitive: COL_ouxiang_approach.001
00:08:32 | INFO: Primitives created: 1
00:08:32 | INFO: Extracting primitive: COL_ouxiang_deck.001
00:08:32 | INFO: Primitives created: 1
00:08:32 | INFO: Extracting primitive: COL_ouxiang_post.004
00:08:32 | INFO: Primitives created: 1
00:08:32 | INFO: Extracting primitive: COL_ouxiang_post.005
00:08:32 | INFO: Primitives created: 1
00:08:32 | INFO: Extracting primitive: COL_ouxiang_post.006
00:08:32 | INFO: Primitives created: 1
00:08:32 | INFO: Extracting primitive: COL_ouxiang_post.007
00:08:32 | INFO: Primitives created: 1
00:08:32 | INFO: Extracting primitive: COL_ouxiang_rail.002
00:08:32 | INFO: Primitives created: 1
00:08:32 | INFO: Extracting primitive: COL_ouxiang_rail.003
00:08:32 | INFO: Primitives created: 1
00:08:32 | INFO: Extracting primitive: COL_ouxiang_side_rail.004
00:08:32 | INFO: Primitives created: 1
00:08:32 | INFO: Extracting primitive: COL_ouxiang_side_rail.005
00:08:32 | INFO: Primitives created: 1
00:08:32 | INFO: Extracting primitive: COL_ouxiang_side_rail.006
00:08:32 | INFO: Primitives created: 1
00:08:32 | INFO: Extracting primitive: COL_ouxiang_side_rail.007
00:08:32 | INFO: Primitives created: 1
00:08:32 | INFO: Extracting primitive: COL_ouxiang_table.001
00:08:32 | INFO: Primitives created: 1
00:08:32 | INFO: Extracting primitive: COL_corridor_floor.009
00:08:32 | INFO: Primitives created: 1
00:08:32 | INFO: Extracting primitive: COL_corridor_side.015
00:08:32 | INFO: Primitives created: 1
00:08:32 | INFO: Extracting primitive: COL_corridor_side.016
00:08:32 | INFO: Primitives created: 1
00:08:32 | INFO: Extracting primitive: COL_corridor_post.016
00:08:32 | INFO: Primitives created: 1
00:08:32 | INFO: Extracting primitive: COL_corridor_post.017
00:08:32 | INFO: Primitives created: 1
00:08:32 | INFO: Extracting primitive: COL_corridor_floor.010
00:08:32 | INFO: Primitives created: 1
00:08:32 | INFO: Extracting primitive: COL_corridor_side.017
00:08:32 | INFO: Primitives created: 1
00:08:32 | INFO: Extracting primitive: COL_corridor_side.018
00:08:32 | INFO: Primitives created: 1
00:08:32 | INFO: Extracting primitive: COL_corridor_post.018
00:08:32 | INFO: Primitives created: 1
00:08:32 | INFO: Extracting primitive: COL_corridor_post.019
00:08:32 | INFO: Primitives created: 1
00:08:32 | INFO: Extracting primitive: COL_corridor_floor.011
00:08:32 | INFO: Primitives created: 1
00:08:32 | INFO: Extracting primitive: COL_corridor_side.019
00:08:32 | INFO: Primitives created: 1
00:08:32 | INFO: Extracting primitive: COL_corridor_side.020
00:08:32 | INFO: Primitives created: 1
00:08:32 | INFO: Extracting primitive: COL_corridor_post.020
00:08:32 | INFO: Primitives created: 1
00:08:32 | INFO: Extracting primitive: COL_corridor_post.021
00:08:32 | INFO: Primitives created: 1
00:08:32 | INFO: Extracting primitive: COL_corridor_floor.012
00:08:32 | INFO: Primitives created: 1
00:08:32 | INFO: Extracting primitive: COL_corridor_side.021
00:08:32 | INFO: Primitives created: 1
00:08:32 | INFO: Extracting primitive: COL_corridor_side.022
00:08:32 | INFO: Primitives created: 1
00:08:32 | INFO: Extracting primitive: COL_corridor_post.022
00:08:32 | INFO: Primitives created: 1
00:08:32 | INFO: Extracting primitive: COL_corridor_post.023
00:08:32 | INFO: Primitives created: 1
00:08:32 | INFO: Extracting primitive: COL_corridor_floor.001
00:08:32 | INFO: Primitives created: 1
00:08:32 | INFO: Extracting primitive: COL_corridor_side.001
00:08:32 | INFO: Primitives created: 1
00:08:32 | INFO: Extracting primitive: COL_corridor_side.002
00:08:32 | INFO: Primitives created: 1
00:08:32 | INFO: Extracting primitive: COL_corridor_post.001
00:08:32 | INFO: Primitives created: 1
00:08:32 | INFO: Extracting primitive: COL_corridor_post.002
00:08:32 | INFO: Primitives created: 1
00:08:32 | INFO: Extracting primitive: COL_corridor_floor.002
00:08:32 | INFO: Primitives created: 1
00:08:32 | INFO: Extracting primitive: COL_corridor_side.003
00:08:32 | INFO: Primitives created: 1
00:08:32 | INFO: Extracting primitive: COL_corridor_side.004
00:08:32 | INFO: Primitives created: 1
00:08:32 | INFO: Extracting primitive: COL_corridor_post.003
00:08:32 | INFO: Primitives created: 1
00:08:32 | INFO: Extracting primitive: COL_corridor_post.004
00:08:32 | INFO: Primitives created: 1
00:08:32 | INFO: Extracting primitive: COL_corridor_floor.003
00:08:32 | INFO: Primitives created: 1
00:08:32 | INFO: Extracting primitive: COL_corridor_side.005
00:08:32 | INFO: Primitives created: 1
00:08:32 | INFO: Extracting primitive: COL_corridor_side.006
00:08:32 | INFO: Primitives created: 1
00:08:32 | INFO: Extracting primitive: COL_corridor_post.005
00:08:32 | INFO: Primitives created: 1
00:08:32 | INFO: Extracting primitive: COL_corridor_post.006
00:08:32 | INFO: Primitives created: 1
00:08:32 | INFO: Extracting primitive: COL_corridor_floor.004
00:08:32 | INFO: Primitives created: 1
00:08:32 | INFO: Extracting primitive: COL_corridor_side.007
00:08:32 | INFO: Primitives created: 1
00:08:32 | INFO: Extracting primitive: COL_corridor_side.008
00:08:32 | INFO: Primitives created: 1
00:08:32 | INFO: Extracting primitive: COL_corridor_post.007
00:08:32 | INFO: Primitives created: 1
00:08:32 | INFO: Extracting primitive: COL_corridor_post.008
00:08:32 | INFO: Primitives created: 1
00:08:32 | INFO: Extracting primitive: COL_corridor_floor.005
00:08:32 | INFO: Primitives created: 1
00:08:32 | INFO: Extracting primitive: COL_corridor_side.009
00:08:32 | INFO: Primitives created: 1
00:08:32 | INFO: Extracting primitive: COL_corridor_side.010
00:08:32 | INFO: Primitives created: 1
00:08:32 | INFO: Extracting primitive: COL_corridor_post.009
00:08:32 | INFO: Primitives created: 1
00:08:32 | INFO: Extracting primitive: COL_corridor_post.010
00:08:32 | INFO: Primitives created: 1
00:08:32 | INFO: Extracting primitive: COL_corridor_floor.006
00:08:32 | INFO: Primitives created: 1
00:08:32 | INFO: Extracting primitive: COL_corridor_side.011
00:08:32 | INFO: Primitives created: 1
00:08:32 | INFO: Extracting primitive: COL_corridor_post.011
00:08:32 | INFO: Primitives created: 1
00:08:32 | INFO: Extracting primitive: COL_corridor_post.012
00:08:32 | INFO: Primitives created: 1
00:08:32 | INFO: Extracting primitive: COL_corridor_floor.007
00:08:32 | INFO: Primitives created: 1
00:08:32 | INFO: Extracting primitive: COL_corridor_side.012
00:08:32 | INFO: Primitives created: 1
00:08:32 | INFO: Extracting primitive: COL_corridor_post.013
00:08:32 | INFO: Primitives created: 1
00:08:32 | INFO: Extracting primitive: COL_corridor_floor.008
00:08:32 | INFO: Primitives created: 1
00:08:32 | INFO: Extracting primitive: COL_corridor_side.013
00:08:32 | INFO: Primitives created: 1
00:08:32 | INFO: Extracting primitive: COL_corridor_side.014
00:08:32 | INFO: Primitives created: 1
00:08:32 | INFO: Extracting primitive: COL_corridor_post.014
00:08:32 | INFO: Primitives created: 1
00:08:32 | INFO: Extracting primitive: COL_corridor_post.015
00:08:32 | INFO: Primitives created: 1
00:08:32 | INFO: Extracting primitive: COL_corridor_floor.013
00:08:32 | INFO: Primitives created: 1
00:08:32 | INFO: Extracting primitive: COL_corridor_side.023
00:08:32 | INFO: Primitives created: 1
00:08:32 | INFO: Extracting primitive: COL_corridor_side.024
00:08:32 | INFO: Primitives created: 1
00:08:32 | INFO: Extracting primitive: COL_corridor_post.024
00:08:32 | INFO: Primitives created: 1
00:08:32 | INFO: Extracting primitive: COL_corridor_post.025
00:08:32 | INFO: Primitives created: 1
00:08:32 | INFO: Extracting primitive: COL_corridor_floor.014
00:08:32 | INFO: Primitives created: 1
00:08:32 | INFO: Extracting primitive: COL_corridor_side.025
00:08:32 | INFO: Primitives created: 1
00:08:32 | INFO: Extracting primitive: COL_corridor_side.026
00:08:32 | INFO: Primitives created: 1
00:08:32 | INFO: Extracting primitive: COL_corridor_post.026
00:08:32 | INFO: Primitives created: 1
00:08:32 | INFO: Extracting primitive: COL_corridor_post.027
00:08:32 | INFO: Primitives created: 1
00:08:32 | INFO: Extracting primitive: COL_corridor_floor.015
00:08:32 | INFO: Primitives created: 1
00:08:32 | INFO: Extracting primitive: COL_corridor_side.027
00:08:32 | INFO: Primitives created: 1
00:08:32 | INFO: Extracting primitive: COL_corridor_side.028
00:08:32 | INFO: Primitives created: 1
00:08:32 | INFO: Extracting primitive: COL_corridor_post.028
00:08:32 | INFO: Primitives created: 1
00:08:32 | INFO: Extracting primitive: COL_corridor_post.029
00:08:32 | INFO: Primitives created: 1
00:08:32 | INFO: Extracting primitive: COL_corridor_floor.016
00:08:32 | INFO: Primitives created: 1
00:08:32 | INFO: Extracting primitive: COL_corridor_side.029
00:08:32 | INFO: Primitives created: 1
00:08:32 | INFO: Extracting primitive: COL_corridor_side.030
00:08:32 | INFO: Primitives created: 1
00:08:32 | INFO: Extracting primitive: COL_corridor_post.030
00:08:32 | INFO: Primitives created: 1
00:08:32 | INFO: Extracting primitive: COL_corridor_post.031
00:08:32 | INFO: Primitives created: 1
00:08:32 | INFO: Extracting primitive: COL_qinfang_deck.001
00:08:32 | INFO: Primitives created: 1
00:08:32 | INFO: Extracting primitive: COL_pavilion_bench.001
00:08:32 | INFO: Primitives created: 1
00:08:32 | INFO: Extracting primitive: COL_pavilion_bench.002
00:08:32 | INFO: Primitives created: 1
00:08:32 | INFO: Extracting primitive: COL_pavilion_bracket.001
00:08:32 | INFO: Primitives created: 1
00:08:32 | INFO: Extracting primitive: COL_pavilion_bracket.002
00:08:32 | INFO: Primitives created: 1
00:08:32 | INFO: Extracting primitive: COL_pavilion_bracket.003
00:08:32 | INFO: Primitives created: 1
00:08:32 | INFO: Extracting primitive: COL_pavilion_bracket.004
00:08:32 | INFO: Primitives created: 1
00:08:32 | INFO: Extracting primitive: COL_pavilion_bracket.005
00:08:32 | INFO: Primitives created: 1
00:08:32 | INFO: Extracting primitive: COL_pavilion_bracket.006
00:08:32 | INFO: Primitives created: 1
00:08:32 | INFO: Extracting primitive: COL_pavilion_post.001
00:08:32 | INFO: Primitives created: 1
00:08:32 | INFO: Extracting primitive: COL_pavilion_post.002
00:08:32 | INFO: Primitives created: 1
00:08:32 | INFO: Extracting primitive: COL_pavilion_post.003
00:08:32 | INFO: Primitives created: 1
00:08:32 | INFO: Extracting primitive: COL_pavilion_post.004
00:08:32 | INFO: Primitives created: 1
00:08:32 | INFO: Extracting primitive: COL_pavilion_post.005
00:08:32 | INFO: Primitives created: 1
00:08:32 | INFO: Extracting primitive: COL_pavilion_post.006
00:08:32 | INFO: Primitives created: 1
00:08:32 | INFO: Extracting primitive: COL_pavilion_roof.001
00:08:32 | INFO: Primitives created: 1
00:08:32 | INFO: Extracting primitive: COL_qiushuang-zhai_floor.001
00:08:32 | INFO: Primitives created: 1
00:08:32 | INFO: Extracting primitive: Cube.009
00:08:32 | INFO: Primitives created: 1
00:08:32 | INFO: Extracting primitive: Cube.011
00:08:32 | INFO: Primitives created: 1
00:08:32 | INFO: Extracting primitive: Cube.012
00:08:32 | INFO: Primitives created: 1
00:08:32 | INFO: Extracting primitive: Cube.013
00:08:32 | INFO: Primitives created: 1
00:08:32 | INFO: Extracting primitive: Cube.019
00:08:32 | INFO: Primitives created: 1
00:08:32 | INFO: Extracting primitive: Cube.020
00:08:32 | INFO: Primitives created: 1
00:08:32 | INFO: Extracting primitive: Cube.023
00:08:32 | INFO: Primitives created: 1
00:08:32 | INFO: Extracting primitive: Cube.024
00:08:32 | INFO: Primitives created: 1
00:08:32 | INFO: Extracting primitive: Cube.048
00:08:32 | INFO: Primitives created: 1
00:08:32 | INFO: Extracting primitive: Cube.050
00:08:32 | INFO: Primitives created: 1
00:08:32 | INFO: Extracting primitive: Cube.052
00:08:32 | INFO: Primitives created: 1
00:08:32 | INFO: Extracting primitive: Cube.092
00:08:32 | INFO: Primitives created: 1
00:08:32 | INFO: Extracting primitive: Cube.093
00:08:32 | INFO: Primitives created: 1
00:08:32 | INFO: Extracting primitive: Cube.094
00:08:32 | INFO: Primitives created: 1
00:08:32 | INFO: Extracting primitive: Cube.095
00:08:32 | INFO: Primitives created: 1
00:08:32 | INFO: Extracting primitive: Cube.096
00:08:32 | INFO: Primitives created: 1
00:08:32 | INFO: Extracting primitive: Cube.097
00:08:32 | INFO: Primitives created: 1
00:08:32 | INFO: Extracting primitive: Cube.098
00:08:32 | INFO: Primitives created: 1
00:08:32 | INFO: Extracting primitive: Cube.099
00:08:32 | INFO: Primitives created: 1
00:08:32 | INFO: Extracting primitive: Cube.100
00:08:32 | INFO: Primitives created: 1
00:08:32 | INFO: Extracting primitive: Cube.101
00:08:32 | INFO: Primitives created: 1
00:08:32 | INFO: Extracting primitive: Cube.102
00:08:32 | INFO: Primitives created: 1
00:08:32 | INFO: Extracting primitive: Cube.103
00:08:32 | INFO: Primitives created: 1
00:08:32 | INFO: Extracting primitive: Cube.104
00:08:32 | INFO: Primitives created: 1
00:08:32 | INFO: Extracting primitive: Cube.105
00:08:32 | INFO: Primitives created: 1
00:08:32 | INFO: Extracting primitive: Cube.106
00:08:32 | INFO: Primitives created: 1
00:08:32 | INFO: Extracting primitive: Cube.107
00:08:32 | INFO: Primitives created: 1
00:08:32 | INFO: Extracting primitive: Cube.108
00:08:32 | INFO: Primitives created: 1
00:08:32 | INFO: Extracting primitive: Cube.109
00:08:32 | INFO: Primitives created: 1
00:08:32 | INFO: Extracting primitive: Cube.110
00:08:32 | INFO: Primitives created: 1
00:08:32 | INFO: Extracting primitive: Cube.111
00:08:32 | INFO: Primitives created: 1
00:08:32 | INFO: Extracting primitive: Cube.112
00:08:32 | INFO: Primitives created: 1
00:08:32 | INFO: Extracting primitive: Cube.113
00:08:32 | INFO: Primitives created: 1
00:08:32 | INFO: Extracting primitive: Cube.114
00:08:32 | INFO: Primitives created: 1
00:08:32 | INFO: Extracting primitive: Cube.115
00:08:32 | INFO: Primitives created: 1
00:08:32 | INFO: Extracting primitive: Cube.116
00:08:32 | INFO: Primitives created: 1
00:08:32 | INFO: Extracting primitive: Cube.117
00:08:32 | INFO: Primitives created: 1
00:08:32 | INFO: Extracting primitive: Cube.118
00:08:32 | INFO: Primitives created: 1
00:08:32 | INFO: Extracting primitive: Cube.119
00:08:32 | INFO: Primitives created: 1
00:08:32 | INFO: Extracting primitive: Cube.120
00:08:32 | INFO: Primitives created: 1
00:08:32 | INFO: Extracting primitive: Cube.121
00:08:32 | INFO: Primitives created: 1
00:08:32 | INFO: Extracting primitive: Cube.122
00:08:32 | INFO: Primitives created: 1
00:08:32 | INFO: Extracting primitive: Cube.123
00:08:32 | INFO: Primitives created: 1
00:08:32 | INFO: Extracting primitive: Cube.124
00:08:32 | INFO: Primitives created: 1
00:08:32 | INFO: Extracting primitive: Cube.125
00:08:32 | INFO: Primitives created: 1
00:08:32 | INFO: Extracting primitive: Cube.126
00:08:32 | INFO: Primitives created: 1
00:08:32 | INFO: Extracting primitive: Cube.127
00:08:32 | INFO: Primitives created: 1
00:08:32 | INFO: Extracting primitive: Cube.128
00:08:32 | INFO: Primitives created: 1
00:08:32 | INFO: Extracting primitive: Cube.129
00:08:32 | INFO: Primitives created: 1
00:08:32 | INFO: Extracting primitive: Cube.130
00:08:32 | INFO: Primitives created: 1
00:08:32 | INFO: Extracting primitive: Cube.131
00:08:32 | INFO: Primitives created: 1
00:08:32 | INFO: Extracting primitive: Cube.132
00:08:32 | INFO: Primitives created: 1
00:08:32 | INFO: Extracting primitive: Cube.133
00:08:32 | INFO: Primitives created: 1
00:08:32 | INFO: Extracting primitive: Cube.134
00:08:32 | INFO: Primitives created: 1
00:08:32 | INFO: Extracting primitive: Cube.135
00:08:32 | INFO: Primitives created: 1
00:08:32 | INFO: Extracting primitive: Cube.136
00:08:32 | INFO: Primitives created: 1
00:08:32 | INFO: Extracting primitive: Cube.137
00:08:32 | INFO: Primitives created: 1
00:08:32 | INFO: Extracting primitive: Cube.138
00:08:32 | INFO: Primitives created: 1
00:08:32 | INFO: Extracting primitive: Cube.139
00:08:32 | INFO: Primitives created: 1
00:08:32 | INFO: Extracting primitive: Cube.140
00:08:32 | INFO: Primitives created: 1
00:08:32 | INFO: Extracting primitive: Cube.141
00:08:32 | INFO: Primitives created: 1
00:08:32 | INFO: Extracting primitive: Cube.142
00:08:32 | INFO: Primitives created: 1
00:08:32 | INFO: Extracting primitive: Cube.143
00:08:32 | INFO: Primitives created: 1
00:08:32 | INFO: Extracting primitive: Cube.144
00:08:32 | INFO: Primitives created: 1
00:08:32 | INFO: Extracting primitive: Cube.193
00:08:32 | INFO: Primitives created: 1
00:08:32 | INFO: Extracting primitive: Cube.194
00:08:32 | INFO: Primitives created: 1
00:08:32 | INFO: Extracting primitive: Cube.195
00:08:32 | INFO: Primitives created: 1
00:08:32 | INFO: Extracting primitive: Cube.196
00:08:32 | INFO: Primitives created: 1
00:08:32 | INFO: Extracting primitive: Cube.197
00:08:32 | INFO: Primitives created: 1
00:08:32 | INFO: Extracting primitive: Cube.198
00:08:32 | INFO: Primitives created: 1
00:08:32 | INFO: Extracting primitive: Cube.199
00:08:32 | INFO: Primitives created: 1
00:08:32 | INFO: Extracting primitive: Cube.200
00:08:32 | INFO: Primitives created: 1
00:08:32 | INFO: Extracting primitive: COL_stone_walk.005
00:08:32 | INFO: Primitives created: 1
00:08:32 | INFO: Extracting primitive: COL_stone_walk.008
00:08:32 | INFO: Primitives created: 1
00:08:32 | INFO: Extracting primitive: COL_stone_walk.009
00:08:32 | INFO: Primitives created: 1
00:08:32 | INFO: Extracting primitive: COL_stone_walk.010
00:08:32 | INFO: Primitives created: 1
00:08:32 | INFO: Extracting primitive: COL_stone_walk.011
00:08:32 | INFO: Primitives created: 1
00:08:32 | INFO: Extracting primitive: COL_stone_walk.012
00:08:32 | INFO: Primitives created: 1
00:08:32 | INFO: Extracting primitive: COL_study_approach.002
00:08:32 | INFO: Primitives created: 1
00:08:32 | INFO: Extracting primitive: COL_study_desk_centre.002
00:08:32 | INFO: Primitives created: 1
00:08:32 | INFO: Extracting primitive: COL_study_desk_left.002
00:08:32 | INFO: Primitives created: 1
00:08:32 | INFO: Extracting primitive: COL_study_desk_right.002
00:08:32 | INFO: Primitives created: 1
00:08:32 | INFO: Extracting primitive: COL_study_front_walk.002
00:08:32 | INFO: Primitives created: 1
00:08:32 | INFO: Extracting primitive: COL_study_front_wall.002
00:08:32 | INFO: Primitives created: 1
00:08:32 | INFO: Extracting primitive: COL_study_post.001
00:08:32 | INFO: Primitives created: 1
00:08:32 | INFO: Extracting primitive: COL_study_post.002
00:08:32 | INFO: Primitives created: 1
00:08:32 | INFO: Extracting primitive: COL_study_post.003
00:08:32 | INFO: Primitives created: 1
00:08:32 | INFO: Extracting primitive: COL_study_post.008
00:08:32 | INFO: Primitives created: 1
00:08:32 | INFO: Extracting primitive: Cube.151
00:08:32 | INFO: Primitives created: 1
00:08:32 | INFO: Extracting primitive: Cube.152
00:08:32 | INFO: Primitives created: 1
00:08:32 | INFO: Extracting primitive: Cube.153
00:08:32 | INFO: Primitives created: 1
00:08:32 | INFO: Extracting primitive: Cube.154
00:08:32 | INFO: Primitives created: 1
00:08:32 | INFO: Extracting primitive: Cube.155
00:08:32 | INFO: Primitives created: 1
00:08:32 | INFO: Extracting primitive: Cube.156
00:08:32 | INFO: Primitives created: 1
00:08:32 | INFO: Extracting primitive: Cube.157
00:08:32 | INFO: Primitives created: 1
00:08:32 | INFO: Extracting primitive: Cube.158
00:08:32 | INFO: Primitives created: 1
00:08:32 | INFO: Extracting primitive: Cube.159
00:08:32 | INFO: Primitives created: 1
00:08:32 | INFO: Extracting primitive: Cube.160
00:08:32 | INFO: Primitives created: 1
00:08:32 | INFO: Extracting primitive: Cube.161
00:08:32 | INFO: Primitives created: 1
00:08:32 | INFO: Extracting primitive: Cube.162
00:08:32 | INFO: Primitives created: 1
00:08:32 | INFO: Extracting primitive: Cube.163
00:08:32 | INFO: Primitives created: 1
00:08:32 | INFO: Extracting primitive: Cube.164
00:08:32 | INFO: Primitives created: 1
00:08:32 | INFO: Extracting primitive: Cube.165
00:08:32 | INFO: Primitives created: 1
00:08:32 | INFO: Extracting primitive: Cube.166
00:08:32 | INFO: Primitives created: 1
00:08:32 | INFO: Extracting primitive: Cube.167
00:08:32 | INFO: Primitives created: 1
00:08:32 | INFO: Extracting primitive: Cube.168
00:08:32 | INFO: Primitives created: 1
00:08:32 | INFO: Extracting primitive: Cube.169
00:08:32 | INFO: Primitives created: 1
00:08:32 | INFO: Extracting primitive: Cube.170
00:08:32 | INFO: Primitives created: 1
00:08:32 | INFO: Extracting primitive: Cube.171
00:08:32 | INFO: Primitives created: 1
00:08:32 | INFO: Extracting primitive: Cube.172
00:08:32 | INFO: Primitives created: 1
00:08:32 | INFO: Extracting primitive: Cube.173
00:08:32 | INFO: Primitives created: 1
00:08:32 | INFO: Extracting primitive: Cube.174
00:08:32 | INFO: Primitives created: 1
00:08:32 | INFO: Extracting primitive: Cube.175
00:08:32 | INFO: Primitives created: 1
00:08:32 | INFO: Extracting primitive: Cube.176
00:08:32 | INFO: Primitives created: 1
00:08:32 | INFO: Extracting primitive: Cube.177
00:08:32 | INFO: Primitives created: 1
00:08:32 | INFO: Extracting primitive: Cube.178
00:08:32 | INFO: Primitives created: 1
00:08:32 | INFO: Extracting primitive: Cube.179
00:08:32 | INFO: Primitives created: 1
00:08:32 | INFO: Extracting primitive: Cube.180
00:08:32 | INFO: Primitives created: 1
00:08:32 | INFO: Extracting primitive: Cube.201
00:08:32 | INFO: Primitives created: 1
00:08:32 | INFO: Extracting primitive: Cube.202
00:08:32 | INFO: Primitives created: 1
00:08:32 | INFO: Extracting primitive: Cube.203
00:08:32 | INFO: Primitives created: 1
00:08:32 | INFO: Extracting primitive: Cube.181
00:08:32 | INFO: Primitives created: 1
00:08:32 | INFO: Extracting primitive: Cube.182
00:08:32 | INFO: Primitives created: 1
00:08:32 | INFO: Extracting primitive: Cube.183
00:08:32 | INFO: Primitives created: 1
00:08:32 | INFO: Extracting primitive: Cube.184
00:08:32 | INFO: Primitives created: 1
00:08:32 | INFO: Extracting primitive: Cube.185
00:08:32 | INFO: Primitives created: 1
00:08:32 | INFO: Extracting primitive: Cube.186
00:08:32 | INFO: Primitives created: 1
00:08:32 | INFO: Extracting primitive: Cube.187
00:08:32 | INFO: Primitives created: 1
00:08:32 | INFO: Extracting primitive: Cube.188
00:08:32 | INFO: Primitives created: 1
00:08:32 | INFO: Extracting primitive: Cube.189
00:08:32 | INFO: Primitives created: 1
00:08:32 | INFO: Extracting primitive: Cube.190
00:08:32 | INFO: Primitives created: 1
00:08:32 | INFO: Extracting primitive: Cube.191
00:08:32 | INFO: Primitives created: 1
00:08:32 | INFO: Extracting primitive: Cube.192
00:08:32 | INFO: Primitives created: 1
00:08:32 | INFO: Extracting primitive: COL_tubi-tang_floor.001
00:08:32 | INFO: Primitives created: 1
00:08:32 | INFO: Extracting primitive: COL_tubi_approach.001
00:08:32 | INFO: Primitives created: 1
00:08:32 | INFO: Extracting primitive: COL_tubi_approach.002
00:08:32 | INFO: Primitives created: 1
00:08:32 | INFO: Extracting primitive: COL_tubi_approach.007
00:08:32 | INFO: Primitives created: 1
00:08:32 | INFO: Extracting primitive: COL_tubi_approach.008
00:08:32 | INFO: Primitives created: 1
00:08:32 | INFO: Extracting primitive: COL_tubi_closed_hall.002
00:08:32 | INFO: Primitives created: 1
00:08:32 | INFO: Extracting primitive: COL_tubi_hall_post.001
00:08:32 | INFO: Primitives created: 1
00:08:32 | INFO: Extracting primitive: COL_tubi_hall_post.002
00:08:32 | INFO: Primitives created: 1
00:08:32 | INFO: Extracting primitive: COL_tubi_hall_post.006
00:08:32 | INFO: Primitives created: 1
00:08:32 | INFO: Extracting primitive: COL_tubi_parapet.001
00:08:32 | INFO: Primitives created: 1
00:08:32 | INFO: Extracting primitive: COL_tubi_parapet.002
00:08:32 | INFO: Primitives created: 1
00:08:32 | INFO: Extracting primitive: COL_tubi_parapet.003
00:08:32 | INFO: Primitives created: 1
00:08:32 | INFO: Extracting primitive: COL_tubi_parapet.008
00:08:32 | INFO: Primitives created: 1
00:08:32 | INFO: Extracting primitive: COL_tubi_stair_guard.001
00:08:32 | INFO: Primitives created: 1
00:08:32 | INFO: Extracting primitive: COL_tubi_stair_guard.004
00:08:32 | INFO: Primitives created: 1
00:08:32 | INFO: Extracting primitive: COL_tubi_stair_ramp.002
00:08:32 | INFO: Primitives created: 1
00:08:32 | INFO: Extracting primitive: COL_tubi_terrace.002
00:08:32 | INFO: Primitives created: 1
00:08:32 | INFO: Extracting primitive: COL_tubi_topic_table.002
00:08:32 | INFO: Primitives created: 1
00:08:32 | INFO: Extracting primitive: COL_tubi_view_bench_left.001
00:08:32 | INFO: Primitives created: 1
00:08:32 | INFO: Extracting primitive: COL_tubi_view_bench_right.001
00:08:32 | INFO: Primitives created: 1
00:08:32 | INFO: Extracting primitive: COL_water_bridge_side.001
00:08:32 | INFO: Primitives created: 1
00:08:32 | INFO: Extracting primitive: COL_water_bridge_side.004
00:08:32 | INFO: Primitives created: 1
00:08:32 | INFO: Extracting primitive: COL_water_bridge_deck.002
00:08:32 | INFO: Primitives created: 1
00:08:32 | INFO: Extracting primitive: COL_xiaoxiang_bamboo_bed.004
00:08:32 | INFO: Primitives created: 1
00:08:32 | INFO: Extracting primitive: COL_xiaoxiang_bamboo_bed.005
00:08:32 | INFO: Primitives created: 1
00:08:32 | INFO: Extracting primitive: COL_xiaoxiang_bamboo_bed.006
00:08:32 | INFO: Primitives created: 1
00:08:32 | INFO: Extracting primitive: COL_xiaoxiang_bamboo_bed.007
00:08:32 | INFO: Primitives created: 1
00:08:32 | INFO: Extracting primitive: COL_xiaoxiang_closed_front.001
00:08:32 | INFO: Primitives created: 1
00:08:32 | INFO: Extracting primitive: COL_xiaoxiang_floor.001
00:08:32 | INFO: Primitives created: 1
00:08:32 | INFO: Extracting primitive: COL_xiaoxiang_return.002
00:08:32 | INFO: Primitives created: 1
00:08:32 | INFO: Extracting primitive: COL_xiaoxiang_return.003
00:08:32 | INFO: Primitives created: 1
00:08:32 | INFO: Extracting primitive: COL_xiaoxiang_threshold.001
00:08:32 | INFO: Primitives created: 1
00:08:32 | INFO: Extracting primitive: COL_yihong_closed_front.002
00:08:32 | INFO: Primitives created: 1
00:08:32 | INFO: Extracting primitive: COL_yihong_court_side.001
00:08:32 | INFO: Primitives created: 1
00:08:32 | INFO: Extracting primitive: COL_yihong_court_side.004
00:08:32 | INFO: Primitives created: 1
00:08:32 | INFO: Extracting primitive: COL_yihong_floor.002
00:08:32 | INFO: Primitives created: 1
00:08:32 | INFO: Extracting primitive: COL_yihong_planter.001
00:08:32 | INFO: Primitives created: 1
00:08:32 | INFO: Extracting primitive: COL_yihong_planter.004
00:08:32 | INFO: Primitives created: 1
00:08:32 | INFO: Extracting primitive: COL_yihong_side_return.001
00:08:32 | INFO: Primitives created: 1
00:08:32 | INFO: Extracting primitive: COL_yihong_side_return.004
00:08:32 | INFO: Primitives created: 1
00:08:32 | INFO: Extracting primitive: COL_yihong_threshold.002
00:08:32 | INFO: Primitives created: 1
00:08:32 | INFO: Extracting primitive: COL_ziling_landing.001
00:08:32 | INFO: Primitives created: 1
00:08:32 | INFO: Extracting primitive: HERO_aojing-guan_title.002
00:08:32 | WARNING: More than one shader node tex image used for a texture. The resulting glTF sampler will behave like the first shader node tex image.
00:08:32 | INFO: Primitives created: 1
00:08:32 | INFO: Extracting primitive: HERO_daguan_title.001
00:08:32 | WARNING: More than one shader node tex image used for a texture. The resulting glTF sampler will behave like the first shader node tex image.
00:08:32 | INFO: Primitives created: 1
00:08:32 | INFO: Extracting primitive: HERO_daoxiang-cun_title.002
00:08:32 | WARNING: More than one shader node tex image used for a texture. The resulting glTF sampler will behave like the first shader node tex image.
00:08:32 | INFO: Primitives created: 1
00:08:32 | INFO: Extracting primitive: KIT_flora_plum_render.001
00:08:32 | WARNING: More than one shader node tex image used for a texture. The resulting glTF sampler will behave like the first shader node tex image.
00:08:32 | INFO: Primitives created: 1
00:08:32 | INFO: Extracting primitive: KIT_flora_plum_render.002
00:08:32 | INFO: Primitives created: 1
00:08:32 | INFO: Extracting primitive: KIT_flora_bamboo_large_render.001
00:08:32 | INFO: Primitives created: 1
00:08:32 | INFO: Extracting primitive: KIT_flora_bamboo_large_render.002
00:08:32 | INFO: Primitives created: 1
00:08:32 | INFO: Extracting primitive: KIT_flora_bamboo_small_render.001
00:08:32 | INFO: Primitives created: 1
00:08:32 | INFO: Extracting primitive: KIT_flora_willow_render.001
00:08:32 | INFO: Primitives created: 1
00:08:32 | INFO: Extracting primitive: KIT_flora_willow_render.002
00:08:32 | INFO: Primitives created: 1
00:08:32 | INFO: Extracting primitive: KIT_flora_bamboo_large_render.003
00:08:32 | INFO: Primitives created: 1
00:08:32 | INFO: Extracting primitive: KIT_flora_bamboo_medium_render.001
00:08:32 | INFO: Primitives created: 1
00:08:32 | INFO: Extracting primitive: KIT_flora_bamboo_small_render.002
00:08:32 | INFO: Primitives created: 1
00:08:32 | INFO: Extracting primitive: KIT_flora_bamboo_large_render.004
00:08:32 | INFO: Primitives created: 1
00:08:32 | INFO: Extracting primitive: KIT_flora_banana_render.001
00:08:32 | INFO: Primitives created: 1
00:08:32 | INFO: Extracting primitive: KIT_flora_banana_render.002
00:08:32 | INFO: Primitives created: 1
00:08:32 | INFO: Extracting primitive: KIT_flora_reed_render.001
00:08:32 | INFO: Primitives created: 1
00:08:32 | INFO: Extracting primitive: KIT_flora_reed_render.002
00:08:32 | INFO: Primitives created: 1
00:08:32 | INFO: Extracting primitive: KIT_flora_reed_render.003
00:08:32 | INFO: Primitives created: 1
00:08:32 | INFO: Extracting primitive: KIT_flora_reed_render.004
00:08:32 | INFO: Primitives created: 1
00:08:32 | INFO: Extracting primitive: KIT_flora_reed_render.005
00:08:32 | INFO: Primitives created: 1
00:08:32 | INFO: Extracting primitive: KIT_flora_reed_render.006
00:08:32 | INFO: Primitives created: 1
00:08:32 | INFO: Extracting primitive: KIT_flora_reed_render.007
00:08:32 | INFO: Primitives created: 1
00:08:32 | INFO: Extracting primitive: KIT_flora_reed_render.008
00:08:32 | INFO: Primitives created: 1
00:08:32 | INFO: Extracting primitive: KIT_flora_reed_render.009
00:08:32 | INFO: Primitives created: 1
00:08:32 | INFO: Extracting primitive: KIT_flora_reed_render.010
00:08:32 | INFO: Primitives created: 1
00:08:32 | INFO: Extracting primitive: HERO_gate_inscription.001
00:08:32 | WARNING: More than one shader node tex image used for a texture. The resulting glTF sampler will behave like the first shader node tex image.
00:08:32 | INFO: Primitives created: 1
00:08:32 | INFO: Extracting primitive: HERO_gate_water_drips.001
00:08:32 | WARNING: More than one shader node tex image used for a texture. The resulting glTF sampler will behave like the first shader node tex image.
00:08:32 | INFO: Primitives created: 1
00:08:32 | INFO: Extracting primitive: HERO_hengwu-yuan_title.002
00:08:32 | WARNING: More than one shader node tex image used for a texture. The resulting glTF sampler will behave like the first shader node tex image.
00:08:32 | INFO: Primitives created: 1
00:08:32 | INFO: Extracting primitive: HERO_longcui-an_title.002
00:08:32 | WARNING: More than one shader node tex image used for a texture. The resulting glTF sampler will behave like the first shader node tex image.
00:08:32 | INFO: Primitives created: 1
00:08:32 | INFO: Extracting primitive: HERO_qinfang-ting_title.002
00:08:32 | WARNING: More than one shader node tex image used for a texture. The resulting glTF sampler will behave like the first shader node tex image.
00:08:32 | INFO: Primitives created: 1
00:08:32 | INFO: Extracting primitive: HERO_qinfang_bridge.001
00:08:32 | INFO: Primitives created: 1
00:08:32 | INFO: Extracting primitive: HERO_study_scroll_bamboo.002
00:08:32 | INFO: Primitives created: 1
00:08:32 | INFO: Extracting primitive: HERO_study_scroll_plum.002
00:08:32 | INFO: Primitives created: 1
00:08:32 | INFO: Extracting primitive: HERO_study_title.002
00:08:32 | WARNING: More than one shader node tex image used for a texture. The resulting glTF sampler will behave like the first shader node tex image.
00:08:32 | INFO: Primitives created: 1
00:08:32 | INFO: Extracting primitive: HERO_table_hexagram.001
00:08:32 | INFO: Primitives created: 1
00:08:32 | INFO: Extracting primitive: line_piece.005
00:08:32 | WARNING: More than one shader node tex image used for a texture. The resulting glTF sampler will behave like the first shader node tex image.
00:08:32 | INFO: Primitives created: 1
00:08:32 | INFO: Extracting primitive: line_piece.002
00:08:32 | INFO: Primitives created: 1
00:08:32 | INFO: Extracting primitive: line_piece.011
00:08:32 | INFO: Primitives created: 1
00:08:32 | INFO: Extracting primitive: line_piece.008
00:08:32 | INFO: Primitives created: 1
00:08:32 | INFO: Extracting primitive: line_piece.017
00:08:32 | INFO: Primitives created: 1
00:08:32 | INFO: Extracting primitive: line_piece.014
00:08:32 | INFO: Primitives created: 1
00:08:32 | INFO: Extracting primitive: line_piece.019
00:08:32 | INFO: Primitives created: 1
00:08:32 | INFO: Extracting primitive: line_piece.018
00:08:32 | INFO: Primitives created: 1
00:08:32 | INFO: Extracting primitive: line_piece.021
00:08:32 | INFO: Primitives created: 1
00:08:32 | INFO: Extracting primitive: line_piece.020
00:08:32 | INFO: Primitives created: 1
00:08:32 | INFO: Extracting primitive: line_piece.023
00:08:32 | INFO: Primitives created: 1
00:08:32 | INFO: Extracting primitive: line_piece.022
00:08:32 | INFO: Primitives created: 1
00:08:32 | INFO: Extracting primitive: HERO_table_pedestal.001
00:08:32 | INFO: Primitives created: 1
00:08:32 | INFO: Extracting primitive: HERO_tubi_title.002
00:08:32 | WARNING: More than one shader node tex image used for a texture. The resulting glTF sampler will behave like the first shader node tex image.
00:08:32 | INFO: Primitives created: 1
00:08:32 | INFO: Extracting primitive: HERO_xiaoxiang-guan_title.002
00:08:32 | WARNING: More than one shader node tex image used for a texture. The resulting glTF sampler will behave like the first shader node tex image.
00:08:32 | INFO: Primitives created: 1
00:08:32 | INFO: Extracting primitive: HERO_yihong-yuan_title.002
00:08:32 | WARNING: More than one shader node tex image used for a texture. The resulting glTF sampler will behave like the first shader node tex image.
00:08:32 | INFO: Primitives created: 1
00:08:32 | INFO: Extracting primitive: AOJING_pond.002
00:08:32 | INFO: Primitives created: 1
00:08:32 | INFO: Extracting primitive: AOJING_backstage.002
00:08:32 | INFO: Primitives created: 1
00:08:32 | INFO: Extracting primitive: AOJING_amber_window.002
00:08:32 | INFO: Primitives created: 1
00:08:32 | INFO: Extracting primitive: AOJING_window_lattice.001
00:08:32 | INFO: Primitives created: 1
00:08:32 | INFO: Extracting primitive: AOJING_dry_ledge.002
00:08:32 | INFO: Primitives created: 1
00:08:32 | INFO: Extracting primitive: AOJING_roof.002
00:08:32 | INFO: Primitives created: 1
00:08:32 | INFO: Extracting primitive: AOJING_closed_front.002
00:08:32 | INFO: Primitives created: 1
00:08:32 | INFO: Extracting primitive: DAGUAN_backstage.001
00:08:32 | INFO: Primitives created: 1
00:08:32 | INFO: Extracting primitive: DAGUAN_door_stud.180
00:08:32 | INFO: Primitives created: 1
00:08:32 | INFO: Extracting primitive: DAGUAN_amber_transom.002
00:08:32 | INFO: Primitives created: 1
00:08:32 | INFO: Extracting primitive: DAGUAN_closed_door.010
00:08:32 | INFO: Primitives created: 1
00:08:32 | INFO: Extracting primitive: DAGUAN_recessed_panel.020
00:08:32 | INFO: Primitives created: 1
00:08:32 | INFO: Extracting primitive: DAGUAN_column.006
00:08:32 | INFO: Primitives created: 1
00:08:32 | INFO: Extracting primitive: DAGUAN_platform.001
00:08:32 | INFO: Primitives created: 1
00:08:32 | INFO: Extracting primitive: DAGUAN_lower_roof.001
00:08:32 | INFO: Primitives created: 1
00:08:32 | INFO: Extracting primitive: DAGUAN_front.001
00:08:32 | INFO: Primitives created: 1
00:08:32 | INFO: Extracting primitive: DAOXIANG_backstage.001
00:08:32 | INFO: Primitives created: 1
00:08:32 | INFO: Extracting primitive: DAOXIANG_door_latch.001
00:08:32 | INFO: Primitives created: 1
00:08:32 | INFO: Extracting primitive: DAOXIANG_warm_sliver.001
00:08:32 | INFO: Primitives created: 1
00:08:32 | INFO: Extracting primitive: DAOXIANG_closed_door.001
00:08:32 | INFO: Primitives created: 1
00:08:32 | INFO: Extracting primitive: DAOXIANG_paddy_painting.001
00:08:32 | INFO: Primitives created: 1
00:08:32 | INFO: Extracting primitive: DAOXIANG_court.001
00:08:32 | INFO: Primitives created: 1
00:08:32 | INFO: Extracting primitive: DAOXIANG_thatch_mass.001
00:08:32 | INFO: Primitives created: 1
00:08:32 | INFO: Extracting primitive: DAOXIANG_front.001
00:08:32 | INFO: Primitives created: 1
00:08:32 | INFO: Extracting primitive: SITE_hengwu-yuan_backstage.001
00:08:32 | INFO: Primitives created: 1
00:08:32 | INFO: Extracting primitive: KIT_pavilion_finial.011
00:08:32 | INFO: Primitives created: 1
00:08:32 | INFO: Extracting primitive: KIT_wall_amber_window.006
00:08:32 | INFO: Primitives created: 1
00:08:32 | INFO: Extracting primitive: HENGWU_herb_leaf.001
00:08:32 | INFO: Primitives created: 1
00:08:32 | INFO: Extracting primitive: KIT_wall_lattice_vertical.105
00:08:32 | INFO: Primitives created: 1
00:08:32 | INFO: Extracting primitive: SITE_hengwu-yuan_platform.001
00:08:32 | INFO: Primitives created: 1
00:08:32 | INFO: Extracting primitive: KIT_props_lantern_hanging_render.015
00:08:32 | WARNING: More than one shader node tex image used for a texture. The resulting glTF sampler will behave like the first shader node tex image.
00:08:32 | INFO: Primitives created: 1
00:08:32 | INFO: Extracting primitive: KIT_pavilion_roof.011
00:08:32 | INFO: Primitives created: 1
00:08:32 | INFO: Extracting primitive: KIT_wall_bay.001
00:08:32 | WARNING: More than one shader node tex image used for a texture. The resulting glTF sampler will behave like the first shader node tex image.
00:08:32 | INFO: Primitives created: 1
00:08:32 | INFO: Extracting primitive: SITE_hengwu-yuan_front.001
00:08:32 | INFO: Primitives created: 1
00:08:32 | INFO: Extracting primitive: LONGCUI_backstage.001
00:08:32 | INFO: Primitives created: 1
00:08:32 | INFO: Extracting primitive: LONGCUI_gate_pull.002
00:08:32 | INFO: Primitives created: 1
00:08:32 | INFO: Extracting primitive: LONGCUI_closed_gate.002
00:08:32 | INFO: Primitives created: 1
00:08:32 | INFO: Extracting primitive: LONGCUI_paving.001
00:08:32 | INFO: Primitives created: 1
00:08:32 | INFO: Extracting primitive: KIT_props_lantern_hanging_render.016
00:08:32 | INFO: Primitives created: 1
00:08:32 | INFO: Extracting primitive: LONGCUI_wall_cap.001
00:08:32 | INFO: Primitives created: 1
00:08:32 | INFO: Extracting primitive: LONGCUI_closed_front.001
00:08:32 | INFO: Primitives created: 1
00:08:32 | INFO: Extracting primitive: KIT_props_tea_cup.006
00:08:32 | INFO: Primitives created: 1
00:08:32 | INFO: Extracting primitive: KIT_water_lotus_leaf.007
00:08:32 | INFO: Primitives created: 1
00:08:32 | INFO: Extracting primitive: SITE_ouxiang_deck.001
00:08:32 | INFO: Primitives created: 1
00:08:32 | INFO: Extracting primitive: KIT_pavilion_water_pier.004
00:08:32 | INFO: Primitives created: 1
00:08:32 | INFO: Extracting primitive: KIT_props_lantern_hanging_render.013
00:08:32 | INFO: Primitives created: 1
00:08:32 | INFO: Extracting primitive: KIT_pavilion_water_hipped_roof.001
00:08:32 | INFO: Primitives created: 1
00:08:32 | INFO: Extracting primitive: KIT_water_lotus.021
00:08:32 | INFO: Primitives created: 1
00:08:32 | INFO: Extracting primitive: KIT_corridor_rail.008
00:08:32 | INFO: Primitives created: 1
00:08:32 | INFO: Extracting primitive: KIT_pavilion_roof_shell.001
00:08:32 | INFO: Primitives created: 1
00:08:32 | INFO: Extracting primitive: KIT_pavilion_plinth.001
00:08:32 | INFO: Primitives created: 1
00:08:32 | INFO: Extracting primitive: KIT_props_lantern_hanging_render.001
00:08:32 | INFO: Primitives created: 1
00:08:32 | INFO: Extracting primitive: KIT_water_stream.001
00:08:32 | INFO: Primitives created: 1
00:08:32 | INFO: Extracting primitive: SITE_qiushuang-zhai_backstage.001
00:08:32 | INFO: Primitives created: 1
00:08:32 | INFO: Extracting primitive: KIT_pavilion_finial.005
00:08:32 | INFO: Primitives created: 1
00:08:32 | INFO: Extracting primitive: KIT_wall_lattice_vertical.042
00:08:32 | INFO: Primitives created: 1
00:08:32 | INFO: Extracting primitive: SITE_qiushuang-zhai_platform.001
00:08:32 | INFO: Primitives created: 1
00:08:32 | INFO: Extracting primitive: KIT_props_lantern_hanging_render.010
00:08:32 | INFO: Primitives created: 1
00:08:32 | INFO: Extracting primitive: KIT_pavilion_roof.005
00:08:32 | INFO: Primitives created: 1
00:08:32 | INFO: Extracting primitive: KIT_tech_terminal_desk_render.007
00:08:32 | WARNING: More than one shader node tex image used for a texture. The resulting glTF sampler will behave like the first shader node tex image.
00:08:32 | INFO: Primitives created: 1
00:08:32 | INFO: Extracting primitive: SITE_qiushuang-zhai_front.001
00:08:32 | INFO: Primitives created: 1
00:08:32 | INFO: Extracting primitive: GATE_banana_pseudostem.001
00:08:32 | INFO: Primitives created: 1
00:08:32 | INFO: Extracting primitive: GATE_banana_soil.001
00:08:32 | INFO: Primitives created: 1
00:08:32 | INFO: Extracting primitive: KIT_rockery_passage.001
00:08:32 | INFO: Primitives created: 1
00:08:32 | INFO: Extracting primitive: GATE_paving.002
00:08:32 | INFO: Primitives created: 1
00:08:32 | INFO: Extracting primitive: KIT_props_lantern_hanging_render.008
00:08:32 | INFO: Primitives created: 1
00:08:32 | INFO: Extracting primitive: KIT_stage_fog_plane_render.017
00:08:32 | INFO: Primitives created: 1
00:08:32 | INFO: Extracting primitive: KIT_stage_floor.001
00:08:32 | INFO: Primitives created: 1
00:08:32 | INFO: Extracting primitive: AOJING_approach_guard.001
00:08:32 | INFO: Primitives created: 1
00:08:32 | INFO: Extracting primitive: KIT_stage_painted_moon.001
00:08:32 | INFO: Primitives created: 1
00:08:32 | INFO: Extracting primitive: KIT_stage_painted_mountain_layer.003
00:08:32 | INFO: Primitives created: 1
00:08:32 | INFO: Extracting primitive: KIT_stage_painted_mountain_layer.004
00:08:32 | INFO: Primitives created: 1
00:08:32 | INFO: Extracting primitive: KIT_stage_painted_mountain_layer.005
00:08:32 | INFO: Primitives created: 1
00:08:32 | INFO: Extracting primitive: KIT_water_stone_walk.005
00:08:32 | INFO: Primitives created: 1
00:08:32 | INFO: Extracting primitive: Painted coved ceiling candidate.001
00:08:32 | INFO: Primitives created: 1
00:08:32 | INFO: Extracting primitive: KIT_stage_painted_canvas.002
00:08:32 | INFO: Primitives created: 1
00:08:32 | INFO: Extracting primitive: Eight painted cyclorama arcs.001
00:08:32 | WARNING: More than one shader node tex image used for a texture. The resulting glTF sampler will behave like the first shader node tex image.
00:08:32 | INFO: Primitives created: 2
00:08:32 | INFO: Extracting primitive: KIT_stage_fog_plane_render.002
00:08:32 | INFO: Primitives created: 1
00:08:32 | INFO: Extracting primitive: KIT_tech_cell_side.012
00:08:32 | INFO: Primitives created: 1
00:08:32 | INFO: Extracting primitive: KIT_wall_window_bar.030
00:08:32 | INFO: Primitives created: 1
00:08:32 | INFO: Extracting primitive: KIT_stage_entry_walk.002
00:08:32 | INFO: Primitives created: 1
00:08:32 | INFO: Extracting primitive: KIT_props_folding_chair_render.001
00:08:32 | INFO: Primitives created: 1
00:08:32 | INFO: Extracting primitive: KIT_stage_floor_boards_render.002
00:08:32 | INFO: Primitives created: 1
00:08:32 | INFO: Extracting primitive: KIT_stage_gel_frame_render.002
00:08:32 | INFO: Primitives created: 2
00:08:32 | INFO: Extracting primitive: KIT_stage_studio_wall_render.002
00:08:32 | INFO: Primitives created: 1
00:08:32 | INFO: Extracting primitive: KIT_stage_fog_plane_render.020
00:08:32 | INFO: Primitives created: 1
00:08:32 | INFO: Extracting primitive: KIT_tech_terminal_desk_render.001
00:08:32 | INFO: Primitives created: 1
00:08:32 | INFO: Extracting primitive: KIT_props_scroll_render.001
00:08:32 | WARNING: More than one shader node tex image used for a texture. The resulting glTF sampler will behave like the first shader node tex image.
00:08:32 | INFO: Primitives created: 1
00:08:32 | INFO: Extracting primitive: SITE_tubi-tang_backstage.001
00:08:32 | INFO: Primitives created: 1
00:08:32 | INFO: Extracting primitive: KIT_pavilion_finial.007
00:08:32 | INFO: Primitives created: 1
00:08:32 | INFO: Extracting primitive: KIT_wall_amber_window.003
00:08:32 | INFO: Primitives created: 1
00:08:32 | INFO: Extracting primitive: TUBI_topic_line.001
00:08:32 | INFO: Primitives created: 1
00:08:32 | INFO: Extracting primitive: KIT_wall_lattice_vertical.063
00:08:32 | INFO: Primitives created: 1
00:08:32 | INFO: Extracting primitive: SITE_tubi-tang_platform.001
00:08:32 | INFO: Primitives created: 1
00:08:32 | INFO: Extracting primitive: KIT_props_lantern_hanging_render.012
00:08:32 | INFO: Primitives created: 1
00:08:32 | INFO: Extracting primitive: KIT_pavilion_roof.007
00:08:32 | INFO: Primitives created: 1
00:08:32 | INFO: Extracting primitive: TUBI_terrace.002
00:08:32 | INFO: Primitives created: 1
00:08:32 | INFO: Extracting primitive: SITE_tubi-tang_front.001
00:08:32 | INFO: Primitives created: 1
00:08:32 | INFO: Extracting primitive: XIAOXIANG_black_back.001
00:08:32 | INFO: Primitives created: 1
00:08:32 | INFO: Extracting primitive: XIAOXIANG_gate_pull.002
00:08:32 | INFO: Primitives created: 1
00:08:32 | INFO: Extracting primitive: XIAOXIANG_amber_window.001
00:08:32 | INFO: Primitives created: 1
00:08:32 | INFO: Extracting primitive: XIAOXIANG_gate_leaf.002
00:08:32 | INFO: Primitives created: 1
00:08:32 | INFO: Extracting primitive: XIAOXIANG_paving.001
00:08:32 | INFO: Primitives created: 1
00:08:32 | INFO: Extracting primitive: XIAOXIANG_wall_cap.001
00:08:32 | INFO: Primitives created: 1
00:08:32 | INFO: Extracting primitive: XIAOXIANG_closed_front.001
00:08:32 | INFO: Primitives created: 1
00:08:32 | INFO: Extracting primitive: YIHONG_backstage.002
00:08:32 | INFO: Primitives created: 1
00:08:32 | INFO: Extracting primitive: YIHONG_door_rail.001
00:08:32 | INFO: Primitives created: 1
00:08:32 | INFO: Extracting primitive: YIHONG_amber_window.002
00:08:32 | INFO: Primitives created: 1
00:08:32 | INFO: Extracting primitive: YIHONG_door_panel.001
00:08:32 | INFO: Primitives created: 1
00:08:32 | INFO: Extracting primitive: YIHONG_paving.002
00:08:32 | INFO: Primitives created: 1
00:08:32 | INFO: Extracting primitive: YIHONG_court_cap.001
00:08:32 | INFO: Primitives created: 1
00:08:32 | INFO: Extracting primitive: YIHONG_closed_front.002
00:08:32 | INFO: Primitives created: 1
00:08:32 | INFO: Extracting primitive: KIT_water_lotus_leaf.011
00:08:32 | INFO: Primitives created: 1
00:08:32 | INFO: Extracting primitive: KIT_water_plank.002
00:08:32 | INFO: Primitives created: 1
00:08:32 | INFO: Extracting primitive: SITE_ziling_island.001
00:08:32 | INFO: Primitives created: 1
00:08:32 | INFO: Finished glTF 2.0 export in 0.6581211090087891 s

{"engine": "Godot", "sites": {"stage": {"objects": 100, "triangles": 11188, "render_meshes": 11, "colliders": 87, "triggers": 0}, "qinfang-ting": {"objects": 145, "triangles": 41324, "render_meshes": 27, "colliders": 103, "triggers": 7}, "rockery-gate": {"objects": 27, "triangles": 15324, "render_meshes": 8, "colliders": 10, "triggers": 3}, "terminal-cells": {"objects": 113, "triangles": 37996, "render_meshes": 10, "colliders": 77, "triggers": 18}, "qiushuang-zhai": {"objects": 36, "triangles": 21754, "render_meshes": 11, "colliders": 13, "triggers": 5}, "tubi-tang": {"objects": 37, "triangles": 11340, "render_meshes": 11, "colliders": 16, "triggers": 5}, "daguan-lou": {"objects": 29, "triangles": 23666, "render_meshes": 10, "colliders": 13, "triggers": 3}, "ouxiang-xie": {"objects": 28, "triangles": 15450, "render_meshes": 6, "colliders": 13, "triggers": 4}, "hengwu-yuan": {"objects": 43, "triangles": 20386, "render_meshes": 11, "colliders": 23, "triggers": 4}, "yihong-yuan": {"objects": 28, "triangles": 2294, "render_meshes": 10, "colliders": 9, "triggers": 4}, "xiaoxiang-guan": {"objects": 30, "triangles": 7478, "render_meshes": 12, "colliders": 9, "triggers": 4}, "longcui-an": {"objects": 27, "triangles": 4638, "render_meshes": 10, "colliders": 8, "triggers": 4}, "aojing-guan": {"objects": 24, "triangles": 2788, "render_meshes": 8, "colliders": 7, "triggers": 3}, "daoxiang-cun": {"objects": 27, "triangles": 10862, "render_meshes": 9, "colliders": 8, "triggers": 4}, "ziling-zhou": {"objects": 23, "triangles": 7064, "render_meshes": 13, "colliders": 4, "triggers": 3}}, "warnings": ["Reference assets, not yet profiled on mobile.", "Lightmap bake remains unfinished; engine import evidence is recorded separately in godot/import-validation.json."], "total_triangles": 233552, "total_render_meshes": 167}
GARDEN_ARCHITECTURE_ATLAS_SOURCE_PASS 59de1ca29bc9d02235fc29a18b78c7b2c3dfde893a27f3b8fb318af6e042ddc8
BlenderMCP addon unregistered
Blender 5.2.2 LTS (hash d13f752e3b9c built 2026-09-15 01:49:19)

Blender quit
