00:00.363  blend            | Read blend: "/Users/auchan/projects/garden-of-dreams/blender/authoring.blend"
BlenderMCP addon registered
INFO Draco is available, use library at /Applications/Blender.app/Contents/Resources/5.2/scripts/addons_core/io_scene_gltf2/libbf_intern_draco_bridge.dylib
INFO MeshOptimizer is available, use library at /Applications/Blender.app/Contents/Resources/5.2/scripts/addons_core/io_scene_gltf2/libbf_intern_meshopt_bridge.dylib
17:28:17 | INFO: Starting glTF 2.0 export
17:28:17 | INFO: Extracting primitive: COL_aojing_approach.001
17:28:17 | INFO: Primitives created: 1
17:28:17 | INFO: Extracting primitive: COL_aojing_approach.004
17:28:17 | INFO: Primitives created: 1
17:28:17 | INFO: Extracting primitive: COL_aojing_approach_guard.001
17:28:17 | INFO: Primitives created: 1
17:28:17 | INFO: Extracting primitive: COL_aojing_approach_guard.004
17:28:17 | INFO: Primitives created: 1
17:28:17 | INFO: Extracting primitive: COL_aojing_approach_ramp.002
17:28:17 | INFO: Primitives created: 1
17:28:17 | INFO: Extracting primitive: COL_daoxiang_approach.002
17:28:17 | INFO: Primitives created: 1
17:28:17 | INFO: Extracting primitive: COL_daoxiang_approach.003
17:28:17 | INFO: Primitives created: 1
17:28:17 | INFO: Extracting primitive: COL_hengwu_approach.002
17:28:17 | INFO: Primitives created: 1
17:28:17 | INFO: Extracting primitive: COL_hengwu_approach.003
17:28:17 | INFO: Primitives created: 1
17:28:17 | INFO: Extracting primitive: COL_longcui_approach.003
17:28:17 | INFO: Primitives created: 1
17:28:17 | INFO: Extracting primitive: COL_longcui_approach.004
17:28:17 | INFO: Primitives created: 1
17:28:17 | INFO: Extracting primitive: COL_longcui_approach.005
17:28:17 | INFO: Primitives created: 1
17:28:17 | INFO: Extracting primitive: Cube.009
17:28:17 | INFO: Primitives created: 1
17:28:17 | INFO: Extracting primitive: Cube.011
17:28:17 | INFO: Primitives created: 1
17:28:17 | INFO: Extracting primitive: Cube.012
17:28:17 | INFO: Primitives created: 1
17:28:17 | INFO: Extracting primitive: Cube.013
17:28:17 | INFO: Primitives created: 1
17:28:17 | INFO: Extracting primitive: Cube.019
17:28:17 | INFO: Primitives created: 1
17:28:17 | INFO: Extracting primitive: Cube.020
17:28:17 | INFO: Primitives created: 1
17:28:17 | INFO: Extracting primitive: Cube.023
17:28:17 | INFO: Primitives created: 1
17:28:17 | INFO: Extracting primitive: Cube.024
17:28:17 | INFO: Primitives created: 1
17:28:17 | INFO: Extracting primitive: Cube.048
17:28:17 | INFO: Primitives created: 1
17:28:17 | INFO: Extracting primitive: Cube.050
17:28:17 | INFO: Primitives created: 1
17:28:17 | INFO: Extracting primitive: Cube.052
17:28:17 | INFO: Primitives created: 1
17:28:17 | INFO: Extracting primitive: Cube.092
17:28:17 | INFO: Primitives created: 1
17:28:17 | INFO: Extracting primitive: Cube.093
17:28:17 | INFO: Primitives created: 1
17:28:17 | INFO: Extracting primitive: Cube.094
17:28:17 | INFO: Primitives created: 1
17:28:17 | INFO: Extracting primitive: Cube.095
17:28:17 | INFO: Primitives created: 1
17:28:17 | INFO: Extracting primitive: Cube.096
17:28:17 | INFO: Primitives created: 1
17:28:17 | INFO: Extracting primitive: Cube.097
17:28:17 | INFO: Primitives created: 1
17:28:17 | INFO: Extracting primitive: Cube.098
17:28:17 | INFO: Primitives created: 1
17:28:17 | INFO: Extracting primitive: Cube.099
17:28:17 | INFO: Primitives created: 1
17:28:17 | INFO: Extracting primitive: Cube.100
17:28:17 | INFO: Primitives created: 1
17:28:17 | INFO: Extracting primitive: Cube.101
17:28:17 | INFO: Primitives created: 1
17:28:17 | INFO: Extracting primitive: Cube.102
17:28:17 | INFO: Primitives created: 1
17:28:17 | INFO: Extracting primitive: Cube.103
17:28:17 | INFO: Primitives created: 1
17:28:17 | INFO: Extracting primitive: Cube.104
17:28:17 | INFO: Primitives created: 1
17:28:17 | INFO: Extracting primitive: Cube.105
17:28:17 | INFO: Primitives created: 1
17:28:17 | INFO: Extracting primitive: Cube.106
17:28:17 | INFO: Primitives created: 1
17:28:17 | INFO: Extracting primitive: Cube.107
17:28:17 | INFO: Primitives created: 1
17:28:17 | INFO: Extracting primitive: Cube.108
17:28:17 | INFO: Primitives created: 1
17:28:17 | INFO: Extracting primitive: Cube.109
17:28:17 | INFO: Primitives created: 1
17:28:17 | INFO: Extracting primitive: Cube.110
17:28:17 | INFO: Primitives created: 1
17:28:17 | INFO: Extracting primitive: Cube.111
17:28:17 | INFO: Primitives created: 1
17:28:17 | INFO: Extracting primitive: Cube.112
17:28:17 | INFO: Primitives created: 1
17:28:17 | INFO: Extracting primitive: Cube.113
17:28:17 | INFO: Primitives created: 1
17:28:17 | INFO: Extracting primitive: Cube.114
17:28:17 | INFO: Primitives created: 1
17:28:17 | INFO: Extracting primitive: Cube.115
17:28:17 | INFO: Primitives created: 1
17:28:17 | INFO: Extracting primitive: Cube.116
17:28:17 | INFO: Primitives created: 1
17:28:17 | INFO: Extracting primitive: Cube.117
17:28:17 | INFO: Primitives created: 1
17:28:17 | INFO: Extracting primitive: Cube.118
17:28:17 | INFO: Primitives created: 1
17:28:17 | INFO: Extracting primitive: Cube.119
17:28:17 | INFO: Primitives created: 1
17:28:17 | INFO: Extracting primitive: Cube.120
17:28:17 | INFO: Primitives created: 1
17:28:17 | INFO: Extracting primitive: Cube.121
17:28:17 | INFO: Primitives created: 1
17:28:17 | INFO: Extracting primitive: Cube.122
17:28:17 | INFO: Primitives created: 1
17:28:17 | INFO: Extracting primitive: Cube.123
17:28:17 | INFO: Primitives created: 1
17:28:17 | INFO: Extracting primitive: Cube.124
17:28:17 | INFO: Primitives created: 1
17:28:17 | INFO: Extracting primitive: Cube.125
17:28:17 | INFO: Primitives created: 1
17:28:17 | INFO: Extracting primitive: Cube.126
17:28:17 | INFO: Primitives created: 1
17:28:17 | INFO: Extracting primitive: Cube.127
17:28:17 | INFO: Primitives created: 1
17:28:17 | INFO: Extracting primitive: Cube.128
17:28:17 | INFO: Primitives created: 1
17:28:17 | INFO: Extracting primitive: Cube.129
17:28:17 | INFO: Primitives created: 1
17:28:17 | INFO: Extracting primitive: Cube.130
17:28:17 | INFO: Primitives created: 1
17:28:17 | INFO: Extracting primitive: Cube.131
17:28:17 | INFO: Primitives created: 1
17:28:17 | INFO: Extracting primitive: Cube.132
17:28:17 | INFO: Primitives created: 1
17:28:17 | INFO: Extracting primitive: Cube.133
17:28:17 | INFO: Primitives created: 1
17:28:17 | INFO: Extracting primitive: Cube.134
17:28:17 | INFO: Primitives created: 1
17:28:17 | INFO: Extracting primitive: Cube.135
17:28:17 | INFO: Primitives created: 1
17:28:17 | INFO: Extracting primitive: Cube.136
17:28:17 | INFO: Primitives created: 1
17:28:17 | INFO: Extracting primitive: Cube.137
17:28:17 | INFO: Primitives created: 1
17:28:17 | INFO: Extracting primitive: Cube.138
17:28:17 | INFO: Primitives created: 1
17:28:17 | INFO: Extracting primitive: Cube.139
17:28:17 | INFO: Primitives created: 1
17:28:17 | INFO: Extracting primitive: Cube.140
17:28:17 | INFO: Primitives created: 1
17:28:17 | INFO: Extracting primitive: Cube.141
17:28:17 | INFO: Primitives created: 1
17:28:17 | INFO: Extracting primitive: Cube.142
17:28:17 | INFO: Primitives created: 1
17:28:17 | INFO: Extracting primitive: Cube.143
17:28:17 | INFO: Primitives created: 1
17:28:17 | INFO: Extracting primitive: Cube.144
17:28:17 | INFO: Primitives created: 1
17:28:17 | INFO: Extracting primitive: COL_stone_walk.005
17:28:17 | INFO: Primitives created: 1
17:28:17 | INFO: Extracting primitive: COL_stone_walk.008
17:28:17 | INFO: Primitives created: 1
17:28:17 | INFO: Extracting primitive: COL_stone_walk.009
17:28:17 | INFO: Primitives created: 1
17:28:17 | INFO: Extracting primitive: COL_stone_walk.010
17:28:17 | INFO: Primitives created: 1
17:28:17 | INFO: Extracting primitive: COL_stone_walk.011
17:28:17 | INFO: Primitives created: 1
17:28:17 | INFO: Extracting primitive: COL_stone_walk.012
17:28:17 | INFO: Primitives created: 1
17:28:17 | INFO: Extracting primitive: COL_study_approach.002
17:28:17 | INFO: Primitives created: 1
17:28:17 | INFO: Extracting primitive: COL_tubi_approach.001
17:28:17 | INFO: Primitives created: 1
17:28:17 | INFO: Extracting primitive: COL_tubi_approach.002
17:28:17 | INFO: Primitives created: 1
17:28:17 | INFO: Extracting primitive: COL_tubi_approach.007
17:28:17 | INFO: Primitives created: 1
17:28:17 | INFO: Extracting primitive: COL_tubi_approach.008
17:28:17 | INFO: Primitives created: 1
17:28:17 | INFO: Extracting primitive: KIT_stage_floor.001
17:28:17 | INFO: Primitives created: 1
17:28:17 | INFO: Extracting primitive: AOJING_approach_guard.001
17:28:17 | INFO: Primitives created: 1
17:28:17 | INFO: Extracting primitive: KIT_stage_painted_moon.001
17:28:17 | INFO: Primitives created: 1
17:28:17 | INFO: Extracting primitive: KIT_stage_painted_mountain_layer.003
17:28:17 | INFO: Primitives created: 1
17:28:17 | INFO: Extracting primitive: KIT_stage_painted_mountain_layer.004
17:28:17 | INFO: Primitives created: 1
17:28:17 | INFO: Extracting primitive: KIT_stage_painted_mountain_layer.005
17:28:17 | INFO: Primitives created: 1
17:28:17 | INFO: Extracting primitive: KIT_water_stone_walk.005
17:28:17 | INFO: Primitives created: 1
17:28:17 | INFO: Extracting primitive: Painted coved ceiling candidate.001
17:28:17 | INFO: Primitives created: 1
17:28:17 | INFO: Extracting primitive: KIT_stage_painted_canvas.002
17:28:17 | INFO: Primitives created: 1
17:28:17 | INFO: Extracting primitive: Eight painted cyclorama arcs.001
17:28:17 | WARNING: More than one shader node tex image used for a texture. The resulting glTF sampler will behave like the first shader node tex image.
17:28:17 | INFO: Primitives created: 2
17:28:17 | INFO: Extracting primitive: KIT_stage_fog_plane_render.002
17:28:17 | INFO: Primitives created: 1
17:28:17 | INFO: Finished glTF 2.0 export in 0.1811530590057373 s

17:28:21 | INFO: Starting glTF 2.0 export
17:28:21 | INFO: Extracting primitive: Cube.147
17:28:21 | INFO: Primitives created: 1
17:28:21 | INFO: Extracting primitive: Cube.148
17:28:21 | INFO: Primitives created: 1
17:28:21 | INFO: Extracting primitive: Cube.149
17:28:21 | INFO: Primitives created: 1
17:28:21 | INFO: Extracting primitive: Cube.150
17:28:21 | INFO: Primitives created: 1
17:28:21 | INFO: Extracting primitive: COL_bridge_crosswalk.002
17:28:21 | INFO: Primitives created: 1
17:28:21 | INFO: Extracting primitive: COL_bridge_crosswalk.003
17:28:21 | INFO: Primitives created: 1
17:28:21 | INFO: Extracting primitive: COL_floor_joint_pavilion_east_joint.001
17:28:21 | INFO: Primitives created: 1
17:28:21 | INFO: Extracting primitive: COL_floor_joint_pavilion_west_joint.001
17:28:21 | INFO: Primitives created: 1
17:28:21 | INFO: Extracting primitive: Cube.146
17:28:21 | INFO: Primitives created: 1
17:28:21 | INFO: Extracting primitive: Cube.145
17:28:21 | INFO: Primitives created: 1
17:28:21 | INFO: Extracting primitive: COL_corridor_floor.009
17:28:21 | INFO: Primitives created: 1
17:28:21 | INFO: Extracting primitive: COL_corridor_side.015
17:28:21 | INFO: Primitives created: 1
17:28:21 | INFO: Extracting primitive: COL_corridor_side.016
17:28:21 | INFO: Primitives created: 1
17:28:21 | INFO: Extracting primitive: COL_corridor_post.016
17:28:21 | INFO: Primitives created: 1
17:28:21 | INFO: Extracting primitive: COL_corridor_post.017
17:28:21 | INFO: Primitives created: 1
17:28:21 | INFO: Extracting primitive: COL_corridor_floor.010
17:28:21 | INFO: Primitives created: 1
17:28:21 | INFO: Extracting primitive: COL_corridor_side.017
17:28:21 | INFO: Primitives created: 1
17:28:21 | INFO: Extracting primitive: COL_corridor_side.018
17:28:21 | INFO: Primitives created: 1
17:28:21 | INFO: Extracting primitive: COL_corridor_post.018
17:28:21 | INFO: Primitives created: 1
17:28:21 | INFO: Extracting primitive: COL_corridor_post.019
17:28:21 | INFO: Primitives created: 1
17:28:21 | INFO: Extracting primitive: COL_corridor_floor.011
17:28:21 | INFO: Primitives created: 1
17:28:21 | INFO: Extracting primitive: COL_corridor_side.019
17:28:21 | INFO: Primitives created: 1
17:28:21 | INFO: Extracting primitive: COL_corridor_side.020
17:28:21 | INFO: Primitives created: 1
17:28:21 | INFO: Extracting primitive: COL_corridor_post.020
17:28:21 | INFO: Primitives created: 1
17:28:21 | INFO: Extracting primitive: COL_corridor_post.021
17:28:21 | INFO: Primitives created: 1
17:28:21 | INFO: Extracting primitive: COL_corridor_floor.012
17:28:21 | INFO: Primitives created: 1
17:28:21 | INFO: Extracting primitive: COL_corridor_side.021
17:28:21 | INFO: Primitives created: 1
17:28:21 | INFO: Extracting primitive: COL_corridor_side.022
17:28:21 | INFO: Primitives created: 1
17:28:21 | INFO: Extracting primitive: COL_corridor_post.022
17:28:21 | INFO: Primitives created: 1
17:28:21 | INFO: Extracting primitive: COL_corridor_post.023
17:28:21 | INFO: Primitives created: 1
17:28:21 | INFO: Extracting primitive: COL_corridor_floor.001
17:28:21 | INFO: Primitives created: 1
17:28:21 | INFO: Extracting primitive: COL_corridor_side.001
17:28:21 | INFO: Primitives created: 1
17:28:21 | INFO: Extracting primitive: COL_corridor_side.002
17:28:21 | INFO: Primitives created: 1
17:28:21 | INFO: Extracting primitive: COL_corridor_post.001
17:28:21 | INFO: Primitives created: 1
17:28:21 | INFO: Extracting primitive: COL_corridor_post.002
17:28:21 | INFO: Primitives created: 1
17:28:21 | INFO: Extracting primitive: COL_corridor_floor.002
17:28:21 | INFO: Primitives created: 1
17:28:21 | INFO: Extracting primitive: COL_corridor_side.003
17:28:21 | INFO: Primitives created: 1
17:28:21 | INFO: Extracting primitive: COL_corridor_side.004
17:28:21 | INFO: Primitives created: 1
17:28:21 | INFO: Extracting primitive: COL_corridor_post.003
17:28:21 | INFO: Primitives created: 1
17:28:21 | INFO: Extracting primitive: COL_corridor_post.004
17:28:21 | INFO: Primitives created: 1
17:28:21 | INFO: Extracting primitive: COL_corridor_floor.003
17:28:21 | INFO: Primitives created: 1
17:28:21 | INFO: Extracting primitive: COL_corridor_side.005
17:28:21 | INFO: Primitives created: 1
17:28:21 | INFO: Extracting primitive: COL_corridor_side.006
17:28:21 | INFO: Primitives created: 1
17:28:21 | INFO: Extracting primitive: COL_corridor_post.005
17:28:21 | INFO: Primitives created: 1
17:28:21 | INFO: Extracting primitive: COL_corridor_post.006
17:28:21 | INFO: Primitives created: 1
17:28:21 | INFO: Extracting primitive: COL_corridor_floor.004
17:28:21 | INFO: Primitives created: 1
17:28:21 | INFO: Extracting primitive: COL_corridor_side.007
17:28:21 | INFO: Primitives created: 1
17:28:21 | INFO: Extracting primitive: COL_corridor_side.008
17:28:21 | INFO: Primitives created: 1
17:28:21 | INFO: Extracting primitive: COL_corridor_post.007
17:28:21 | INFO: Primitives created: 1
17:28:21 | INFO: Extracting primitive: COL_corridor_post.008
17:28:21 | INFO: Primitives created: 1
17:28:21 | INFO: Extracting primitive: COL_corridor_floor.005
17:28:21 | INFO: Primitives created: 1
17:28:21 | INFO: Extracting primitive: COL_corridor_side.009
17:28:21 | INFO: Primitives created: 1
17:28:21 | INFO: Extracting primitive: COL_corridor_side.010
17:28:21 | INFO: Primitives created: 1
17:28:21 | INFO: Extracting primitive: COL_corridor_post.009
17:28:21 | INFO: Primitives created: 1
17:28:21 | INFO: Extracting primitive: COL_corridor_post.010
17:28:21 | INFO: Primitives created: 1
17:28:21 | INFO: Extracting primitive: COL_corridor_floor.006
17:28:21 | INFO: Primitives created: 1
17:28:21 | INFO: Extracting primitive: COL_corridor_side.011
17:28:21 | INFO: Primitives created: 1
17:28:21 | INFO: Extracting primitive: COL_corridor_post.011
17:28:21 | INFO: Primitives created: 1
17:28:21 | INFO: Extracting primitive: COL_corridor_post.012
17:28:21 | INFO: Primitives created: 1
17:28:21 | INFO: Extracting primitive: COL_corridor_floor.007
17:28:21 | INFO: Primitives created: 1
17:28:21 | INFO: Extracting primitive: COL_corridor_side.012
17:28:21 | INFO: Primitives created: 1
17:28:21 | INFO: Extracting primitive: COL_corridor_post.013
17:28:21 | INFO: Primitives created: 1
17:28:21 | INFO: Extracting primitive: COL_corridor_floor.008
17:28:21 | INFO: Primitives created: 1
17:28:21 | INFO: Extracting primitive: COL_corridor_side.013
17:28:21 | INFO: Primitives created: 1
17:28:21 | INFO: Extracting primitive: COL_corridor_side.014
17:28:21 | INFO: Primitives created: 1
17:28:21 | INFO: Extracting primitive: COL_corridor_post.014
17:28:21 | INFO: Primitives created: 1
17:28:21 | INFO: Extracting primitive: COL_corridor_post.015
17:28:21 | INFO: Primitives created: 1
17:28:21 | INFO: Extracting primitive: COL_corridor_floor.013
17:28:21 | INFO: Primitives created: 1
17:28:21 | INFO: Extracting primitive: COL_corridor_side.023
17:28:21 | INFO: Primitives created: 1
17:28:21 | INFO: Extracting primitive: COL_corridor_side.024
17:28:21 | INFO: Primitives created: 1
17:28:21 | INFO: Extracting primitive: COL_corridor_post.024
17:28:21 | INFO: Primitives created: 1
17:28:21 | INFO: Extracting primitive: COL_corridor_post.025
17:28:21 | INFO: Primitives created: 1
17:28:21 | INFO: Extracting primitive: COL_corridor_floor.014
17:28:21 | INFO: Primitives created: 1
17:28:21 | INFO: Extracting primitive: COL_corridor_side.025
17:28:21 | INFO: Primitives created: 1
17:28:21 | INFO: Extracting primitive: COL_corridor_side.026
17:28:21 | INFO: Primitives created: 1
17:28:21 | INFO: Extracting primitive: COL_corridor_post.026
17:28:21 | INFO: Primitives created: 1
17:28:21 | INFO: Extracting primitive: COL_corridor_post.027
17:28:21 | INFO: Primitives created: 1
17:28:21 | INFO: Extracting primitive: COL_corridor_floor.015
17:28:21 | INFO: Primitives created: 1
17:28:21 | INFO: Extracting primitive: COL_corridor_side.027
17:28:21 | INFO: Primitives created: 1
17:28:21 | INFO: Extracting primitive: COL_corridor_side.028
17:28:21 | INFO: Primitives created: 1
17:28:21 | INFO: Extracting primitive: COL_corridor_post.028
17:28:21 | INFO: Primitives created: 1
17:28:21 | INFO: Extracting primitive: COL_corridor_post.029
17:28:21 | INFO: Primitives created: 1
17:28:21 | INFO: Extracting primitive: COL_corridor_floor.016
17:28:21 | INFO: Primitives created: 1
17:28:21 | INFO: Extracting primitive: COL_corridor_side.029
17:28:21 | INFO: Primitives created: 1
17:28:21 | INFO: Extracting primitive: COL_corridor_side.030
17:28:21 | INFO: Primitives created: 1
17:28:21 | INFO: Extracting primitive: COL_corridor_post.030
17:28:21 | INFO: Primitives created: 1
17:28:21 | INFO: Extracting primitive: COL_corridor_post.031
17:28:21 | INFO: Primitives created: 1
17:28:21 | INFO: Extracting primitive: COL_qinfang_deck.001
17:28:21 | INFO: Primitives created: 1
17:28:21 | INFO: Extracting primitive: COL_pavilion_bench.001
17:28:21 | INFO: Primitives created: 1
17:28:21 | INFO: Extracting primitive: COL_pavilion_bench.002
17:28:21 | INFO: Primitives created: 1
17:28:21 | INFO: Extracting primitive: COL_pavilion_bracket.001
17:28:21 | INFO: Primitives created: 1
17:28:21 | INFO: Extracting primitive: COL_pavilion_bracket.002
17:28:21 | INFO: Primitives created: 1
17:28:21 | INFO: Extracting primitive: COL_pavilion_bracket.003
17:28:21 | INFO: Primitives created: 1
17:28:21 | INFO: Extracting primitive: COL_pavilion_bracket.004
17:28:21 | INFO: Primitives created: 1
17:28:21 | INFO: Extracting primitive: COL_pavilion_bracket.005
17:28:21 | INFO: Primitives created: 1
17:28:21 | INFO: Extracting primitive: COL_pavilion_bracket.006
17:28:21 | INFO: Primitives created: 1
17:28:21 | INFO: Extracting primitive: COL_pavilion_post.001
17:28:21 | INFO: Primitives created: 1
17:28:21 | INFO: Extracting primitive: COL_pavilion_post.002
17:28:21 | INFO: Primitives created: 1
17:28:21 | INFO: Extracting primitive: COL_pavilion_post.003
17:28:21 | INFO: Primitives created: 1
17:28:21 | INFO: Extracting primitive: COL_pavilion_post.004
17:28:21 | INFO: Primitives created: 1
17:28:21 | INFO: Extracting primitive: COL_pavilion_post.005
17:28:21 | INFO: Primitives created: 1
17:28:21 | INFO: Extracting primitive: COL_pavilion_post.006
17:28:21 | INFO: Primitives created: 1
17:28:21 | INFO: Extracting primitive: COL_pavilion_roof.001
17:28:21 | INFO: Primitives created: 1
17:28:21 | INFO: Extracting primitive: KIT_flora_bamboo_large_render.001
17:28:21 | WARNING: More than one shader node tex image used for a texture. The resulting glTF sampler will behave like the first shader node tex image.
17:28:21 | INFO: Primitives created: 1
17:28:21 | INFO: Extracting primitive: KIT_flora_bamboo_large_render.002
17:28:21 | INFO: Primitives created: 1
17:28:21 | INFO: Extracting primitive: KIT_flora_bamboo_small_render.001
17:28:21 | INFO: Primitives created: 1
17:28:21 | INFO: Extracting primitive: KIT_flora_willow_render.001
17:28:21 | INFO: Primitives created: 1
17:28:21 | INFO: Extracting primitive: KIT_flora_willow_render.002
17:28:21 | INFO: Primitives created: 1
17:28:21 | INFO: Extracting primitive: HERO_qinfang-ting_title.002
17:28:21 | WARNING: More than one shader node tex image used for a texture. The resulting glTF sampler will behave like the first shader node tex image.
17:28:21 | INFO: Primitives created: 1
17:28:21 | INFO: Extracting primitive: HERO_qinfang_bridge.001
17:28:21 | INFO: Primitives created: 1
17:28:21 | INFO: Extracting primitive: HERO_table_hexagram.001
17:28:21 | INFO: Primitives created: 1
17:28:21 | INFO: Extracting primitive: line_piece.005
17:28:21 | WARNING: More than one shader node tex image used for a texture. The resulting glTF sampler will behave like the first shader node tex image.
17:28:21 | INFO: Primitives created: 1
17:28:21 | INFO: Extracting primitive: line_piece.002
17:28:21 | INFO: Primitives created: 1
17:28:21 | INFO: Extracting primitive: line_piece.011
17:28:21 | INFO: Primitives created: 1
17:28:21 | INFO: Extracting primitive: line_piece.008
17:28:21 | INFO: Primitives created: 1
17:28:21 | INFO: Extracting primitive: line_piece.017
17:28:21 | INFO: Primitives created: 1
17:28:21 | INFO: Extracting primitive: line_piece.014
17:28:21 | INFO: Primitives created: 1
17:28:21 | INFO: Extracting primitive: line_piece.019
17:28:21 | INFO: Primitives created: 1
17:28:21 | INFO: Extracting primitive: line_piece.018
17:28:21 | INFO: Primitives created: 1
17:28:21 | INFO: Extracting primitive: line_piece.021
17:28:21 | INFO: Primitives created: 1
17:28:21 | INFO: Extracting primitive: line_piece.020
17:28:21 | INFO: Primitives created: 1
17:28:21 | INFO: Extracting primitive: line_piece.023
17:28:21 | INFO: Primitives created: 1
17:28:21 | INFO: Extracting primitive: line_piece.022
17:28:21 | INFO: Primitives created: 1
17:28:21 | INFO: Extracting primitive: HERO_table_pedestal.001
17:28:21 | INFO: Primitives created: 1
17:28:21 | INFO: Extracting primitive: KIT_water_lotus.021
17:28:21 | INFO: Primitives created: 1
17:28:21 | INFO: Extracting primitive: KIT_corridor_rail.008
17:28:21 | INFO: Primitives created: 1
17:28:21 | INFO: Extracting primitive: KIT_pavilion_roof_shell.001
17:28:21 | INFO: Primitives created: 1
17:28:21 | INFO: Extracting primitive: KIT_pavilion_plinth.001
17:28:21 | INFO: Primitives created: 1
17:28:21 | INFO: Extracting primitive: KIT_props_lantern_hanging_render.001
17:28:21 | WARNING: More than one shader node tex image used for a texture. The resulting glTF sampler will behave like the first shader node tex image.
17:28:21 | INFO: Primitives created: 1
17:28:21 | INFO: Extracting primitive: KIT_water_stream.001
17:28:21 | INFO: Primitives created: 1
17:28:21 | INFO: Finished glTF 2.0 export in 0.24574899673461914 s

17:28:21 | INFO: Starting glTF 2.0 export
17:28:21 | INFO: Extracting primitive: COL_GATE_banana_planter.001
17:28:21 | INFO: Primitives created: 1
17:28:21 | INFO: Extracting primitive: KIT_rockery_passage.022
17:28:21 | INFO: Primitives created: 1
17:28:21 | INFO: Extracting primitive: KIT_rockery_passage.024
17:28:21 | INFO: Primitives created: 1
17:28:21 | INFO: Extracting primitive: KIT_rockery_cliff.006
17:28:21 | INFO: Primitives created: 1
17:28:21 | INFO: Extracting primitive: KIT_rockery_cliff.008
17:28:21 | INFO: Primitives created: 1
17:28:21 | INFO: Extracting primitive: KIT_rockery_passage.004
17:28:21 | INFO: Primitives created: 1
17:28:21 | INFO: Extracting primitive: KIT_rockery_passage.016
17:28:21 | INFO: Primitives created: 1
17:28:21 | INFO: Extracting primitive: KIT_rockery_passage.018
17:28:21 | INFO: Primitives created: 1
17:28:21 | INFO: Extracting primitive: KIT_rockery_passage.020
17:28:21 | INFO: Primitives created: 1
17:28:21 | INFO: Extracting primitive: GATE_paving.003
17:28:21 | INFO: Primitives created: 1
17:28:21 | INFO: Extracting primitive: HERO_gate_inscription.001
17:28:21 | WARNING: More than one shader node tex image used for a texture. The resulting glTF sampler will behave like the first shader node tex image.
17:28:21 | INFO: Primitives created: 1
17:28:21 | INFO: Extracting primitive: HERO_gate_water_drips.001
17:28:21 | WARNING: More than one shader node tex image used for a texture. The resulting glTF sampler will behave like the first shader node tex image.
17:28:21 | INFO: Primitives created: 1
17:28:21 | INFO: Extracting primitive: GATE_banana_pseudostem.001
17:28:21 | INFO: Primitives created: 1
17:28:21 | INFO: Extracting primitive: GATE_banana_soil.001
17:28:21 | INFO: Primitives created: 1
17:28:21 | INFO: Extracting primitive: KIT_rockery_passage.001
17:28:21 | WARNING: More than one shader node tex image used for a texture. The resulting glTF sampler will behave like the first shader node tex image.
17:28:21 | INFO: Primitives created: 1
17:28:21 | INFO: Extracting primitive: GATE_paving.002
17:28:21 | INFO: Primitives created: 1
17:28:21 | INFO: Extracting primitive: KIT_props_lantern_hanging_render.008
17:28:21 | WARNING: More than one shader node tex image used for a texture. The resulting glTF sampler will behave like the first shader node tex image.
17:28:21 | INFO: Primitives created: 1
17:28:21 | INFO: Extracting primitive: KIT_stage_fog_plane_render.017
17:28:22 | INFO: Primitives created: 1
17:28:22 | INFO: Finished glTF 2.0 export in 0.08570289611816406 s

17:28:22 | INFO: Starting glTF 2.0 export
17:28:22 | INFO: Extracting primitive: COL_cell_floor.006
17:28:22 | INFO: Primitives created: 1
17:28:22 | INFO: Extracting primitive: COL_cell_floor.007
17:28:22 | INFO: Primitives created: 1
17:28:22 | INFO: Extracting primitive: COL_cell_floor.008
17:28:22 | INFO: Primitives created: 1
17:28:22 | INFO: Extracting primitive: COL_cell_floor.009
17:28:22 | INFO: Primitives created: 1
17:28:22 | INFO: Extracting primitive: COL_cell_floor.010
17:28:22 | INFO: Primitives created: 1
17:28:22 | INFO: Extracting primitive: COL_cell_floor.011
17:28:22 | INFO: Primitives created: 1
17:28:22 | INFO: Extracting primitive: COL_cell_wall.012
17:28:22 | INFO: Primitives created: 1
17:28:22 | INFO: Extracting primitive: COL_cell_wall.013
17:28:22 | INFO: Primitives created: 1
17:28:22 | INFO: Extracting primitive: COL_cell_wall.014
17:28:22 | INFO: Primitives created: 1
17:28:22 | INFO: Extracting primitive: COL_cell_wall.015
17:28:22 | INFO: Primitives created: 1
17:28:22 | INFO: Extracting primitive: COL_cell_wall.016
17:28:22 | INFO: Primitives created: 1
17:28:22 | INFO: Extracting primitive: COL_cell_wall.017
17:28:22 | INFO: Primitives created: 1
17:28:22 | INFO: Extracting primitive: COL_cell_wall.018
17:28:22 | INFO: Primitives created: 1
17:28:22 | INFO: Extracting primitive: COL_cell_wall.019
17:28:22 | INFO: Primitives created: 1
17:28:22 | INFO: Extracting primitive: COL_cell_wall.020
17:28:22 | INFO: Primitives created: 1
17:28:22 | INFO: Extracting primitive: COL_cell_wall.021
17:28:22 | INFO: Primitives created: 1
17:28:22 | INFO: Extracting primitive: COL_cell_wall.022
17:28:22 | INFO: Primitives created: 1
17:28:22 | INFO: Extracting primitive: COL_cell_wall.023
17:28:22 | INFO: Primitives created: 1
17:28:22 | INFO: Extracting primitive: COL_entry_corridor.001
17:28:22 | INFO: Primitives created: 1
17:28:22 | INFO: Extracting primitive: COL_entry_walk.002
17:28:22 | INFO: Primitives created: 1
17:28:22 | INFO: Extracting primitive: COL_entry_walk.003
17:28:22 | INFO: Primitives created: 1
17:28:22 | INFO: Extracting primitive: COL_floor_joint_cell_threshold_0.001
17:28:22 | INFO: Primitives created: 1
17:28:22 | INFO: Extracting primitive: COL_floor_joint_cell_threshold_1.001
17:28:22 | INFO: Primitives created: 1
17:28:22 | INFO: Extracting primitive: COL_floor_joint_cell_threshold_2.001
17:28:22 | INFO: Primitives created: 1
17:28:22 | INFO: Extracting primitive: COL_floor_joint_cell_threshold_3.001
17:28:22 | INFO: Primitives created: 1
17:28:22 | INFO: Extracting primitive: COL_floor_joint_cell_threshold_4.001
17:28:22 | INFO: Primitives created: 1
17:28:22 | INFO: Extracting primitive: COL_floor_joint_cell_threshold_5.001
17:28:22 | INFO: Primitives created: 1
17:28:22 | INFO: Extracting primitive: Cube.193
17:28:22 | INFO: Primitives created: 1
17:28:22 | INFO: Extracting primitive: Cube.194
17:28:22 | INFO: Primitives created: 1
17:28:22 | INFO: Extracting primitive: Cube.195
17:28:22 | INFO: Primitives created: 1
17:28:22 | INFO: Extracting primitive: Cube.196
17:28:22 | INFO: Primitives created: 1
17:28:22 | INFO: Extracting primitive: Cube.197
17:28:22 | INFO: Primitives created: 1
17:28:22 | INFO: Extracting primitive: Cube.198
17:28:22 | INFO: Primitives created: 1
17:28:22 | INFO: Extracting primitive: Cube.199
17:28:22 | INFO: Primitives created: 1
17:28:22 | INFO: Extracting primitive: Cube.200
17:28:22 | INFO: Primitives created: 1
17:28:22 | INFO: Extracting primitive: Cube.151
17:28:22 | INFO: Primitives created: 1
17:28:22 | INFO: Extracting primitive: Cube.152
17:28:22 | INFO: Primitives created: 1
17:28:22 | INFO: Extracting primitive: Cube.153
17:28:22 | INFO: Primitives created: 1
17:28:22 | INFO: Extracting primitive: Cube.154
17:28:22 | INFO: Primitives created: 1
17:28:22 | INFO: Extracting primitive: Cube.155
17:28:22 | INFO: Primitives created: 1
17:28:22 | INFO: Extracting primitive: Cube.156
17:28:22 | INFO: Primitives created: 1
17:28:22 | INFO: Extracting primitive: Cube.157
17:28:22 | INFO: Primitives created: 1
17:28:22 | INFO: Extracting primitive: Cube.158
17:28:22 | INFO: Primitives created: 1
17:28:22 | INFO: Extracting primitive: Cube.159
17:28:22 | INFO: Primitives created: 1
17:28:22 | INFO: Extracting primitive: Cube.160
17:28:22 | INFO: Primitives created: 1
17:28:22 | INFO: Extracting primitive: Cube.161
17:28:22 | INFO: Primitives created: 1
17:28:22 | INFO: Extracting primitive: Cube.162
17:28:22 | INFO: Primitives created: 1
17:28:22 | INFO: Extracting primitive: Cube.163
17:28:22 | INFO: Primitives created: 1
17:28:22 | INFO: Extracting primitive: Cube.164
17:28:22 | INFO: Primitives created: 1
17:28:22 | INFO: Extracting primitive: Cube.165
17:28:22 | INFO: Primitives created: 1
17:28:22 | INFO: Extracting primitive: Cube.166
17:28:22 | INFO: Primitives created: 1
17:28:22 | INFO: Extracting primitive: Cube.167
17:28:22 | INFO: Primitives created: 1
17:28:22 | INFO: Extracting primitive: Cube.168
17:28:22 | INFO: Primitives created: 1
17:28:22 | INFO: Extracting primitive: Cube.169
17:28:22 | INFO: Primitives created: 1
17:28:22 | INFO: Extracting primitive: Cube.170
17:28:22 | INFO: Primitives created: 1
17:28:22 | INFO: Extracting primitive: Cube.171
17:28:22 | INFO: Primitives created: 1
17:28:22 | INFO: Extracting primitive: Cube.172
17:28:22 | INFO: Primitives created: 1
17:28:22 | INFO: Extracting primitive: Cube.173
17:28:22 | INFO: Primitives created: 1
17:28:22 | INFO: Extracting primitive: Cube.174
17:28:22 | INFO: Primitives created: 1
17:28:22 | INFO: Extracting primitive: Cube.175
17:28:22 | INFO: Primitives created: 1
17:28:22 | INFO: Extracting primitive: Cube.176
17:28:22 | INFO: Primitives created: 1
17:28:22 | INFO: Extracting primitive: Cube.177
17:28:22 | INFO: Primitives created: 1
17:28:22 | INFO: Extracting primitive: Cube.178
17:28:22 | INFO: Primitives created: 1
17:28:22 | INFO: Extracting primitive: Cube.179
17:28:22 | INFO: Primitives created: 1
17:28:22 | INFO: Extracting primitive: Cube.180
17:28:22 | INFO: Primitives created: 1
17:28:22 | INFO: Extracting primitive: Cube.181
17:28:22 | INFO: Primitives created: 1
17:28:22 | INFO: Extracting primitive: Cube.182
17:28:22 | INFO: Primitives created: 1
17:28:22 | INFO: Extracting primitive: Cube.183
17:28:22 | INFO: Primitives created: 1
17:28:22 | INFO: Extracting primitive: Cube.184
17:28:22 | INFO: Primitives created: 1
17:28:22 | INFO: Extracting primitive: Cube.185
17:28:22 | INFO: Primitives created: 1
17:28:22 | INFO: Extracting primitive: Cube.186
17:28:22 | INFO: Primitives created: 1
17:28:22 | INFO: Extracting primitive: Cube.187
17:28:22 | INFO: Primitives created: 1
17:28:22 | INFO: Extracting primitive: Cube.188
17:28:22 | INFO: Primitives created: 1
17:28:22 | INFO: Extracting primitive: Cube.189
17:28:22 | INFO: Primitives created: 1
17:28:22 | INFO: Extracting primitive: Cube.190
17:28:22 | INFO: Primitives created: 1
17:28:22 | INFO: Extracting primitive: Cube.191
17:28:22 | INFO: Primitives created: 1
17:28:22 | INFO: Extracting primitive: Cube.192
17:28:22 | INFO: Primitives created: 1
17:28:22 | INFO: Extracting primitive: KIT_tech_cell_side.012
17:28:22 | INFO: Primitives created: 1
17:28:22 | INFO: Extracting primitive: KIT_wall_window_bar.030
17:28:22 | INFO: Primitives created: 1
17:28:22 | INFO: Extracting primitive: KIT_stage_entry_walk.002
17:28:22 | INFO: Primitives created: 1
17:28:22 | INFO: Extracting primitive: KIT_props_folding_chair_render.001
17:28:22 | WARNING: More than one shader node tex image used for a texture. The resulting glTF sampler will behave like the first shader node tex image.
17:28:22 | INFO: Primitives created: 1
17:28:22 | INFO: Extracting primitive: KIT_stage_floor_boards_render.002
17:28:22 | WARNING: More than one shader node tex image used for a texture. The resulting glTF sampler will behave like the first shader node tex image.
17:28:22 | INFO: Primitives created: 1
17:28:22 | INFO: Extracting primitive: KIT_stage_gel_frame_render.002
17:28:22 | INFO: Primitives created: 2
17:28:22 | INFO: Extracting primitive: KIT_stage_studio_wall_render.002
17:28:22 | INFO: Primitives created: 1
17:28:22 | INFO: Extracting primitive: KIT_stage_fog_plane_render.020
17:28:22 | INFO: Primitives created: 1
17:28:22 | INFO: Extracting primitive: KIT_tech_terminal_desk_render.001
17:28:22 | WARNING: More than one shader node tex image used for a texture. The resulting glTF sampler will behave like the first shader node tex image.
17:28:22 | INFO: Primitives created: 1
17:28:22 | INFO: Extracting primitive: KIT_props_scroll_render.001
17:28:22 | WARNING: More than one shader node tex image used for a texture. The resulting glTF sampler will behave like the first shader node tex image.
17:28:22 | INFO: Primitives created: 1
17:28:22 | INFO: Finished glTF 2.0 export in 0.1674959659576416 s

17:28:23 | INFO: Starting glTF 2.0 export
17:28:23 | INFO: Extracting primitive: COL_qiushuang-zhai_floor.001
17:28:23 | INFO: Primitives created: 1
17:28:23 | INFO: Extracting primitive: COL_study_desk_centre.002
17:28:23 | INFO: Primitives created: 1
17:28:23 | INFO: Extracting primitive: COL_study_desk_left.002
17:28:23 | INFO: Primitives created: 1
17:28:23 | INFO: Extracting primitive: COL_study_desk_right.002
17:28:23 | INFO: Primitives created: 1
17:28:23 | INFO: Extracting primitive: COL_study_front_walk.002
17:28:23 | INFO: Primitives created: 1
17:28:23 | INFO: Extracting primitive: COL_study_front_wall.002
17:28:23 | INFO: Primitives created: 1
17:28:23 | INFO: Extracting primitive: COL_study_post.001
17:28:23 | INFO: Primitives created: 1
17:28:23 | INFO: Extracting primitive: COL_study_post.002
17:28:23 | INFO: Primitives created: 1
17:28:23 | INFO: Extracting primitive: COL_study_post.003
17:28:23 | INFO: Primitives created: 1
17:28:23 | INFO: Extracting primitive: COL_study_post.008
17:28:23 | INFO: Primitives created: 1
17:28:23 | INFO: Extracting primitive: Cube.201
17:28:23 | INFO: Primitives created: 1
17:28:23 | INFO: Extracting primitive: Cube.202
17:28:23 | INFO: Primitives created: 1
17:28:23 | INFO: Extracting primitive: Cube.203
17:28:23 | INFO: Primitives created: 1
17:28:23 | INFO: Extracting primitive: HERO_study_scroll_bamboo.002
17:28:23 | INFO: Primitives created: 1
17:28:23 | INFO: Extracting primitive: HERO_study_scroll_plum.002
17:28:23 | INFO: Primitives created: 1
17:28:23 | INFO: Extracting primitive: HERO_study_title.002
17:28:23 | WARNING: More than one shader node tex image used for a texture. The resulting glTF sampler will behave like the first shader node tex image.
17:28:23 | INFO: Primitives created: 1
17:28:23 | INFO: Extracting primitive: SITE_qiushuang-zhai_backstage.001
17:28:23 | INFO: Primitives created: 1
17:28:23 | INFO: Extracting primitive: KIT_pavilion_finial.005
17:28:23 | INFO: Primitives created: 1
17:28:23 | INFO: Extracting primitive: KIT_wall_lattice_vertical.042
17:28:23 | INFO: Primitives created: 1
17:28:23 | INFO: Extracting primitive: SITE_qiushuang-zhai_platform.001
17:28:23 | INFO: Primitives created: 1
17:28:23 | INFO: Extracting primitive: KIT_props_lantern_hanging_render.010
17:28:23 | WARNING: More than one shader node tex image used for a texture. The resulting glTF sampler will behave like the first shader node tex image.
17:28:23 | INFO: Primitives created: 1
17:28:23 | INFO: Extracting primitive: KIT_pavilion_roof.005
17:28:23 | INFO: Primitives created: 1
17:28:23 | INFO: Extracting primitive: KIT_tech_terminal_desk_render.007
17:28:23 | WARNING: More than one shader node tex image used for a texture. The resulting glTF sampler will behave like the first shader node tex image.
17:28:23 | INFO: Primitives created: 1
17:28:23 | INFO: Extracting primitive: SITE_qiushuang-zhai_front.001
17:28:23 | INFO: Primitives created: 1
17:28:23 | INFO: Finished glTF 2.0 export in 0.05157613754272461 s

17:28:24 | INFO: Starting glTF 2.0 export
17:28:24 | INFO: Extracting primitive: COL_tubi-tang_floor.001
17:28:24 | INFO: Primitives created: 1
17:28:24 | INFO: Extracting primitive: COL_tubi_closed_hall.002
17:28:24 | INFO: Primitives created: 1
17:28:24 | INFO: Extracting primitive: COL_tubi_hall_post.001
17:28:24 | INFO: Primitives created: 1
17:28:24 | INFO: Extracting primitive: COL_tubi_hall_post.002
17:28:24 | INFO: Primitives created: 1
17:28:24 | INFO: Extracting primitive: COL_tubi_hall_post.006
17:28:24 | INFO: Primitives created: 1
17:28:24 | INFO: Extracting primitive: COL_tubi_parapet.001
17:28:24 | INFO: Primitives created: 1
17:28:24 | INFO: Extracting primitive: COL_tubi_parapet.002
17:28:24 | INFO: Primitives created: 1
17:28:24 | INFO: Extracting primitive: COL_tubi_parapet.003
17:28:24 | INFO: Primitives created: 1
17:28:24 | INFO: Extracting primitive: COL_tubi_parapet.008
17:28:24 | INFO: Primitives created: 1
17:28:24 | INFO: Extracting primitive: COL_tubi_stair_guard.001
17:28:24 | INFO: Primitives created: 1
17:28:24 | INFO: Extracting primitive: COL_tubi_stair_guard.004
17:28:24 | INFO: Primitives created: 1
17:28:24 | INFO: Extracting primitive: COL_tubi_stair_ramp.002
17:28:24 | INFO: Primitives created: 1
17:28:24 | INFO: Extracting primitive: COL_tubi_terrace.002
17:28:24 | INFO: Primitives created: 1
17:28:24 | INFO: Extracting primitive: COL_tubi_topic_table.002
17:28:24 | INFO: Primitives created: 1
17:28:24 | INFO: Extracting primitive: COL_tubi_view_bench_left.001
17:28:24 | INFO: Primitives created: 1
17:28:24 | INFO: Extracting primitive: COL_tubi_view_bench_right.001
17:28:24 | INFO: Primitives created: 1
17:28:24 | INFO: Extracting primitive: HERO_tubi_title.002
17:28:24 | WARNING: More than one shader node tex image used for a texture. The resulting glTF sampler will behave like the first shader node tex image.
17:28:24 | INFO: Primitives created: 1
17:28:24 | INFO: Extracting primitive: SITE_tubi-tang_backstage.001
17:28:25 | INFO: Primitives created: 1
17:28:25 | INFO: Extracting primitive: KIT_pavilion_finial.007
17:28:25 | INFO: Primitives created: 1
17:28:25 | INFO: Extracting primitive: KIT_wall_amber_window.003
17:28:25 | INFO: Primitives created: 1
17:28:25 | INFO: Extracting primitive: TUBI_topic_line.001
17:28:25 | INFO: Primitives created: 1
17:28:25 | INFO: Extracting primitive: KIT_wall_lattice_vertical.063
17:28:25 | INFO: Primitives created: 1
17:28:25 | INFO: Extracting primitive: SITE_tubi-tang_platform.001
17:28:25 | INFO: Primitives created: 1
17:28:25 | INFO: Extracting primitive: KIT_props_lantern_hanging_render.012
17:28:25 | WARNING: More than one shader node tex image used for a texture. The resulting glTF sampler will behave like the first shader node tex image.
17:28:25 | INFO: Primitives created: 1
17:28:25 | INFO: Extracting primitive: KIT_pavilion_roof.007
17:28:25 | INFO: Primitives created: 1
17:28:25 | INFO: Extracting primitive: TUBI_terrace.002
17:28:25 | INFO: Primitives created: 1
17:28:25 | INFO: Extracting primitive: SITE_tubi-tang_front.001
17:28:25 | INFO: Primitives created: 1
17:28:25 | INFO: Finished glTF 2.0 export in 0.04095292091369629 s

17:28:27 | INFO: Starting glTF 2.0 export
17:28:27 | INFO: Extracting primitive: COL_daguan_central_step.003
17:28:27 | INFO: Primitives created: 1
17:28:27 | INFO: Extracting primitive: COL_daguan_central_step.004
17:28:27 | INFO: Primitives created: 1
17:28:27 | INFO: Extracting primitive: COL_daguan_central_step.005
17:28:27 | INFO: Primitives created: 1
17:28:27 | INFO: Extracting primitive: COL_daguan_closed_front.001
17:28:27 | INFO: Primitives created: 1
17:28:27 | INFO: Extracting primitive: COL_daguan_column.006
17:28:27 | INFO: Primitives created: 1
17:28:27 | INFO: Extracting primitive: COL_daguan_column.007
17:28:27 | INFO: Primitives created: 1
17:28:27 | INFO: Extracting primitive: COL_daguan_column.008
17:28:27 | INFO: Primitives created: 1
17:28:27 | INFO: Extracting primitive: COL_daguan_column.009
17:28:27 | INFO: Primitives created: 1
17:28:27 | INFO: Extracting primitive: COL_daguan_column.010
17:28:27 | INFO: Primitives created: 1
17:28:27 | INFO: Extracting primitive: COL_daguan_column.011
17:28:27 | INFO: Primitives created: 1
17:28:27 | INFO: Extracting primitive: COL_daguan_floor.001
17:28:27 | INFO: Primitives created: 1
17:28:27 | INFO: Extracting primitive: COL_daguan_return_wall.002
17:28:27 | INFO: Primitives created: 1
17:28:27 | INFO: Extracting primitive: COL_daguan_return_wall.003
17:28:27 | INFO: Primitives created: 1
17:28:27 | INFO: Extracting primitive: HERO_daguan_title.001
17:28:27 | WARNING: More than one shader node tex image used for a texture. The resulting glTF sampler will behave like the first shader node tex image.
17:28:27 | INFO: Primitives created: 1
17:28:27 | INFO: Extracting primitive: DAGUAN_backstage.001
17:28:27 | INFO: Primitives created: 1
17:28:27 | INFO: Extracting primitive: DAGUAN_door_stud.180
17:28:27 | INFO: Primitives created: 1
17:28:27 | INFO: Extracting primitive: DAGUAN_amber_transom.002
17:28:27 | INFO: Primitives created: 1
17:28:27 | INFO: Extracting primitive: DAGUAN_closed_door.010
17:28:27 | INFO: Primitives created: 1
17:28:27 | INFO: Extracting primitive: DAGUAN_recessed_panel.020
17:28:27 | INFO: Primitives created: 1
17:28:27 | INFO: Extracting primitive: DAGUAN_column.006
17:28:27 | INFO: Primitives created: 1
17:28:27 | INFO: Extracting primitive: DAGUAN_platform.001
17:28:27 | INFO: Primitives created: 1
17:28:27 | INFO: Extracting primitive: DAGUAN_lower_roof.001
17:28:27 | INFO: Primitives created: 1
17:28:27 | INFO: Extracting primitive: DAGUAN_front.001
17:28:27 | INFO: Primitives created: 1
17:28:27 | INFO: Finished glTF 2.0 export in 0.045436859130859375 s

17:28:28 | INFO: Starting glTF 2.0 export
17:28:28 | INFO: Extracting primitive: COL_ouxiang_approach.001
17:28:28 | INFO: Primitives created: 1
17:28:28 | INFO: Extracting primitive: COL_ouxiang_deck.001
17:28:28 | INFO: Primitives created: 1
17:28:28 | INFO: Extracting primitive: COL_ouxiang_post.004
17:28:28 | INFO: Primitives created: 1
17:28:28 | INFO: Extracting primitive: COL_ouxiang_post.005
17:28:28 | INFO: Primitives created: 1
17:28:28 | INFO: Extracting primitive: COL_ouxiang_post.006
17:28:28 | INFO: Primitives created: 1
17:28:28 | INFO: Extracting primitive: COL_ouxiang_post.007
17:28:28 | INFO: Primitives created: 1
17:28:28 | INFO: Extracting primitive: COL_ouxiang_rail.002
17:28:28 | INFO: Primitives created: 1
17:28:28 | INFO: Extracting primitive: COL_ouxiang_rail.003
17:28:28 | INFO: Primitives created: 1
17:28:28 | INFO: Extracting primitive: COL_ouxiang_side_rail.004
17:28:28 | INFO: Primitives created: 1
17:28:28 | INFO: Extracting primitive: COL_ouxiang_side_rail.005
17:28:28 | INFO: Primitives created: 1
17:28:28 | INFO: Extracting primitive: COL_ouxiang_side_rail.006
17:28:28 | INFO: Primitives created: 1
17:28:28 | INFO: Extracting primitive: COL_ouxiang_side_rail.007
17:28:28 | INFO: Primitives created: 1
17:28:28 | INFO: Extracting primitive: COL_ouxiang_table.001
17:28:28 | INFO: Primitives created: 1
17:28:28 | INFO: Extracting primitive: KIT_props_tea_cup.006
17:28:28 | INFO: Primitives created: 1
17:28:28 | INFO: Extracting primitive: KIT_water_lotus_leaf.007
17:28:28 | INFO: Primitives created: 1
17:28:28 | INFO: Extracting primitive: SITE_ouxiang_deck.001
17:28:28 | INFO: Primitives created: 1
17:28:28 | INFO: Extracting primitive: KIT_pavilion_water_pier.004
17:28:28 | INFO: Primitives created: 1
17:28:28 | INFO: Extracting primitive: KIT_props_lantern_hanging_render.013
17:28:28 | WARNING: More than one shader node tex image used for a texture. The resulting glTF sampler will behave like the first shader node tex image.
17:28:28 | INFO: Primitives created: 1
17:28:28 | INFO: Extracting primitive: KIT_pavilion_water_hipped_roof.001
17:28:28 | INFO: Primitives created: 1
17:28:28 | INFO: Finished glTF 2.0 export in 0.03327369689941406 s

17:28:29 | INFO: Starting glTF 2.0 export
17:28:29 | INFO: Extracting primitive: COL_hengwu-yuan_floor.001
17:28:29 | INFO: Primitives created: 1
17:28:29 | INFO: Extracting primitive: COL_hengwu_closed_hall.002
17:28:29 | INFO: Primitives created: 1
17:28:29 | INFO: Extracting primitive: COL_hengwu_court.002
17:28:29 | INFO: Primitives created: 1
17:28:29 | INFO: Extracting primitive: COL_hengwu_hall_post.001
17:28:29 | INFO: Primitives created: 1
17:28:29 | INFO: Extracting primitive: COL_hengwu_hall_post.002
17:28:29 | INFO: Primitives created: 1
17:28:29 | INFO: Extracting primitive: COL_hengwu_hall_post.006
17:28:29 | INFO: Primitives created: 1
17:28:29 | INFO: Extracting primitive: COL_wall_bay.001
17:28:29 | INFO: Primitives created: 1
17:28:29 | INFO: Extracting primitive: COL_wall_bay.002
17:28:29 | INFO: Primitives created: 1
17:28:29 | INFO: Extracting primitive: COL_wall_bay.003
17:28:29 | INFO: Primitives created: 1
17:28:29 | INFO: Extracting primitive: COL_wall_bay.004
17:28:29 | INFO: Primitives created: 1
17:28:29 | INFO: Extracting primitive: COL_wall_bay.005
17:28:29 | INFO: Primitives created: 1
17:28:29 | INFO: Extracting primitive: COL_wall_bay.006
17:28:29 | INFO: Primitives created: 1
17:28:29 | INFO: Extracting primitive: KIT_wall_plaster.002
17:28:29 | INFO: Primitives created: 1
17:28:29 | INFO: Extracting primitive: COL_wall_window.001
17:28:29 | INFO: Primitives created: 1
17:28:29 | INFO: Extracting primitive: COL_wall_window.002
17:28:29 | INFO: Primitives created: 1
17:28:29 | INFO: Extracting primitive: COL_hengwu_rock.001
17:28:29 | INFO: Primitives created: 1
17:28:29 | INFO: Extracting primitive: COL_hengwu_rock.002
17:28:29 | INFO: Primitives created: 1
17:28:29 | INFO: Extracting primitive: COL_hengwu_rock.006
17:28:29 | INFO: Primitives created: 1
17:28:29 | INFO: Extracting primitive: COL_hengwu_stool.001
17:28:29 | INFO: Primitives created: 1
17:28:29 | INFO: Extracting primitive: COL_hengwu_stool.002
17:28:29 | INFO: Primitives created: 1
17:28:29 | INFO: Extracting primitive: COL_hengwu_stool.003
17:28:29 | INFO: Primitives created: 1
17:28:29 | INFO: Extracting primitive: COL_hengwu_stool.008
17:28:29 | INFO: Primitives created: 1
17:28:29 | INFO: Extracting primitive: COL_hengwu_table.002
17:28:29 | INFO: Primitives created: 1
17:28:29 | INFO: Extracting primitive: HERO_hengwu-yuan_title.002
17:28:29 | WARNING: More than one shader node tex image used for a texture. The resulting glTF sampler will behave like the first shader node tex image.
17:28:29 | INFO: Primitives created: 1
17:28:29 | INFO: Extracting primitive: SITE_hengwu-yuan_backstage.001
17:28:29 | INFO: Primitives created: 1
17:28:29 | INFO: Extracting primitive: KIT_pavilion_finial.011
17:28:29 | INFO: Primitives created: 1
17:28:29 | INFO: Extracting primitive: KIT_wall_amber_window.006
17:28:29 | INFO: Primitives created: 1
17:28:29 | INFO: Extracting primitive: HENGWU_herb_leaf.001
17:28:29 | INFO: Primitives created: 1
17:28:29 | INFO: Extracting primitive: KIT_wall_lattice_vertical.105
17:28:29 | INFO: Primitives created: 1
17:28:29 | INFO: Extracting primitive: SITE_hengwu-yuan_platform.001
17:28:29 | INFO: Primitives created: 1
17:28:29 | INFO: Extracting primitive: KIT_props_lantern_hanging_render.015
17:28:29 | WARNING: More than one shader node tex image used for a texture. The resulting glTF sampler will behave like the first shader node tex image.
17:28:29 | INFO: Primitives created: 1
17:28:29 | INFO: Extracting primitive: KIT_pavilion_roof.011
17:28:29 | INFO: Primitives created: 1
17:28:29 | INFO: Extracting primitive: KIT_wall_bay.001
17:28:29 | WARNING: More than one shader node tex image used for a texture. The resulting glTF sampler will behave like the first shader node tex image.
17:28:29 | INFO: Primitives created: 1
17:28:29 | INFO: Extracting primitive: SITE_hengwu-yuan_front.001
17:28:29 | INFO: Primitives created: 1
17:28:29 | INFO: Finished glTF 2.0 export in 0.12447810173034668 s

17:28:29 | INFO: Starting glTF 2.0 export
17:28:29 | INFO: Extracting primitive: COL_yihong_closed_front.002
17:28:29 | INFO: Primitives created: 1
17:28:29 | INFO: Extracting primitive: COL_yihong_court_side.001
17:28:29 | INFO: Primitives created: 1
17:28:29 | INFO: Extracting primitive: COL_yihong_court_side.004
17:28:29 | INFO: Primitives created: 1
17:28:29 | INFO: Extracting primitive: COL_yihong_floor.002
17:28:29 | INFO: Primitives created: 1
17:28:29 | INFO: Extracting primitive: COL_yihong_planter.001
17:28:29 | INFO: Primitives created: 1
17:28:29 | INFO: Extracting primitive: COL_yihong_planter.004
17:28:29 | INFO: Primitives created: 1
17:28:29 | INFO: Extracting primitive: COL_yihong_side_return.001
17:28:29 | INFO: Primitives created: 1
17:28:29 | INFO: Extracting primitive: COL_yihong_side_return.004
17:28:29 | INFO: Primitives created: 1
17:28:29 | INFO: Extracting primitive: COL_yihong_threshold.002
17:28:29 | INFO: Primitives created: 1
17:28:29 | INFO: Extracting primitive: KIT_flora_banana_render.001
17:28:29 | WARNING: More than one shader node tex image used for a texture. The resulting glTF sampler will behave like the first shader node tex image.
17:28:29 | INFO: Primitives created: 1
17:28:29 | INFO: Extracting primitive: KIT_flora_banana_render.002
17:28:29 | INFO: Primitives created: 1
17:28:29 | INFO: Extracting primitive: HERO_yihong-yuan_title.002
17:28:29 | WARNING: More than one shader node tex image used for a texture. The resulting glTF sampler will behave like the first shader node tex image.
17:28:29 | INFO: Primitives created: 1
17:28:29 | INFO: Extracting primitive: YIHONG_backstage.002
17:28:29 | INFO: Primitives created: 1
17:28:29 | INFO: Extracting primitive: YIHONG_door_rail.001
17:28:29 | INFO: Primitives created: 1
17:28:29 | INFO: Extracting primitive: YIHONG_amber_window.002
17:28:29 | INFO: Primitives created: 1
17:28:29 | INFO: Extracting primitive: YIHONG_door_panel.001
17:28:29 | INFO: Primitives created: 1
17:28:29 | INFO: Extracting primitive: YIHONG_paving.002
17:28:30 | INFO: Primitives created: 1
17:28:30 | INFO: Extracting primitive: YIHONG_court_cap.001
17:28:30 | INFO: Primitives created: 1
17:28:30 | INFO: Extracting primitive: YIHONG_closed_front.002
17:28:30 | INFO: Primitives created: 1
17:28:30 | INFO: Finished glTF 2.0 export in 0.030194997787475586 s

17:28:30 | INFO: Starting glTF 2.0 export
17:28:30 | INFO: Extracting primitive: COL_xiaoxiang_bamboo_bed.004
17:28:30 | INFO: Primitives created: 1
17:28:30 | INFO: Extracting primitive: COL_xiaoxiang_bamboo_bed.005
17:28:30 | INFO: Primitives created: 1
17:28:30 | INFO: Extracting primitive: COL_xiaoxiang_bamboo_bed.006
17:28:30 | INFO: Primitives created: 1
17:28:30 | INFO: Extracting primitive: COL_xiaoxiang_bamboo_bed.007
17:28:30 | INFO: Primitives created: 1
17:28:30 | INFO: Extracting primitive: COL_xiaoxiang_closed_front.001
17:28:30 | INFO: Primitives created: 1
17:28:30 | INFO: Extracting primitive: COL_xiaoxiang_floor.001
17:28:30 | INFO: Primitives created: 1
17:28:30 | INFO: Extracting primitive: COL_xiaoxiang_return.002
17:28:30 | INFO: Primitives created: 1
17:28:30 | INFO: Extracting primitive: COL_xiaoxiang_return.003
17:28:30 | INFO: Primitives created: 1
17:28:30 | INFO: Extracting primitive: COL_xiaoxiang_threshold.001
17:28:30 | INFO: Primitives created: 1
17:28:30 | INFO: Extracting primitive: KIT_flora_bamboo_large_render.003
17:28:30 | WARNING: More than one shader node tex image used for a texture. The resulting glTF sampler will behave like the first shader node tex image.
17:28:30 | INFO: Primitives created: 1
17:28:30 | INFO: Extracting primitive: KIT_flora_bamboo_medium_render.001
17:28:30 | INFO: Primitives created: 1
17:28:30 | INFO: Extracting primitive: KIT_flora_bamboo_small_render.002
17:28:30 | INFO: Primitives created: 1
17:28:30 | INFO: Extracting primitive: KIT_flora_bamboo_large_render.004
17:28:30 | INFO: Primitives created: 1
17:28:30 | INFO: Extracting primitive: HERO_xiaoxiang-guan_title.002
17:28:30 | WARNING: More than one shader node tex image used for a texture. The resulting glTF sampler will behave like the first shader node tex image.
17:28:30 | INFO: Primitives created: 1
17:28:30 | INFO: Extracting primitive: XIAOXIANG_black_back.001
17:28:30 | INFO: Primitives created: 1
17:28:30 | INFO: Extracting primitive: XIAOXIANG_gate_pull.002
17:28:30 | INFO: Primitives created: 1
17:28:30 | INFO: Extracting primitive: XIAOXIANG_amber_window.001
17:28:30 | INFO: Primitives created: 1
17:28:30 | INFO: Extracting primitive: XIAOXIANG_gate_leaf.002
17:28:30 | INFO: Primitives created: 1
17:28:30 | INFO: Extracting primitive: XIAOXIANG_paving.001
17:28:30 | INFO: Primitives created: 1
17:28:30 | INFO: Extracting primitive: XIAOXIANG_wall_cap.001
17:28:30 | INFO: Primitives created: 1
17:28:30 | INFO: Extracting primitive: XIAOXIANG_closed_front.001
17:28:30 | INFO: Primitives created: 1
17:28:30 | INFO: Finished glTF 2.0 export in 0.035188913345336914 s

17:28:30 | INFO: Starting glTF 2.0 export
17:28:30 | INFO: Extracting primitive: COL_longcui_burner.001
17:28:30 | INFO: Primitives created: 1
17:28:30 | INFO: Extracting primitive: COL_longcui_closed_front.001
17:28:30 | INFO: Primitives created: 1
17:28:30 | INFO: Extracting primitive: COL_longcui_floor.001
17:28:30 | INFO: Primitives created: 1
17:28:30 | INFO: Extracting primitive: COL_longcui_plum_trunk.002
17:28:30 | INFO: Primitives created: 1
17:28:30 | INFO: Extracting primitive: COL_longcui_plum_trunk.003
17:28:30 | INFO: Primitives created: 1
17:28:30 | INFO: Extracting primitive: COL_longcui_return.002
17:28:30 | INFO: Primitives created: 1
17:28:30 | INFO: Extracting primitive: COL_longcui_return.003
17:28:30 | INFO: Primitives created: 1
17:28:30 | INFO: Extracting primitive: COL_longcui_threshold.001
17:28:30 | INFO: Primitives created: 1
17:28:30 | INFO: Extracting primitive: KIT_flora_plum_render.001
17:28:30 | WARNING: More than one shader node tex image used for a texture. The resulting glTF sampler will behave like the first shader node tex image.
17:28:30 | INFO: Primitives created: 1
17:28:30 | INFO: Extracting primitive: KIT_flora_plum_render.002
17:28:30 | INFO: Primitives created: 1
17:28:30 | INFO: Extracting primitive: HERO_longcui-an_title.002
17:28:30 | WARNING: More than one shader node tex image used for a texture. The resulting glTF sampler will behave like the first shader node tex image.
17:28:30 | INFO: Primitives created: 1
17:28:30 | INFO: Extracting primitive: LONGCUI_backstage.001
17:28:30 | INFO: Primitives created: 1
17:28:30 | INFO: Extracting primitive: LONGCUI_gate_pull.002
17:28:30 | INFO: Primitives created: 1
17:28:30 | INFO: Extracting primitive: LONGCUI_closed_gate.002
17:28:30 | INFO: Primitives created: 1
17:28:30 | INFO: Extracting primitive: LONGCUI_paving.001
17:28:30 | INFO: Primitives created: 1
17:28:30 | INFO: Extracting primitive: KIT_props_lantern_hanging_render.016
17:28:30 | WARNING: More than one shader node tex image used for a texture. The resulting glTF sampler will behave like the first shader node tex image.
17:28:30 | INFO: Primitives created: 1
17:28:30 | INFO: Extracting primitive: LONGCUI_wall_cap.001
17:28:30 | INFO: Primitives created: 1
17:28:30 | INFO: Extracting primitive: LONGCUI_closed_front.001
17:28:30 | INFO: Primitives created: 1
17:28:30 | INFO: Finished glTF 2.0 export in 0.031206130981445312 s

17:28:31 | INFO: Starting glTF 2.0 export
17:28:31 | INFO: Extracting primitive: COL_aojing_closed_front.002
17:28:31 | INFO: Primitives created: 1
17:28:31 | INFO: Extracting primitive: COL_aojing_dry_ledge.002
17:28:31 | INFO: Primitives created: 1
17:28:31 | INFO: Extracting primitive: COL_aojing_hall_floor.002
17:28:31 | INFO: Primitives created: 1
17:28:31 | INFO: Extracting primitive: COL_aojing_ledge_end.002
17:28:31 | INFO: Primitives created: 1
17:28:31 | INFO: Extracting primitive: COL_aojing_ledge_parapet.002
17:28:31 | INFO: Primitives created: 1
17:28:31 | INFO: Extracting primitive: COL_aojing_return.001
17:28:31 | INFO: Primitives created: 1
17:28:31 | INFO: Extracting primitive: COL_aojing_return.004
17:28:31 | INFO: Primitives created: 1
17:28:31 | INFO: Extracting primitive: HERO_aojing-guan_title.002
17:28:31 | WARNING: More than one shader node tex image used for a texture. The resulting glTF sampler will behave like the first shader node tex image.
17:28:31 | INFO: Primitives created: 1
17:28:31 | INFO: Extracting primitive: AOJING_pond.002
17:28:31 | INFO: Primitives created: 1
17:28:31 | INFO: Extracting primitive: AOJING_backstage.002
17:28:31 | INFO: Primitives created: 1
17:28:31 | INFO: Extracting primitive: AOJING_amber_window.002
17:28:31 | INFO: Primitives created: 1
17:28:31 | INFO: Extracting primitive: AOJING_window_lattice.001
17:28:31 | INFO: Primitives created: 1
17:28:31 | INFO: Extracting primitive: AOJING_dry_ledge.002
17:28:31 | INFO: Primitives created: 1
17:28:31 | INFO: Extracting primitive: AOJING_roof.002
17:28:31 | INFO: Primitives created: 1
17:28:31 | INFO: Extracting primitive: AOJING_closed_front.002
17:28:31 | INFO: Primitives created: 1
17:28:31 | INFO: Finished glTF 2.0 export in 0.04060006141662598 s

17:28:32 | INFO: Starting glTF 2.0 export
17:28:32 | INFO: Extracting primitive: COL_daoxiang_closed_front.001
17:28:32 | INFO: Primitives created: 1
17:28:32 | INFO: Extracting primitive: COL_daoxiang_court.001
17:28:32 | INFO: Primitives created: 1
17:28:32 | INFO: Extracting primitive: COL_daoxiang_fence.004
17:28:32 | INFO: Primitives created: 1
17:28:32 | INFO: Extracting primitive: COL_daoxiang_fence.005
17:28:32 | INFO: Primitives created: 1
17:28:32 | INFO: Extracting primitive: COL_daoxiang_fence.006
17:28:32 | INFO: Primitives created: 1
17:28:32 | INFO: Extracting primitive: COL_daoxiang_fence.007
17:28:32 | INFO: Primitives created: 1
17:28:32 | INFO: Extracting primitive: COL_daoxiang_side.002
17:28:32 | INFO: Primitives created: 1
17:28:32 | INFO: Extracting primitive: COL_daoxiang_side.003
17:28:32 | INFO: Primitives created: 1
17:28:32 | INFO: Extracting primitive: HERO_daoxiang-cun_title.002
17:28:32 | WARNING: More than one shader node tex image used for a texture. The resulting glTF sampler will behave like the first shader node tex image.
17:28:32 | INFO: Primitives created: 1
17:28:32 | INFO: Extracting primitive: DAOXIANG_backstage.001
17:28:32 | INFO: Primitives created: 1
17:28:32 | INFO: Extracting primitive: DAOXIANG_door_latch.001
17:28:32 | INFO: Primitives created: 1
17:28:32 | INFO: Extracting primitive: DAOXIANG_warm_sliver.001
17:28:32 | INFO: Primitives created: 1
17:28:32 | INFO: Extracting primitive: DAOXIANG_closed_door.001
17:28:32 | INFO: Primitives created: 1
17:28:32 | INFO: Extracting primitive: DAOXIANG_paddy_painting.001
17:28:32 | INFO: Primitives created: 1
17:28:32 | INFO: Extracting primitive: DAOXIANG_court.001
17:28:32 | INFO: Primitives created: 1
17:28:32 | INFO: Extracting primitive: DAOXIANG_thatch_mass.001
17:28:32 | INFO: Primitives created: 1
17:28:32 | INFO: Extracting primitive: DAOXIANG_front.001
17:28:32 | INFO: Primitives created: 1
17:28:32 | INFO: Finished glTF 2.0 export in 0.03625607490539551 s

17:28:32 | INFO: Starting glTF 2.0 export
17:28:32 | INFO: Extracting primitive: COL_water_bridge_side.001
17:28:32 | INFO: Primitives created: 1
17:28:32 | INFO: Extracting primitive: COL_water_bridge_side.004
17:28:32 | INFO: Primitives created: 1
17:28:32 | INFO: Extracting primitive: COL_water_bridge_deck.002
17:28:32 | INFO: Primitives created: 1
17:28:32 | INFO: Extracting primitive: COL_ziling_landing.001
17:28:32 | INFO: Primitives created: 1
17:28:32 | INFO: Extracting primitive: KIT_flora_reed_render.001
17:28:32 | WARNING: More than one shader node tex image used for a texture. The resulting glTF sampler will behave like the first shader node tex image.
17:28:32 | INFO: Primitives created: 1
17:28:32 | INFO: Extracting primitive: KIT_flora_reed_render.002
17:28:32 | INFO: Primitives created: 1
17:28:32 | INFO: Extracting primitive: KIT_flora_reed_render.003
17:28:32 | INFO: Primitives created: 1
17:28:32 | INFO: Extracting primitive: KIT_flora_reed_render.004
17:28:32 | INFO: Primitives created: 1
17:28:32 | INFO: Extracting primitive: KIT_flora_reed_render.005
17:28:32 | INFO: Primitives created: 1
17:28:32 | INFO: Extracting primitive: KIT_flora_reed_render.006
17:28:32 | INFO: Primitives created: 1
17:28:32 | INFO: Extracting primitive: KIT_flora_reed_render.007
17:28:32 | INFO: Primitives created: 1
17:28:32 | INFO: Extracting primitive: KIT_flora_reed_render.008
17:28:32 | INFO: Primitives created: 1
17:28:32 | INFO: Extracting primitive: KIT_flora_reed_render.009
17:28:32 | INFO: Primitives created: 1
17:28:32 | INFO: Extracting primitive: KIT_flora_reed_render.010
17:28:32 | INFO: Primitives created: 1
17:28:32 | INFO: Extracting primitive: KIT_water_lotus_leaf.011
17:28:32 | INFO: Primitives created: 1
17:28:32 | INFO: Extracting primitive: KIT_water_plank.002
17:28:32 | WARNING: More than one shader node tex image used for a texture. The resulting glTF sampler will behave like the first shader node tex image.
17:28:32 | INFO: Primitives created: 1
17:28:32 | INFO: Extracting primitive: SITE_ziling_island.001
17:28:32 | INFO: Primitives created: 1
17:28:32 | INFO: Finished glTF 2.0 export in 0.037628889083862305 s

17:28:32 | INFO: Starting glTF 2.0 export
17:28:32 | INFO: Extracting primitive: COL_aojing_approach.001
17:28:32 | INFO: Primitives created: 1
17:28:32 | INFO: Extracting primitive: COL_aojing_approach.004
17:28:32 | INFO: Primitives created: 1
17:28:32 | INFO: Extracting primitive: COL_aojing_approach_guard.001
17:28:32 | INFO: Primitives created: 1
17:28:32 | INFO: Extracting primitive: COL_aojing_approach_guard.004
17:28:32 | INFO: Primitives created: 1
17:28:32 | INFO: Extracting primitive: COL_aojing_approach_ramp.002
17:28:32 | INFO: Primitives created: 1
17:28:32 | INFO: Extracting primitive: COL_aojing_closed_front.002
17:28:32 | INFO: Primitives created: 1
17:28:32 | INFO: Extracting primitive: COL_aojing_dry_ledge.002
17:28:32 | INFO: Primitives created: 1
17:28:32 | INFO: Extracting primitive: COL_aojing_hall_floor.002
17:28:32 | INFO: Primitives created: 1
17:28:32 | INFO: Extracting primitive: COL_aojing_ledge_end.002
17:28:32 | INFO: Primitives created: 1
17:28:32 | INFO: Extracting primitive: COL_aojing_ledge_parapet.002
17:28:32 | INFO: Primitives created: 1
17:28:32 | INFO: Extracting primitive: COL_aojing_return.001
17:28:32 | INFO: Primitives created: 1
17:28:32 | INFO: Extracting primitive: COL_aojing_return.004
17:28:32 | INFO: Primitives created: 1
17:28:32 | INFO: Extracting primitive: Cube.147
17:28:32 | INFO: Primitives created: 1
17:28:32 | INFO: Extracting primitive: Cube.148
17:28:32 | INFO: Primitives created: 1
17:28:32 | INFO: Extracting primitive: Cube.149
17:28:32 | INFO: Primitives created: 1
17:28:32 | INFO: Extracting primitive: Cube.150
17:28:32 | INFO: Primitives created: 1
17:28:32 | INFO: Extracting primitive: COL_bridge_crosswalk.002
17:28:32 | INFO: Primitives created: 1
17:28:32 | INFO: Extracting primitive: COL_bridge_crosswalk.003
17:28:32 | INFO: Primitives created: 1
17:28:32 | INFO: Extracting primitive: COL_cell_floor.006
17:28:32 | INFO: Primitives created: 1
17:28:32 | INFO: Extracting primitive: COL_cell_floor.007
17:28:32 | INFO: Primitives created: 1
17:28:32 | INFO: Extracting primitive: COL_cell_floor.008
17:28:32 | INFO: Primitives created: 1
17:28:32 | INFO: Extracting primitive: COL_cell_floor.009
17:28:32 | INFO: Primitives created: 1
17:28:32 | INFO: Extracting primitive: COL_cell_floor.010
17:28:32 | INFO: Primitives created: 1
17:28:32 | INFO: Extracting primitive: COL_cell_floor.011
17:28:32 | INFO: Primitives created: 1
17:28:32 | INFO: Extracting primitive: COL_cell_wall.012
17:28:32 | INFO: Primitives created: 1
17:28:32 | INFO: Extracting primitive: COL_cell_wall.013
17:28:32 | INFO: Primitives created: 1
17:28:32 | INFO: Extracting primitive: COL_cell_wall.014
17:28:32 | INFO: Primitives created: 1
17:28:32 | INFO: Extracting primitive: COL_cell_wall.015
17:28:32 | INFO: Primitives created: 1
17:28:32 | INFO: Extracting primitive: COL_cell_wall.016
17:28:32 | INFO: Primitives created: 1
17:28:32 | INFO: Extracting primitive: COL_cell_wall.017
17:28:32 | INFO: Primitives created: 1
17:28:32 | INFO: Extracting primitive: COL_cell_wall.018
17:28:32 | INFO: Primitives created: 1
17:28:32 | INFO: Extracting primitive: COL_cell_wall.019
17:28:32 | INFO: Primitives created: 1
17:28:32 | INFO: Extracting primitive: COL_cell_wall.020
17:28:32 | INFO: Primitives created: 1
17:28:32 | INFO: Extracting primitive: COL_cell_wall.021
17:28:32 | INFO: Primitives created: 1
17:28:32 | INFO: Extracting primitive: COL_cell_wall.022
17:28:32 | INFO: Primitives created: 1
17:28:32 | INFO: Extracting primitive: COL_cell_wall.023
17:28:32 | INFO: Primitives created: 1
17:28:32 | INFO: Extracting primitive: COL_daguan_central_step.003
17:28:32 | INFO: Primitives created: 1
17:28:32 | INFO: Extracting primitive: COL_daguan_central_step.004
17:28:32 | INFO: Primitives created: 1
17:28:32 | INFO: Extracting primitive: COL_daguan_central_step.005
17:28:32 | INFO: Primitives created: 1
17:28:32 | INFO: Extracting primitive: COL_daguan_closed_front.001
17:28:32 | INFO: Primitives created: 1
17:28:32 | INFO: Extracting primitive: COL_daguan_column.006
17:28:32 | INFO: Primitives created: 1
17:28:32 | INFO: Extracting primitive: COL_daguan_column.007
17:28:32 | INFO: Primitives created: 1
17:28:32 | INFO: Extracting primitive: COL_daguan_column.008
17:28:32 | INFO: Primitives created: 1
17:28:32 | INFO: Extracting primitive: COL_daguan_column.009
17:28:32 | INFO: Primitives created: 1
17:28:32 | INFO: Extracting primitive: COL_daguan_column.010
17:28:32 | INFO: Primitives created: 1
17:28:32 | INFO: Extracting primitive: COL_daguan_column.011
17:28:32 | INFO: Primitives created: 1
17:28:32 | INFO: Extracting primitive: COL_daguan_floor.001
17:28:32 | INFO: Primitives created: 1
17:28:32 | INFO: Extracting primitive: COL_daguan_return_wall.002
17:28:32 | INFO: Primitives created: 1
17:28:32 | INFO: Extracting primitive: COL_daguan_return_wall.003
17:28:32 | INFO: Primitives created: 1
17:28:32 | INFO: Extracting primitive: COL_daoxiang_approach.002
17:28:32 | INFO: Primitives created: 1
17:28:32 | INFO: Extracting primitive: COL_daoxiang_approach.003
17:28:32 | INFO: Primitives created: 1
17:28:32 | INFO: Extracting primitive: COL_daoxiang_closed_front.001
17:28:32 | INFO: Primitives created: 1
17:28:32 | INFO: Extracting primitive: COL_daoxiang_court.001
17:28:32 | INFO: Primitives created: 1
17:28:32 | INFO: Extracting primitive: COL_daoxiang_fence.004
17:28:32 | INFO: Primitives created: 1
17:28:32 | INFO: Extracting primitive: COL_daoxiang_fence.005
17:28:32 | INFO: Primitives created: 1
17:28:32 | INFO: Extracting primitive: COL_daoxiang_fence.006
17:28:32 | INFO: Primitives created: 1
17:28:32 | INFO: Extracting primitive: COL_daoxiang_fence.007
17:28:32 | INFO: Primitives created: 1
17:28:32 | INFO: Extracting primitive: COL_daoxiang_side.002
17:28:32 | INFO: Primitives created: 1
17:28:32 | INFO: Extracting primitive: COL_daoxiang_side.003
17:28:32 | INFO: Primitives created: 1
17:28:32 | INFO: Extracting primitive: COL_entry_corridor.001
17:28:32 | INFO: Primitives created: 1
17:28:32 | INFO: Extracting primitive: COL_entry_walk.002
17:28:32 | INFO: Primitives created: 1
17:28:32 | INFO: Extracting primitive: COL_entry_walk.003
17:28:32 | INFO: Primitives created: 1
17:28:32 | INFO: Extracting primitive: COL_floor_joint_cell_threshold_0.001
17:28:32 | INFO: Primitives created: 1
17:28:32 | INFO: Extracting primitive: COL_floor_joint_cell_threshold_1.001
17:28:32 | INFO: Primitives created: 1
17:28:32 | INFO: Extracting primitive: COL_floor_joint_cell_threshold_2.001
17:28:32 | INFO: Primitives created: 1
17:28:32 | INFO: Extracting primitive: COL_floor_joint_cell_threshold_3.001
17:28:32 | INFO: Primitives created: 1
17:28:32 | INFO: Extracting primitive: COL_floor_joint_cell_threshold_4.001
17:28:32 | INFO: Primitives created: 1
17:28:32 | INFO: Extracting primitive: COL_floor_joint_cell_threshold_5.001
17:28:32 | INFO: Primitives created: 1
17:28:32 | INFO: Extracting primitive: COL_floor_joint_pavilion_east_joint.001
17:28:32 | INFO: Primitives created: 1
17:28:32 | INFO: Extracting primitive: COL_floor_joint_pavilion_west_joint.001
17:28:32 | INFO: Primitives created: 1
17:28:32 | INFO: Extracting primitive: Cube.146
17:28:32 | INFO: Primitives created: 1
17:28:32 | INFO: Extracting primitive: Cube.145
17:28:32 | INFO: Primitives created: 1
17:28:32 | INFO: Extracting primitive: COL_GATE_banana_planter.001
17:28:32 | INFO: Primitives created: 1
17:28:32 | INFO: Extracting primitive: KIT_rockery_passage.022
17:28:32 | INFO: Primitives created: 1
17:28:32 | INFO: Extracting primitive: KIT_rockery_passage.024
17:28:32 | INFO: Primitives created: 1
17:28:32 | INFO: Extracting primitive: KIT_rockery_cliff.006
17:28:32 | INFO: Primitives created: 1
17:28:32 | INFO: Extracting primitive: KIT_rockery_cliff.008
17:28:32 | INFO: Primitives created: 1
17:28:32 | INFO: Extracting primitive: KIT_rockery_passage.004
17:28:32 | INFO: Primitives created: 1
17:28:32 | INFO: Extracting primitive: KIT_rockery_passage.016
17:28:32 | INFO: Primitives created: 1
17:28:32 | INFO: Extracting primitive: KIT_rockery_passage.018
17:28:32 | INFO: Primitives created: 1
17:28:32 | INFO: Extracting primitive: KIT_rockery_passage.020
17:28:32 | INFO: Primitives created: 1
17:28:32 | INFO: Extracting primitive: GATE_paving.003
17:28:32 | INFO: Primitives created: 1
17:28:32 | INFO: Extracting primitive: COL_hengwu-yuan_floor.001
17:28:32 | INFO: Primitives created: 1
17:28:32 | INFO: Extracting primitive: COL_hengwu_approach.002
17:28:32 | INFO: Primitives created: 1
17:28:32 | INFO: Extracting primitive: COL_hengwu_approach.003
17:28:32 | INFO: Primitives created: 1
17:28:32 | INFO: Extracting primitive: COL_hengwu_closed_hall.002
17:28:32 | INFO: Primitives created: 1
17:28:32 | INFO: Extracting primitive: COL_hengwu_court.002
17:28:32 | INFO: Primitives created: 1
17:28:32 | INFO: Extracting primitive: COL_hengwu_hall_post.001
17:28:32 | INFO: Primitives created: 1
17:28:32 | INFO: Extracting primitive: COL_hengwu_hall_post.002
17:28:32 | INFO: Primitives created: 1
17:28:32 | INFO: Extracting primitive: COL_hengwu_hall_post.006
17:28:32 | INFO: Primitives created: 1
17:28:32 | INFO: Extracting primitive: COL_wall_bay.001
17:28:32 | INFO: Primitives created: 1
17:28:32 | INFO: Extracting primitive: COL_wall_bay.002
17:28:32 | INFO: Primitives created: 1
17:28:32 | INFO: Extracting primitive: COL_wall_bay.003
17:28:32 | INFO: Primitives created: 1
17:28:32 | INFO: Extracting primitive: COL_wall_bay.004
17:28:32 | INFO: Primitives created: 1
17:28:32 | INFO: Extracting primitive: COL_wall_bay.005
17:28:32 | INFO: Primitives created: 1
17:28:32 | INFO: Extracting primitive: COL_wall_bay.006
17:28:32 | INFO: Primitives created: 1
17:28:32 | INFO: Extracting primitive: KIT_wall_plaster.002
17:28:32 | INFO: Primitives created: 1
17:28:32 | INFO: Extracting primitive: COL_wall_window.001
17:28:32 | INFO: Primitives created: 1
17:28:32 | INFO: Extracting primitive: COL_wall_window.002
17:28:32 | INFO: Primitives created: 1
17:28:32 | INFO: Extracting primitive: COL_hengwu_rock.001
17:28:32 | INFO: Primitives created: 1
17:28:32 | INFO: Extracting primitive: COL_hengwu_rock.002
17:28:32 | INFO: Primitives created: 1
17:28:32 | INFO: Extracting primitive: COL_hengwu_rock.006
17:28:32 | INFO: Primitives created: 1
17:28:32 | INFO: Extracting primitive: COL_hengwu_stool.001
17:28:32 | INFO: Primitives created: 1
17:28:32 | INFO: Extracting primitive: COL_hengwu_stool.002
17:28:32 | INFO: Primitives created: 1
17:28:32 | INFO: Extracting primitive: COL_hengwu_stool.003
17:28:32 | INFO: Primitives created: 1
17:28:32 | INFO: Extracting primitive: COL_hengwu_stool.008
17:28:32 | INFO: Primitives created: 1
17:28:32 | INFO: Extracting primitive: COL_hengwu_table.002
17:28:32 | INFO: Primitives created: 1
17:28:32 | INFO: Extracting primitive: COL_longcui_approach.003
17:28:32 | INFO: Primitives created: 1
17:28:32 | INFO: Extracting primitive: COL_longcui_approach.004
17:28:32 | INFO: Primitives created: 1
17:28:32 | INFO: Extracting primitive: COL_longcui_approach.005
17:28:32 | INFO: Primitives created: 1
17:28:32 | INFO: Extracting primitive: COL_longcui_burner.001
17:28:32 | INFO: Primitives created: 1
17:28:32 | INFO: Extracting primitive: COL_longcui_closed_front.001
17:28:32 | INFO: Primitives created: 1
17:28:32 | INFO: Extracting primitive: COL_longcui_floor.001
17:28:32 | INFO: Primitives created: 1
17:28:32 | INFO: Extracting primitive: COL_longcui_plum_trunk.002
17:28:32 | INFO: Primitives created: 1
17:28:32 | INFO: Extracting primitive: COL_longcui_plum_trunk.003
17:28:32 | INFO: Primitives created: 1
17:28:32 | INFO: Extracting primitive: COL_longcui_return.002
17:28:32 | INFO: Primitives created: 1
17:28:32 | INFO: Extracting primitive: COL_longcui_return.003
17:28:32 | INFO: Primitives created: 1
17:28:32 | INFO: Extracting primitive: COL_longcui_threshold.001
17:28:32 | INFO: Primitives created: 1
17:28:32 | INFO: Extracting primitive: COL_ouxiang_approach.001
17:28:32 | INFO: Primitives created: 1
17:28:32 | INFO: Extracting primitive: COL_ouxiang_deck.001
17:28:32 | INFO: Primitives created: 1
17:28:32 | INFO: Extracting primitive: COL_ouxiang_post.004
17:28:32 | INFO: Primitives created: 1
17:28:32 | INFO: Extracting primitive: COL_ouxiang_post.005
17:28:32 | INFO: Primitives created: 1
17:28:32 | INFO: Extracting primitive: COL_ouxiang_post.006
17:28:32 | INFO: Primitives created: 1
17:28:32 | INFO: Extracting primitive: COL_ouxiang_post.007
17:28:32 | INFO: Primitives created: 1
17:28:32 | INFO: Extracting primitive: COL_ouxiang_rail.002
17:28:32 | INFO: Primitives created: 1
17:28:32 | INFO: Extracting primitive: COL_ouxiang_rail.003
17:28:32 | INFO: Primitives created: 1
17:28:32 | INFO: Extracting primitive: COL_ouxiang_side_rail.004
17:28:32 | INFO: Primitives created: 1
17:28:32 | INFO: Extracting primitive: COL_ouxiang_side_rail.005
17:28:32 | INFO: Primitives created: 1
17:28:32 | INFO: Extracting primitive: COL_ouxiang_side_rail.006
17:28:32 | INFO: Primitives created: 1
17:28:32 | INFO: Extracting primitive: COL_ouxiang_side_rail.007
17:28:32 | INFO: Primitives created: 1
17:28:32 | INFO: Extracting primitive: COL_ouxiang_table.001
17:28:32 | INFO: Primitives created: 1
17:28:32 | INFO: Extracting primitive: COL_corridor_floor.009
17:28:32 | INFO: Primitives created: 1
17:28:32 | INFO: Extracting primitive: COL_corridor_side.015
17:28:32 | INFO: Primitives created: 1
17:28:32 | INFO: Extracting primitive: COL_corridor_side.016
17:28:32 | INFO: Primitives created: 1
17:28:33 | INFO: Extracting primitive: COL_corridor_post.016
17:28:33 | INFO: Primitives created: 1
17:28:33 | INFO: Extracting primitive: COL_corridor_post.017
17:28:33 | INFO: Primitives created: 1
17:28:33 | INFO: Extracting primitive: COL_corridor_floor.010
17:28:33 | INFO: Primitives created: 1
17:28:33 | INFO: Extracting primitive: COL_corridor_side.017
17:28:33 | INFO: Primitives created: 1
17:28:33 | INFO: Extracting primitive: COL_corridor_side.018
17:28:33 | INFO: Primitives created: 1
17:28:33 | INFO: Extracting primitive: COL_corridor_post.018
17:28:33 | INFO: Primitives created: 1
17:28:33 | INFO: Extracting primitive: COL_corridor_post.019
17:28:33 | INFO: Primitives created: 1
17:28:33 | INFO: Extracting primitive: COL_corridor_floor.011
17:28:33 | INFO: Primitives created: 1
17:28:33 | INFO: Extracting primitive: COL_corridor_side.019
17:28:33 | INFO: Primitives created: 1
17:28:33 | INFO: Extracting primitive: COL_corridor_side.020
17:28:33 | INFO: Primitives created: 1
17:28:33 | INFO: Extracting primitive: COL_corridor_post.020
17:28:33 | INFO: Primitives created: 1
17:28:33 | INFO: Extracting primitive: COL_corridor_post.021
17:28:33 | INFO: Primitives created: 1
17:28:33 | INFO: Extracting primitive: COL_corridor_floor.012
17:28:33 | INFO: Primitives created: 1
17:28:33 | INFO: Extracting primitive: COL_corridor_side.021
17:28:33 | INFO: Primitives created: 1
17:28:33 | INFO: Extracting primitive: COL_corridor_side.022
17:28:33 | INFO: Primitives created: 1
17:28:33 | INFO: Extracting primitive: COL_corridor_post.022
17:28:33 | INFO: Primitives created: 1
17:28:33 | INFO: Extracting primitive: COL_corridor_post.023
17:28:33 | INFO: Primitives created: 1
17:28:33 | INFO: Extracting primitive: COL_corridor_floor.001
17:28:33 | INFO: Primitives created: 1
17:28:33 | INFO: Extracting primitive: COL_corridor_side.001
17:28:33 | INFO: Primitives created: 1
17:28:33 | INFO: Extracting primitive: COL_corridor_side.002
17:28:33 | INFO: Primitives created: 1
17:28:33 | INFO: Extracting primitive: COL_corridor_post.001
17:28:33 | INFO: Primitives created: 1
17:28:33 | INFO: Extracting primitive: COL_corridor_post.002
17:28:33 | INFO: Primitives created: 1
17:28:33 | INFO: Extracting primitive: COL_corridor_floor.002
17:28:33 | INFO: Primitives created: 1
17:28:33 | INFO: Extracting primitive: COL_corridor_side.003
17:28:33 | INFO: Primitives created: 1
17:28:33 | INFO: Extracting primitive: COL_corridor_side.004
17:28:33 | INFO: Primitives created: 1
17:28:33 | INFO: Extracting primitive: COL_corridor_post.003
17:28:33 | INFO: Primitives created: 1
17:28:33 | INFO: Extracting primitive: COL_corridor_post.004
17:28:33 | INFO: Primitives created: 1
17:28:33 | INFO: Extracting primitive: COL_corridor_floor.003
17:28:33 | INFO: Primitives created: 1
17:28:33 | INFO: Extracting primitive: COL_corridor_side.005
17:28:33 | INFO: Primitives created: 1
17:28:33 | INFO: Extracting primitive: COL_corridor_side.006
17:28:33 | INFO: Primitives created: 1
17:28:33 | INFO: Extracting primitive: COL_corridor_post.005
17:28:33 | INFO: Primitives created: 1
17:28:33 | INFO: Extracting primitive: COL_corridor_post.006
17:28:33 | INFO: Primitives created: 1
17:28:33 | INFO: Extracting primitive: COL_corridor_floor.004
17:28:33 | INFO: Primitives created: 1
17:28:33 | INFO: Extracting primitive: COL_corridor_side.007
17:28:33 | INFO: Primitives created: 1
17:28:33 | INFO: Extracting primitive: COL_corridor_side.008
17:28:33 | INFO: Primitives created: 1
17:28:33 | INFO: Extracting primitive: COL_corridor_post.007
17:28:33 | INFO: Primitives created: 1
17:28:33 | INFO: Extracting primitive: COL_corridor_post.008
17:28:33 | INFO: Primitives created: 1
17:28:33 | INFO: Extracting primitive: COL_corridor_floor.005
17:28:33 | INFO: Primitives created: 1
17:28:33 | INFO: Extracting primitive: COL_corridor_side.009
17:28:33 | INFO: Primitives created: 1
17:28:33 | INFO: Extracting primitive: COL_corridor_side.010
17:28:33 | INFO: Primitives created: 1
17:28:33 | INFO: Extracting primitive: COL_corridor_post.009
17:28:33 | INFO: Primitives created: 1
17:28:33 | INFO: Extracting primitive: COL_corridor_post.010
17:28:33 | INFO: Primitives created: 1
17:28:33 | INFO: Extracting primitive: COL_corridor_floor.006
17:28:33 | INFO: Primitives created: 1
17:28:33 | INFO: Extracting primitive: COL_corridor_side.011
17:28:33 | INFO: Primitives created: 1
17:28:33 | INFO: Extracting primitive: COL_corridor_post.011
17:28:33 | INFO: Primitives created: 1
17:28:33 | INFO: Extracting primitive: COL_corridor_post.012
17:28:33 | INFO: Primitives created: 1
17:28:33 | INFO: Extracting primitive: COL_corridor_floor.007
17:28:33 | INFO: Primitives created: 1
17:28:33 | INFO: Extracting primitive: COL_corridor_side.012
17:28:33 | INFO: Primitives created: 1
17:28:33 | INFO: Extracting primitive: COL_corridor_post.013
17:28:33 | INFO: Primitives created: 1
17:28:33 | INFO: Extracting primitive: COL_corridor_floor.008
17:28:33 | INFO: Primitives created: 1
17:28:33 | INFO: Extracting primitive: COL_corridor_side.013
17:28:33 | INFO: Primitives created: 1
17:28:33 | INFO: Extracting primitive: COL_corridor_side.014
17:28:33 | INFO: Primitives created: 1
17:28:33 | INFO: Extracting primitive: COL_corridor_post.014
17:28:33 | INFO: Primitives created: 1
17:28:33 | INFO: Extracting primitive: COL_corridor_post.015
17:28:33 | INFO: Primitives created: 1
17:28:33 | INFO: Extracting primitive: COL_corridor_floor.013
17:28:33 | INFO: Primitives created: 1
17:28:33 | INFO: Extracting primitive: COL_corridor_side.023
17:28:33 | INFO: Primitives created: 1
17:28:33 | INFO: Extracting primitive: COL_corridor_side.024
17:28:33 | INFO: Primitives created: 1
17:28:33 | INFO: Extracting primitive: COL_corridor_post.024
17:28:33 | INFO: Primitives created: 1
17:28:33 | INFO: Extracting primitive: COL_corridor_post.025
17:28:33 | INFO: Primitives created: 1
17:28:33 | INFO: Extracting primitive: COL_corridor_floor.014
17:28:33 | INFO: Primitives created: 1
17:28:33 | INFO: Extracting primitive: COL_corridor_side.025
17:28:33 | INFO: Primitives created: 1
17:28:33 | INFO: Extracting primitive: COL_corridor_side.026
17:28:33 | INFO: Primitives created: 1
17:28:33 | INFO: Extracting primitive: COL_corridor_post.026
17:28:33 | INFO: Primitives created: 1
17:28:33 | INFO: Extracting primitive: COL_corridor_post.027
17:28:33 | INFO: Primitives created: 1
17:28:33 | INFO: Extracting primitive: COL_corridor_floor.015
17:28:33 | INFO: Primitives created: 1
17:28:33 | INFO: Extracting primitive: COL_corridor_side.027
17:28:33 | INFO: Primitives created: 1
17:28:33 | INFO: Extracting primitive: COL_corridor_side.028
17:28:33 | INFO: Primitives created: 1
17:28:33 | INFO: Extracting primitive: COL_corridor_post.028
17:28:33 | INFO: Primitives created: 1
17:28:33 | INFO: Extracting primitive: COL_corridor_post.029
17:28:33 | INFO: Primitives created: 1
17:28:33 | INFO: Extracting primitive: COL_corridor_floor.016
17:28:33 | INFO: Primitives created: 1
17:28:33 | INFO: Extracting primitive: COL_corridor_side.029
17:28:33 | INFO: Primitives created: 1
17:28:33 | INFO: Extracting primitive: COL_corridor_side.030
17:28:33 | INFO: Primitives created: 1
17:28:33 | INFO: Extracting primitive: COL_corridor_post.030
17:28:33 | INFO: Primitives created: 1
17:28:33 | INFO: Extracting primitive: COL_corridor_post.031
17:28:33 | INFO: Primitives created: 1
17:28:33 | INFO: Extracting primitive: COL_qinfang_deck.001
17:28:33 | INFO: Primitives created: 1
17:28:33 | INFO: Extracting primitive: COL_pavilion_bench.001
17:28:33 | INFO: Primitives created: 1
17:28:33 | INFO: Extracting primitive: COL_pavilion_bench.002
17:28:33 | INFO: Primitives created: 1
17:28:33 | INFO: Extracting primitive: COL_pavilion_bracket.001
17:28:33 | INFO: Primitives created: 1
17:28:33 | INFO: Extracting primitive: COL_pavilion_bracket.002
17:28:33 | INFO: Primitives created: 1
17:28:33 | INFO: Extracting primitive: COL_pavilion_bracket.003
17:28:33 | INFO: Primitives created: 1
17:28:33 | INFO: Extracting primitive: COL_pavilion_bracket.004
17:28:33 | INFO: Primitives created: 1
17:28:33 | INFO: Extracting primitive: COL_pavilion_bracket.005
17:28:33 | INFO: Primitives created: 1
17:28:33 | INFO: Extracting primitive: COL_pavilion_bracket.006
17:28:33 | INFO: Primitives created: 1
17:28:33 | INFO: Extracting primitive: COL_pavilion_post.001
17:28:33 | INFO: Primitives created: 1
17:28:33 | INFO: Extracting primitive: COL_pavilion_post.002
17:28:33 | INFO: Primitives created: 1
17:28:33 | INFO: Extracting primitive: COL_pavilion_post.003
17:28:33 | INFO: Primitives created: 1
17:28:33 | INFO: Extracting primitive: COL_pavilion_post.004
17:28:33 | INFO: Primitives created: 1
17:28:33 | INFO: Extracting primitive: COL_pavilion_post.005
17:28:33 | INFO: Primitives created: 1
17:28:33 | INFO: Extracting primitive: COL_pavilion_post.006
17:28:33 | INFO: Primitives created: 1
17:28:33 | INFO: Extracting primitive: COL_pavilion_roof.001
17:28:33 | INFO: Primitives created: 1
17:28:33 | INFO: Extracting primitive: COL_qiushuang-zhai_floor.001
17:28:33 | INFO: Primitives created: 1
17:28:33 | INFO: Extracting primitive: Cube.009
17:28:33 | INFO: Primitives created: 1
17:28:33 | INFO: Extracting primitive: Cube.011
17:28:33 | INFO: Primitives created: 1
17:28:33 | INFO: Extracting primitive: Cube.012
17:28:33 | INFO: Primitives created: 1
17:28:33 | INFO: Extracting primitive: Cube.013
17:28:33 | INFO: Primitives created: 1
17:28:33 | INFO: Extracting primitive: Cube.019
17:28:33 | INFO: Primitives created: 1
17:28:33 | INFO: Extracting primitive: Cube.020
17:28:33 | INFO: Primitives created: 1
17:28:33 | INFO: Extracting primitive: Cube.023
17:28:33 | INFO: Primitives created: 1
17:28:33 | INFO: Extracting primitive: Cube.024
17:28:33 | INFO: Primitives created: 1
17:28:33 | INFO: Extracting primitive: Cube.048
17:28:33 | INFO: Primitives created: 1
17:28:33 | INFO: Extracting primitive: Cube.050
17:28:33 | INFO: Primitives created: 1
17:28:33 | INFO: Extracting primitive: Cube.052
17:28:33 | INFO: Primitives created: 1
17:28:33 | INFO: Extracting primitive: Cube.092
17:28:33 | INFO: Primitives created: 1
17:28:33 | INFO: Extracting primitive: Cube.093
17:28:33 | INFO: Primitives created: 1
17:28:33 | INFO: Extracting primitive: Cube.094
17:28:33 | INFO: Primitives created: 1
17:28:33 | INFO: Extracting primitive: Cube.095
17:28:33 | INFO: Primitives created: 1
17:28:33 | INFO: Extracting primitive: Cube.096
17:28:33 | INFO: Primitives created: 1
17:28:33 | INFO: Extracting primitive: Cube.097
17:28:33 | INFO: Primitives created: 1
17:28:33 | INFO: Extracting primitive: Cube.098
17:28:33 | INFO: Primitives created: 1
17:28:33 | INFO: Extracting primitive: Cube.099
17:28:33 | INFO: Primitives created: 1
17:28:33 | INFO: Extracting primitive: Cube.100
17:28:33 | INFO: Primitives created: 1
17:28:33 | INFO: Extracting primitive: Cube.101
17:28:33 | INFO: Primitives created: 1
17:28:33 | INFO: Extracting primitive: Cube.102
17:28:33 | INFO: Primitives created: 1
17:28:33 | INFO: Extracting primitive: Cube.103
17:28:33 | INFO: Primitives created: 1
17:28:33 | INFO: Extracting primitive: Cube.104
17:28:33 | INFO: Primitives created: 1
17:28:33 | INFO: Extracting primitive: Cube.105
17:28:33 | INFO: Primitives created: 1
17:28:33 | INFO: Extracting primitive: Cube.106
17:28:33 | INFO: Primitives created: 1
17:28:33 | INFO: Extracting primitive: Cube.107
17:28:33 | INFO: Primitives created: 1
17:28:33 | INFO: Extracting primitive: Cube.108
17:28:33 | INFO: Primitives created: 1
17:28:33 | INFO: Extracting primitive: Cube.109
17:28:33 | INFO: Primitives created: 1
17:28:33 | INFO: Extracting primitive: Cube.110
17:28:33 | INFO: Primitives created: 1
17:28:33 | INFO: Extracting primitive: Cube.111
17:28:33 | INFO: Primitives created: 1
17:28:33 | INFO: Extracting primitive: Cube.112
17:28:33 | INFO: Primitives created: 1
17:28:33 | INFO: Extracting primitive: Cube.113
17:28:33 | INFO: Primitives created: 1
17:28:33 | INFO: Extracting primitive: Cube.114
17:28:33 | INFO: Primitives created: 1
17:28:33 | INFO: Extracting primitive: Cube.115
17:28:33 | INFO: Primitives created: 1
17:28:33 | INFO: Extracting primitive: Cube.116
17:28:33 | INFO: Primitives created: 1
17:28:33 | INFO: Extracting primitive: Cube.117
17:28:33 | INFO: Primitives created: 1
17:28:33 | INFO: Extracting primitive: Cube.118
17:28:33 | INFO: Primitives created: 1
17:28:33 | INFO: Extracting primitive: Cube.119
17:28:33 | INFO: Primitives created: 1
17:28:33 | INFO: Extracting primitive: Cube.120
17:28:33 | INFO: Primitives created: 1
17:28:33 | INFO: Extracting primitive: Cube.121
17:28:33 | INFO: Primitives created: 1
17:28:33 | INFO: Extracting primitive: Cube.122
17:28:33 | INFO: Primitives created: 1
17:28:33 | INFO: Extracting primitive: Cube.123
17:28:33 | INFO: Primitives created: 1
17:28:33 | INFO: Extracting primitive: Cube.124
17:28:33 | INFO: Primitives created: 1
17:28:33 | INFO: Extracting primitive: Cube.125
17:28:33 | INFO: Primitives created: 1
17:28:33 | INFO: Extracting primitive: Cube.126
17:28:33 | INFO: Primitives created: 1
17:28:33 | INFO: Extracting primitive: Cube.127
17:28:33 | INFO: Primitives created: 1
17:28:33 | INFO: Extracting primitive: Cube.128
17:28:33 | INFO: Primitives created: 1
17:28:33 | INFO: Extracting primitive: Cube.129
17:28:33 | INFO: Primitives created: 1
17:28:33 | INFO: Extracting primitive: Cube.130
17:28:33 | INFO: Primitives created: 1
17:28:33 | INFO: Extracting primitive: Cube.131
17:28:33 | INFO: Primitives created: 1
17:28:33 | INFO: Extracting primitive: Cube.132
17:28:33 | INFO: Primitives created: 1
17:28:33 | INFO: Extracting primitive: Cube.133
17:28:33 | INFO: Primitives created: 1
17:28:33 | INFO: Extracting primitive: Cube.134
17:28:33 | INFO: Primitives created: 1
17:28:33 | INFO: Extracting primitive: Cube.135
17:28:33 | INFO: Primitives created: 1
17:28:33 | INFO: Extracting primitive: Cube.136
17:28:33 | INFO: Primitives created: 1
17:28:33 | INFO: Extracting primitive: Cube.137
17:28:33 | INFO: Primitives created: 1
17:28:33 | INFO: Extracting primitive: Cube.138
17:28:33 | INFO: Primitives created: 1
17:28:33 | INFO: Extracting primitive: Cube.139
17:28:33 | INFO: Primitives created: 1
17:28:33 | INFO: Extracting primitive: Cube.140
17:28:33 | INFO: Primitives created: 1
17:28:33 | INFO: Extracting primitive: Cube.141
17:28:33 | INFO: Primitives created: 1
17:28:33 | INFO: Extracting primitive: Cube.142
17:28:33 | INFO: Primitives created: 1
17:28:33 | INFO: Extracting primitive: Cube.143
17:28:33 | INFO: Primitives created: 1
17:28:33 | INFO: Extracting primitive: Cube.144
17:28:33 | INFO: Primitives created: 1
17:28:33 | INFO: Extracting primitive: Cube.193
17:28:33 | INFO: Primitives created: 1
17:28:33 | INFO: Extracting primitive: Cube.194
17:28:33 | INFO: Primitives created: 1
17:28:33 | INFO: Extracting primitive: Cube.195
17:28:33 | INFO: Primitives created: 1
17:28:33 | INFO: Extracting primitive: Cube.196
17:28:33 | INFO: Primitives created: 1
17:28:33 | INFO: Extracting primitive: Cube.197
17:28:33 | INFO: Primitives created: 1
17:28:33 | INFO: Extracting primitive: Cube.198
17:28:33 | INFO: Primitives created: 1
17:28:33 | INFO: Extracting primitive: Cube.199
17:28:33 | INFO: Primitives created: 1
17:28:33 | INFO: Extracting primitive: Cube.200
17:28:33 | INFO: Primitives created: 1
17:28:33 | INFO: Extracting primitive: COL_stone_walk.005
17:28:33 | INFO: Primitives created: 1
17:28:33 | INFO: Extracting primitive: COL_stone_walk.008
17:28:33 | INFO: Primitives created: 1
17:28:33 | INFO: Extracting primitive: COL_stone_walk.009
17:28:33 | INFO: Primitives created: 1
17:28:33 | INFO: Extracting primitive: COL_stone_walk.010
17:28:33 | INFO: Primitives created: 1
17:28:33 | INFO: Extracting primitive: COL_stone_walk.011
17:28:33 | INFO: Primitives created: 1
17:28:33 | INFO: Extracting primitive: COL_stone_walk.012
17:28:33 | INFO: Primitives created: 1
17:28:33 | INFO: Extracting primitive: COL_study_approach.002
17:28:33 | INFO: Primitives created: 1
17:28:33 | INFO: Extracting primitive: COL_study_desk_centre.002
17:28:33 | INFO: Primitives created: 1
17:28:33 | INFO: Extracting primitive: COL_study_desk_left.002
17:28:33 | INFO: Primitives created: 1
17:28:33 | INFO: Extracting primitive: COL_study_desk_right.002
17:28:33 | INFO: Primitives created: 1
17:28:33 | INFO: Extracting primitive: COL_study_front_walk.002
17:28:33 | INFO: Primitives created: 1
17:28:33 | INFO: Extracting primitive: COL_study_front_wall.002
17:28:33 | INFO: Primitives created: 1
17:28:33 | INFO: Extracting primitive: COL_study_post.001
17:28:33 | INFO: Primitives created: 1
17:28:33 | INFO: Extracting primitive: COL_study_post.002
17:28:33 | INFO: Primitives created: 1
17:28:33 | INFO: Extracting primitive: COL_study_post.003
17:28:33 | INFO: Primitives created: 1
17:28:33 | INFO: Extracting primitive: COL_study_post.008
17:28:33 | INFO: Primitives created: 1
17:28:33 | INFO: Extracting primitive: Cube.151
17:28:33 | INFO: Primitives created: 1
17:28:33 | INFO: Extracting primitive: Cube.152
17:28:33 | INFO: Primitives created: 1
17:28:33 | INFO: Extracting primitive: Cube.153
17:28:33 | INFO: Primitives created: 1
17:28:33 | INFO: Extracting primitive: Cube.154
17:28:33 | INFO: Primitives created: 1
17:28:33 | INFO: Extracting primitive: Cube.155
17:28:33 | INFO: Primitives created: 1
17:28:33 | INFO: Extracting primitive: Cube.156
17:28:33 | INFO: Primitives created: 1
17:28:33 | INFO: Extracting primitive: Cube.157
17:28:33 | INFO: Primitives created: 1
17:28:33 | INFO: Extracting primitive: Cube.158
17:28:33 | INFO: Primitives created: 1
17:28:33 | INFO: Extracting primitive: Cube.159
17:28:33 | INFO: Primitives created: 1
17:28:33 | INFO: Extracting primitive: Cube.160
17:28:33 | INFO: Primitives created: 1
17:28:33 | INFO: Extracting primitive: Cube.161
17:28:33 | INFO: Primitives created: 1
17:28:33 | INFO: Extracting primitive: Cube.162
17:28:33 | INFO: Primitives created: 1
17:28:33 | INFO: Extracting primitive: Cube.163
17:28:33 | INFO: Primitives created: 1
17:28:33 | INFO: Extracting primitive: Cube.164
17:28:33 | INFO: Primitives created: 1
17:28:33 | INFO: Extracting primitive: Cube.165
17:28:33 | INFO: Primitives created: 1
17:28:33 | INFO: Extracting primitive: Cube.166
17:28:33 | INFO: Primitives created: 1
17:28:33 | INFO: Extracting primitive: Cube.167
17:28:33 | INFO: Primitives created: 1
17:28:33 | INFO: Extracting primitive: Cube.168
17:28:33 | INFO: Primitives created: 1
17:28:33 | INFO: Extracting primitive: Cube.169
17:28:33 | INFO: Primitives created: 1
17:28:33 | INFO: Extracting primitive: Cube.170
17:28:33 | INFO: Primitives created: 1
17:28:33 | INFO: Extracting primitive: Cube.171
17:28:33 | INFO: Primitives created: 1
17:28:33 | INFO: Extracting primitive: Cube.172
17:28:33 | INFO: Primitives created: 1
17:28:33 | INFO: Extracting primitive: Cube.173
17:28:33 | INFO: Primitives created: 1
17:28:33 | INFO: Extracting primitive: Cube.174
17:28:33 | INFO: Primitives created: 1
17:28:33 | INFO: Extracting primitive: Cube.175
17:28:33 | INFO: Primitives created: 1
17:28:33 | INFO: Extracting primitive: Cube.176
17:28:33 | INFO: Primitives created: 1
17:28:33 | INFO: Extracting primitive: Cube.177
17:28:33 | INFO: Primitives created: 1
17:28:33 | INFO: Extracting primitive: Cube.178
17:28:33 | INFO: Primitives created: 1
17:28:33 | INFO: Extracting primitive: Cube.179
17:28:33 | INFO: Primitives created: 1
17:28:33 | INFO: Extracting primitive: Cube.180
17:28:33 | INFO: Primitives created: 1
17:28:33 | INFO: Extracting primitive: Cube.201
17:28:33 | INFO: Primitives created: 1
17:28:33 | INFO: Extracting primitive: Cube.202
17:28:33 | INFO: Primitives created: 1
17:28:33 | INFO: Extracting primitive: Cube.203
17:28:33 | INFO: Primitives created: 1
17:28:33 | INFO: Extracting primitive: Cube.181
17:28:33 | INFO: Primitives created: 1
17:28:33 | INFO: Extracting primitive: Cube.182
17:28:33 | INFO: Primitives created: 1
17:28:33 | INFO: Extracting primitive: Cube.183
17:28:33 | INFO: Primitives created: 1
17:28:33 | INFO: Extracting primitive: Cube.184
17:28:33 | INFO: Primitives created: 1
17:28:33 | INFO: Extracting primitive: Cube.185
17:28:33 | INFO: Primitives created: 1
17:28:33 | INFO: Extracting primitive: Cube.186
17:28:33 | INFO: Primitives created: 1
17:28:33 | INFO: Extracting primitive: Cube.187
17:28:33 | INFO: Primitives created: 1
17:28:33 | INFO: Extracting primitive: Cube.188
17:28:33 | INFO: Primitives created: 1
17:28:33 | INFO: Extracting primitive: Cube.189
17:28:33 | INFO: Primitives created: 1
17:28:33 | INFO: Extracting primitive: Cube.190
17:28:33 | INFO: Primitives created: 1
17:28:33 | INFO: Extracting primitive: Cube.191
17:28:33 | INFO: Primitives created: 1
17:28:33 | INFO: Extracting primitive: Cube.192
17:28:33 | INFO: Primitives created: 1
17:28:33 | INFO: Extracting primitive: COL_tubi-tang_floor.001
17:28:33 | INFO: Primitives created: 1
17:28:33 | INFO: Extracting primitive: COL_tubi_approach.001
17:28:33 | INFO: Primitives created: 1
17:28:33 | INFO: Extracting primitive: COL_tubi_approach.002
17:28:33 | INFO: Primitives created: 1
17:28:33 | INFO: Extracting primitive: COL_tubi_approach.007
17:28:33 | INFO: Primitives created: 1
17:28:33 | INFO: Extracting primitive: COL_tubi_approach.008
17:28:33 | INFO: Primitives created: 1
17:28:33 | INFO: Extracting primitive: COL_tubi_closed_hall.002
17:28:33 | INFO: Primitives created: 1
17:28:33 | INFO: Extracting primitive: COL_tubi_hall_post.001
17:28:33 | INFO: Primitives created: 1
17:28:33 | INFO: Extracting primitive: COL_tubi_hall_post.002
17:28:33 | INFO: Primitives created: 1
17:28:33 | INFO: Extracting primitive: COL_tubi_hall_post.006
17:28:33 | INFO: Primitives created: 1
17:28:33 | INFO: Extracting primitive: COL_tubi_parapet.001
17:28:33 | INFO: Primitives created: 1
17:28:33 | INFO: Extracting primitive: COL_tubi_parapet.002
17:28:33 | INFO: Primitives created: 1
17:28:33 | INFO: Extracting primitive: COL_tubi_parapet.003
17:28:33 | INFO: Primitives created: 1
17:28:33 | INFO: Extracting primitive: COL_tubi_parapet.008
17:28:33 | INFO: Primitives created: 1
17:28:33 | INFO: Extracting primitive: COL_tubi_stair_guard.001
17:28:33 | INFO: Primitives created: 1
17:28:33 | INFO: Extracting primitive: COL_tubi_stair_guard.004
17:28:33 | INFO: Primitives created: 1
17:28:33 | INFO: Extracting primitive: COL_tubi_stair_ramp.002
17:28:33 | INFO: Primitives created: 1
17:28:33 | INFO: Extracting primitive: COL_tubi_terrace.002
17:28:33 | INFO: Primitives created: 1
17:28:33 | INFO: Extracting primitive: COL_tubi_topic_table.002
17:28:33 | INFO: Primitives created: 1
17:28:33 | INFO: Extracting primitive: COL_tubi_view_bench_left.001
17:28:33 | INFO: Primitives created: 1
17:28:33 | INFO: Extracting primitive: COL_tubi_view_bench_right.001
17:28:33 | INFO: Primitives created: 1
17:28:33 | INFO: Extracting primitive: COL_water_bridge_side.001
17:28:33 | INFO: Primitives created: 1
17:28:33 | INFO: Extracting primitive: COL_water_bridge_side.004
17:28:33 | INFO: Primitives created: 1
17:28:33 | INFO: Extracting primitive: COL_water_bridge_deck.002
17:28:33 | INFO: Primitives created: 1
17:28:33 | INFO: Extracting primitive: COL_xiaoxiang_bamboo_bed.004
17:28:33 | INFO: Primitives created: 1
17:28:33 | INFO: Extracting primitive: COL_xiaoxiang_bamboo_bed.005
17:28:33 | INFO: Primitives created: 1
17:28:33 | INFO: Extracting primitive: COL_xiaoxiang_bamboo_bed.006
17:28:33 | INFO: Primitives created: 1
17:28:33 | INFO: Extracting primitive: COL_xiaoxiang_bamboo_bed.007
17:28:33 | INFO: Primitives created: 1
17:28:33 | INFO: Extracting primitive: COL_xiaoxiang_closed_front.001
17:28:33 | INFO: Primitives created: 1
17:28:33 | INFO: Extracting primitive: COL_xiaoxiang_floor.001
17:28:33 | INFO: Primitives created: 1
17:28:33 | INFO: Extracting primitive: COL_xiaoxiang_return.002
17:28:33 | INFO: Primitives created: 1
17:28:33 | INFO: Extracting primitive: COL_xiaoxiang_return.003
17:28:33 | INFO: Primitives created: 1
17:28:33 | INFO: Extracting primitive: COL_xiaoxiang_threshold.001
17:28:33 | INFO: Primitives created: 1
17:28:33 | INFO: Extracting primitive: COL_yihong_closed_front.002
17:28:33 | INFO: Primitives created: 1
17:28:33 | INFO: Extracting primitive: COL_yihong_court_side.001
17:28:33 | INFO: Primitives created: 1
17:28:33 | INFO: Extracting primitive: COL_yihong_court_side.004
17:28:33 | INFO: Primitives created: 1
17:28:33 | INFO: Extracting primitive: COL_yihong_floor.002
17:28:33 | INFO: Primitives created: 1
17:28:33 | INFO: Extracting primitive: COL_yihong_planter.001
17:28:33 | INFO: Primitives created: 1
17:28:33 | INFO: Extracting primitive: COL_yihong_planter.004
17:28:33 | INFO: Primitives created: 1
17:28:33 | INFO: Extracting primitive: COL_yihong_side_return.001
17:28:33 | INFO: Primitives created: 1
17:28:33 | INFO: Extracting primitive: COL_yihong_side_return.004
17:28:33 | INFO: Primitives created: 1
17:28:33 | INFO: Extracting primitive: COL_yihong_threshold.002
17:28:33 | INFO: Primitives created: 1
17:28:33 | INFO: Extracting primitive: COL_ziling_landing.001
17:28:33 | INFO: Primitives created: 1
17:28:33 | INFO: Extracting primitive: HERO_aojing-guan_title.002
17:28:33 | WARNING: More than one shader node tex image used for a texture. The resulting glTF sampler will behave like the first shader node tex image.
17:28:33 | INFO: Primitives created: 1
17:28:33 | INFO: Extracting primitive: HERO_daguan_title.001
17:28:33 | WARNING: More than one shader node tex image used for a texture. The resulting glTF sampler will behave like the first shader node tex image.
17:28:33 | INFO: Primitives created: 1
17:28:33 | INFO: Extracting primitive: HERO_daoxiang-cun_title.002
17:28:33 | WARNING: More than one shader node tex image used for a texture. The resulting glTF sampler will behave like the first shader node tex image.
17:28:33 | INFO: Primitives created: 1
17:28:33 | INFO: Extracting primitive: KIT_flora_plum_render.001
17:28:33 | WARNING: More than one shader node tex image used for a texture. The resulting glTF sampler will behave like the first shader node tex image.
17:28:33 | INFO: Primitives created: 1
17:28:33 | INFO: Extracting primitive: KIT_flora_plum_render.002
17:28:33 | INFO: Primitives created: 1
17:28:33 | INFO: Extracting primitive: KIT_flora_bamboo_large_render.001
17:28:33 | INFO: Primitives created: 1
17:28:33 | INFO: Extracting primitive: KIT_flora_bamboo_large_render.002
17:28:33 | INFO: Primitives created: 1
17:28:33 | INFO: Extracting primitive: KIT_flora_bamboo_small_render.001
17:28:33 | INFO: Primitives created: 1
17:28:33 | INFO: Extracting primitive: KIT_flora_willow_render.001
17:28:33 | INFO: Primitives created: 1
17:28:33 | INFO: Extracting primitive: KIT_flora_willow_render.002
17:28:33 | INFO: Primitives created: 1
17:28:33 | INFO: Extracting primitive: KIT_flora_bamboo_large_render.003
17:28:33 | INFO: Primitives created: 1
17:28:33 | INFO: Extracting primitive: KIT_flora_bamboo_medium_render.001
17:28:33 | INFO: Primitives created: 1
17:28:33 | INFO: Extracting primitive: KIT_flora_bamboo_small_render.002
17:28:33 | INFO: Primitives created: 1
17:28:33 | INFO: Extracting primitive: KIT_flora_bamboo_large_render.004
17:28:33 | INFO: Primitives created: 1
17:28:33 | INFO: Extracting primitive: KIT_flora_banana_render.001
17:28:33 | INFO: Primitives created: 1
17:28:33 | INFO: Extracting primitive: KIT_flora_banana_render.002
17:28:33 | INFO: Primitives created: 1
17:28:33 | INFO: Extracting primitive: KIT_flora_reed_render.001
17:28:33 | INFO: Primitives created: 1
17:28:33 | INFO: Extracting primitive: KIT_flora_reed_render.002
17:28:33 | INFO: Primitives created: 1
17:28:33 | INFO: Extracting primitive: KIT_flora_reed_render.003
17:28:33 | INFO: Primitives created: 1
17:28:33 | INFO: Extracting primitive: KIT_flora_reed_render.004
17:28:33 | INFO: Primitives created: 1
17:28:33 | INFO: Extracting primitive: KIT_flora_reed_render.005
17:28:33 | INFO: Primitives created: 1
17:28:33 | INFO: Extracting primitive: KIT_flora_reed_render.006
17:28:33 | INFO: Primitives created: 1
17:28:33 | INFO: Extracting primitive: KIT_flora_reed_render.007
17:28:33 | INFO: Primitives created: 1
17:28:33 | INFO: Extracting primitive: KIT_flora_reed_render.008
17:28:33 | INFO: Primitives created: 1
17:28:33 | INFO: Extracting primitive: KIT_flora_reed_render.009
17:28:33 | INFO: Primitives created: 1
17:28:33 | INFO: Extracting primitive: KIT_flora_reed_render.010
17:28:33 | INFO: Primitives created: 1
17:28:33 | INFO: Extracting primitive: HERO_gate_inscription.001
17:28:33 | WARNING: More than one shader node tex image used for a texture. The resulting glTF sampler will behave like the first shader node tex image.
17:28:33 | INFO: Primitives created: 1
17:28:33 | INFO: Extracting primitive: HERO_gate_water_drips.001
17:28:33 | WARNING: More than one shader node tex image used for a texture. The resulting glTF sampler will behave like the first shader node tex image.
17:28:33 | INFO: Primitives created: 1
17:28:33 | INFO: Extracting primitive: HERO_hengwu-yuan_title.002
17:28:33 | WARNING: More than one shader node tex image used for a texture. The resulting glTF sampler will behave like the first shader node tex image.
17:28:33 | INFO: Primitives created: 1
17:28:33 | INFO: Extracting primitive: HERO_longcui-an_title.002
17:28:33 | WARNING: More than one shader node tex image used for a texture. The resulting glTF sampler will behave like the first shader node tex image.
17:28:33 | INFO: Primitives created: 1
17:28:33 | INFO: Extracting primitive: HERO_qinfang-ting_title.002
17:28:33 | WARNING: More than one shader node tex image used for a texture. The resulting glTF sampler will behave like the first shader node tex image.
17:28:33 | INFO: Primitives created: 1
17:28:33 | INFO: Extracting primitive: HERO_qinfang_bridge.001
17:28:33 | INFO: Primitives created: 1
17:28:33 | INFO: Extracting primitive: HERO_study_scroll_bamboo.002
17:28:33 | INFO: Primitives created: 1
17:28:33 | INFO: Extracting primitive: HERO_study_scroll_plum.002
17:28:33 | INFO: Primitives created: 1
17:28:33 | INFO: Extracting primitive: HERO_study_title.002
17:28:33 | WARNING: More than one shader node tex image used for a texture. The resulting glTF sampler will behave like the first shader node tex image.
17:28:33 | INFO: Primitives created: 1
17:28:33 | INFO: Extracting primitive: HERO_table_hexagram.001
17:28:33 | INFO: Primitives created: 1
17:28:33 | INFO: Extracting primitive: line_piece.005
17:28:33 | WARNING: More than one shader node tex image used for a texture. The resulting glTF sampler will behave like the first shader node tex image.
17:28:33 | INFO: Primitives created: 1
17:28:33 | INFO: Extracting primitive: line_piece.002
17:28:33 | INFO: Primitives created: 1
17:28:33 | INFO: Extracting primitive: line_piece.011
17:28:33 | INFO: Primitives created: 1
17:28:33 | INFO: Extracting primitive: line_piece.008
17:28:33 | INFO: Primitives created: 1
17:28:33 | INFO: Extracting primitive: line_piece.017
17:28:33 | INFO: Primitives created: 1
17:28:33 | INFO: Extracting primitive: line_piece.014
17:28:33 | INFO: Primitives created: 1
17:28:33 | INFO: Extracting primitive: line_piece.019
17:28:33 | INFO: Primitives created: 1
17:28:33 | INFO: Extracting primitive: line_piece.018
17:28:33 | INFO: Primitives created: 1
17:28:33 | INFO: Extracting primitive: line_piece.021
17:28:33 | INFO: Primitives created: 1
17:28:33 | INFO: Extracting primitive: line_piece.020
17:28:33 | INFO: Primitives created: 1
17:28:33 | INFO: Extracting primitive: line_piece.023
17:28:33 | INFO: Primitives created: 1
17:28:33 | INFO: Extracting primitive: line_piece.022
17:28:33 | INFO: Primitives created: 1
17:28:33 | INFO: Extracting primitive: HERO_table_pedestal.001
17:28:33 | INFO: Primitives created: 1
17:28:33 | INFO: Extracting primitive: HERO_tubi_title.002
17:28:33 | WARNING: More than one shader node tex image used for a texture. The resulting glTF sampler will behave like the first shader node tex image.
17:28:33 | INFO: Primitives created: 1
17:28:33 | INFO: Extracting primitive: HERO_xiaoxiang-guan_title.002
17:28:33 | WARNING: More than one shader node tex image used for a texture. The resulting glTF sampler will behave like the first shader node tex image.
17:28:33 | INFO: Primitives created: 1
17:28:33 | INFO: Extracting primitive: HERO_yihong-yuan_title.002
17:28:33 | WARNING: More than one shader node tex image used for a texture. The resulting glTF sampler will behave like the first shader node tex image.
17:28:33 | INFO: Primitives created: 1
17:28:33 | INFO: Extracting primitive: AOJING_pond.002
17:28:33 | INFO: Primitives created: 1
17:28:33 | INFO: Extracting primitive: AOJING_backstage.002
17:28:33 | INFO: Primitives created: 1
17:28:33 | INFO: Extracting primitive: AOJING_amber_window.002
17:28:33 | INFO: Primitives created: 1
17:28:33 | INFO: Extracting primitive: AOJING_window_lattice.001
17:28:33 | INFO: Primitives created: 1
17:28:33 | INFO: Extracting primitive: AOJING_dry_ledge.002
17:28:33 | INFO: Primitives created: 1
17:28:33 | INFO: Extracting primitive: AOJING_roof.002
17:28:33 | INFO: Primitives created: 1
17:28:33 | INFO: Extracting primitive: AOJING_closed_front.002
17:28:33 | INFO: Primitives created: 1
17:28:33 | INFO: Extracting primitive: DAGUAN_backstage.001
17:28:33 | INFO: Primitives created: 1
17:28:33 | INFO: Extracting primitive: DAGUAN_door_stud.180
17:28:33 | INFO: Primitives created: 1
17:28:33 | INFO: Extracting primitive: DAGUAN_amber_transom.002
17:28:33 | INFO: Primitives created: 1
17:28:33 | INFO: Extracting primitive: DAGUAN_closed_door.010
17:28:33 | INFO: Primitives created: 1
17:28:33 | INFO: Extracting primitive: DAGUAN_recessed_panel.020
17:28:33 | INFO: Primitives created: 1
17:28:33 | INFO: Extracting primitive: DAGUAN_column.006
17:28:33 | INFO: Primitives created: 1
17:28:33 | INFO: Extracting primitive: DAGUAN_platform.001
17:28:33 | INFO: Primitives created: 1
17:28:33 | INFO: Extracting primitive: DAGUAN_lower_roof.001
17:28:33 | INFO: Primitives created: 1
17:28:33 | INFO: Extracting primitive: DAGUAN_front.001
17:28:33 | INFO: Primitives created: 1
17:28:33 | INFO: Extracting primitive: DAOXIANG_backstage.001
17:28:33 | INFO: Primitives created: 1
17:28:33 | INFO: Extracting primitive: DAOXIANG_door_latch.001
17:28:33 | INFO: Primitives created: 1
17:28:33 | INFO: Extracting primitive: DAOXIANG_warm_sliver.001
17:28:33 | INFO: Primitives created: 1
17:28:33 | INFO: Extracting primitive: DAOXIANG_closed_door.001
17:28:33 | INFO: Primitives created: 1
17:28:33 | INFO: Extracting primitive: DAOXIANG_paddy_painting.001
17:28:33 | INFO: Primitives created: 1
17:28:33 | INFO: Extracting primitive: DAOXIANG_court.001
17:28:33 | INFO: Primitives created: 1
17:28:33 | INFO: Extracting primitive: DAOXIANG_thatch_mass.001
17:28:33 | INFO: Primitives created: 1
17:28:33 | INFO: Extracting primitive: DAOXIANG_front.001
17:28:33 | INFO: Primitives created: 1
17:28:33 | INFO: Extracting primitive: SITE_hengwu-yuan_backstage.001
17:28:33 | INFO: Primitives created: 1
17:28:33 | INFO: Extracting primitive: KIT_pavilion_finial.011
17:28:33 | INFO: Primitives created: 1
17:28:33 | INFO: Extracting primitive: KIT_wall_amber_window.006
17:28:33 | INFO: Primitives created: 1
17:28:33 | INFO: Extracting primitive: HENGWU_herb_leaf.001
17:28:33 | INFO: Primitives created: 1
17:28:33 | INFO: Extracting primitive: KIT_wall_lattice_vertical.105
17:28:33 | INFO: Primitives created: 1
17:28:33 | INFO: Extracting primitive: SITE_hengwu-yuan_platform.001
17:28:33 | INFO: Primitives created: 1
17:28:33 | INFO: Extracting primitive: KIT_props_lantern_hanging_render.015
17:28:33 | WARNING: More than one shader node tex image used for a texture. The resulting glTF sampler will behave like the first shader node tex image.
17:28:33 | INFO: Primitives created: 1
17:28:33 | INFO: Extracting primitive: KIT_pavilion_roof.011
17:28:33 | INFO: Primitives created: 1
17:28:33 | INFO: Extracting primitive: KIT_wall_bay.001
17:28:33 | WARNING: More than one shader node tex image used for a texture. The resulting glTF sampler will behave like the first shader node tex image.
17:28:33 | INFO: Primitives created: 1
17:28:33 | INFO: Extracting primitive: SITE_hengwu-yuan_front.001
17:28:33 | INFO: Primitives created: 1
17:28:33 | INFO: Extracting primitive: LONGCUI_backstage.001
17:28:33 | INFO: Primitives created: 1
17:28:33 | INFO: Extracting primitive: LONGCUI_gate_pull.002
17:28:33 | INFO: Primitives created: 1
17:28:33 | INFO: Extracting primitive: LONGCUI_closed_gate.002
17:28:33 | INFO: Primitives created: 1
17:28:33 | INFO: Extracting primitive: LONGCUI_paving.001
17:28:33 | INFO: Primitives created: 1
17:28:33 | INFO: Extracting primitive: KIT_props_lantern_hanging_render.016
17:28:33 | INFO: Primitives created: 1
17:28:33 | INFO: Extracting primitive: LONGCUI_wall_cap.001
17:28:33 | INFO: Primitives created: 1
17:28:33 | INFO: Extracting primitive: LONGCUI_closed_front.001
17:28:33 | INFO: Primitives created: 1
17:28:33 | INFO: Extracting primitive: KIT_props_tea_cup.006
17:28:33 | INFO: Primitives created: 1
17:28:33 | INFO: Extracting primitive: KIT_water_lotus_leaf.007
17:28:33 | INFO: Primitives created: 1
17:28:33 | INFO: Extracting primitive: SITE_ouxiang_deck.001
17:28:33 | INFO: Primitives created: 1
17:28:33 | INFO: Extracting primitive: KIT_pavilion_water_pier.004
17:28:33 | INFO: Primitives created: 1
17:28:33 | INFO: Extracting primitive: KIT_props_lantern_hanging_render.013
17:28:33 | INFO: Primitives created: 1
17:28:33 | INFO: Extracting primitive: KIT_pavilion_water_hipped_roof.001
17:28:33 | INFO: Primitives created: 1
17:28:33 | INFO: Extracting primitive: KIT_water_lotus.021
17:28:33 | INFO: Primitives created: 1
17:28:33 | INFO: Extracting primitive: KIT_corridor_rail.008
17:28:33 | INFO: Primitives created: 1
17:28:33 | INFO: Extracting primitive: KIT_pavilion_roof_shell.001
17:28:33 | INFO: Primitives created: 1
17:28:33 | INFO: Extracting primitive: KIT_pavilion_plinth.001
17:28:33 | INFO: Primitives created: 1
17:28:33 | INFO: Extracting primitive: KIT_props_lantern_hanging_render.001
17:28:33 | INFO: Primitives created: 1
17:28:33 | INFO: Extracting primitive: KIT_water_stream.001
17:28:33 | INFO: Primitives created: 1
17:28:33 | INFO: Extracting primitive: SITE_qiushuang-zhai_backstage.001
17:28:33 | INFO: Primitives created: 1
17:28:33 | INFO: Extracting primitive: KIT_pavilion_finial.005
17:28:33 | INFO: Primitives created: 1
17:28:33 | INFO: Extracting primitive: KIT_wall_lattice_vertical.042
17:28:33 | INFO: Primitives created: 1
17:28:33 | INFO: Extracting primitive: SITE_qiushuang-zhai_platform.001
17:28:33 | INFO: Primitives created: 1
17:28:33 | INFO: Extracting primitive: KIT_props_lantern_hanging_render.010
17:28:33 | INFO: Primitives created: 1
17:28:33 | INFO: Extracting primitive: KIT_pavilion_roof.005
17:28:33 | INFO: Primitives created: 1
17:28:33 | INFO: Extracting primitive: KIT_tech_terminal_desk_render.007
17:28:33 | WARNING: More than one shader node tex image used for a texture. The resulting glTF sampler will behave like the first shader node tex image.
17:28:33 | INFO: Primitives created: 1
17:28:33 | INFO: Extracting primitive: SITE_qiushuang-zhai_front.001
17:28:33 | INFO: Primitives created: 1
17:28:33 | INFO: Extracting primitive: GATE_banana_pseudostem.001
17:28:33 | INFO: Primitives created: 1
17:28:33 | INFO: Extracting primitive: GATE_banana_soil.001
17:28:33 | INFO: Primitives created: 1
17:28:33 | INFO: Extracting primitive: KIT_rockery_passage.001
17:28:33 | INFO: Primitives created: 1
17:28:33 | INFO: Extracting primitive: GATE_paving.002
17:28:33 | INFO: Primitives created: 1
17:28:33 | INFO: Extracting primitive: KIT_props_lantern_hanging_render.008
17:28:33 | INFO: Primitives created: 1
17:28:33 | INFO: Extracting primitive: KIT_stage_fog_plane_render.017
17:28:33 | INFO: Primitives created: 1
17:28:33 | INFO: Extracting primitive: KIT_stage_floor.001
17:28:33 | INFO: Primitives created: 1
17:28:33 | INFO: Extracting primitive: AOJING_approach_guard.001
17:28:33 | INFO: Primitives created: 1
17:28:33 | INFO: Extracting primitive: KIT_stage_painted_moon.001
17:28:33 | INFO: Primitives created: 1
17:28:33 | INFO: Extracting primitive: KIT_stage_painted_mountain_layer.003
17:28:33 | INFO: Primitives created: 1
17:28:33 | INFO: Extracting primitive: KIT_stage_painted_mountain_layer.004
17:28:33 | INFO: Primitives created: 1
17:28:33 | INFO: Extracting primitive: KIT_stage_painted_mountain_layer.005
17:28:33 | INFO: Primitives created: 1
17:28:33 | INFO: Extracting primitive: KIT_water_stone_walk.005
17:28:33 | INFO: Primitives created: 1
17:28:33 | INFO: Extracting primitive: Painted coved ceiling candidate.001
17:28:33 | INFO: Primitives created: 1
17:28:33 | INFO: Extracting primitive: KIT_stage_painted_canvas.002
17:28:33 | INFO: Primitives created: 1
17:28:33 | INFO: Extracting primitive: Eight painted cyclorama arcs.001
17:28:33 | WARNING: More than one shader node tex image used for a texture. The resulting glTF sampler will behave like the first shader node tex image.
17:28:33 | INFO: Primitives created: 2
17:28:33 | INFO: Extracting primitive: KIT_stage_fog_plane_render.002
17:28:33 | INFO: Primitives created: 1
17:28:33 | INFO: Extracting primitive: KIT_tech_cell_side.012
17:28:33 | INFO: Primitives created: 1
17:28:33 | INFO: Extracting primitive: KIT_wall_window_bar.030
17:28:33 | INFO: Primitives created: 1
17:28:33 | INFO: Extracting primitive: KIT_stage_entry_walk.002
17:28:33 | INFO: Primitives created: 1
17:28:33 | INFO: Extracting primitive: KIT_props_folding_chair_render.001
17:28:33 | INFO: Primitives created: 1
17:28:33 | INFO: Extracting primitive: KIT_stage_floor_boards_render.002
17:28:33 | INFO: Primitives created: 1
17:28:33 | INFO: Extracting primitive: KIT_stage_gel_frame_render.002
17:28:33 | INFO: Primitives created: 2
17:28:33 | INFO: Extracting primitive: KIT_stage_studio_wall_render.002
17:28:33 | INFO: Primitives created: 1
17:28:33 | INFO: Extracting primitive: KIT_stage_fog_plane_render.020
17:28:33 | INFO: Primitives created: 1
17:28:33 | INFO: Extracting primitive: KIT_tech_terminal_desk_render.001
17:28:33 | INFO: Primitives created: 1
17:28:33 | INFO: Extracting primitive: KIT_props_scroll_render.001
17:28:33 | WARNING: More than one shader node tex image used for a texture. The resulting glTF sampler will behave like the first shader node tex image.
17:28:33 | INFO: Primitives created: 1
17:28:33 | INFO: Extracting primitive: SITE_tubi-tang_backstage.001
17:28:33 | INFO: Primitives created: 1
17:28:33 | INFO: Extracting primitive: KIT_pavilion_finial.007
17:28:33 | INFO: Primitives created: 1
17:28:33 | INFO: Extracting primitive: KIT_wall_amber_window.003
17:28:33 | INFO: Primitives created: 1
17:28:33 | INFO: Extracting primitive: TUBI_topic_line.001
17:28:33 | INFO: Primitives created: 1
17:28:33 | INFO: Extracting primitive: KIT_wall_lattice_vertical.063
17:28:33 | INFO: Primitives created: 1
17:28:33 | INFO: Extracting primitive: SITE_tubi-tang_platform.001
17:28:33 | INFO: Primitives created: 1
17:28:33 | INFO: Extracting primitive: KIT_props_lantern_hanging_render.012
17:28:33 | INFO: Primitives created: 1
17:28:33 | INFO: Extracting primitive: KIT_pavilion_roof.007
17:28:33 | INFO: Primitives created: 1
17:28:33 | INFO: Extracting primitive: TUBI_terrace.002
17:28:33 | INFO: Primitives created: 1
17:28:33 | INFO: Extracting primitive: SITE_tubi-tang_front.001
17:28:33 | INFO: Primitives created: 1
17:28:33 | INFO: Extracting primitive: XIAOXIANG_black_back.001
17:28:33 | INFO: Primitives created: 1
17:28:33 | INFO: Extracting primitive: XIAOXIANG_gate_pull.002
17:28:33 | INFO: Primitives created: 1
17:28:33 | INFO: Extracting primitive: XIAOXIANG_amber_window.001
17:28:33 | INFO: Primitives created: 1
17:28:33 | INFO: Extracting primitive: XIAOXIANG_gate_leaf.002
17:28:33 | INFO: Primitives created: 1
17:28:33 | INFO: Extracting primitive: XIAOXIANG_paving.001
17:28:33 | INFO: Primitives created: 1
17:28:33 | INFO: Extracting primitive: XIAOXIANG_wall_cap.001
17:28:33 | INFO: Primitives created: 1
17:28:33 | INFO: Extracting primitive: XIAOXIANG_closed_front.001
17:28:33 | INFO: Primitives created: 1
17:28:33 | INFO: Extracting primitive: YIHONG_backstage.002
17:28:33 | INFO: Primitives created: 1
17:28:33 | INFO: Extracting primitive: YIHONG_door_rail.001
17:28:33 | INFO: Primitives created: 1
17:28:33 | INFO: Extracting primitive: YIHONG_amber_window.002
17:28:33 | INFO: Primitives created: 1
17:28:33 | INFO: Extracting primitive: YIHONG_door_panel.001
17:28:33 | INFO: Primitives created: 1
17:28:33 | INFO: Extracting primitive: YIHONG_paving.002
17:28:33 | INFO: Primitives created: 1
17:28:33 | INFO: Extracting primitive: YIHONG_court_cap.001
17:28:33 | INFO: Primitives created: 1
17:28:33 | INFO: Extracting primitive: YIHONG_closed_front.002
17:28:33 | INFO: Primitives created: 1
17:28:33 | INFO: Extracting primitive: KIT_water_lotus_leaf.011
17:28:33 | INFO: Primitives created: 1
17:28:33 | INFO: Extracting primitive: KIT_water_plank.002
17:28:33 | INFO: Primitives created: 1
17:28:33 | INFO: Extracting primitive: SITE_ziling_island.001
17:28:33 | INFO: Primitives created: 1
17:28:33 | INFO: Finished glTF 2.0 export in 0.6306440830230713 s

{"engine": "Godot", "sites": {"stage": {"objects": 100, "triangles": 11188, "render_meshes": 11, "colliders": 87, "triggers": 0}, "qinfang-ting": {"objects": 145, "triangles": 41324, "render_meshes": 27, "colliders": 103, "triggers": 7}, "rockery-gate": {"objects": 27, "triangles": 15324, "render_meshes": 8, "colliders": 10, "triggers": 3}, "terminal-cells": {"objects": 113, "triangles": 37996, "render_meshes": 10, "colliders": 77, "triggers": 18}, "qiushuang-zhai": {"objects": 36, "triangles": 21754, "render_meshes": 11, "colliders": 13, "triggers": 5}, "tubi-tang": {"objects": 37, "triangles": 11340, "render_meshes": 11, "colliders": 16, "triggers": 5}, "daguan-lou": {"objects": 29, "triangles": 23666, "render_meshes": 10, "colliders": 13, "triggers": 3}, "ouxiang-xie": {"objects": 28, "triangles": 15450, "render_meshes": 6, "colliders": 13, "triggers": 4}, "hengwu-yuan": {"objects": 43, "triangles": 20386, "render_meshes": 11, "colliders": 23, "triggers": 4}, "yihong-yuan": {"objects": 28, "triangles": 2294, "render_meshes": 10, "colliders": 9, "triggers": 4}, "xiaoxiang-guan": {"objects": 30, "triangles": 7478, "render_meshes": 12, "colliders": 9, "triggers": 4}, "longcui-an": {"objects": 27, "triangles": 4638, "render_meshes": 10, "colliders": 8, "triggers": 4}, "aojing-guan": {"objects": 24, "triangles": 2788, "render_meshes": 8, "colliders": 7, "triggers": 3}, "daoxiang-cun": {"objects": 27, "triangles": 10862, "render_meshes": 9, "colliders": 8, "triggers": 4}, "ziling-zhou": {"objects": 23, "triangles": 7064, "render_meshes": 13, "colliders": 4, "triggers": 3}}, "warnings": ["Reference assets, not yet profiled on mobile.", "Lightmap bake remains unfinished; engine import evidence is recorded separately in godot/import-validation.json."], "total_triangles": 233552, "total_render_meshes": 167}
BlenderMCP addon unregistered
Blender 5.2.2 LTS (hash d13f752e3b9c built 2026-09-15 01:49:19)

Blender quit
