00:00.431  blend            | Read blend: "/var/folders/gf/s_g2zvzj3jxbylz3ylbc7k4c0000gn/T/garden-canopy-authoring-u7vcuadb/authoring.blend"
BlenderMCP addon registered
INFO Draco is available, use library at /Applications/Blender.app/Contents/Resources/5.2/scripts/addons_core/io_scene_gltf2/libbf_intern_draco_bridge.dylib
INFO MeshOptimizer is available, use library at /Applications/Blender.app/Contents/Resources/5.2/scripts/addons_core/io_scene_gltf2/libbf_intern_meshopt_bridge.dylib
08:37:18 | INFO: Starting glTF 2.0 export
08:37:18 | INFO: Extracting primitive: COL_aojing_approach.001
08:37:18 | INFO: Primitives created: 1
08:37:18 | INFO: Extracting primitive: COL_aojing_approach.004
08:37:18 | INFO: Primitives created: 1
08:37:18 | INFO: Extracting primitive: COL_aojing_approach_guard.001
08:37:18 | INFO: Primitives created: 1
08:37:18 | INFO: Extracting primitive: COL_aojing_approach_guard.004
08:37:18 | INFO: Primitives created: 1
08:37:18 | INFO: Extracting primitive: COL_aojing_approach_ramp.002
08:37:18 | INFO: Primitives created: 1
08:37:18 | INFO: Extracting primitive: COL_daoxiang_approach.002
08:37:18 | INFO: Primitives created: 1
08:37:18 | INFO: Extracting primitive: COL_daoxiang_approach.003
08:37:18 | INFO: Primitives created: 1
08:37:18 | INFO: Extracting primitive: COL_hengwu_approach.002
08:37:18 | INFO: Primitives created: 1
08:37:18 | INFO: Extracting primitive: COL_hengwu_approach.003
08:37:18 | INFO: Primitives created: 1
08:37:18 | INFO: Extracting primitive: COL_longcui_approach.003
08:37:18 | INFO: Primitives created: 1
08:37:18 | INFO: Extracting primitive: COL_longcui_approach.004
08:37:18 | INFO: Primitives created: 1
08:37:18 | INFO: Extracting primitive: COL_longcui_approach.005
08:37:18 | INFO: Primitives created: 1
08:37:18 | INFO: Extracting primitive: Cube.009
08:37:18 | INFO: Primitives created: 1
08:37:18 | INFO: Extracting primitive: Cube.011
08:37:18 | INFO: Primitives created: 1
08:37:18 | INFO: Extracting primitive: Cube.012
08:37:18 | INFO: Primitives created: 1
08:37:18 | INFO: Extracting primitive: Cube.013
08:37:18 | INFO: Primitives created: 1
08:37:18 | INFO: Extracting primitive: Cube.019
08:37:18 | INFO: Primitives created: 1
08:37:18 | INFO: Extracting primitive: Cube.020
08:37:18 | INFO: Primitives created: 1
08:37:18 | INFO: Extracting primitive: Cube.023
08:37:18 | INFO: Primitives created: 1
08:37:18 | INFO: Extracting primitive: Cube.024
08:37:18 | INFO: Primitives created: 1
08:37:18 | INFO: Extracting primitive: Cube.048
08:37:18 | INFO: Primitives created: 1
08:37:18 | INFO: Extracting primitive: Cube.050
08:37:18 | INFO: Primitives created: 1
08:37:18 | INFO: Extracting primitive: Cube.052
08:37:18 | INFO: Primitives created: 1
08:37:18 | INFO: Extracting primitive: Cube.092
08:37:18 | INFO: Primitives created: 1
08:37:18 | INFO: Extracting primitive: Cube.093
08:37:18 | INFO: Primitives created: 1
08:37:18 | INFO: Extracting primitive: Cube.094
08:37:18 | INFO: Primitives created: 1
08:37:18 | INFO: Extracting primitive: Cube.095
08:37:18 | INFO: Primitives created: 1
08:37:18 | INFO: Extracting primitive: Cube.096
08:37:18 | INFO: Primitives created: 1
08:37:18 | INFO: Extracting primitive: Cube.097
08:37:18 | INFO: Primitives created: 1
08:37:18 | INFO: Extracting primitive: Cube.098
08:37:18 | INFO: Primitives created: 1
08:37:18 | INFO: Extracting primitive: Cube.099
08:37:18 | INFO: Primitives created: 1
08:37:18 | INFO: Extracting primitive: Cube.100
08:37:18 | INFO: Primitives created: 1
08:37:18 | INFO: Extracting primitive: Cube.101
08:37:18 | INFO: Primitives created: 1
08:37:18 | INFO: Extracting primitive: Cube.102
08:37:18 | INFO: Primitives created: 1
08:37:18 | INFO: Extracting primitive: Cube.103
08:37:18 | INFO: Primitives created: 1
08:37:18 | INFO: Extracting primitive: Cube.104
08:37:18 | INFO: Primitives created: 1
08:37:18 | INFO: Extracting primitive: Cube.105
08:37:18 | INFO: Primitives created: 1
08:37:18 | INFO: Extracting primitive: Cube.106
08:37:18 | INFO: Primitives created: 1
08:37:18 | INFO: Extracting primitive: Cube.107
08:37:18 | INFO: Primitives created: 1
08:37:18 | INFO: Extracting primitive: Cube.108
08:37:18 | INFO: Primitives created: 1
08:37:18 | INFO: Extracting primitive: Cube.109
08:37:18 | INFO: Primitives created: 1
08:37:18 | INFO: Extracting primitive: Cube.110
08:37:18 | INFO: Primitives created: 1
08:37:18 | INFO: Extracting primitive: Cube.111
08:37:18 | INFO: Primitives created: 1
08:37:18 | INFO: Extracting primitive: Cube.112
08:37:18 | INFO: Primitives created: 1
08:37:18 | INFO: Extracting primitive: Cube.113
08:37:18 | INFO: Primitives created: 1
08:37:18 | INFO: Extracting primitive: Cube.114
08:37:18 | INFO: Primitives created: 1
08:37:18 | INFO: Extracting primitive: Cube.115
08:37:18 | INFO: Primitives created: 1
08:37:18 | INFO: Extracting primitive: Cube.116
08:37:18 | INFO: Primitives created: 1
08:37:18 | INFO: Extracting primitive: Cube.117
08:37:18 | INFO: Primitives created: 1
08:37:18 | INFO: Extracting primitive: Cube.118
08:37:18 | INFO: Primitives created: 1
08:37:18 | INFO: Extracting primitive: Cube.119
08:37:18 | INFO: Primitives created: 1
08:37:18 | INFO: Extracting primitive: Cube.120
08:37:18 | INFO: Primitives created: 1
08:37:18 | INFO: Extracting primitive: Cube.121
08:37:18 | INFO: Primitives created: 1
08:37:18 | INFO: Extracting primitive: Cube.122
08:37:18 | INFO: Primitives created: 1
08:37:18 | INFO: Extracting primitive: Cube.123
08:37:18 | INFO: Primitives created: 1
08:37:18 | INFO: Extracting primitive: Cube.124
08:37:18 | INFO: Primitives created: 1
08:37:18 | INFO: Extracting primitive: Cube.125
08:37:18 | INFO: Primitives created: 1
08:37:18 | INFO: Extracting primitive: Cube.126
08:37:18 | INFO: Primitives created: 1
08:37:18 | INFO: Extracting primitive: Cube.127
08:37:18 | INFO: Primitives created: 1
08:37:18 | INFO: Extracting primitive: Cube.128
08:37:18 | INFO: Primitives created: 1
08:37:18 | INFO: Extracting primitive: Cube.129
08:37:18 | INFO: Primitives created: 1
08:37:18 | INFO: Extracting primitive: Cube.130
08:37:18 | INFO: Primitives created: 1
08:37:18 | INFO: Extracting primitive: Cube.131
08:37:18 | INFO: Primitives created: 1
08:37:18 | INFO: Extracting primitive: Cube.132
08:37:18 | INFO: Primitives created: 1
08:37:18 | INFO: Extracting primitive: Cube.133
08:37:18 | INFO: Primitives created: 1
08:37:18 | INFO: Extracting primitive: Cube.134
08:37:18 | INFO: Primitives created: 1
08:37:18 | INFO: Extracting primitive: Cube.135
08:37:18 | INFO: Primitives created: 1
08:37:18 | INFO: Extracting primitive: Cube.136
08:37:18 | INFO: Primitives created: 1
08:37:18 | INFO: Extracting primitive: Cube.137
08:37:18 | INFO: Primitives created: 1
08:37:18 | INFO: Extracting primitive: Cube.138
08:37:18 | INFO: Primitives created: 1
08:37:18 | INFO: Extracting primitive: Cube.139
08:37:18 | INFO: Primitives created: 1
08:37:18 | INFO: Extracting primitive: Cube.140
08:37:18 | INFO: Primitives created: 1
08:37:18 | INFO: Extracting primitive: Cube.141
08:37:18 | INFO: Primitives created: 1
08:37:18 | INFO: Extracting primitive: Cube.142
08:37:18 | INFO: Primitives created: 1
08:37:18 | INFO: Extracting primitive: Cube.143
08:37:18 | INFO: Primitives created: 1
08:37:18 | INFO: Extracting primitive: Cube.144
08:37:18 | INFO: Primitives created: 1
08:37:18 | INFO: Extracting primitive: COL_stone_walk.005
08:37:18 | INFO: Primitives created: 1
08:37:18 | INFO: Extracting primitive: COL_stone_walk.008
08:37:18 | INFO: Primitives created: 1
08:37:18 | INFO: Extracting primitive: COL_stone_walk.009
08:37:18 | INFO: Primitives created: 1
08:37:18 | INFO: Extracting primitive: COL_stone_walk.010
08:37:18 | INFO: Primitives created: 1
08:37:18 | INFO: Extracting primitive: COL_stone_walk.011
08:37:18 | INFO: Primitives created: 1
08:37:18 | INFO: Extracting primitive: COL_stone_walk.012
08:37:18 | INFO: Primitives created: 1
08:37:18 | INFO: Extracting primitive: COL_study_approach.002
08:37:18 | INFO: Primitives created: 1
08:37:18 | INFO: Extracting primitive: COL_tubi_approach.001
08:37:18 | INFO: Primitives created: 1
08:37:18 | INFO: Extracting primitive: COL_tubi_approach.002
08:37:18 | INFO: Primitives created: 1
08:37:18 | INFO: Extracting primitive: COL_tubi_approach.007
08:37:18 | INFO: Primitives created: 1
08:37:18 | INFO: Extracting primitive: COL_tubi_approach.008
08:37:18 | INFO: Primitives created: 1
08:37:18 | INFO: Extracting primitive: KIT_stage_floor.001
08:37:18 | INFO: Primitives created: 1
08:37:18 | INFO: Extracting primitive: AOJING_approach_guard.001
08:37:18 | INFO: Primitives created: 1
08:37:18 | INFO: Extracting primitive: KIT_stage_painted_moon.001
08:37:18 | INFO: Primitives created: 1
08:37:18 | INFO: Extracting primitive: KIT_stage_painted_mountain_layer.003
08:37:18 | INFO: Primitives created: 1
08:37:18 | INFO: Extracting primitive: KIT_stage_painted_mountain_layer.004
08:37:18 | INFO: Primitives created: 1
08:37:18 | INFO: Extracting primitive: KIT_stage_painted_mountain_layer.005
08:37:18 | INFO: Primitives created: 1
08:37:18 | INFO: Extracting primitive: KIT_water_stone_walk.005
08:37:18 | INFO: Primitives created: 1
08:37:18 | INFO: Extracting primitive: Painted coved ceiling candidate.001
08:37:18 | INFO: Primitives created: 1
08:37:18 | INFO: Extracting primitive: KIT_stage_painted_canvas.002
08:37:18 | INFO: Primitives created: 1
08:37:18 | INFO: Extracting primitive: Eight painted cyclorama arcs.001
08:37:18 | WARNING: More than one shader node tex image used for a texture. The resulting glTF sampler will behave like the first shader node tex image.
08:37:18 | INFO: Primitives created: 2
08:37:18 | INFO: Extracting primitive: KIT_stage_fog_plane_render.002
08:37:18 | INFO: Primitives created: 1
08:37:18 | INFO: Finished glTF 2.0 export in 0.1858057975769043 s

08:37:19 | INFO: Starting glTF 2.0 export
08:37:19 | INFO: Extracting primitive: Cube.147
08:37:19 | INFO: Primitives created: 1
08:37:19 | INFO: Extracting primitive: Cube.148
08:37:19 | INFO: Primitives created: 1
08:37:19 | INFO: Extracting primitive: Cube.149
08:37:19 | INFO: Primitives created: 1
08:37:19 | INFO: Extracting primitive: Cube.150
08:37:19 | INFO: Primitives created: 1
08:37:19 | INFO: Extracting primitive: COL_bridge_crosswalk.002
08:37:19 | INFO: Primitives created: 1
08:37:19 | INFO: Extracting primitive: COL_bridge_crosswalk.003
08:37:19 | INFO: Primitives created: 1
08:37:19 | INFO: Extracting primitive: Cube.146
08:37:19 | INFO: Primitives created: 1
08:37:19 | INFO: Extracting primitive: Cube.145
08:37:19 | INFO: Primitives created: 1
08:37:19 | INFO: Extracting primitive: COL_corridor_floor.009
08:37:19 | INFO: Primitives created: 1
08:37:19 | INFO: Extracting primitive: COL_corridor_side.015
08:37:19 | INFO: Primitives created: 1
08:37:19 | INFO: Extracting primitive: COL_corridor_side.016
08:37:19 | INFO: Primitives created: 1
08:37:19 | INFO: Extracting primitive: COL_corridor_post.016
08:37:19 | INFO: Primitives created: 1
08:37:19 | INFO: Extracting primitive: COL_corridor_post.017
08:37:19 | INFO: Primitives created: 1
08:37:19 | INFO: Extracting primitive: COL_corridor_floor.010
08:37:19 | INFO: Primitives created: 1
08:37:19 | INFO: Extracting primitive: COL_corridor_side.017
08:37:19 | INFO: Primitives created: 1
08:37:19 | INFO: Extracting primitive: COL_corridor_side.018
08:37:19 | INFO: Primitives created: 1
08:37:19 | INFO: Extracting primitive: COL_corridor_post.018
08:37:19 | INFO: Primitives created: 1
08:37:19 | INFO: Extracting primitive: COL_corridor_post.019
08:37:19 | INFO: Primitives created: 1
08:37:19 | INFO: Extracting primitive: COL_corridor_floor.011
08:37:19 | INFO: Primitives created: 1
08:37:19 | INFO: Extracting primitive: COL_corridor_side.019
08:37:19 | INFO: Primitives created: 1
08:37:19 | INFO: Extracting primitive: COL_corridor_side.020
08:37:19 | INFO: Primitives created: 1
08:37:19 | INFO: Extracting primitive: COL_corridor_post.020
08:37:19 | INFO: Primitives created: 1
08:37:19 | INFO: Extracting primitive: COL_corridor_post.021
08:37:19 | INFO: Primitives created: 1
08:37:19 | INFO: Extracting primitive: COL_corridor_floor.012
08:37:19 | INFO: Primitives created: 1
08:37:19 | INFO: Extracting primitive: COL_corridor_side.021
08:37:19 | INFO: Primitives created: 1
08:37:19 | INFO: Extracting primitive: COL_corridor_side.022
08:37:19 | INFO: Primitives created: 1
08:37:19 | INFO: Extracting primitive: COL_corridor_post.022
08:37:19 | INFO: Primitives created: 1
08:37:19 | INFO: Extracting primitive: COL_corridor_post.023
08:37:19 | INFO: Primitives created: 1
08:37:19 | INFO: Extracting primitive: COL_corridor_floor.001
08:37:19 | INFO: Primitives created: 1
08:37:19 | INFO: Extracting primitive: COL_corridor_side.001
08:37:19 | INFO: Primitives created: 1
08:37:19 | INFO: Extracting primitive: COL_corridor_side.002
08:37:19 | INFO: Primitives created: 1
08:37:19 | INFO: Extracting primitive: COL_corridor_post.001
08:37:19 | INFO: Primitives created: 1
08:37:19 | INFO: Extracting primitive: COL_corridor_post.002
08:37:19 | INFO: Primitives created: 1
08:37:19 | INFO: Extracting primitive: COL_corridor_floor.002
08:37:19 | INFO: Primitives created: 1
08:37:19 | INFO: Extracting primitive: COL_corridor_side.003
08:37:19 | INFO: Primitives created: 1
08:37:19 | INFO: Extracting primitive: COL_corridor_side.004
08:37:19 | INFO: Primitives created: 1
08:37:19 | INFO: Extracting primitive: COL_corridor_post.003
08:37:19 | INFO: Primitives created: 1
08:37:19 | INFO: Extracting primitive: COL_corridor_post.004
08:37:19 | INFO: Primitives created: 1
08:37:19 | INFO: Extracting primitive: COL_corridor_floor.003
08:37:19 | INFO: Primitives created: 1
08:37:19 | INFO: Extracting primitive: COL_corridor_side.005
08:37:19 | INFO: Primitives created: 1
08:37:19 | INFO: Extracting primitive: COL_corridor_side.006
08:37:19 | INFO: Primitives created: 1
08:37:19 | INFO: Extracting primitive: COL_corridor_post.005
08:37:19 | INFO: Primitives created: 1
08:37:19 | INFO: Extracting primitive: COL_corridor_post.006
08:37:19 | INFO: Primitives created: 1
08:37:19 | INFO: Extracting primitive: COL_corridor_floor.004
08:37:19 | INFO: Primitives created: 1
08:37:19 | INFO: Extracting primitive: COL_corridor_side.007
08:37:19 | INFO: Primitives created: 1
08:37:19 | INFO: Extracting primitive: COL_corridor_side.008
08:37:19 | INFO: Primitives created: 1
08:37:19 | INFO: Extracting primitive: COL_corridor_post.007
08:37:19 | INFO: Primitives created: 1
08:37:19 | INFO: Extracting primitive: COL_corridor_post.008
08:37:19 | INFO: Primitives created: 1
08:37:19 | INFO: Extracting primitive: COL_corridor_floor.005
08:37:19 | INFO: Primitives created: 1
08:37:19 | INFO: Extracting primitive: COL_corridor_side.009
08:37:19 | INFO: Primitives created: 1
08:37:19 | INFO: Extracting primitive: COL_corridor_side.010
08:37:19 | INFO: Primitives created: 1
08:37:19 | INFO: Extracting primitive: COL_corridor_post.009
08:37:19 | INFO: Primitives created: 1
08:37:19 | INFO: Extracting primitive: COL_corridor_post.010
08:37:19 | INFO: Primitives created: 1
08:37:19 | INFO: Extracting primitive: COL_corridor_floor.006
08:37:19 | INFO: Primitives created: 1
08:37:19 | INFO: Extracting primitive: COL_corridor_side.011
08:37:19 | INFO: Primitives created: 1
08:37:19 | INFO: Extracting primitive: COL_corridor_post.011
08:37:19 | INFO: Primitives created: 1
08:37:19 | INFO: Extracting primitive: COL_corridor_post.012
08:37:19 | INFO: Primitives created: 1
08:37:19 | INFO: Extracting primitive: COL_corridor_floor.007
08:37:19 | INFO: Primitives created: 1
08:37:19 | INFO: Extracting primitive: COL_corridor_side.012
08:37:19 | INFO: Primitives created: 1
08:37:19 | INFO: Extracting primitive: COL_corridor_post.013
08:37:19 | INFO: Primitives created: 1
08:37:19 | INFO: Extracting primitive: COL_corridor_floor.008
08:37:19 | INFO: Primitives created: 1
08:37:19 | INFO: Extracting primitive: COL_corridor_side.013
08:37:19 | INFO: Primitives created: 1
08:37:19 | INFO: Extracting primitive: COL_corridor_side.014
08:37:19 | INFO: Primitives created: 1
08:37:19 | INFO: Extracting primitive: COL_corridor_post.014
08:37:19 | INFO: Primitives created: 1
08:37:19 | INFO: Extracting primitive: COL_corridor_post.015
08:37:19 | INFO: Primitives created: 1
08:37:19 | INFO: Extracting primitive: COL_corridor_floor.013
08:37:19 | INFO: Primitives created: 1
08:37:19 | INFO: Extracting primitive: COL_corridor_side.023
08:37:19 | INFO: Primitives created: 1
08:37:19 | INFO: Extracting primitive: COL_corridor_side.024
08:37:19 | INFO: Primitives created: 1
08:37:19 | INFO: Extracting primitive: COL_corridor_post.024
08:37:19 | INFO: Primitives created: 1
08:37:19 | INFO: Extracting primitive: COL_corridor_post.025
08:37:19 | INFO: Primitives created: 1
08:37:19 | INFO: Extracting primitive: COL_corridor_floor.014
08:37:19 | INFO: Primitives created: 1
08:37:19 | INFO: Extracting primitive: COL_corridor_side.025
08:37:19 | INFO: Primitives created: 1
08:37:19 | INFO: Extracting primitive: COL_corridor_side.026
08:37:19 | INFO: Primitives created: 1
08:37:19 | INFO: Extracting primitive: COL_corridor_post.026
08:37:19 | INFO: Primitives created: 1
08:37:19 | INFO: Extracting primitive: COL_corridor_post.027
08:37:19 | INFO: Primitives created: 1
08:37:19 | INFO: Extracting primitive: COL_corridor_floor.015
08:37:19 | INFO: Primitives created: 1
08:37:19 | INFO: Extracting primitive: COL_corridor_side.027
08:37:19 | INFO: Primitives created: 1
08:37:19 | INFO: Extracting primitive: COL_corridor_side.028
08:37:19 | INFO: Primitives created: 1
08:37:19 | INFO: Extracting primitive: COL_corridor_post.028
08:37:19 | INFO: Primitives created: 1
08:37:19 | INFO: Extracting primitive: COL_corridor_post.029
08:37:19 | INFO: Primitives created: 1
08:37:19 | INFO: Extracting primitive: COL_corridor_floor.016
08:37:19 | INFO: Primitives created: 1
08:37:19 | INFO: Extracting primitive: COL_corridor_side.029
08:37:19 | INFO: Primitives created: 1
08:37:19 | INFO: Extracting primitive: COL_corridor_side.030
08:37:19 | INFO: Primitives created: 1
08:37:19 | INFO: Extracting primitive: COL_corridor_post.030
08:37:19 | INFO: Primitives created: 1
08:37:19 | INFO: Extracting primitive: COL_corridor_post.031
08:37:19 | INFO: Primitives created: 1
08:37:19 | INFO: Extracting primitive: COL_qinfang_deck.001
08:37:19 | INFO: Primitives created: 1
08:37:19 | INFO: Extracting primitive: COL_pavilion_bench.001
08:37:19 | INFO: Primitives created: 1
08:37:19 | INFO: Extracting primitive: COL_pavilion_bench.002
08:37:19 | INFO: Primitives created: 1
08:37:19 | INFO: Extracting primitive: COL_pavilion_bracket.001
08:37:19 | INFO: Primitives created: 1
08:37:19 | INFO: Extracting primitive: COL_pavilion_bracket.002
08:37:19 | INFO: Primitives created: 1
08:37:19 | INFO: Extracting primitive: COL_pavilion_bracket.003
08:37:19 | INFO: Primitives created: 1
08:37:19 | INFO: Extracting primitive: COL_pavilion_bracket.004
08:37:19 | INFO: Primitives created: 1
08:37:19 | INFO: Extracting primitive: COL_pavilion_bracket.005
08:37:19 | INFO: Primitives created: 1
08:37:19 | INFO: Extracting primitive: COL_pavilion_bracket.006
08:37:19 | INFO: Primitives created: 1
08:37:19 | INFO: Extracting primitive: COL_pavilion_post.001
08:37:19 | INFO: Primitives created: 1
08:37:19 | INFO: Extracting primitive: COL_pavilion_post.002
08:37:19 | INFO: Primitives created: 1
08:37:19 | INFO: Extracting primitive: COL_pavilion_post.003
08:37:19 | INFO: Primitives created: 1
08:37:19 | INFO: Extracting primitive: COL_pavilion_post.004
08:37:19 | INFO: Primitives created: 1
08:37:19 | INFO: Extracting primitive: COL_pavilion_post.005
08:37:19 | INFO: Primitives created: 1
08:37:19 | INFO: Extracting primitive: COL_pavilion_post.006
08:37:19 | INFO: Primitives created: 1
08:37:19 | INFO: Extracting primitive: COL_pavilion_roof.001
08:37:19 | INFO: Primitives created: 1
08:37:19 | INFO: Extracting primitive: KIT_flora_bamboo_large_render.001
08:37:19 | WARNING: More than one shader node tex image used for a texture. The resulting glTF sampler will behave like the first shader node tex image.
08:37:19 | INFO: Primitives created: 1
08:37:19 | INFO: Extracting primitive: KIT_flora_bamboo_large_render.002
08:37:19 | INFO: Primitives created: 1
08:37:19 | INFO: Extracting primitive: KIT_flora_bamboo_small_render.001
08:37:19 | INFO: Primitives created: 1
08:37:19 | INFO: Extracting primitive: KIT_flora_willow_render.001
08:37:19 | INFO: Primitives created: 1
08:37:19 | INFO: Extracting primitive: KIT_flora_willow_render.002
08:37:19 | INFO: Primitives created: 1
08:37:19 | INFO: Extracting primitive: HERO_qinfang-ting_title.002
08:37:19 | WARNING: More than one shader node tex image used for a texture. The resulting glTF sampler will behave like the first shader node tex image.
08:37:19 | INFO: Primitives created: 1
08:37:19 | INFO: Extracting primitive: HERO_qinfang_bridge.001
08:37:19 | INFO: Primitives created: 1
08:37:19 | INFO: Extracting primitive: HERO_table_hexagram.001
08:37:19 | INFO: Primitives created: 1
08:37:19 | INFO: Extracting primitive: line_piece.005
08:37:19 | WARNING: More than one shader node tex image used for a texture. The resulting glTF sampler will behave like the first shader node tex image.
08:37:19 | INFO: Primitives created: 1
08:37:19 | INFO: Extracting primitive: line_piece.002
08:37:19 | INFO: Primitives created: 1
08:37:19 | INFO: Extracting primitive: line_piece.011
08:37:19 | INFO: Primitives created: 1
08:37:19 | INFO: Extracting primitive: line_piece.008
08:37:19 | INFO: Primitives created: 1
08:37:19 | INFO: Extracting primitive: line_piece.017
08:37:19 | INFO: Primitives created: 1
08:37:19 | INFO: Extracting primitive: line_piece.014
08:37:19 | INFO: Primitives created: 1
08:37:19 | INFO: Extracting primitive: line_piece.019
08:37:19 | INFO: Primitives created: 1
08:37:19 | INFO: Extracting primitive: line_piece.018
08:37:19 | INFO: Primitives created: 1
08:37:19 | INFO: Extracting primitive: line_piece.021
08:37:19 | INFO: Primitives created: 1
08:37:19 | INFO: Extracting primitive: line_piece.020
08:37:19 | INFO: Primitives created: 1
08:37:19 | INFO: Extracting primitive: line_piece.023
08:37:19 | INFO: Primitives created: 1
08:37:19 | INFO: Extracting primitive: line_piece.022
08:37:19 | INFO: Primitives created: 1
08:37:19 | INFO: Extracting primitive: HERO_table_pedestal.001
08:37:19 | INFO: Primitives created: 1
08:37:19 | INFO: Extracting primitive: KIT_water_lotus.021
08:37:19 | INFO: Primitives created: 1
08:37:19 | INFO: Extracting primitive: KIT_corridor_rail.008
08:37:19 | INFO: Primitives created: 1
08:37:19 | INFO: Extracting primitive: KIT_pavilion_roof_shell.001
08:37:19 | INFO: Primitives created: 1
08:37:19 | INFO: Extracting primitive: KIT_pavilion_plinth.001
08:37:19 | INFO: Primitives created: 1
08:37:19 | INFO: Extracting primitive: KIT_props_lantern_hanging_render.001
08:37:19 | WARNING: More than one shader node tex image used for a texture. The resulting glTF sampler will behave like the first shader node tex image.
08:37:19 | INFO: Primitives created: 1
08:37:19 | INFO: Extracting primitive: KIT_water_stream.001
08:37:19 | INFO: Primitives created: 1
08:37:19 | INFO: Finished glTF 2.0 export in 0.26164722442626953 s

08:37:19 | INFO: Starting glTF 2.0 export
08:37:19 | INFO: Extracting primitive: COL_GATE_banana_planter.001
08:37:19 | INFO: Primitives created: 1
08:37:19 | INFO: Extracting primitive: KIT_rockery_passage.022
08:37:19 | INFO: Primitives created: 1
08:37:19 | INFO: Extracting primitive: KIT_rockery_passage.024
08:37:19 | INFO: Primitives created: 1
08:37:19 | INFO: Extracting primitive: KIT_rockery_cliff.006
08:37:19 | INFO: Primitives created: 1
08:37:19 | INFO: Extracting primitive: KIT_rockery_cliff.008
08:37:19 | INFO: Primitives created: 1
08:37:19 | INFO: Extracting primitive: KIT_rockery_passage.004
08:37:19 | INFO: Primitives created: 1
08:37:19 | INFO: Extracting primitive: KIT_rockery_passage.016
08:37:19 | INFO: Primitives created: 1
08:37:19 | INFO: Extracting primitive: KIT_rockery_passage.018
08:37:19 | INFO: Primitives created: 1
08:37:19 | INFO: Extracting primitive: KIT_rockery_passage.020
08:37:19 | INFO: Primitives created: 1
08:37:19 | INFO: Extracting primitive: GATE_paving.003
08:37:19 | INFO: Primitives created: 1
08:37:19 | INFO: Extracting primitive: HERO_gate_inscription.001
08:37:19 | WARNING: More than one shader node tex image used for a texture. The resulting glTF sampler will behave like the first shader node tex image.
08:37:19 | INFO: Primitives created: 1
08:37:19 | INFO: Extracting primitive: HERO_gate_water_drips.001
08:37:19 | WARNING: More than one shader node tex image used for a texture. The resulting glTF sampler will behave like the first shader node tex image.
08:37:19 | INFO: Primitives created: 1
08:37:19 | INFO: Extracting primitive: GATE_banana_pseudostem.001
08:37:19 | INFO: Primitives created: 1
08:37:19 | INFO: Extracting primitive: GATE_banana_soil.001
08:37:19 | INFO: Primitives created: 1
08:37:19 | INFO: Extracting primitive: KIT_rockery_passage.001
08:37:19 | WARNING: More than one shader node tex image used for a texture. The resulting glTF sampler will behave like the first shader node tex image.
08:37:19 | INFO: Primitives created: 1
08:37:19 | INFO: Extracting primitive: GATE_paving.002
08:37:19 | INFO: Primitives created: 1
08:37:19 | INFO: Extracting primitive: KIT_props_lantern_hanging_render.008
08:37:19 | WARNING: More than one shader node tex image used for a texture. The resulting glTF sampler will behave like the first shader node tex image.
08:37:19 | INFO: Primitives created: 1
08:37:19 | INFO: Extracting primitive: KIT_stage_fog_plane_render.017
08:37:19 | INFO: Primitives created: 1
08:37:19 | INFO: Finished glTF 2.0 export in 0.07672977447509766 s

08:37:20 | INFO: Starting glTF 2.0 export
08:37:20 | INFO: Extracting primitive: COL_cell_floor.006
08:37:20 | INFO: Primitives created: 1
08:37:20 | INFO: Extracting primitive: COL_cell_floor.007
08:37:20 | INFO: Primitives created: 1
08:37:20 | INFO: Extracting primitive: COL_cell_floor.008
08:37:20 | INFO: Primitives created: 1
08:37:20 | INFO: Extracting primitive: COL_cell_floor.009
08:37:20 | INFO: Primitives created: 1
08:37:20 | INFO: Extracting primitive: COL_cell_floor.010
08:37:20 | INFO: Primitives created: 1
08:37:20 | INFO: Extracting primitive: COL_cell_floor.011
08:37:20 | INFO: Primitives created: 1
08:37:20 | INFO: Extracting primitive: COL_cell_wall.012
08:37:20 | INFO: Primitives created: 1
08:37:20 | INFO: Extracting primitive: COL_cell_wall.013
08:37:20 | INFO: Primitives created: 1
08:37:20 | INFO: Extracting primitive: COL_cell_wall.014
08:37:20 | INFO: Primitives created: 1
08:37:20 | INFO: Extracting primitive: COL_cell_wall.015
08:37:20 | INFO: Primitives created: 1
08:37:20 | INFO: Extracting primitive: COL_cell_wall.016
08:37:20 | INFO: Primitives created: 1
08:37:20 | INFO: Extracting primitive: COL_cell_wall.017
08:37:20 | INFO: Primitives created: 1
08:37:20 | INFO: Extracting primitive: COL_cell_wall.018
08:37:20 | INFO: Primitives created: 1
08:37:20 | INFO: Extracting primitive: COL_cell_wall.019
08:37:20 | INFO: Primitives created: 1
08:37:20 | INFO: Extracting primitive: COL_cell_wall.020
08:37:20 | INFO: Primitives created: 1
08:37:20 | INFO: Extracting primitive: COL_cell_wall.021
08:37:20 | INFO: Primitives created: 1
08:37:20 | INFO: Extracting primitive: COL_cell_wall.022
08:37:20 | INFO: Primitives created: 1
08:37:20 | INFO: Extracting primitive: COL_cell_wall.023
08:37:20 | INFO: Primitives created: 1
08:37:20 | INFO: Extracting primitive: COL_entry_corridor.001
08:37:20 | INFO: Primitives created: 1
08:37:20 | INFO: Extracting primitive: COL_entry_walk.002
08:37:20 | INFO: Primitives created: 1
08:37:20 | INFO: Extracting primitive: COL_entry_walk.003
08:37:20 | INFO: Primitives created: 1
08:37:20 | INFO: Extracting primitive: Cube.193
08:37:20 | INFO: Primitives created: 1
08:37:20 | INFO: Extracting primitive: Cube.194
08:37:20 | INFO: Primitives created: 1
08:37:20 | INFO: Extracting primitive: Cube.195
08:37:20 | INFO: Primitives created: 1
08:37:20 | INFO: Extracting primitive: Cube.196
08:37:20 | INFO: Primitives created: 1
08:37:20 | INFO: Extracting primitive: Cube.197
08:37:20 | INFO: Primitives created: 1
08:37:20 | INFO: Extracting primitive: Cube.198
08:37:20 | INFO: Primitives created: 1
08:37:20 | INFO: Extracting primitive: Cube.199
08:37:20 | INFO: Primitives created: 1
08:37:20 | INFO: Extracting primitive: Cube.200
08:37:20 | INFO: Primitives created: 1
08:37:20 | INFO: Extracting primitive: Cube.151
08:37:20 | INFO: Primitives created: 1
08:37:20 | INFO: Extracting primitive: Cube.152
08:37:20 | INFO: Primitives created: 1
08:37:20 | INFO: Extracting primitive: Cube.153
08:37:20 | INFO: Primitives created: 1
08:37:20 | INFO: Extracting primitive: Cube.154
08:37:20 | INFO: Primitives created: 1
08:37:20 | INFO: Extracting primitive: Cube.155
08:37:20 | INFO: Primitives created: 1
08:37:20 | INFO: Extracting primitive: Cube.156
08:37:20 | INFO: Primitives created: 1
08:37:20 | INFO: Extracting primitive: Cube.157
08:37:20 | INFO: Primitives created: 1
08:37:20 | INFO: Extracting primitive: Cube.158
08:37:20 | INFO: Primitives created: 1
08:37:20 | INFO: Extracting primitive: Cube.159
08:37:20 | INFO: Primitives created: 1
08:37:20 | INFO: Extracting primitive: Cube.160
08:37:20 | INFO: Primitives created: 1
08:37:20 | INFO: Extracting primitive: Cube.161
08:37:20 | INFO: Primitives created: 1
08:37:20 | INFO: Extracting primitive: Cube.162
08:37:20 | INFO: Primitives created: 1
08:37:20 | INFO: Extracting primitive: Cube.163
08:37:20 | INFO: Primitives created: 1
08:37:20 | INFO: Extracting primitive: Cube.164
08:37:20 | INFO: Primitives created: 1
08:37:20 | INFO: Extracting primitive: Cube.165
08:37:20 | INFO: Primitives created: 1
08:37:20 | INFO: Extracting primitive: Cube.166
08:37:20 | INFO: Primitives created: 1
08:37:20 | INFO: Extracting primitive: Cube.167
08:37:20 | INFO: Primitives created: 1
08:37:20 | INFO: Extracting primitive: Cube.168
08:37:20 | INFO: Primitives created: 1
08:37:20 | INFO: Extracting primitive: Cube.169
08:37:20 | INFO: Primitives created: 1
08:37:20 | INFO: Extracting primitive: Cube.170
08:37:20 | INFO: Primitives created: 1
08:37:20 | INFO: Extracting primitive: Cube.171
08:37:20 | INFO: Primitives created: 1
08:37:20 | INFO: Extracting primitive: Cube.172
08:37:20 | INFO: Primitives created: 1
08:37:20 | INFO: Extracting primitive: Cube.173
08:37:20 | INFO: Primitives created: 1
08:37:20 | INFO: Extracting primitive: Cube.174
08:37:20 | INFO: Primitives created: 1
08:37:20 | INFO: Extracting primitive: Cube.175
08:37:20 | INFO: Primitives created: 1
08:37:20 | INFO: Extracting primitive: Cube.176
08:37:20 | INFO: Primitives created: 1
08:37:20 | INFO: Extracting primitive: Cube.177
08:37:20 | INFO: Primitives created: 1
08:37:20 | INFO: Extracting primitive: Cube.178
08:37:20 | INFO: Primitives created: 1
08:37:20 | INFO: Extracting primitive: Cube.179
08:37:20 | INFO: Primitives created: 1
08:37:20 | INFO: Extracting primitive: Cube.180
08:37:20 | INFO: Primitives created: 1
08:37:20 | INFO: Extracting primitive: Cube.181
08:37:20 | INFO: Primitives created: 1
08:37:20 | INFO: Extracting primitive: Cube.182
08:37:20 | INFO: Primitives created: 1
08:37:20 | INFO: Extracting primitive: Cube.183
08:37:20 | INFO: Primitives created: 1
08:37:20 | INFO: Extracting primitive: Cube.184
08:37:20 | INFO: Primitives created: 1
08:37:20 | INFO: Extracting primitive: Cube.185
08:37:20 | INFO: Primitives created: 1
08:37:20 | INFO: Extracting primitive: Cube.186
08:37:20 | INFO: Primitives created: 1
08:37:20 | INFO: Extracting primitive: Cube.187
08:37:20 | INFO: Primitives created: 1
08:37:20 | INFO: Extracting primitive: Cube.188
08:37:20 | INFO: Primitives created: 1
08:37:20 | INFO: Extracting primitive: Cube.189
08:37:20 | INFO: Primitives created: 1
08:37:20 | INFO: Extracting primitive: Cube.190
08:37:20 | INFO: Primitives created: 1
08:37:20 | INFO: Extracting primitive: Cube.191
08:37:20 | INFO: Primitives created: 1
08:37:20 | INFO: Extracting primitive: Cube.192
08:37:20 | INFO: Primitives created: 1
08:37:20 | INFO: Extracting primitive: KIT_tech_cell_side.012
08:37:20 | INFO: Primitives created: 1
08:37:20 | INFO: Extracting primitive: KIT_wall_window_bar.030
08:37:20 | INFO: Primitives created: 1
08:37:20 | INFO: Extracting primitive: KIT_stage_entry_walk.002
08:37:20 | INFO: Primitives created: 1
08:37:20 | INFO: Extracting primitive: KIT_props_folding_chair_render.001
08:37:20 | WARNING: More than one shader node tex image used for a texture. The resulting glTF sampler will behave like the first shader node tex image.
08:37:20 | INFO: Primitives created: 1
08:37:20 | INFO: Extracting primitive: KIT_stage_floor_boards_render.002
08:37:20 | WARNING: More than one shader node tex image used for a texture. The resulting glTF sampler will behave like the first shader node tex image.
08:37:20 | INFO: Primitives created: 1
08:37:20 | INFO: Extracting primitive: KIT_stage_gel_frame_render.002
08:37:20 | INFO: Primitives created: 2
08:37:20 | INFO: Extracting primitive: KIT_stage_studio_wall_render.002
08:37:20 | INFO: Primitives created: 1
08:37:20 | INFO: Extracting primitive: KIT_stage_fog_plane_render.020
08:37:20 | INFO: Primitives created: 1
08:37:20 | INFO: Extracting primitive: KIT_tech_terminal_desk_render.001
08:37:20 | WARNING: More than one shader node tex image used for a texture. The resulting glTF sampler will behave like the first shader node tex image.
08:37:20 | INFO: Primitives created: 1
08:37:20 | INFO: Extracting primitive: KIT_props_scroll_render.001
08:37:20 | WARNING: More than one shader node tex image used for a texture. The resulting glTF sampler will behave like the first shader node tex image.
08:37:20 | INFO: Primitives created: 1
08:37:20 | INFO: Finished glTF 2.0 export in 0.15564703941345215 s

08:37:21 | INFO: Starting glTF 2.0 export
08:37:21 | INFO: Extracting primitive: COL_qiushuang-zhai_floor.001
08:37:21 | INFO: Primitives created: 1
08:37:21 | INFO: Extracting primitive: COL_study_desk_centre.002
08:37:21 | INFO: Primitives created: 1
08:37:21 | INFO: Extracting primitive: COL_study_desk_left.002
08:37:21 | INFO: Primitives created: 1
08:37:21 | INFO: Extracting primitive: COL_study_desk_right.002
08:37:21 | INFO: Primitives created: 1
08:37:21 | INFO: Extracting primitive: COL_study_front_walk.002
08:37:21 | INFO: Primitives created: 1
08:37:21 | INFO: Extracting primitive: COL_study_front_wall.002
08:37:21 | INFO: Primitives created: 1
08:37:21 | INFO: Extracting primitive: COL_study_post.001
08:37:21 | INFO: Primitives created: 1
08:37:21 | INFO: Extracting primitive: COL_study_post.002
08:37:21 | INFO: Primitives created: 1
08:37:21 | INFO: Extracting primitive: COL_study_post.003
08:37:21 | INFO: Primitives created: 1
08:37:21 | INFO: Extracting primitive: COL_study_post.008
08:37:21 | INFO: Primitives created: 1
08:37:21 | INFO: Extracting primitive: Cube.201
08:37:21 | INFO: Primitives created: 1
08:37:21 | INFO: Extracting primitive: Cube.202
08:37:21 | INFO: Primitives created: 1
08:37:21 | INFO: Extracting primitive: Cube.203
08:37:21 | INFO: Primitives created: 1
08:37:21 | INFO: Extracting primitive: HERO_study_scroll_bamboo.002
08:37:21 | INFO: Primitives created: 1
08:37:21 | INFO: Extracting primitive: HERO_study_scroll_plum.002
08:37:21 | INFO: Primitives created: 1
08:37:21 | INFO: Extracting primitive: HERO_study_title.002
08:37:21 | WARNING: More than one shader node tex image used for a texture. The resulting glTF sampler will behave like the first shader node tex image.
08:37:21 | INFO: Primitives created: 1
08:37:21 | INFO: Extracting primitive: SITE_qiushuang-zhai_backstage.001
08:37:21 | INFO: Primitives created: 1
08:37:21 | INFO: Extracting primitive: KIT_pavilion_finial.005
08:37:21 | INFO: Primitives created: 1
08:37:21 | INFO: Extracting primitive: KIT_wall_lattice_vertical.042
08:37:21 | INFO: Primitives created: 1
08:37:21 | INFO: Extracting primitive: SITE_qiushuang-zhai_platform.001
08:37:21 | INFO: Primitives created: 1
08:37:21 | INFO: Extracting primitive: KIT_props_lantern_hanging_render.010
08:37:21 | WARNING: More than one shader node tex image used for a texture. The resulting glTF sampler will behave like the first shader node tex image.
08:37:21 | INFO: Primitives created: 1
08:37:21 | INFO: Extracting primitive: KIT_pavilion_roof.005
08:37:21 | INFO: Primitives created: 1
08:37:21 | INFO: Extracting primitive: KIT_tech_terminal_desk_render.007
08:37:21 | WARNING: More than one shader node tex image used for a texture. The resulting glTF sampler will behave like the first shader node tex image.
08:37:21 | INFO: Primitives created: 1
08:37:21 | INFO: Extracting primitive: SITE_qiushuang-zhai_front.001
08:37:21 | INFO: Primitives created: 1
08:37:21 | INFO: Finished glTF 2.0 export in 0.051236867904663086 s

08:37:22 | INFO: Starting glTF 2.0 export
08:37:22 | INFO: Extracting primitive: COL_tubi-tang_floor.001
08:37:22 | INFO: Primitives created: 1
08:37:22 | INFO: Extracting primitive: COL_tubi_closed_hall.002
08:37:22 | INFO: Primitives created: 1
08:37:22 | INFO: Extracting primitive: COL_tubi_hall_post.001
08:37:22 | INFO: Primitives created: 1
08:37:22 | INFO: Extracting primitive: COL_tubi_hall_post.002
08:37:22 | INFO: Primitives created: 1
08:37:22 | INFO: Extracting primitive: COL_tubi_hall_post.006
08:37:22 | INFO: Primitives created: 1
08:37:22 | INFO: Extracting primitive: COL_tubi_parapet.001
08:37:22 | INFO: Primitives created: 1
08:37:22 | INFO: Extracting primitive: COL_tubi_parapet.002
08:37:22 | INFO: Primitives created: 1
08:37:22 | INFO: Extracting primitive: COL_tubi_parapet.003
08:37:22 | INFO: Primitives created: 1
08:37:22 | INFO: Extracting primitive: COL_tubi_parapet.008
08:37:22 | INFO: Primitives created: 1
08:37:22 | INFO: Extracting primitive: COL_tubi_stair_guard.001
08:37:22 | INFO: Primitives created: 1
08:37:22 | INFO: Extracting primitive: COL_tubi_stair_guard.004
08:37:22 | INFO: Primitives created: 1
08:37:22 | INFO: Extracting primitive: COL_tubi_stair_ramp.002
08:37:22 | INFO: Primitives created: 1
08:37:22 | INFO: Extracting primitive: COL_tubi_terrace.002
08:37:22 | INFO: Primitives created: 1
08:37:22 | INFO: Extracting primitive: COL_tubi_topic_table.002
08:37:22 | INFO: Primitives created: 1
08:37:22 | INFO: Extracting primitive: COL_tubi_view_bench_left.001
08:37:22 | INFO: Primitives created: 1
08:37:22 | INFO: Extracting primitive: COL_tubi_view_bench_right.001
08:37:22 | INFO: Primitives created: 1
08:37:22 | INFO: Extracting primitive: HERO_tubi_title.002
08:37:22 | WARNING: More than one shader node tex image used for a texture. The resulting glTF sampler will behave like the first shader node tex image.
08:37:22 | INFO: Primitives created: 1
08:37:22 | INFO: Extracting primitive: SITE_tubi-tang_backstage.001
08:37:22 | INFO: Primitives created: 1
08:37:22 | INFO: Extracting primitive: KIT_pavilion_finial.007
08:37:22 | INFO: Primitives created: 1
08:37:22 | INFO: Extracting primitive: KIT_wall_amber_window.003
08:37:22 | INFO: Primitives created: 1
08:37:22 | INFO: Extracting primitive: TUBI_topic_line.001
08:37:22 | INFO: Primitives created: 1
08:37:22 | INFO: Extracting primitive: KIT_wall_lattice_vertical.063
08:37:22 | INFO: Primitives created: 1
08:37:22 | INFO: Extracting primitive: SITE_tubi-tang_platform.001
08:37:22 | INFO: Primitives created: 1
08:37:22 | INFO: Extracting primitive: KIT_props_lantern_hanging_render.012
08:37:22 | WARNING: More than one shader node tex image used for a texture. The resulting glTF sampler will behave like the first shader node tex image.
08:37:22 | INFO: Primitives created: 1
08:37:22 | INFO: Extracting primitive: KIT_pavilion_roof.007
08:37:22 | INFO: Primitives created: 1
08:37:22 | INFO: Extracting primitive: TUBI_terrace.002
08:37:22 | INFO: Primitives created: 1
08:37:22 | INFO: Extracting primitive: SITE_tubi-tang_front.001
08:37:22 | INFO: Primitives created: 1
08:37:22 | INFO: Finished glTF 2.0 export in 0.04079103469848633 s

08:37:25 | INFO: Starting glTF 2.0 export
08:37:25 | INFO: Extracting primitive: COL_daguan_central_step.003
08:37:25 | INFO: Primitives created: 1
08:37:25 | INFO: Extracting primitive: COL_daguan_central_step.004
08:37:25 | INFO: Primitives created: 1
08:37:25 | INFO: Extracting primitive: COL_daguan_central_step.005
08:37:25 | INFO: Primitives created: 1
08:37:25 | INFO: Extracting primitive: COL_daguan_closed_front.001
08:37:25 | INFO: Primitives created: 1
08:37:25 | INFO: Extracting primitive: COL_daguan_column.006
08:37:25 | INFO: Primitives created: 1
08:37:25 | INFO: Extracting primitive: COL_daguan_column.007
08:37:25 | INFO: Primitives created: 1
08:37:25 | INFO: Extracting primitive: COL_daguan_column.008
08:37:25 | INFO: Primitives created: 1
08:37:25 | INFO: Extracting primitive: COL_daguan_column.009
08:37:25 | INFO: Primitives created: 1
08:37:25 | INFO: Extracting primitive: COL_daguan_column.010
08:37:25 | INFO: Primitives created: 1
08:37:25 | INFO: Extracting primitive: COL_daguan_column.011
08:37:25 | INFO: Primitives created: 1
08:37:25 | INFO: Extracting primitive: COL_daguan_floor.001
08:37:25 | INFO: Primitives created: 1
08:37:25 | INFO: Extracting primitive: COL_daguan_return_wall.002
08:37:25 | INFO: Primitives created: 1
08:37:25 | INFO: Extracting primitive: COL_daguan_return_wall.003
08:37:25 | INFO: Primitives created: 1
08:37:25 | INFO: Extracting primitive: HERO_daguan_title.001
08:37:25 | WARNING: More than one shader node tex image used for a texture. The resulting glTF sampler will behave like the first shader node tex image.
08:37:25 | INFO: Primitives created: 1
08:37:25 | INFO: Extracting primitive: DAGUAN_backstage.001
08:37:25 | INFO: Primitives created: 1
08:37:25 | INFO: Extracting primitive: DAGUAN_door_stud.180
08:37:25 | INFO: Primitives created: 1
08:37:25 | INFO: Extracting primitive: DAGUAN_amber_transom.002
08:37:25 | INFO: Primitives created: 1
08:37:25 | INFO: Extracting primitive: DAGUAN_closed_door.010
08:37:25 | INFO: Primitives created: 1
08:37:25 | INFO: Extracting primitive: DAGUAN_recessed_panel.020
08:37:25 | INFO: Primitives created: 1
08:37:25 | INFO: Extracting primitive: DAGUAN_column.006
08:37:25 | INFO: Primitives created: 1
08:37:25 | INFO: Extracting primitive: DAGUAN_platform.001
08:37:25 | INFO: Primitives created: 1
08:37:25 | INFO: Extracting primitive: DAGUAN_lower_roof.001
08:37:25 | INFO: Primitives created: 1
08:37:25 | INFO: Extracting primitive: DAGUAN_front.001
08:37:25 | INFO: Primitives created: 1
08:37:25 | INFO: Finished glTF 2.0 export in 0.04758930206298828 s

08:37:26 | INFO: Starting glTF 2.0 export
08:37:26 | INFO: Extracting primitive: COL_ouxiang_approach.001
08:37:26 | INFO: Primitives created: 1
08:37:26 | INFO: Extracting primitive: COL_ouxiang_deck.001
08:37:26 | INFO: Primitives created: 1
08:37:26 | INFO: Extracting primitive: COL_ouxiang_post.004
08:37:26 | INFO: Primitives created: 1
08:37:26 | INFO: Extracting primitive: COL_ouxiang_post.005
08:37:26 | INFO: Primitives created: 1
08:37:26 | INFO: Extracting primitive: COL_ouxiang_post.006
08:37:26 | INFO: Primitives created: 1
08:37:26 | INFO: Extracting primitive: COL_ouxiang_post.007
08:37:26 | INFO: Primitives created: 1
08:37:26 | INFO: Extracting primitive: COL_ouxiang_rail.002
08:37:26 | INFO: Primitives created: 1
08:37:26 | INFO: Extracting primitive: COL_ouxiang_rail.003
08:37:26 | INFO: Primitives created: 1
08:37:26 | INFO: Extracting primitive: COL_ouxiang_side_rail.004
08:37:26 | INFO: Primitives created: 1
08:37:26 | INFO: Extracting primitive: COL_ouxiang_side_rail.005
08:37:26 | INFO: Primitives created: 1
08:37:26 | INFO: Extracting primitive: COL_ouxiang_side_rail.006
08:37:26 | INFO: Primitives created: 1
08:37:26 | INFO: Extracting primitive: COL_ouxiang_side_rail.007
08:37:26 | INFO: Primitives created: 1
08:37:26 | INFO: Extracting primitive: COL_ouxiang_table.001
08:37:26 | INFO: Primitives created: 1
08:37:26 | INFO: Extracting primitive: KIT_props_tea_cup.006
08:37:26 | INFO: Primitives created: 1
08:37:26 | INFO: Extracting primitive: KIT_water_lotus_leaf.007
08:37:26 | INFO: Primitives created: 1
08:37:26 | INFO: Extracting primitive: SITE_ouxiang_deck.001
08:37:26 | INFO: Primitives created: 1
08:37:26 | INFO: Extracting primitive: KIT_pavilion_water_pier.004
08:37:26 | INFO: Primitives created: 1
08:37:26 | INFO: Extracting primitive: KIT_props_lantern_hanging_render.013
08:37:26 | WARNING: More than one shader node tex image used for a texture. The resulting glTF sampler will behave like the first shader node tex image.
08:37:26 | INFO: Primitives created: 1
08:37:26 | INFO: Extracting primitive: KIT_pavilion_water_hipped_roof.001
08:37:26 | INFO: Primitives created: 1
08:37:26 | INFO: Finished glTF 2.0 export in 0.049958229064941406 s

08:37:27 | INFO: Starting glTF 2.0 export
08:37:27 | INFO: Extracting primitive: COL_hengwu-yuan_floor.001
08:37:27 | INFO: Primitives created: 1
08:37:27 | INFO: Extracting primitive: COL_hengwu_closed_hall.002
08:37:27 | INFO: Primitives created: 1
08:37:27 | INFO: Extracting primitive: COL_hengwu_court.002
08:37:27 | INFO: Primitives created: 1
08:37:27 | INFO: Extracting primitive: COL_hengwu_hall_post.001
08:37:27 | INFO: Primitives created: 1
08:37:27 | INFO: Extracting primitive: COL_hengwu_hall_post.002
08:37:27 | INFO: Primitives created: 1
08:37:27 | INFO: Extracting primitive: COL_hengwu_hall_post.006
08:37:27 | INFO: Primitives created: 1
08:37:27 | INFO: Extracting primitive: COL_wall_bay.001
08:37:27 | INFO: Primitives created: 1
08:37:27 | INFO: Extracting primitive: COL_wall_bay.002
08:37:27 | INFO: Primitives created: 1
08:37:27 | INFO: Extracting primitive: COL_wall_bay.003
08:37:27 | INFO: Primitives created: 1
08:37:27 | INFO: Extracting primitive: COL_wall_bay.004
08:37:27 | INFO: Primitives created: 1
08:37:27 | INFO: Extracting primitive: COL_wall_bay.005
08:37:27 | INFO: Primitives created: 1
08:37:27 | INFO: Extracting primitive: COL_wall_bay.006
08:37:27 | INFO: Primitives created: 1
08:37:27 | INFO: Extracting primitive: KIT_wall_plaster.002
08:37:27 | INFO: Primitives created: 1
08:37:27 | INFO: Extracting primitive: COL_wall_window.001
08:37:27 | INFO: Primitives created: 1
08:37:27 | INFO: Extracting primitive: COL_wall_window.002
08:37:27 | INFO: Primitives created: 1
08:37:27 | INFO: Extracting primitive: COL_hengwu_rock.001
08:37:27 | INFO: Primitives created: 1
08:37:27 | INFO: Extracting primitive: COL_hengwu_rock.002
08:37:27 | INFO: Primitives created: 1
08:37:27 | INFO: Extracting primitive: COL_hengwu_rock.006
08:37:27 | INFO: Primitives created: 1
08:37:27 | INFO: Extracting primitive: COL_hengwu_stool.001
08:37:27 | INFO: Primitives created: 1
08:37:27 | INFO: Extracting primitive: COL_hengwu_stool.002
08:37:27 | INFO: Primitives created: 1
08:37:27 | INFO: Extracting primitive: COL_hengwu_stool.003
08:37:27 | INFO: Primitives created: 1
08:37:27 | INFO: Extracting primitive: COL_hengwu_stool.008
08:37:27 | INFO: Primitives created: 1
08:37:27 | INFO: Extracting primitive: COL_hengwu_table.002
08:37:27 | INFO: Primitives created: 1
08:37:27 | INFO: Extracting primitive: HERO_hengwu-yuan_title.002
08:37:27 | WARNING: More than one shader node tex image used for a texture. The resulting glTF sampler will behave like the first shader node tex image.
08:37:27 | INFO: Primitives created: 1
08:37:27 | INFO: Extracting primitive: SITE_hengwu-yuan_backstage.001
08:37:27 | INFO: Primitives created: 1
08:37:27 | INFO: Extracting primitive: KIT_pavilion_finial.011
08:37:27 | INFO: Primitives created: 1
08:37:27 | INFO: Extracting primitive: KIT_wall_amber_window.006
08:37:27 | INFO: Primitives created: 1
08:37:27 | INFO: Extracting primitive: HENGWU_herb_leaf.001
08:37:27 | INFO: Primitives created: 1
08:37:27 | INFO: Extracting primitive: KIT_wall_lattice_vertical.105
08:37:27 | INFO: Primitives created: 1
08:37:27 | INFO: Extracting primitive: SITE_hengwu-yuan_platform.001
08:37:27 | INFO: Primitives created: 1
08:37:27 | INFO: Extracting primitive: KIT_props_lantern_hanging_render.015
08:37:27 | WARNING: More than one shader node tex image used for a texture. The resulting glTF sampler will behave like the first shader node tex image.
08:37:27 | INFO: Primitives created: 1
08:37:28 | INFO: Extracting primitive: KIT_pavilion_roof.011
08:37:28 | INFO: Primitives created: 1
08:37:28 | INFO: Extracting primitive: KIT_wall_bay.001
08:37:28 | WARNING: More than one shader node tex image used for a texture. The resulting glTF sampler will behave like the first shader node tex image.
08:37:28 | INFO: Primitives created: 1
08:37:28 | INFO: Extracting primitive: SITE_hengwu-yuan_front.001
08:37:28 | INFO: Primitives created: 1
08:37:28 | INFO: Finished glTF 2.0 export in 0.12827801704406738 s

08:37:28 | INFO: Starting glTF 2.0 export
08:37:28 | INFO: Extracting primitive: COL_yihong_closed_front.002
08:37:28 | INFO: Primitives created: 1
08:37:28 | INFO: Extracting primitive: COL_yihong_court_side.001
08:37:28 | INFO: Primitives created: 1
08:37:28 | INFO: Extracting primitive: COL_yihong_court_side.004
08:37:28 | INFO: Primitives created: 1
08:37:28 | INFO: Extracting primitive: COL_yihong_floor.002
08:37:28 | INFO: Primitives created: 1
08:37:28 | INFO: Extracting primitive: COL_yihong_planter.001
08:37:28 | INFO: Primitives created: 1
08:37:28 | INFO: Extracting primitive: COL_yihong_planter.004
08:37:28 | INFO: Primitives created: 1
08:37:28 | INFO: Extracting primitive: COL_yihong_side_return.001
08:37:28 | INFO: Primitives created: 1
08:37:28 | INFO: Extracting primitive: COL_yihong_side_return.004
08:37:28 | INFO: Primitives created: 1
08:37:28 | INFO: Extracting primitive: COL_yihong_threshold.002
08:37:28 | INFO: Primitives created: 1
08:37:28 | INFO: Extracting primitive: KIT_flora_banana_render.001
08:37:28 | WARNING: More than one shader node tex image used for a texture. The resulting glTF sampler will behave like the first shader node tex image.
08:37:28 | INFO: Primitives created: 1
08:37:28 | INFO: Extracting primitive: KIT_flora_banana_render.002
08:37:28 | INFO: Primitives created: 1
08:37:28 | INFO: Extracting primitive: HERO_yihong-yuan_title.002
08:37:28 | WARNING: More than one shader node tex image used for a texture. The resulting glTF sampler will behave like the first shader node tex image.
08:37:28 | INFO: Primitives created: 1
08:37:28 | INFO: Extracting primitive: YIHONG_backstage.002
08:37:28 | INFO: Primitives created: 1
08:37:28 | INFO: Extracting primitive: YIHONG_door_rail.001
08:37:28 | INFO: Primitives created: 1
08:37:28 | INFO: Extracting primitive: YIHONG_amber_window.002
08:37:28 | INFO: Primitives created: 1
08:37:28 | INFO: Extracting primitive: YIHONG_door_panel.001
08:37:28 | INFO: Primitives created: 1
08:37:28 | INFO: Extracting primitive: YIHONG_paving.002
08:37:28 | INFO: Primitives created: 1
08:37:28 | INFO: Extracting primitive: YIHONG_court_cap.001
08:37:28 | INFO: Primitives created: 1
08:37:28 | INFO: Extracting primitive: YIHONG_closed_front.002
08:37:28 | INFO: Primitives created: 1
08:37:28 | INFO: Finished glTF 2.0 export in 0.030556917190551758 s

08:37:28 | INFO: Starting glTF 2.0 export
08:37:28 | INFO: Extracting primitive: COL_xiaoxiang_bamboo_bed.004
08:37:28 | INFO: Primitives created: 1
08:37:28 | INFO: Extracting primitive: COL_xiaoxiang_bamboo_bed.005
08:37:28 | INFO: Primitives created: 1
08:37:28 | INFO: Extracting primitive: COL_xiaoxiang_bamboo_bed.006
08:37:28 | INFO: Primitives created: 1
08:37:28 | INFO: Extracting primitive: COL_xiaoxiang_bamboo_bed.007
08:37:28 | INFO: Primitives created: 1
08:37:28 | INFO: Extracting primitive: COL_xiaoxiang_closed_front.001
08:37:28 | INFO: Primitives created: 1
08:37:28 | INFO: Extracting primitive: COL_xiaoxiang_floor.001
08:37:28 | INFO: Primitives created: 1
08:37:28 | INFO: Extracting primitive: COL_xiaoxiang_return.002
08:37:28 | INFO: Primitives created: 1
08:37:28 | INFO: Extracting primitive: COL_xiaoxiang_return.003
08:37:28 | INFO: Primitives created: 1
08:37:28 | INFO: Extracting primitive: COL_xiaoxiang_threshold.001
08:37:28 | INFO: Primitives created: 1
08:37:28 | INFO: Extracting primitive: KIT_flora_bamboo_large_render.003
08:37:28 | WARNING: More than one shader node tex image used for a texture. The resulting glTF sampler will behave like the first shader node tex image.
08:37:28 | INFO: Primitives created: 1
08:37:28 | INFO: Extracting primitive: KIT_flora_bamboo_medium_render.001
08:37:28 | INFO: Primitives created: 1
08:37:28 | INFO: Extracting primitive: KIT_flora_bamboo_small_render.002
08:37:28 | INFO: Primitives created: 1
08:37:28 | INFO: Extracting primitive: KIT_flora_bamboo_large_render.004
08:37:28 | INFO: Primitives created: 1
08:37:28 | INFO: Extracting primitive: HERO_xiaoxiang-guan_title.002
08:37:28 | WARNING: More than one shader node tex image used for a texture. The resulting glTF sampler will behave like the first shader node tex image.
08:37:28 | INFO: Primitives created: 1
08:37:28 | INFO: Extracting primitive: XIAOXIANG_black_back.001
08:37:28 | INFO: Primitives created: 1
08:37:28 | INFO: Extracting primitive: XIAOXIANG_gate_pull.002
08:37:28 | INFO: Primitives created: 1
08:37:28 | INFO: Extracting primitive: XIAOXIANG_amber_window.001
08:37:28 | INFO: Primitives created: 1
08:37:28 | INFO: Extracting primitive: XIAOXIANG_gate_leaf.002
08:37:28 | INFO: Primitives created: 1
08:37:28 | INFO: Extracting primitive: XIAOXIANG_paving.001
08:37:28 | INFO: Primitives created: 1
08:37:28 | INFO: Extracting primitive: XIAOXIANG_wall_cap.001
08:37:28 | INFO: Primitives created: 1
08:37:28 | INFO: Extracting primitive: XIAOXIANG_closed_front.001
08:37:28 | INFO: Primitives created: 1
08:37:28 | INFO: Finished glTF 2.0 export in 0.033885955810546875 s

08:37:29 | INFO: Starting glTF 2.0 export
08:37:29 | INFO: Extracting primitive: COL_longcui_burner.001
08:37:29 | INFO: Primitives created: 1
08:37:29 | INFO: Extracting primitive: COL_longcui_closed_front.001
08:37:29 | INFO: Primitives created: 1
08:37:29 | INFO: Extracting primitive: COL_longcui_floor.001
08:37:29 | INFO: Primitives created: 1
08:37:29 | INFO: Extracting primitive: COL_longcui_plum_trunk.002
08:37:29 | INFO: Primitives created: 1
08:37:29 | INFO: Extracting primitive: COL_longcui_plum_trunk.003
08:37:29 | INFO: Primitives created: 1
08:37:29 | INFO: Extracting primitive: COL_longcui_return.002
08:37:29 | INFO: Primitives created: 1
08:37:29 | INFO: Extracting primitive: COL_longcui_return.003
08:37:29 | INFO: Primitives created: 1
08:37:29 | INFO: Extracting primitive: COL_longcui_threshold.001
08:37:29 | INFO: Primitives created: 1
08:37:29 | INFO: Extracting primitive: KIT_flora_plum_render.001
08:37:29 | WARNING: More than one shader node tex image used for a texture. The resulting glTF sampler will behave like the first shader node tex image.
08:37:29 | INFO: Primitives created: 1
08:37:29 | INFO: Extracting primitive: KIT_flora_plum_render.002
08:37:29 | INFO: Primitives created: 1
08:37:29 | INFO: Extracting primitive: HERO_longcui-an_title.002
08:37:29 | WARNING: More than one shader node tex image used for a texture. The resulting glTF sampler will behave like the first shader node tex image.
08:37:29 | INFO: Primitives created: 1
08:37:29 | INFO: Extracting primitive: LONGCUI_backstage.001
08:37:29 | INFO: Primitives created: 1
08:37:29 | INFO: Extracting primitive: LONGCUI_gate_pull.002
08:37:29 | INFO: Primitives created: 1
08:37:29 | INFO: Extracting primitive: LONGCUI_closed_gate.002
08:37:29 | INFO: Primitives created: 1
08:37:29 | INFO: Extracting primitive: LONGCUI_paving.001
08:37:29 | INFO: Primitives created: 1
08:37:29 | INFO: Extracting primitive: KIT_props_lantern_hanging_render.016
08:37:29 | WARNING: More than one shader node tex image used for a texture. The resulting glTF sampler will behave like the first shader node tex image.
08:37:29 | INFO: Primitives created: 1
08:37:29 | INFO: Extracting primitive: LONGCUI_wall_cap.001
08:37:29 | INFO: Primitives created: 1
08:37:29 | INFO: Extracting primitive: LONGCUI_closed_front.001
08:37:29 | INFO: Primitives created: 1
08:37:29 | INFO: Finished glTF 2.0 export in 0.031116008758544922 s

08:37:29 | INFO: Starting glTF 2.0 export
08:37:29 | INFO: Extracting primitive: COL_aojing_closed_front.002
08:37:29 | INFO: Primitives created: 1
08:37:29 | INFO: Extracting primitive: COL_aojing_dry_ledge.002
08:37:29 | INFO: Primitives created: 1
08:37:29 | INFO: Extracting primitive: COL_aojing_hall_floor.002
08:37:29 | INFO: Primitives created: 1
08:37:29 | INFO: Extracting primitive: COL_aojing_ledge_end.002
08:37:29 | INFO: Primitives created: 1
08:37:29 | INFO: Extracting primitive: COL_aojing_ledge_parapet.002
08:37:29 | INFO: Primitives created: 1
08:37:29 | INFO: Extracting primitive: COL_aojing_return.001
08:37:29 | INFO: Primitives created: 1
08:37:29 | INFO: Extracting primitive: COL_aojing_return.004
08:37:29 | INFO: Primitives created: 1
08:37:29 | INFO: Extracting primitive: HERO_aojing-guan_title.002
08:37:29 | WARNING: More than one shader node tex image used for a texture. The resulting glTF sampler will behave like the first shader node tex image.
08:37:29 | INFO: Primitives created: 1
08:37:29 | INFO: Extracting primitive: AOJING_pond.002
08:37:29 | INFO: Primitives created: 1
08:37:29 | INFO: Extracting primitive: AOJING_backstage.002
08:37:29 | INFO: Primitives created: 1
08:37:29 | INFO: Extracting primitive: AOJING_amber_window.002
08:37:29 | INFO: Primitives created: 1
08:37:29 | INFO: Extracting primitive: AOJING_window_lattice.001
08:37:29 | INFO: Primitives created: 1
08:37:29 | INFO: Extracting primitive: AOJING_dry_ledge.002
08:37:29 | INFO: Primitives created: 1
08:37:29 | INFO: Extracting primitive: AOJING_roof.002
08:37:29 | INFO: Primitives created: 1
08:37:29 | INFO: Extracting primitive: AOJING_closed_front.002
08:37:29 | INFO: Primitives created: 1
08:37:29 | INFO: Finished glTF 2.0 export in 0.026968955993652344 s

08:37:30 | INFO: Starting glTF 2.0 export
08:37:30 | INFO: Extracting primitive: COL_daoxiang_closed_front.001
08:37:30 | INFO: Primitives created: 1
08:37:30 | INFO: Extracting primitive: COL_daoxiang_court.001
08:37:30 | INFO: Primitives created: 1
08:37:30 | INFO: Extracting primitive: COL_daoxiang_fence.004
08:37:30 | INFO: Primitives created: 1
08:37:30 | INFO: Extracting primitive: COL_daoxiang_fence.005
08:37:30 | INFO: Primitives created: 1
08:37:30 | INFO: Extracting primitive: COL_daoxiang_fence.006
08:37:30 | INFO: Primitives created: 1
08:37:30 | INFO: Extracting primitive: COL_daoxiang_fence.007
08:37:30 | INFO: Primitives created: 1
08:37:30 | INFO: Extracting primitive: COL_daoxiang_side.002
08:37:30 | INFO: Primitives created: 1
08:37:30 | INFO: Extracting primitive: COL_daoxiang_side.003
08:37:30 | INFO: Primitives created: 1
08:37:30 | INFO: Extracting primitive: HERO_daoxiang-cun_title.002
08:37:30 | WARNING: More than one shader node tex image used for a texture. The resulting glTF sampler will behave like the first shader node tex image.
08:37:30 | INFO: Primitives created: 1
08:37:30 | INFO: Extracting primitive: DAOXIANG_backstage.001
08:37:30 | INFO: Primitives created: 1
08:37:30 | INFO: Extracting primitive: DAOXIANG_door_latch.001
08:37:30 | INFO: Primitives created: 1
08:37:30 | INFO: Extracting primitive: DAOXIANG_warm_sliver.001
08:37:30 | INFO: Primitives created: 1
08:37:30 | INFO: Extracting primitive: DAOXIANG_closed_door.001
08:37:30 | INFO: Primitives created: 1
08:37:30 | INFO: Extracting primitive: DAOXIANG_paddy_painting.001
08:37:30 | INFO: Primitives created: 1
08:37:30 | INFO: Extracting primitive: DAOXIANG_court.001
08:37:30 | INFO: Primitives created: 1
08:37:30 | INFO: Extracting primitive: DAOXIANG_thatch_mass.001
08:37:30 | INFO: Primitives created: 1
08:37:30 | INFO: Extracting primitive: DAOXIANG_front.001
08:37:30 | INFO: Primitives created: 1
08:37:30 | INFO: Finished glTF 2.0 export in 0.038822174072265625 s

08:37:31 | INFO: Starting glTF 2.0 export
08:37:31 | INFO: Extracting primitive: COL_water_bridge_side.001
08:37:31 | INFO: Primitives created: 1
08:37:31 | INFO: Extracting primitive: COL_water_bridge_side.004
08:37:31 | INFO: Primitives created: 1
08:37:31 | INFO: Extracting primitive: COL_water_bridge_deck.002
08:37:31 | INFO: Primitives created: 1
08:37:31 | INFO: Extracting primitive: COL_ziling_landing.001
08:37:31 | INFO: Primitives created: 1
08:37:31 | INFO: Extracting primitive: KIT_flora_reed_render.001
08:37:31 | WARNING: More than one shader node tex image used for a texture. The resulting glTF sampler will behave like the first shader node tex image.
08:37:31 | INFO: Primitives created: 1
08:37:31 | INFO: Extracting primitive: KIT_flora_reed_render.002
08:37:31 | INFO: Primitives created: 1
08:37:31 | INFO: Extracting primitive: KIT_flora_reed_render.003
08:37:31 | INFO: Primitives created: 1
08:37:31 | INFO: Extracting primitive: KIT_flora_reed_render.004
08:37:31 | INFO: Primitives created: 1
08:37:31 | INFO: Extracting primitive: KIT_flora_reed_render.005
08:37:31 | INFO: Primitives created: 1
08:37:31 | INFO: Extracting primitive: KIT_flora_reed_render.006
08:37:31 | INFO: Primitives created: 1
08:37:31 | INFO: Extracting primitive: KIT_flora_reed_render.007
08:37:31 | INFO: Primitives created: 1
08:37:31 | INFO: Extracting primitive: KIT_flora_reed_render.008
08:37:31 | INFO: Primitives created: 1
08:37:31 | INFO: Extracting primitive: KIT_flora_reed_render.009
08:37:31 | INFO: Primitives created: 1
08:37:31 | INFO: Extracting primitive: KIT_flora_reed_render.010
08:37:31 | INFO: Primitives created: 1
08:37:31 | INFO: Extracting primitive: KIT_water_lotus_leaf.011
08:37:31 | INFO: Primitives created: 1
08:37:31 | INFO: Extracting primitive: KIT_water_plank.002
08:37:31 | WARNING: More than one shader node tex image used for a texture. The resulting glTF sampler will behave like the first shader node tex image.
08:37:31 | INFO: Primitives created: 1
08:37:31 | INFO: Extracting primitive: SITE_ziling_island.001
08:37:31 | INFO: Primitives created: 1
08:37:31 | INFO: Finished glTF 2.0 export in 0.0354151725769043 s

08:37:31 | INFO: Starting glTF 2.0 export
08:37:31 | INFO: Extracting primitive: COL_aojing_approach.001
08:37:31 | INFO: Primitives created: 1
08:37:31 | INFO: Extracting primitive: COL_aojing_approach.004
08:37:31 | INFO: Primitives created: 1
08:37:31 | INFO: Extracting primitive: COL_aojing_approach_guard.001
08:37:31 | INFO: Primitives created: 1
08:37:31 | INFO: Extracting primitive: COL_aojing_approach_guard.004
08:37:31 | INFO: Primitives created: 1
08:37:31 | INFO: Extracting primitive: COL_aojing_approach_ramp.002
08:37:31 | INFO: Primitives created: 1
08:37:31 | INFO: Extracting primitive: COL_aojing_closed_front.002
08:37:31 | INFO: Primitives created: 1
08:37:31 | INFO: Extracting primitive: COL_aojing_dry_ledge.002
08:37:31 | INFO: Primitives created: 1
08:37:31 | INFO: Extracting primitive: COL_aojing_hall_floor.002
08:37:31 | INFO: Primitives created: 1
08:37:31 | INFO: Extracting primitive: COL_aojing_ledge_end.002
08:37:31 | INFO: Primitives created: 1
08:37:31 | INFO: Extracting primitive: COL_aojing_ledge_parapet.002
08:37:31 | INFO: Primitives created: 1
08:37:31 | INFO: Extracting primitive: COL_aojing_return.001
08:37:31 | INFO: Primitives created: 1
08:37:31 | INFO: Extracting primitive: COL_aojing_return.004
08:37:31 | INFO: Primitives created: 1
08:37:31 | INFO: Extracting primitive: Cube.147
08:37:31 | INFO: Primitives created: 1
08:37:31 | INFO: Extracting primitive: Cube.148
08:37:31 | INFO: Primitives created: 1
08:37:31 | INFO: Extracting primitive: Cube.149
08:37:31 | INFO: Primitives created: 1
08:37:31 | INFO: Extracting primitive: Cube.150
08:37:31 | INFO: Primitives created: 1
08:37:31 | INFO: Extracting primitive: COL_bridge_crosswalk.002
08:37:31 | INFO: Primitives created: 1
08:37:31 | INFO: Extracting primitive: COL_bridge_crosswalk.003
08:37:31 | INFO: Primitives created: 1
08:37:31 | INFO: Extracting primitive: COL_cell_floor.006
08:37:31 | INFO: Primitives created: 1
08:37:31 | INFO: Extracting primitive: COL_cell_floor.007
08:37:31 | INFO: Primitives created: 1
08:37:31 | INFO: Extracting primitive: COL_cell_floor.008
08:37:31 | INFO: Primitives created: 1
08:37:31 | INFO: Extracting primitive: COL_cell_floor.009
08:37:31 | INFO: Primitives created: 1
08:37:31 | INFO: Extracting primitive: COL_cell_floor.010
08:37:31 | INFO: Primitives created: 1
08:37:31 | INFO: Extracting primitive: COL_cell_floor.011
08:37:31 | INFO: Primitives created: 1
08:37:31 | INFO: Extracting primitive: COL_cell_wall.012
08:37:31 | INFO: Primitives created: 1
08:37:31 | INFO: Extracting primitive: COL_cell_wall.013
08:37:31 | INFO: Primitives created: 1
08:37:31 | INFO: Extracting primitive: COL_cell_wall.014
08:37:31 | INFO: Primitives created: 1
08:37:31 | INFO: Extracting primitive: COL_cell_wall.015
08:37:31 | INFO: Primitives created: 1
08:37:31 | INFO: Extracting primitive: COL_cell_wall.016
08:37:31 | INFO: Primitives created: 1
08:37:31 | INFO: Extracting primitive: COL_cell_wall.017
08:37:31 | INFO: Primitives created: 1
08:37:31 | INFO: Extracting primitive: COL_cell_wall.018
08:37:31 | INFO: Primitives created: 1
08:37:31 | INFO: Extracting primitive: COL_cell_wall.019
08:37:31 | INFO: Primitives created: 1
08:37:31 | INFO: Extracting primitive: COL_cell_wall.020
08:37:31 | INFO: Primitives created: 1
08:37:31 | INFO: Extracting primitive: COL_cell_wall.021
08:37:31 | INFO: Primitives created: 1
08:37:31 | INFO: Extracting primitive: COL_cell_wall.022
08:37:31 | INFO: Primitives created: 1
08:37:31 | INFO: Extracting primitive: COL_cell_wall.023
08:37:31 | INFO: Primitives created: 1
08:37:31 | INFO: Extracting primitive: COL_daguan_central_step.003
08:37:31 | INFO: Primitives created: 1
08:37:31 | INFO: Extracting primitive: COL_daguan_central_step.004
08:37:31 | INFO: Primitives created: 1
08:37:31 | INFO: Extracting primitive: COL_daguan_central_step.005
08:37:31 | INFO: Primitives created: 1
08:37:31 | INFO: Extracting primitive: COL_daguan_closed_front.001
08:37:31 | INFO: Primitives created: 1
08:37:31 | INFO: Extracting primitive: COL_daguan_column.006
08:37:31 | INFO: Primitives created: 1
08:37:31 | INFO: Extracting primitive: COL_daguan_column.007
08:37:31 | INFO: Primitives created: 1
08:37:31 | INFO: Extracting primitive: COL_daguan_column.008
08:37:31 | INFO: Primitives created: 1
08:37:31 | INFO: Extracting primitive: COL_daguan_column.009
08:37:31 | INFO: Primitives created: 1
08:37:31 | INFO: Extracting primitive: COL_daguan_column.010
08:37:31 | INFO: Primitives created: 1
08:37:31 | INFO: Extracting primitive: COL_daguan_column.011
08:37:31 | INFO: Primitives created: 1
08:37:31 | INFO: Extracting primitive: COL_daguan_floor.001
08:37:31 | INFO: Primitives created: 1
08:37:31 | INFO: Extracting primitive: COL_daguan_return_wall.002
08:37:31 | INFO: Primitives created: 1
08:37:31 | INFO: Extracting primitive: COL_daguan_return_wall.003
08:37:31 | INFO: Primitives created: 1
08:37:31 | INFO: Extracting primitive: COL_daoxiang_approach.002
08:37:31 | INFO: Primitives created: 1
08:37:31 | INFO: Extracting primitive: COL_daoxiang_approach.003
08:37:31 | INFO: Primitives created: 1
08:37:31 | INFO: Extracting primitive: COL_daoxiang_closed_front.001
08:37:31 | INFO: Primitives created: 1
08:37:31 | INFO: Extracting primitive: COL_daoxiang_court.001
08:37:31 | INFO: Primitives created: 1
08:37:31 | INFO: Extracting primitive: COL_daoxiang_fence.004
08:37:31 | INFO: Primitives created: 1
08:37:31 | INFO: Extracting primitive: COL_daoxiang_fence.005
08:37:31 | INFO: Primitives created: 1
08:37:31 | INFO: Extracting primitive: COL_daoxiang_fence.006
08:37:31 | INFO: Primitives created: 1
08:37:31 | INFO: Extracting primitive: COL_daoxiang_fence.007
08:37:31 | INFO: Primitives created: 1
08:37:31 | INFO: Extracting primitive: COL_daoxiang_side.002
08:37:31 | INFO: Primitives created: 1
08:37:31 | INFO: Extracting primitive: COL_daoxiang_side.003
08:37:31 | INFO: Primitives created: 1
08:37:31 | INFO: Extracting primitive: COL_entry_corridor.001
08:37:31 | INFO: Primitives created: 1
08:37:31 | INFO: Extracting primitive: COL_entry_walk.002
08:37:31 | INFO: Primitives created: 1
08:37:31 | INFO: Extracting primitive: COL_entry_walk.003
08:37:31 | INFO: Primitives created: 1
08:37:31 | INFO: Extracting primitive: Cube.146
08:37:31 | INFO: Primitives created: 1
08:37:31 | INFO: Extracting primitive: Cube.145
08:37:31 | INFO: Primitives created: 1
08:37:31 | INFO: Extracting primitive: COL_GATE_banana_planter.001
08:37:31 | INFO: Primitives created: 1
08:37:31 | INFO: Extracting primitive: KIT_rockery_passage.022
08:37:31 | INFO: Primitives created: 1
08:37:31 | INFO: Extracting primitive: KIT_rockery_passage.024
08:37:31 | INFO: Primitives created: 1
08:37:31 | INFO: Extracting primitive: KIT_rockery_cliff.006
08:37:31 | INFO: Primitives created: 1
08:37:31 | INFO: Extracting primitive: KIT_rockery_cliff.008
08:37:31 | INFO: Primitives created: 1
08:37:31 | INFO: Extracting primitive: KIT_rockery_passage.004
08:37:31 | INFO: Primitives created: 1
08:37:31 | INFO: Extracting primitive: KIT_rockery_passage.016
08:37:31 | INFO: Primitives created: 1
08:37:31 | INFO: Extracting primitive: KIT_rockery_passage.018
08:37:31 | INFO: Primitives created: 1
08:37:31 | INFO: Extracting primitive: KIT_rockery_passage.020
08:37:31 | INFO: Primitives created: 1
08:37:31 | INFO: Extracting primitive: GATE_paving.003
08:37:31 | INFO: Primitives created: 1
08:37:31 | INFO: Extracting primitive: COL_hengwu-yuan_floor.001
08:37:31 | INFO: Primitives created: 1
08:37:31 | INFO: Extracting primitive: COL_hengwu_approach.002
08:37:31 | INFO: Primitives created: 1
08:37:31 | INFO: Extracting primitive: COL_hengwu_approach.003
08:37:31 | INFO: Primitives created: 1
08:37:31 | INFO: Extracting primitive: COL_hengwu_closed_hall.002
08:37:31 | INFO: Primitives created: 1
08:37:31 | INFO: Extracting primitive: COL_hengwu_court.002
08:37:31 | INFO: Primitives created: 1
08:37:31 | INFO: Extracting primitive: COL_hengwu_hall_post.001
08:37:31 | INFO: Primitives created: 1
08:37:31 | INFO: Extracting primitive: COL_hengwu_hall_post.002
08:37:31 | INFO: Primitives created: 1
08:37:31 | INFO: Extracting primitive: COL_hengwu_hall_post.006
08:37:31 | INFO: Primitives created: 1
08:37:31 | INFO: Extracting primitive: COL_wall_bay.001
08:37:31 | INFO: Primitives created: 1
08:37:31 | INFO: Extracting primitive: COL_wall_bay.002
08:37:31 | INFO: Primitives created: 1
08:37:31 | INFO: Extracting primitive: COL_wall_bay.003
08:37:31 | INFO: Primitives created: 1
08:37:31 | INFO: Extracting primitive: COL_wall_bay.004
08:37:31 | INFO: Primitives created: 1
08:37:31 | INFO: Extracting primitive: COL_wall_bay.005
08:37:31 | INFO: Primitives created: 1
08:37:31 | INFO: Extracting primitive: COL_wall_bay.006
08:37:31 | INFO: Primitives created: 1
08:37:31 | INFO: Extracting primitive: KIT_wall_plaster.002
08:37:31 | INFO: Primitives created: 1
08:37:31 | INFO: Extracting primitive: COL_wall_window.001
08:37:31 | INFO: Primitives created: 1
08:37:31 | INFO: Extracting primitive: COL_wall_window.002
08:37:31 | INFO: Primitives created: 1
08:37:31 | INFO: Extracting primitive: COL_hengwu_rock.001
08:37:31 | INFO: Primitives created: 1
08:37:31 | INFO: Extracting primitive: COL_hengwu_rock.002
08:37:31 | INFO: Primitives created: 1
08:37:31 | INFO: Extracting primitive: COL_hengwu_rock.006
08:37:31 | INFO: Primitives created: 1
08:37:31 | INFO: Extracting primitive: COL_hengwu_stool.001
08:37:31 | INFO: Primitives created: 1
08:37:31 | INFO: Extracting primitive: COL_hengwu_stool.002
08:37:31 | INFO: Primitives created: 1
08:37:31 | INFO: Extracting primitive: COL_hengwu_stool.003
08:37:31 | INFO: Primitives created: 1
08:37:31 | INFO: Extracting primitive: COL_hengwu_stool.008
08:37:31 | INFO: Primitives created: 1
08:37:31 | INFO: Extracting primitive: COL_hengwu_table.002
08:37:31 | INFO: Primitives created: 1
08:37:31 | INFO: Extracting primitive: COL_longcui_approach.003
08:37:31 | INFO: Primitives created: 1
08:37:31 | INFO: Extracting primitive: COL_longcui_approach.004
08:37:31 | INFO: Primitives created: 1
08:37:31 | INFO: Extracting primitive: COL_longcui_approach.005
08:37:31 | INFO: Primitives created: 1
08:37:31 | INFO: Extracting primitive: COL_longcui_burner.001
08:37:31 | INFO: Primitives created: 1
08:37:31 | INFO: Extracting primitive: COL_longcui_closed_front.001
08:37:31 | INFO: Primitives created: 1
08:37:31 | INFO: Extracting primitive: COL_longcui_floor.001
08:37:31 | INFO: Primitives created: 1
08:37:31 | INFO: Extracting primitive: COL_longcui_plum_trunk.002
08:37:31 | INFO: Primitives created: 1
08:37:31 | INFO: Extracting primitive: COL_longcui_plum_trunk.003
08:37:31 | INFO: Primitives created: 1
08:37:31 | INFO: Extracting primitive: COL_longcui_return.002
08:37:31 | INFO: Primitives created: 1
08:37:31 | INFO: Extracting primitive: COL_longcui_return.003
08:37:31 | INFO: Primitives created: 1
08:37:31 | INFO: Extracting primitive: COL_longcui_threshold.001
08:37:31 | INFO: Primitives created: 1
08:37:31 | INFO: Extracting primitive: COL_ouxiang_approach.001
08:37:31 | INFO: Primitives created: 1
08:37:31 | INFO: Extracting primitive: COL_ouxiang_deck.001
08:37:31 | INFO: Primitives created: 1
08:37:31 | INFO: Extracting primitive: COL_ouxiang_post.004
08:37:31 | INFO: Primitives created: 1
08:37:31 | INFO: Extracting primitive: COL_ouxiang_post.005
08:37:31 | INFO: Primitives created: 1
08:37:31 | INFO: Extracting primitive: COL_ouxiang_post.006
08:37:31 | INFO: Primitives created: 1
08:37:31 | INFO: Extracting primitive: COL_ouxiang_post.007
08:37:31 | INFO: Primitives created: 1
08:37:31 | INFO: Extracting primitive: COL_ouxiang_rail.002
08:37:31 | INFO: Primitives created: 1
08:37:31 | INFO: Extracting primitive: COL_ouxiang_rail.003
08:37:31 | INFO: Primitives created: 1
08:37:31 | INFO: Extracting primitive: COL_ouxiang_side_rail.004
08:37:31 | INFO: Primitives created: 1
08:37:31 | INFO: Extracting primitive: COL_ouxiang_side_rail.005
08:37:31 | INFO: Primitives created: 1
08:37:31 | INFO: Extracting primitive: COL_ouxiang_side_rail.006
08:37:31 | INFO: Primitives created: 1
08:37:31 | INFO: Extracting primitive: COL_ouxiang_side_rail.007
08:37:31 | INFO: Primitives created: 1
08:37:31 | INFO: Extracting primitive: COL_ouxiang_table.001
08:37:31 | INFO: Primitives created: 1
08:37:31 | INFO: Extracting primitive: COL_corridor_floor.009
08:37:31 | INFO: Primitives created: 1
08:37:31 | INFO: Extracting primitive: COL_corridor_side.015
08:37:31 | INFO: Primitives created: 1
08:37:31 | INFO: Extracting primitive: COL_corridor_side.016
08:37:31 | INFO: Primitives created: 1
08:37:31 | INFO: Extracting primitive: COL_corridor_post.016
08:37:31 | INFO: Primitives created: 1
08:37:31 | INFO: Extracting primitive: COL_corridor_post.017
08:37:31 | INFO: Primitives created: 1
08:37:31 | INFO: Extracting primitive: COL_corridor_floor.010
08:37:31 | INFO: Primitives created: 1
08:37:31 | INFO: Extracting primitive: COL_corridor_side.017
08:37:31 | INFO: Primitives created: 1
08:37:31 | INFO: Extracting primitive: COL_corridor_side.018
08:37:31 | INFO: Primitives created: 1
08:37:31 | INFO: Extracting primitive: COL_corridor_post.018
08:37:31 | INFO: Primitives created: 1
08:37:31 | INFO: Extracting primitive: COL_corridor_post.019
08:37:31 | INFO: Primitives created: 1
08:37:31 | INFO: Extracting primitive: COL_corridor_floor.011
08:37:31 | INFO: Primitives created: 1
08:37:31 | INFO: Extracting primitive: COL_corridor_side.019
08:37:31 | INFO: Primitives created: 1
08:37:31 | INFO: Extracting primitive: COL_corridor_side.020
08:37:31 | INFO: Primitives created: 1
08:37:31 | INFO: Extracting primitive: COL_corridor_post.020
08:37:31 | INFO: Primitives created: 1
08:37:31 | INFO: Extracting primitive: COL_corridor_post.021
08:37:31 | INFO: Primitives created: 1
08:37:31 | INFO: Extracting primitive: COL_corridor_floor.012
08:37:31 | INFO: Primitives created: 1
08:37:31 | INFO: Extracting primitive: COL_corridor_side.021
08:37:31 | INFO: Primitives created: 1
08:37:31 | INFO: Extracting primitive: COL_corridor_side.022
08:37:31 | INFO: Primitives created: 1
08:37:31 | INFO: Extracting primitive: COL_corridor_post.022
08:37:31 | INFO: Primitives created: 1
08:37:31 | INFO: Extracting primitive: COL_corridor_post.023
08:37:31 | INFO: Primitives created: 1
08:37:31 | INFO: Extracting primitive: COL_corridor_floor.001
08:37:31 | INFO: Primitives created: 1
08:37:31 | INFO: Extracting primitive: COL_corridor_side.001
08:37:31 | INFO: Primitives created: 1
08:37:31 | INFO: Extracting primitive: COL_corridor_side.002
08:37:31 | INFO: Primitives created: 1
08:37:31 | INFO: Extracting primitive: COL_corridor_post.001
08:37:31 | INFO: Primitives created: 1
08:37:31 | INFO: Extracting primitive: COL_corridor_post.002
08:37:31 | INFO: Primitives created: 1
08:37:31 | INFO: Extracting primitive: COL_corridor_floor.002
08:37:31 | INFO: Primitives created: 1
08:37:31 | INFO: Extracting primitive: COL_corridor_side.003
08:37:31 | INFO: Primitives created: 1
08:37:31 | INFO: Extracting primitive: COL_corridor_side.004
08:37:31 | INFO: Primitives created: 1
08:37:31 | INFO: Extracting primitive: COL_corridor_post.003
08:37:31 | INFO: Primitives created: 1
08:37:31 | INFO: Extracting primitive: COL_corridor_post.004
08:37:31 | INFO: Primitives created: 1
08:37:31 | INFO: Extracting primitive: COL_corridor_floor.003
08:37:31 | INFO: Primitives created: 1
08:37:31 | INFO: Extracting primitive: COL_corridor_side.005
08:37:31 | INFO: Primitives created: 1
08:37:31 | INFO: Extracting primitive: COL_corridor_side.006
08:37:31 | INFO: Primitives created: 1
08:37:31 | INFO: Extracting primitive: COL_corridor_post.005
08:37:31 | INFO: Primitives created: 1
08:37:31 | INFO: Extracting primitive: COL_corridor_post.006
08:37:31 | INFO: Primitives created: 1
08:37:31 | INFO: Extracting primitive: COL_corridor_floor.004
08:37:31 | INFO: Primitives created: 1
08:37:31 | INFO: Extracting primitive: COL_corridor_side.007
08:37:31 | INFO: Primitives created: 1
08:37:31 | INFO: Extracting primitive: COL_corridor_side.008
08:37:31 | INFO: Primitives created: 1
08:37:31 | INFO: Extracting primitive: COL_corridor_post.007
08:37:31 | INFO: Primitives created: 1
08:37:31 | INFO: Extracting primitive: COL_corridor_post.008
08:37:31 | INFO: Primitives created: 1
08:37:31 | INFO: Extracting primitive: COL_corridor_floor.005
08:37:31 | INFO: Primitives created: 1
08:37:31 | INFO: Extracting primitive: COL_corridor_side.009
08:37:31 | INFO: Primitives created: 1
08:37:31 | INFO: Extracting primitive: COL_corridor_side.010
08:37:31 | INFO: Primitives created: 1
08:37:31 | INFO: Extracting primitive: COL_corridor_post.009
08:37:31 | INFO: Primitives created: 1
08:37:31 | INFO: Extracting primitive: COL_corridor_post.010
08:37:31 | INFO: Primitives created: 1
08:37:31 | INFO: Extracting primitive: COL_corridor_floor.006
08:37:31 | INFO: Primitives created: 1
08:37:31 | INFO: Extracting primitive: COL_corridor_side.011
08:37:31 | INFO: Primitives created: 1
08:37:31 | INFO: Extracting primitive: COL_corridor_post.011
08:37:31 | INFO: Primitives created: 1
08:37:31 | INFO: Extracting primitive: COL_corridor_post.012
08:37:31 | INFO: Primitives created: 1
08:37:31 | INFO: Extracting primitive: COL_corridor_floor.007
08:37:31 | INFO: Primitives created: 1
08:37:31 | INFO: Extracting primitive: COL_corridor_side.012
08:37:31 | INFO: Primitives created: 1
08:37:31 | INFO: Extracting primitive: COL_corridor_post.013
08:37:31 | INFO: Primitives created: 1
08:37:31 | INFO: Extracting primitive: COL_corridor_floor.008
08:37:31 | INFO: Primitives created: 1
08:37:31 | INFO: Extracting primitive: COL_corridor_side.013
08:37:31 | INFO: Primitives created: 1
08:37:31 | INFO: Extracting primitive: COL_corridor_side.014
08:37:31 | INFO: Primitives created: 1
08:37:31 | INFO: Extracting primitive: COL_corridor_post.014
08:37:31 | INFO: Primitives created: 1
08:37:31 | INFO: Extracting primitive: COL_corridor_post.015
08:37:31 | INFO: Primitives created: 1
08:37:31 | INFO: Extracting primitive: COL_corridor_floor.013
08:37:31 | INFO: Primitives created: 1
08:37:31 | INFO: Extracting primitive: COL_corridor_side.023
08:37:31 | INFO: Primitives created: 1
08:37:31 | INFO: Extracting primitive: COL_corridor_side.024
08:37:31 | INFO: Primitives created: 1
08:37:31 | INFO: Extracting primitive: COL_corridor_post.024
08:37:31 | INFO: Primitives created: 1
08:37:31 | INFO: Extracting primitive: COL_corridor_post.025
08:37:31 | INFO: Primitives created: 1
08:37:31 | INFO: Extracting primitive: COL_corridor_floor.014
08:37:31 | INFO: Primitives created: 1
08:37:31 | INFO: Extracting primitive: COL_corridor_side.025
08:37:31 | INFO: Primitives created: 1
08:37:31 | INFO: Extracting primitive: COL_corridor_side.026
08:37:31 | INFO: Primitives created: 1
08:37:31 | INFO: Extracting primitive: COL_corridor_post.026
08:37:31 | INFO: Primitives created: 1
08:37:31 | INFO: Extracting primitive: COL_corridor_post.027
08:37:31 | INFO: Primitives created: 1
08:37:31 | INFO: Extracting primitive: COL_corridor_floor.015
08:37:31 | INFO: Primitives created: 1
08:37:31 | INFO: Extracting primitive: COL_corridor_side.027
08:37:31 | INFO: Primitives created: 1
08:37:31 | INFO: Extracting primitive: COL_corridor_side.028
08:37:31 | INFO: Primitives created: 1
08:37:31 | INFO: Extracting primitive: COL_corridor_post.028
08:37:31 | INFO: Primitives created: 1
08:37:31 | INFO: Extracting primitive: COL_corridor_post.029
08:37:31 | INFO: Primitives created: 1
08:37:31 | INFO: Extracting primitive: COL_corridor_floor.016
08:37:31 | INFO: Primitives created: 1
08:37:31 | INFO: Extracting primitive: COL_corridor_side.029
08:37:31 | INFO: Primitives created: 1
08:37:31 | INFO: Extracting primitive: COL_corridor_side.030
08:37:31 | INFO: Primitives created: 1
08:37:31 | INFO: Extracting primitive: COL_corridor_post.030
08:37:31 | INFO: Primitives created: 1
08:37:31 | INFO: Extracting primitive: COL_corridor_post.031
08:37:31 | INFO: Primitives created: 1
08:37:31 | INFO: Extracting primitive: COL_qinfang_deck.001
08:37:31 | INFO: Primitives created: 1
08:37:31 | INFO: Extracting primitive: COL_pavilion_bench.001
08:37:31 | INFO: Primitives created: 1
08:37:31 | INFO: Extracting primitive: COL_pavilion_bench.002
08:37:31 | INFO: Primitives created: 1
08:37:31 | INFO: Extracting primitive: COL_pavilion_bracket.001
08:37:31 | INFO: Primitives created: 1
08:37:31 | INFO: Extracting primitive: COL_pavilion_bracket.002
08:37:31 | INFO: Primitives created: 1
08:37:31 | INFO: Extracting primitive: COL_pavilion_bracket.003
08:37:31 | INFO: Primitives created: 1
08:37:31 | INFO: Extracting primitive: COL_pavilion_bracket.004
08:37:31 | INFO: Primitives created: 1
08:37:31 | INFO: Extracting primitive: COL_pavilion_bracket.005
08:37:31 | INFO: Primitives created: 1
08:37:31 | INFO: Extracting primitive: COL_pavilion_bracket.006
08:37:31 | INFO: Primitives created: 1
08:37:31 | INFO: Extracting primitive: COL_pavilion_post.001
08:37:31 | INFO: Primitives created: 1
08:37:31 | INFO: Extracting primitive: COL_pavilion_post.002
08:37:31 | INFO: Primitives created: 1
08:37:31 | INFO: Extracting primitive: COL_pavilion_post.003
08:37:31 | INFO: Primitives created: 1
08:37:31 | INFO: Extracting primitive: COL_pavilion_post.004
08:37:31 | INFO: Primitives created: 1
08:37:31 | INFO: Extracting primitive: COL_pavilion_post.005
08:37:31 | INFO: Primitives created: 1
08:37:31 | INFO: Extracting primitive: COL_pavilion_post.006
08:37:31 | INFO: Primitives created: 1
08:37:31 | INFO: Extracting primitive: COL_pavilion_roof.001
08:37:31 | INFO: Primitives created: 1
08:37:31 | INFO: Extracting primitive: COL_qiushuang-zhai_floor.001
08:37:31 | INFO: Primitives created: 1
08:37:31 | INFO: Extracting primitive: Cube.009
08:37:31 | INFO: Primitives created: 1
08:37:31 | INFO: Extracting primitive: Cube.011
08:37:31 | INFO: Primitives created: 1
08:37:31 | INFO: Extracting primitive: Cube.012
08:37:31 | INFO: Primitives created: 1
08:37:31 | INFO: Extracting primitive: Cube.013
08:37:31 | INFO: Primitives created: 1
08:37:31 | INFO: Extracting primitive: Cube.019
08:37:31 | INFO: Primitives created: 1
08:37:31 | INFO: Extracting primitive: Cube.020
08:37:31 | INFO: Primitives created: 1
08:37:31 | INFO: Extracting primitive: Cube.023
08:37:31 | INFO: Primitives created: 1
08:37:31 | INFO: Extracting primitive: Cube.024
08:37:31 | INFO: Primitives created: 1
08:37:31 | INFO: Extracting primitive: Cube.048
08:37:31 | INFO: Primitives created: 1
08:37:31 | INFO: Extracting primitive: Cube.050
08:37:31 | INFO: Primitives created: 1
08:37:31 | INFO: Extracting primitive: Cube.052
08:37:31 | INFO: Primitives created: 1
08:37:31 | INFO: Extracting primitive: Cube.092
08:37:31 | INFO: Primitives created: 1
08:37:31 | INFO: Extracting primitive: Cube.093
08:37:31 | INFO: Primitives created: 1
08:37:31 | INFO: Extracting primitive: Cube.094
08:37:31 | INFO: Primitives created: 1
08:37:31 | INFO: Extracting primitive: Cube.095
08:37:31 | INFO: Primitives created: 1
08:37:31 | INFO: Extracting primitive: Cube.096
08:37:31 | INFO: Primitives created: 1
08:37:31 | INFO: Extracting primitive: Cube.097
08:37:31 | INFO: Primitives created: 1
08:37:31 | INFO: Extracting primitive: Cube.098
08:37:31 | INFO: Primitives created: 1
08:37:31 | INFO: Extracting primitive: Cube.099
08:37:31 | INFO: Primitives created: 1
08:37:31 | INFO: Extracting primitive: Cube.100
08:37:31 | INFO: Primitives created: 1
08:37:31 | INFO: Extracting primitive: Cube.101
08:37:31 | INFO: Primitives created: 1
08:37:31 | INFO: Extracting primitive: Cube.102
08:37:31 | INFO: Primitives created: 1
08:37:31 | INFO: Extracting primitive: Cube.103
08:37:31 | INFO: Primitives created: 1
08:37:31 | INFO: Extracting primitive: Cube.104
08:37:31 | INFO: Primitives created: 1
08:37:31 | INFO: Extracting primitive: Cube.105
08:37:31 | INFO: Primitives created: 1
08:37:31 | INFO: Extracting primitive: Cube.106
08:37:31 | INFO: Primitives created: 1
08:37:31 | INFO: Extracting primitive: Cube.107
08:37:31 | INFO: Primitives created: 1
08:37:31 | INFO: Extracting primitive: Cube.108
08:37:31 | INFO: Primitives created: 1
08:37:31 | INFO: Extracting primitive: Cube.109
08:37:31 | INFO: Primitives created: 1
08:37:31 | INFO: Extracting primitive: Cube.110
08:37:31 | INFO: Primitives created: 1
08:37:31 | INFO: Extracting primitive: Cube.111
08:37:31 | INFO: Primitives created: 1
08:37:31 | INFO: Extracting primitive: Cube.112
08:37:31 | INFO: Primitives created: 1
08:37:31 | INFO: Extracting primitive: Cube.113
08:37:31 | INFO: Primitives created: 1
08:37:31 | INFO: Extracting primitive: Cube.114
08:37:31 | INFO: Primitives created: 1
08:37:31 | INFO: Extracting primitive: Cube.115
08:37:31 | INFO: Primitives created: 1
08:37:31 | INFO: Extracting primitive: Cube.116
08:37:31 | INFO: Primitives created: 1
08:37:31 | INFO: Extracting primitive: Cube.117
08:37:31 | INFO: Primitives created: 1
08:37:31 | INFO: Extracting primitive: Cube.118
08:37:31 | INFO: Primitives created: 1
08:37:31 | INFO: Extracting primitive: Cube.119
08:37:31 | INFO: Primitives created: 1
08:37:31 | INFO: Extracting primitive: Cube.120
08:37:31 | INFO: Primitives created: 1
08:37:31 | INFO: Extracting primitive: Cube.121
08:37:31 | INFO: Primitives created: 1
08:37:31 | INFO: Extracting primitive: Cube.122
08:37:31 | INFO: Primitives created: 1
08:37:31 | INFO: Extracting primitive: Cube.123
08:37:31 | INFO: Primitives created: 1
08:37:31 | INFO: Extracting primitive: Cube.124
08:37:31 | INFO: Primitives created: 1
08:37:31 | INFO: Extracting primitive: Cube.125
08:37:31 | INFO: Primitives created: 1
08:37:31 | INFO: Extracting primitive: Cube.126
08:37:31 | INFO: Primitives created: 1
08:37:31 | INFO: Extracting primitive: Cube.127
08:37:31 | INFO: Primitives created: 1
08:37:31 | INFO: Extracting primitive: Cube.128
08:37:31 | INFO: Primitives created: 1
08:37:31 | INFO: Extracting primitive: Cube.129
08:37:31 | INFO: Primitives created: 1
08:37:31 | INFO: Extracting primitive: Cube.130
08:37:31 | INFO: Primitives created: 1
08:37:31 | INFO: Extracting primitive: Cube.131
08:37:31 | INFO: Primitives created: 1
08:37:31 | INFO: Extracting primitive: Cube.132
08:37:31 | INFO: Primitives created: 1
08:37:31 | INFO: Extracting primitive: Cube.133
08:37:31 | INFO: Primitives created: 1
08:37:31 | INFO: Extracting primitive: Cube.134
08:37:31 | INFO: Primitives created: 1
08:37:31 | INFO: Extracting primitive: Cube.135
08:37:31 | INFO: Primitives created: 1
08:37:31 | INFO: Extracting primitive: Cube.136
08:37:31 | INFO: Primitives created: 1
08:37:31 | INFO: Extracting primitive: Cube.137
08:37:31 | INFO: Primitives created: 1
08:37:31 | INFO: Extracting primitive: Cube.138
08:37:31 | INFO: Primitives created: 1
08:37:31 | INFO: Extracting primitive: Cube.139
08:37:31 | INFO: Primitives created: 1
08:37:31 | INFO: Extracting primitive: Cube.140
08:37:31 | INFO: Primitives created: 1
08:37:31 | INFO: Extracting primitive: Cube.141
08:37:31 | INFO: Primitives created: 1
08:37:31 | INFO: Extracting primitive: Cube.142
08:37:31 | INFO: Primitives created: 1
08:37:31 | INFO: Extracting primitive: Cube.143
08:37:31 | INFO: Primitives created: 1
08:37:31 | INFO: Extracting primitive: Cube.144
08:37:31 | INFO: Primitives created: 1
08:37:31 | INFO: Extracting primitive: Cube.193
08:37:31 | INFO: Primitives created: 1
08:37:31 | INFO: Extracting primitive: Cube.194
08:37:31 | INFO: Primitives created: 1
08:37:31 | INFO: Extracting primitive: Cube.195
08:37:31 | INFO: Primitives created: 1
08:37:31 | INFO: Extracting primitive: Cube.196
08:37:31 | INFO: Primitives created: 1
08:37:31 | INFO: Extracting primitive: Cube.197
08:37:31 | INFO: Primitives created: 1
08:37:31 | INFO: Extracting primitive: Cube.198
08:37:31 | INFO: Primitives created: 1
08:37:31 | INFO: Extracting primitive: Cube.199
08:37:31 | INFO: Primitives created: 1
08:37:31 | INFO: Extracting primitive: Cube.200
08:37:31 | INFO: Primitives created: 1
08:37:31 | INFO: Extracting primitive: COL_stone_walk.005
08:37:31 | INFO: Primitives created: 1
08:37:31 | INFO: Extracting primitive: COL_stone_walk.008
08:37:31 | INFO: Primitives created: 1
08:37:31 | INFO: Extracting primitive: COL_stone_walk.009
08:37:31 | INFO: Primitives created: 1
08:37:31 | INFO: Extracting primitive: COL_stone_walk.010
08:37:31 | INFO: Primitives created: 1
08:37:31 | INFO: Extracting primitive: COL_stone_walk.011
08:37:31 | INFO: Primitives created: 1
08:37:31 | INFO: Extracting primitive: COL_stone_walk.012
08:37:31 | INFO: Primitives created: 1
08:37:31 | INFO: Extracting primitive: COL_study_approach.002
08:37:31 | INFO: Primitives created: 1
08:37:31 | INFO: Extracting primitive: COL_study_desk_centre.002
08:37:31 | INFO: Primitives created: 1
08:37:31 | INFO: Extracting primitive: COL_study_desk_left.002
08:37:31 | INFO: Primitives created: 1
08:37:31 | INFO: Extracting primitive: COL_study_desk_right.002
08:37:31 | INFO: Primitives created: 1
08:37:31 | INFO: Extracting primitive: COL_study_front_walk.002
08:37:31 | INFO: Primitives created: 1
08:37:31 | INFO: Extracting primitive: COL_study_front_wall.002
08:37:31 | INFO: Primitives created: 1
08:37:31 | INFO: Extracting primitive: COL_study_post.001
08:37:31 | INFO: Primitives created: 1
08:37:31 | INFO: Extracting primitive: COL_study_post.002
08:37:31 | INFO: Primitives created: 1
08:37:31 | INFO: Extracting primitive: COL_study_post.003
08:37:31 | INFO: Primitives created: 1
08:37:31 | INFO: Extracting primitive: COL_study_post.008
08:37:31 | INFO: Primitives created: 1
08:37:31 | INFO: Extracting primitive: Cube.151
08:37:31 | INFO: Primitives created: 1
08:37:31 | INFO: Extracting primitive: Cube.152
08:37:31 | INFO: Primitives created: 1
08:37:31 | INFO: Extracting primitive: Cube.153
08:37:31 | INFO: Primitives created: 1
08:37:31 | INFO: Extracting primitive: Cube.154
08:37:31 | INFO: Primitives created: 1
08:37:31 | INFO: Extracting primitive: Cube.155
08:37:31 | INFO: Primitives created: 1
08:37:31 | INFO: Extracting primitive: Cube.156
08:37:31 | INFO: Primitives created: 1
08:37:31 | INFO: Extracting primitive: Cube.157
08:37:31 | INFO: Primitives created: 1
08:37:31 | INFO: Extracting primitive: Cube.158
08:37:31 | INFO: Primitives created: 1
08:37:31 | INFO: Extracting primitive: Cube.159
08:37:31 | INFO: Primitives created: 1
08:37:31 | INFO: Extracting primitive: Cube.160
08:37:31 | INFO: Primitives created: 1
08:37:31 | INFO: Extracting primitive: Cube.161
08:37:31 | INFO: Primitives created: 1
08:37:31 | INFO: Extracting primitive: Cube.162
08:37:31 | INFO: Primitives created: 1
08:37:31 | INFO: Extracting primitive: Cube.163
08:37:31 | INFO: Primitives created: 1
08:37:31 | INFO: Extracting primitive: Cube.164
08:37:31 | INFO: Primitives created: 1
08:37:31 | INFO: Extracting primitive: Cube.165
08:37:31 | INFO: Primitives created: 1
08:37:31 | INFO: Extracting primitive: Cube.166
08:37:31 | INFO: Primitives created: 1
08:37:31 | INFO: Extracting primitive: Cube.167
08:37:31 | INFO: Primitives created: 1
08:37:31 | INFO: Extracting primitive: Cube.168
08:37:31 | INFO: Primitives created: 1
08:37:31 | INFO: Extracting primitive: Cube.169
08:37:31 | INFO: Primitives created: 1
08:37:31 | INFO: Extracting primitive: Cube.170
08:37:31 | INFO: Primitives created: 1
08:37:31 | INFO: Extracting primitive: Cube.171
08:37:31 | INFO: Primitives created: 1
08:37:31 | INFO: Extracting primitive: Cube.172
08:37:31 | INFO: Primitives created: 1
08:37:31 | INFO: Extracting primitive: Cube.173
08:37:31 | INFO: Primitives created: 1
08:37:31 | INFO: Extracting primitive: Cube.174
08:37:31 | INFO: Primitives created: 1
08:37:31 | INFO: Extracting primitive: Cube.175
08:37:31 | INFO: Primitives created: 1
08:37:31 | INFO: Extracting primitive: Cube.176
08:37:31 | INFO: Primitives created: 1
08:37:31 | INFO: Extracting primitive: Cube.177
08:37:31 | INFO: Primitives created: 1
08:37:31 | INFO: Extracting primitive: Cube.178
08:37:31 | INFO: Primitives created: 1
08:37:31 | INFO: Extracting primitive: Cube.179
08:37:31 | INFO: Primitives created: 1
08:37:31 | INFO: Extracting primitive: Cube.180
08:37:31 | INFO: Primitives created: 1
08:37:31 | INFO: Extracting primitive: Cube.201
08:37:31 | INFO: Primitives created: 1
08:37:31 | INFO: Extracting primitive: Cube.202
08:37:31 | INFO: Primitives created: 1
08:37:31 | INFO: Extracting primitive: Cube.203
08:37:31 | INFO: Primitives created: 1
08:37:31 | INFO: Extracting primitive: Cube.181
08:37:31 | INFO: Primitives created: 1
08:37:31 | INFO: Extracting primitive: Cube.182
08:37:31 | INFO: Primitives created: 1
08:37:31 | INFO: Extracting primitive: Cube.183
08:37:31 | INFO: Primitives created: 1
08:37:31 | INFO: Extracting primitive: Cube.184
08:37:31 | INFO: Primitives created: 1
08:37:31 | INFO: Extracting primitive: Cube.185
08:37:31 | INFO: Primitives created: 1
08:37:31 | INFO: Extracting primitive: Cube.186
08:37:31 | INFO: Primitives created: 1
08:37:31 | INFO: Extracting primitive: Cube.187
08:37:31 | INFO: Primitives created: 1
08:37:31 | INFO: Extracting primitive: Cube.188
08:37:31 | INFO: Primitives created: 1
08:37:31 | INFO: Extracting primitive: Cube.189
08:37:31 | INFO: Primitives created: 1
08:37:31 | INFO: Extracting primitive: Cube.190
08:37:31 | INFO: Primitives created: 1
08:37:31 | INFO: Extracting primitive: Cube.191
08:37:31 | INFO: Primitives created: 1
08:37:31 | INFO: Extracting primitive: Cube.192
08:37:31 | INFO: Primitives created: 1
08:37:31 | INFO: Extracting primitive: COL_tubi-tang_floor.001
08:37:31 | INFO: Primitives created: 1
08:37:31 | INFO: Extracting primitive: COL_tubi_approach.001
08:37:31 | INFO: Primitives created: 1
08:37:31 | INFO: Extracting primitive: COL_tubi_approach.002
08:37:31 | INFO: Primitives created: 1
08:37:31 | INFO: Extracting primitive: COL_tubi_approach.007
08:37:31 | INFO: Primitives created: 1
08:37:31 | INFO: Extracting primitive: COL_tubi_approach.008
08:37:31 | INFO: Primitives created: 1
08:37:31 | INFO: Extracting primitive: COL_tubi_closed_hall.002
08:37:31 | INFO: Primitives created: 1
08:37:31 | INFO: Extracting primitive: COL_tubi_hall_post.001
08:37:31 | INFO: Primitives created: 1
08:37:31 | INFO: Extracting primitive: COL_tubi_hall_post.002
08:37:31 | INFO: Primitives created: 1
08:37:31 | INFO: Extracting primitive: COL_tubi_hall_post.006
08:37:31 | INFO: Primitives created: 1
08:37:31 | INFO: Extracting primitive: COL_tubi_parapet.001
08:37:31 | INFO: Primitives created: 1
08:37:31 | INFO: Extracting primitive: COL_tubi_parapet.002
08:37:31 | INFO: Primitives created: 1
08:37:31 | INFO: Extracting primitive: COL_tubi_parapet.003
08:37:31 | INFO: Primitives created: 1
08:37:31 | INFO: Extracting primitive: COL_tubi_parapet.008
08:37:31 | INFO: Primitives created: 1
08:37:31 | INFO: Extracting primitive: COL_tubi_stair_guard.001
08:37:31 | INFO: Primitives created: 1
08:37:31 | INFO: Extracting primitive: COL_tubi_stair_guard.004
08:37:31 | INFO: Primitives created: 1
08:37:31 | INFO: Extracting primitive: COL_tubi_stair_ramp.002
08:37:31 | INFO: Primitives created: 1
08:37:31 | INFO: Extracting primitive: COL_tubi_terrace.002
08:37:31 | INFO: Primitives created: 1
08:37:31 | INFO: Extracting primitive: COL_tubi_topic_table.002
08:37:31 | INFO: Primitives created: 1
08:37:31 | INFO: Extracting primitive: COL_tubi_view_bench_left.001
08:37:31 | INFO: Primitives created: 1
08:37:31 | INFO: Extracting primitive: COL_tubi_view_bench_right.001
08:37:31 | INFO: Primitives created: 1
08:37:31 | INFO: Extracting primitive: COL_water_bridge_side.001
08:37:31 | INFO: Primitives created: 1
08:37:31 | INFO: Extracting primitive: COL_water_bridge_side.004
08:37:31 | INFO: Primitives created: 1
08:37:31 | INFO: Extracting primitive: COL_water_bridge_deck.002
08:37:31 | INFO: Primitives created: 1
08:37:31 | INFO: Extracting primitive: COL_xiaoxiang_bamboo_bed.004
08:37:31 | INFO: Primitives created: 1
08:37:31 | INFO: Extracting primitive: COL_xiaoxiang_bamboo_bed.005
08:37:31 | INFO: Primitives created: 1
08:37:31 | INFO: Extracting primitive: COL_xiaoxiang_bamboo_bed.006
08:37:31 | INFO: Primitives created: 1
08:37:31 | INFO: Extracting primitive: COL_xiaoxiang_bamboo_bed.007
08:37:31 | INFO: Primitives created: 1
08:37:31 | INFO: Extracting primitive: COL_xiaoxiang_closed_front.001
08:37:31 | INFO: Primitives created: 1
08:37:31 | INFO: Extracting primitive: COL_xiaoxiang_floor.001
08:37:31 | INFO: Primitives created: 1
08:37:31 | INFO: Extracting primitive: COL_xiaoxiang_return.002
08:37:31 | INFO: Primitives created: 1
08:37:31 | INFO: Extracting primitive: COL_xiaoxiang_return.003
08:37:31 | INFO: Primitives created: 1
08:37:31 | INFO: Extracting primitive: COL_xiaoxiang_threshold.001
08:37:31 | INFO: Primitives created: 1
08:37:31 | INFO: Extracting primitive: COL_yihong_closed_front.002
08:37:31 | INFO: Primitives created: 1
08:37:31 | INFO: Extracting primitive: COL_yihong_court_side.001
08:37:31 | INFO: Primitives created: 1
08:37:31 | INFO: Extracting primitive: COL_yihong_court_side.004
08:37:31 | INFO: Primitives created: 1
08:37:31 | INFO: Extracting primitive: COL_yihong_floor.002
08:37:31 | INFO: Primitives created: 1
08:37:31 | INFO: Extracting primitive: COL_yihong_planter.001
08:37:31 | INFO: Primitives created: 1
08:37:31 | INFO: Extracting primitive: COL_yihong_planter.004
08:37:31 | INFO: Primitives created: 1
08:37:31 | INFO: Extracting primitive: COL_yihong_side_return.001
08:37:31 | INFO: Primitives created: 1
08:37:31 | INFO: Extracting primitive: COL_yihong_side_return.004
08:37:31 | INFO: Primitives created: 1
08:37:31 | INFO: Extracting primitive: COL_yihong_threshold.002
08:37:31 | INFO: Primitives created: 1
08:37:31 | INFO: Extracting primitive: COL_ziling_landing.001
08:37:31 | INFO: Primitives created: 1
08:37:31 | INFO: Extracting primitive: HERO_aojing-guan_title.002
08:37:31 | WARNING: More than one shader node tex image used for a texture. The resulting glTF sampler will behave like the first shader node tex image.
08:37:31 | INFO: Primitives created: 1
08:37:31 | INFO: Extracting primitive: HERO_daguan_title.001
08:37:31 | WARNING: More than one shader node tex image used for a texture. The resulting glTF sampler will behave like the first shader node tex image.
08:37:31 | INFO: Primitives created: 1
08:37:31 | INFO: Extracting primitive: HERO_daoxiang-cun_title.002
08:37:31 | WARNING: More than one shader node tex image used for a texture. The resulting glTF sampler will behave like the first shader node tex image.
08:37:31 | INFO: Primitives created: 1
08:37:31 | INFO: Extracting primitive: KIT_flora_plum_render.001
08:37:31 | WARNING: More than one shader node tex image used for a texture. The resulting glTF sampler will behave like the first shader node tex image.
08:37:31 | INFO: Primitives created: 1
08:37:31 | INFO: Extracting primitive: KIT_flora_plum_render.002
08:37:31 | INFO: Primitives created: 1
08:37:31 | INFO: Extracting primitive: KIT_flora_bamboo_large_render.001
08:37:31 | INFO: Primitives created: 1
08:37:31 | INFO: Extracting primitive: KIT_flora_bamboo_large_render.002
08:37:31 | INFO: Primitives created: 1
08:37:31 | INFO: Extracting primitive: KIT_flora_bamboo_small_render.001
08:37:31 | INFO: Primitives created: 1
08:37:31 | INFO: Extracting primitive: KIT_flora_willow_render.001
08:37:31 | INFO: Primitives created: 1
08:37:31 | INFO: Extracting primitive: KIT_flora_willow_render.002
08:37:31 | INFO: Primitives created: 1
08:37:31 | INFO: Extracting primitive: KIT_flora_bamboo_large_render.003
08:37:31 | INFO: Primitives created: 1
08:37:31 | INFO: Extracting primitive: KIT_flora_bamboo_medium_render.001
08:37:31 | INFO: Primitives created: 1
08:37:31 | INFO: Extracting primitive: KIT_flora_bamboo_small_render.002
08:37:31 | INFO: Primitives created: 1
08:37:31 | INFO: Extracting primitive: KIT_flora_bamboo_large_render.004
08:37:31 | INFO: Primitives created: 1
08:37:31 | INFO: Extracting primitive: KIT_flora_banana_render.001
08:37:31 | INFO: Primitives created: 1
08:37:31 | INFO: Extracting primitive: KIT_flora_banana_render.002
08:37:31 | INFO: Primitives created: 1
08:37:31 | INFO: Extracting primitive: KIT_flora_reed_render.001
08:37:31 | INFO: Primitives created: 1
08:37:31 | INFO: Extracting primitive: KIT_flora_reed_render.002
08:37:31 | INFO: Primitives created: 1
08:37:31 | INFO: Extracting primitive: KIT_flora_reed_render.003
08:37:31 | INFO: Primitives created: 1
08:37:31 | INFO: Extracting primitive: KIT_flora_reed_render.004
08:37:31 | INFO: Primitives created: 1
08:37:31 | INFO: Extracting primitive: KIT_flora_reed_render.005
08:37:31 | INFO: Primitives created: 1
08:37:31 | INFO: Extracting primitive: KIT_flora_reed_render.006
08:37:31 | INFO: Primitives created: 1
08:37:31 | INFO: Extracting primitive: KIT_flora_reed_render.007
08:37:31 | INFO: Primitives created: 1
08:37:31 | INFO: Extracting primitive: KIT_flora_reed_render.008
08:37:31 | INFO: Primitives created: 1
08:37:31 | INFO: Extracting primitive: KIT_flora_reed_render.009
08:37:31 | INFO: Primitives created: 1
08:37:31 | INFO: Extracting primitive: KIT_flora_reed_render.010
08:37:31 | INFO: Primitives created: 1
08:37:31 | INFO: Extracting primitive: HERO_gate_inscription.001
08:37:31 | WARNING: More than one shader node tex image used for a texture. The resulting glTF sampler will behave like the first shader node tex image.
08:37:31 | INFO: Primitives created: 1
08:37:31 | INFO: Extracting primitive: HERO_gate_water_drips.001
08:37:31 | WARNING: More than one shader node tex image used for a texture. The resulting glTF sampler will behave like the first shader node tex image.
08:37:31 | INFO: Primitives created: 1
08:37:31 | INFO: Extracting primitive: HERO_hengwu-yuan_title.002
08:37:31 | WARNING: More than one shader node tex image used for a texture. The resulting glTF sampler will behave like the first shader node tex image.
08:37:31 | INFO: Primitives created: 1
08:37:31 | INFO: Extracting primitive: HERO_longcui-an_title.002
08:37:31 | WARNING: More than one shader node tex image used for a texture. The resulting glTF sampler will behave like the first shader node tex image.
08:37:31 | INFO: Primitives created: 1
08:37:31 | INFO: Extracting primitive: HERO_qinfang-ting_title.002
08:37:31 | WARNING: More than one shader node tex image used for a texture. The resulting glTF sampler will behave like the first shader node tex image.
08:37:31 | INFO: Primitives created: 1
08:37:31 | INFO: Extracting primitive: HERO_qinfang_bridge.001
08:37:31 | INFO: Primitives created: 1
08:37:31 | INFO: Extracting primitive: HERO_study_scroll_bamboo.002
08:37:31 | INFO: Primitives created: 1
08:37:31 | INFO: Extracting primitive: HERO_study_scroll_plum.002
08:37:31 | INFO: Primitives created: 1
08:37:31 | INFO: Extracting primitive: HERO_study_title.002
08:37:31 | WARNING: More than one shader node tex image used for a texture. The resulting glTF sampler will behave like the first shader node tex image.
08:37:31 | INFO: Primitives created: 1
08:37:31 | INFO: Extracting primitive: HERO_table_hexagram.001
08:37:31 | INFO: Primitives created: 1
08:37:31 | INFO: Extracting primitive: line_piece.005
08:37:31 | WARNING: More than one shader node tex image used for a texture. The resulting glTF sampler will behave like the first shader node tex image.
08:37:31 | INFO: Primitives created: 1
08:37:31 | INFO: Extracting primitive: line_piece.002
08:37:31 | INFO: Primitives created: 1
08:37:31 | INFO: Extracting primitive: line_piece.011
08:37:31 | INFO: Primitives created: 1
08:37:31 | INFO: Extracting primitive: line_piece.008
08:37:31 | INFO: Primitives created: 1
08:37:31 | INFO: Extracting primitive: line_piece.017
08:37:31 | INFO: Primitives created: 1
08:37:31 | INFO: Extracting primitive: line_piece.014
08:37:31 | INFO: Primitives created: 1
08:37:31 | INFO: Extracting primitive: line_piece.019
08:37:31 | INFO: Primitives created: 1
08:37:31 | INFO: Extracting primitive: line_piece.018
08:37:31 | INFO: Primitives created: 1
08:37:31 | INFO: Extracting primitive: line_piece.021
08:37:31 | INFO: Primitives created: 1
08:37:31 | INFO: Extracting primitive: line_piece.020
08:37:31 | INFO: Primitives created: 1
08:37:31 | INFO: Extracting primitive: line_piece.023
08:37:31 | INFO: Primitives created: 1
08:37:31 | INFO: Extracting primitive: line_piece.022
08:37:31 | INFO: Primitives created: 1
08:37:31 | INFO: Extracting primitive: HERO_table_pedestal.001
08:37:31 | INFO: Primitives created: 1
08:37:31 | INFO: Extracting primitive: HERO_tubi_title.002
08:37:31 | WARNING: More than one shader node tex image used for a texture. The resulting glTF sampler will behave like the first shader node tex image.
08:37:31 | INFO: Primitives created: 1
08:37:31 | INFO: Extracting primitive: HERO_xiaoxiang-guan_title.002
08:37:31 | WARNING: More than one shader node tex image used for a texture. The resulting glTF sampler will behave like the first shader node tex image.
08:37:31 | INFO: Primitives created: 1
08:37:31 | INFO: Extracting primitive: HERO_yihong-yuan_title.002
08:37:31 | WARNING: More than one shader node tex image used for a texture. The resulting glTF sampler will behave like the first shader node tex image.
08:37:31 | INFO: Primitives created: 1
08:37:31 | INFO: Extracting primitive: AOJING_pond.002
08:37:31 | INFO: Primitives created: 1
08:37:31 | INFO: Extracting primitive: AOJING_backstage.002
08:37:31 | INFO: Primitives created: 1
08:37:31 | INFO: Extracting primitive: AOJING_amber_window.002
08:37:31 | INFO: Primitives created: 1
08:37:31 | INFO: Extracting primitive: AOJING_window_lattice.001
08:37:31 | INFO: Primitives created: 1
08:37:31 | INFO: Extracting primitive: AOJING_dry_ledge.002
08:37:31 | INFO: Primitives created: 1
08:37:31 | INFO: Extracting primitive: AOJING_roof.002
08:37:31 | INFO: Primitives created: 1
08:37:31 | INFO: Extracting primitive: AOJING_closed_front.002
08:37:31 | INFO: Primitives created: 1
08:37:31 | INFO: Extracting primitive: DAGUAN_backstage.001
08:37:31 | INFO: Primitives created: 1
08:37:31 | INFO: Extracting primitive: DAGUAN_door_stud.180
08:37:31 | INFO: Primitives created: 1
08:37:31 | INFO: Extracting primitive: DAGUAN_amber_transom.002
08:37:31 | INFO: Primitives created: 1
08:37:31 | INFO: Extracting primitive: DAGUAN_closed_door.010
08:37:31 | INFO: Primitives created: 1
08:37:31 | INFO: Extracting primitive: DAGUAN_recessed_panel.020
08:37:31 | INFO: Primitives created: 1
08:37:31 | INFO: Extracting primitive: DAGUAN_column.006
08:37:31 | INFO: Primitives created: 1
08:37:31 | INFO: Extracting primitive: DAGUAN_platform.001
08:37:31 | INFO: Primitives created: 1
08:37:31 | INFO: Extracting primitive: DAGUAN_lower_roof.001
08:37:31 | INFO: Primitives created: 1
08:37:31 | INFO: Extracting primitive: DAGUAN_front.001
08:37:31 | INFO: Primitives created: 1
08:37:31 | INFO: Extracting primitive: DAOXIANG_backstage.001
08:37:31 | INFO: Primitives created: 1
08:37:31 | INFO: Extracting primitive: DAOXIANG_door_latch.001
08:37:31 | INFO: Primitives created: 1
08:37:31 | INFO: Extracting primitive: DAOXIANG_warm_sliver.001
08:37:31 | INFO: Primitives created: 1
08:37:31 | INFO: Extracting primitive: DAOXIANG_closed_door.001
08:37:31 | INFO: Primitives created: 1
08:37:31 | INFO: Extracting primitive: DAOXIANG_paddy_painting.001
08:37:31 | INFO: Primitives created: 1
08:37:31 | INFO: Extracting primitive: DAOXIANG_court.001
08:37:31 | INFO: Primitives created: 1
08:37:31 | INFO: Extracting primitive: DAOXIANG_thatch_mass.001
08:37:31 | INFO: Primitives created: 1
08:37:31 | INFO: Extracting primitive: DAOXIANG_front.001
08:37:31 | INFO: Primitives created: 1
08:37:31 | INFO: Extracting primitive: SITE_hengwu-yuan_backstage.001
08:37:31 | INFO: Primitives created: 1
08:37:31 | INFO: Extracting primitive: KIT_pavilion_finial.011
08:37:31 | INFO: Primitives created: 1
08:37:31 | INFO: Extracting primitive: KIT_wall_amber_window.006
08:37:31 | INFO: Primitives created: 1
08:37:31 | INFO: Extracting primitive: HENGWU_herb_leaf.001
08:37:31 | INFO: Primitives created: 1
08:37:31 | INFO: Extracting primitive: KIT_wall_lattice_vertical.105
08:37:31 | INFO: Primitives created: 1
08:37:31 | INFO: Extracting primitive: SITE_hengwu-yuan_platform.001
08:37:31 | INFO: Primitives created: 1
08:37:31 | INFO: Extracting primitive: KIT_props_lantern_hanging_render.015
08:37:31 | WARNING: More than one shader node tex image used for a texture. The resulting glTF sampler will behave like the first shader node tex image.
08:37:31 | INFO: Primitives created: 1
08:37:31 | INFO: Extracting primitive: KIT_pavilion_roof.011
08:37:31 | INFO: Primitives created: 1
08:37:31 | INFO: Extracting primitive: KIT_wall_bay.001
08:37:31 | WARNING: More than one shader node tex image used for a texture. The resulting glTF sampler will behave like the first shader node tex image.
08:37:31 | INFO: Primitives created: 1
08:37:31 | INFO: Extracting primitive: SITE_hengwu-yuan_front.001
08:37:31 | INFO: Primitives created: 1
08:37:31 | INFO: Extracting primitive: LONGCUI_backstage.001
08:37:31 | INFO: Primitives created: 1
08:37:31 | INFO: Extracting primitive: LONGCUI_gate_pull.002
08:37:31 | INFO: Primitives created: 1
08:37:31 | INFO: Extracting primitive: LONGCUI_closed_gate.002
08:37:31 | INFO: Primitives created: 1
08:37:31 | INFO: Extracting primitive: LONGCUI_paving.001
08:37:31 | INFO: Primitives created: 1
08:37:31 | INFO: Extracting primitive: KIT_props_lantern_hanging_render.016
08:37:31 | INFO: Primitives created: 1
08:37:31 | INFO: Extracting primitive: LONGCUI_wall_cap.001
08:37:31 | INFO: Primitives created: 1
08:37:31 | INFO: Extracting primitive: LONGCUI_closed_front.001
08:37:31 | INFO: Primitives created: 1
08:37:31 | INFO: Extracting primitive: KIT_props_tea_cup.006
08:37:31 | INFO: Primitives created: 1
08:37:31 | INFO: Extracting primitive: KIT_water_lotus_leaf.007
08:37:31 | INFO: Primitives created: 1
08:37:31 | INFO: Extracting primitive: SITE_ouxiang_deck.001
08:37:31 | INFO: Primitives created: 1
08:37:31 | INFO: Extracting primitive: KIT_pavilion_water_pier.004
08:37:31 | INFO: Primitives created: 1
08:37:31 | INFO: Extracting primitive: KIT_props_lantern_hanging_render.013
08:37:31 | INFO: Primitives created: 1
08:37:31 | INFO: Extracting primitive: KIT_pavilion_water_hipped_roof.001
08:37:31 | INFO: Primitives created: 1
08:37:31 | INFO: Extracting primitive: KIT_water_lotus.021
08:37:31 | INFO: Primitives created: 1
08:37:31 | INFO: Extracting primitive: KIT_corridor_rail.008
08:37:31 | INFO: Primitives created: 1
08:37:31 | INFO: Extracting primitive: KIT_pavilion_roof_shell.001
08:37:31 | INFO: Primitives created: 1
08:37:31 | INFO: Extracting primitive: KIT_pavilion_plinth.001
08:37:31 | INFO: Primitives created: 1
08:37:31 | INFO: Extracting primitive: KIT_props_lantern_hanging_render.001
08:37:31 | INFO: Primitives created: 1
08:37:31 | INFO: Extracting primitive: KIT_water_stream.001
08:37:31 | INFO: Primitives created: 1
08:37:31 | INFO: Extracting primitive: SITE_qiushuang-zhai_backstage.001
08:37:31 | INFO: Primitives created: 1
08:37:31 | INFO: Extracting primitive: KIT_pavilion_finial.005
08:37:31 | INFO: Primitives created: 1
08:37:31 | INFO: Extracting primitive: KIT_wall_lattice_vertical.042
08:37:31 | INFO: Primitives created: 1
08:37:31 | INFO: Extracting primitive: SITE_qiushuang-zhai_platform.001
08:37:31 | INFO: Primitives created: 1
08:37:31 | INFO: Extracting primitive: KIT_props_lantern_hanging_render.010
08:37:31 | INFO: Primitives created: 1
08:37:31 | INFO: Extracting primitive: KIT_pavilion_roof.005
08:37:31 | INFO: Primitives created: 1
08:37:31 | INFO: Extracting primitive: KIT_tech_terminal_desk_render.007
08:37:31 | WARNING: More than one shader node tex image used for a texture. The resulting glTF sampler will behave like the first shader node tex image.
08:37:31 | INFO: Primitives created: 1
08:37:31 | INFO: Extracting primitive: SITE_qiushuang-zhai_front.001
08:37:31 | INFO: Primitives created: 1
08:37:31 | INFO: Extracting primitive: GATE_banana_pseudostem.001
08:37:31 | INFO: Primitives created: 1
08:37:31 | INFO: Extracting primitive: GATE_banana_soil.001
08:37:31 | INFO: Primitives created: 1
08:37:31 | INFO: Extracting primitive: KIT_rockery_passage.001
08:37:31 | INFO: Primitives created: 1
08:37:31 | INFO: Extracting primitive: GATE_paving.002
08:37:31 | INFO: Primitives created: 1
08:37:31 | INFO: Extracting primitive: KIT_props_lantern_hanging_render.008
08:37:31 | INFO: Primitives created: 1
08:37:31 | INFO: Extracting primitive: KIT_stage_fog_plane_render.017
08:37:31 | INFO: Primitives created: 1
08:37:31 | INFO: Extracting primitive: KIT_stage_floor.001
08:37:31 | INFO: Primitives created: 1
08:37:31 | INFO: Extracting primitive: AOJING_approach_guard.001
08:37:31 | INFO: Primitives created: 1
08:37:31 | INFO: Extracting primitive: KIT_stage_painted_moon.001
08:37:31 | INFO: Primitives created: 1
08:37:31 | INFO: Extracting primitive: KIT_stage_painted_mountain_layer.003
08:37:31 | INFO: Primitives created: 1
08:37:31 | INFO: Extracting primitive: KIT_stage_painted_mountain_layer.004
08:37:31 | INFO: Primitives created: 1
08:37:31 | INFO: Extracting primitive: KIT_stage_painted_mountain_layer.005
08:37:31 | INFO: Primitives created: 1
08:37:31 | INFO: Extracting primitive: KIT_water_stone_walk.005
08:37:31 | INFO: Primitives created: 1
08:37:31 | INFO: Extracting primitive: Painted coved ceiling candidate.001
08:37:31 | INFO: Primitives created: 1
08:37:31 | INFO: Extracting primitive: KIT_stage_painted_canvas.002
08:37:31 | INFO: Primitives created: 1
08:37:31 | INFO: Extracting primitive: Eight painted cyclorama arcs.001
08:37:31 | WARNING: More than one shader node tex image used for a texture. The resulting glTF sampler will behave like the first shader node tex image.
08:37:31 | INFO: Primitives created: 2
08:37:31 | INFO: Extracting primitive: KIT_stage_fog_plane_render.002
08:37:31 | INFO: Primitives created: 1
08:37:31 | INFO: Extracting primitive: KIT_tech_cell_side.012
08:37:31 | INFO: Primitives created: 1
08:37:31 | INFO: Extracting primitive: KIT_wall_window_bar.030
08:37:31 | INFO: Primitives created: 1
08:37:31 | INFO: Extracting primitive: KIT_stage_entry_walk.002
08:37:31 | INFO: Primitives created: 1
08:37:31 | INFO: Extracting primitive: KIT_props_folding_chair_render.001
08:37:31 | INFO: Primitives created: 1
08:37:31 | INFO: Extracting primitive: KIT_stage_floor_boards_render.002
08:37:31 | INFO: Primitives created: 1
08:37:31 | INFO: Extracting primitive: KIT_stage_gel_frame_render.002
08:37:31 | INFO: Primitives created: 2
08:37:31 | INFO: Extracting primitive: KIT_stage_studio_wall_render.002
08:37:31 | INFO: Primitives created: 1
08:37:31 | INFO: Extracting primitive: KIT_stage_fog_plane_render.020
08:37:31 | INFO: Primitives created: 1
08:37:31 | INFO: Extracting primitive: KIT_tech_terminal_desk_render.001
08:37:31 | INFO: Primitives created: 1
08:37:31 | INFO: Extracting primitive: KIT_props_scroll_render.001
08:37:31 | WARNING: More than one shader node tex image used for a texture. The resulting glTF sampler will behave like the first shader node tex image.
08:37:31 | INFO: Primitives created: 1
08:37:31 | INFO: Extracting primitive: SITE_tubi-tang_backstage.001
08:37:31 | INFO: Primitives created: 1
08:37:31 | INFO: Extracting primitive: KIT_pavilion_finial.007
08:37:31 | INFO: Primitives created: 1
08:37:31 | INFO: Extracting primitive: KIT_wall_amber_window.003
08:37:31 | INFO: Primitives created: 1
08:37:31 | INFO: Extracting primitive: TUBI_topic_line.001
08:37:31 | INFO: Primitives created: 1
08:37:31 | INFO: Extracting primitive: KIT_wall_lattice_vertical.063
08:37:31 | INFO: Primitives created: 1
08:37:31 | INFO: Extracting primitive: SITE_tubi-tang_platform.001
08:37:31 | INFO: Primitives created: 1
08:37:31 | INFO: Extracting primitive: KIT_props_lantern_hanging_render.012
08:37:31 | INFO: Primitives created: 1
08:37:31 | INFO: Extracting primitive: KIT_pavilion_roof.007
08:37:31 | INFO: Primitives created: 1
08:37:31 | INFO: Extracting primitive: TUBI_terrace.002
08:37:31 | INFO: Primitives created: 1
08:37:31 | INFO: Extracting primitive: SITE_tubi-tang_front.001
08:37:31 | INFO: Primitives created: 1
08:37:31 | INFO: Extracting primitive: XIAOXIANG_black_back.001
08:37:31 | INFO: Primitives created: 1
08:37:31 | INFO: Extracting primitive: XIAOXIANG_gate_pull.002
08:37:31 | INFO: Primitives created: 1
08:37:31 | INFO: Extracting primitive: XIAOXIANG_amber_window.001
08:37:31 | INFO: Primitives created: 1
08:37:31 | INFO: Extracting primitive: XIAOXIANG_gate_leaf.002
08:37:31 | INFO: Primitives created: 1
08:37:31 | INFO: Extracting primitive: XIAOXIANG_paving.001
08:37:31 | INFO: Primitives created: 1
08:37:31 | INFO: Extracting primitive: XIAOXIANG_wall_cap.001
08:37:31 | INFO: Primitives created: 1
08:37:31 | INFO: Extracting primitive: XIAOXIANG_closed_front.001
08:37:31 | INFO: Primitives created: 1
08:37:31 | INFO: Extracting primitive: YIHONG_backstage.002
08:37:31 | INFO: Primitives created: 1
08:37:31 | INFO: Extracting primitive: YIHONG_door_rail.001
08:37:31 | INFO: Primitives created: 1
08:37:31 | INFO: Extracting primitive: YIHONG_amber_window.002
08:37:31 | INFO: Primitives created: 1
08:37:31 | INFO: Extracting primitive: YIHONG_door_panel.001
08:37:31 | INFO: Primitives created: 1
08:37:31 | INFO: Extracting primitive: YIHONG_paving.002
08:37:31 | INFO: Primitives created: 1
08:37:31 | INFO: Extracting primitive: YIHONG_court_cap.001
08:37:31 | INFO: Primitives created: 1
08:37:31 | INFO: Extracting primitive: YIHONG_closed_front.002
08:37:31 | INFO: Primitives created: 1
08:37:31 | INFO: Extracting primitive: KIT_water_lotus_leaf.011
08:37:31 | INFO: Primitives created: 1
08:37:31 | INFO: Extracting primitive: KIT_water_plank.002
08:37:31 | INFO: Primitives created: 1
08:37:31 | INFO: Extracting primitive: SITE_ziling_island.001
08:37:31 | INFO: Primitives created: 1
08:37:31 | INFO: Finished glTF 2.0 export in 0.7006027698516846 s

{"engine": "Godot", "sites": {"stage": {"objects": 100, "triangles": 11188, "render_meshes": 11, "colliders": 87, "triggers": 0}, "qinfang-ting": {"objects": 143, "triangles": 41300, "render_meshes": 27, "colliders": 101, "triggers": 7}, "rockery-gate": {"objects": 27, "triangles": 15324, "render_meshes": 8, "colliders": 10, "triggers": 3}, "terminal-cells": {"objects": 107, "triangles": 37924, "render_meshes": 10, "colliders": 71, "triggers": 18}, "qiushuang-zhai": {"objects": 36, "triangles": 21754, "render_meshes": 11, "colliders": 13, "triggers": 5}, "tubi-tang": {"objects": 37, "triangles": 11340, "render_meshes": 11, "colliders": 16, "triggers": 5}, "daguan-lou": {"objects": 29, "triangles": 23666, "render_meshes": 10, "colliders": 13, "triggers": 3}, "ouxiang-xie": {"objects": 28, "triangles": 15450, "render_meshes": 6, "colliders": 13, "triggers": 4}, "hengwu-yuan": {"objects": 43, "triangles": 20386, "render_meshes": 11, "colliders": 23, "triggers": 4}, "yihong-yuan": {"objects": 28, "triangles": 2294, "render_meshes": 10, "colliders": 9, "triggers": 4}, "xiaoxiang-guan": {"objects": 30, "triangles": 7478, "render_meshes": 12, "colliders": 9, "triggers": 4}, "longcui-an": {"objects": 27, "triangles": 4638, "render_meshes": 10, "colliders": 8, "triggers": 4}, "aojing-guan": {"objects": 24, "triangles": 2788, "render_meshes": 8, "colliders": 7, "triggers": 3}, "daoxiang-cun": {"objects": 27, "triangles": 10862, "render_meshes": 9, "colliders": 8, "triggers": 4}, "ziling-zhou": {"objects": 23, "triangles": 7064, "render_meshes": 13, "colliders": 4, "triggers": 3}}, "warnings": ["Reference assets, not yet profiled on mobile.", "Lightmap bake remains unfinished; engine import evidence is recorded separately in godot/import-validation.json."], "total_triangles": 233456, "total_render_meshes": 167}
BlenderMCP addon unregistered
Blender 5.2.2 LTS (hash d13f752e3b9c built 2026-09-15 01:49:19)

Blender quit
