00:00.335  blend            | Read blend: "/var/folders/gf/s_g2zvzj3jxbylz3ylbc7k4c0000gn/T/garden-shallow-tile-candidate-5e8q02ct/blender/authoring.blend"
BlenderMCP addon registered
INFO Draco is available, use library at /Applications/Blender.app/Contents/Resources/5.2/scripts/addons_core/io_scene_gltf2/libbf_intern_draco_bridge.dylib
INFO MeshOptimizer is available, use library at /Applications/Blender.app/Contents/Resources/5.2/scripts/addons_core/io_scene_gltf2/libbf_intern_meshopt_bridge.dylib
15:32:31 | INFO: Starting glTF 2.0 export
15:32:31 | INFO: Extracting primitive: COL_aojing_approach.001
15:32:31 | INFO: Primitives created: 1
15:32:31 | INFO: Extracting primitive: COL_aojing_approach.004
15:32:31 | INFO: Primitives created: 1
15:32:31 | INFO: Extracting primitive: COL_aojing_approach_guard.001
15:32:31 | INFO: Primitives created: 1
15:32:31 | INFO: Extracting primitive: COL_aojing_approach_guard.004
15:32:31 | INFO: Primitives created: 1
15:32:31 | INFO: Extracting primitive: COL_aojing_approach_ramp.002
15:32:31 | INFO: Primitives created: 1
15:32:31 | INFO: Extracting primitive: COL_daoxiang_approach.002
15:32:31 | INFO: Primitives created: 1
15:32:31 | INFO: Extracting primitive: COL_daoxiang_approach.003
15:32:31 | INFO: Primitives created: 1
15:32:31 | INFO: Extracting primitive: COL_hengwu_approach.002
15:32:31 | INFO: Primitives created: 1
15:32:31 | INFO: Extracting primitive: COL_hengwu_approach.003
15:32:31 | INFO: Primitives created: 1
15:32:31 | INFO: Extracting primitive: COL_longcui_approach.003
15:32:31 | INFO: Primitives created: 1
15:32:31 | INFO: Extracting primitive: COL_longcui_approach.004
15:32:31 | INFO: Primitives created: 1
15:32:31 | INFO: Extracting primitive: COL_longcui_approach.005
15:32:31 | INFO: Primitives created: 1
15:32:31 | INFO: Extracting primitive: Cube.009
15:32:31 | INFO: Primitives created: 1
15:32:31 | INFO: Extracting primitive: Cube.011
15:32:31 | INFO: Primitives created: 1
15:32:31 | INFO: Extracting primitive: Cube.012
15:32:31 | INFO: Primitives created: 1
15:32:31 | INFO: Extracting primitive: Cube.013
15:32:31 | INFO: Primitives created: 1
15:32:31 | INFO: Extracting primitive: Cube.019
15:32:31 | INFO: Primitives created: 1
15:32:31 | INFO: Extracting primitive: Cube.020
15:32:31 | INFO: Primitives created: 1
15:32:31 | INFO: Extracting primitive: Cube.023
15:32:31 | INFO: Primitives created: 1
15:32:31 | INFO: Extracting primitive: Cube.024
15:32:31 | INFO: Primitives created: 1
15:32:31 | INFO: Extracting primitive: Cube.048
15:32:31 | INFO: Primitives created: 1
15:32:31 | INFO: Extracting primitive: Cube.050
15:32:31 | INFO: Primitives created: 1
15:32:31 | INFO: Extracting primitive: Cube.052
15:32:31 | INFO: Primitives created: 1
15:32:31 | INFO: Extracting primitive: Cube.092
15:32:31 | INFO: Primitives created: 1
15:32:31 | INFO: Extracting primitive: Cube.093
15:32:31 | INFO: Primitives created: 1
15:32:31 | INFO: Extracting primitive: Cube.094
15:32:31 | INFO: Primitives created: 1
15:32:31 | INFO: Extracting primitive: Cube.095
15:32:31 | INFO: Primitives created: 1
15:32:31 | INFO: Extracting primitive: Cube.096
15:32:31 | INFO: Primitives created: 1
15:32:31 | INFO: Extracting primitive: Cube.097
15:32:31 | INFO: Primitives created: 1
15:32:31 | INFO: Extracting primitive: Cube.098
15:32:31 | INFO: Primitives created: 1
15:32:31 | INFO: Extracting primitive: Cube.099
15:32:31 | INFO: Primitives created: 1
15:32:31 | INFO: Extracting primitive: Cube.100
15:32:31 | INFO: Primitives created: 1
15:32:31 | INFO: Extracting primitive: Cube.101
15:32:31 | INFO: Primitives created: 1
15:32:31 | INFO: Extracting primitive: Cube.102
15:32:31 | INFO: Primitives created: 1
15:32:31 | INFO: Extracting primitive: Cube.103
15:32:31 | INFO: Primitives created: 1
15:32:31 | INFO: Extracting primitive: Cube.104
15:32:31 | INFO: Primitives created: 1
15:32:31 | INFO: Extracting primitive: Cube.105
15:32:31 | INFO: Primitives created: 1
15:32:31 | INFO: Extracting primitive: Cube.106
15:32:31 | INFO: Primitives created: 1
15:32:31 | INFO: Extracting primitive: Cube.107
15:32:31 | INFO: Primitives created: 1
15:32:31 | INFO: Extracting primitive: Cube.108
15:32:31 | INFO: Primitives created: 1
15:32:31 | INFO: Extracting primitive: Cube.109
15:32:31 | INFO: Primitives created: 1
15:32:31 | INFO: Extracting primitive: Cube.110
15:32:31 | INFO: Primitives created: 1
15:32:31 | INFO: Extracting primitive: Cube.111
15:32:31 | INFO: Primitives created: 1
15:32:31 | INFO: Extracting primitive: Cube.112
15:32:31 | INFO: Primitives created: 1
15:32:31 | INFO: Extracting primitive: Cube.113
15:32:31 | INFO: Primitives created: 1
15:32:31 | INFO: Extracting primitive: Cube.114
15:32:31 | INFO: Primitives created: 1
15:32:31 | INFO: Extracting primitive: Cube.115
15:32:31 | INFO: Primitives created: 1
15:32:31 | INFO: Extracting primitive: Cube.116
15:32:31 | INFO: Primitives created: 1
15:32:31 | INFO: Extracting primitive: Cube.117
15:32:31 | INFO: Primitives created: 1
15:32:31 | INFO: Extracting primitive: Cube.118
15:32:31 | INFO: Primitives created: 1
15:32:31 | INFO: Extracting primitive: Cube.119
15:32:31 | INFO: Primitives created: 1
15:32:31 | INFO: Extracting primitive: Cube.120
15:32:31 | INFO: Primitives created: 1
15:32:31 | INFO: Extracting primitive: Cube.121
15:32:31 | INFO: Primitives created: 1
15:32:31 | INFO: Extracting primitive: Cube.122
15:32:31 | INFO: Primitives created: 1
15:32:31 | INFO: Extracting primitive: Cube.123
15:32:31 | INFO: Primitives created: 1
15:32:31 | INFO: Extracting primitive: Cube.124
15:32:31 | INFO: Primitives created: 1
15:32:31 | INFO: Extracting primitive: Cube.125
15:32:31 | INFO: Primitives created: 1
15:32:31 | INFO: Extracting primitive: Cube.126
15:32:31 | INFO: Primitives created: 1
15:32:31 | INFO: Extracting primitive: Cube.127
15:32:31 | INFO: Primitives created: 1
15:32:31 | INFO: Extracting primitive: Cube.128
15:32:31 | INFO: Primitives created: 1
15:32:31 | INFO: Extracting primitive: Cube.129
15:32:31 | INFO: Primitives created: 1
15:32:31 | INFO: Extracting primitive: Cube.130
15:32:31 | INFO: Primitives created: 1
15:32:31 | INFO: Extracting primitive: Cube.131
15:32:31 | INFO: Primitives created: 1
15:32:31 | INFO: Extracting primitive: Cube.132
15:32:31 | INFO: Primitives created: 1
15:32:31 | INFO: Extracting primitive: Cube.133
15:32:31 | INFO: Primitives created: 1
15:32:31 | INFO: Extracting primitive: Cube.134
15:32:31 | INFO: Primitives created: 1
15:32:31 | INFO: Extracting primitive: Cube.135
15:32:31 | INFO: Primitives created: 1
15:32:31 | INFO: Extracting primitive: Cube.136
15:32:31 | INFO: Primitives created: 1
15:32:31 | INFO: Extracting primitive: Cube.137
15:32:31 | INFO: Primitives created: 1
15:32:31 | INFO: Extracting primitive: Cube.138
15:32:31 | INFO: Primitives created: 1
15:32:31 | INFO: Extracting primitive: Cube.139
15:32:31 | INFO: Primitives created: 1
15:32:31 | INFO: Extracting primitive: Cube.140
15:32:31 | INFO: Primitives created: 1
15:32:31 | INFO: Extracting primitive: Cube.141
15:32:31 | INFO: Primitives created: 1
15:32:31 | INFO: Extracting primitive: Cube.142
15:32:31 | INFO: Primitives created: 1
15:32:31 | INFO: Extracting primitive: Cube.143
15:32:31 | INFO: Primitives created: 1
15:32:31 | INFO: Extracting primitive: Cube.144
15:32:31 | INFO: Primitives created: 1
15:32:31 | INFO: Extracting primitive: COL_stone_walk.005
15:32:31 | INFO: Primitives created: 1
15:32:31 | INFO: Extracting primitive: COL_stone_walk.008
15:32:31 | INFO: Primitives created: 1
15:32:31 | INFO: Extracting primitive: COL_stone_walk.009
15:32:31 | INFO: Primitives created: 1
15:32:31 | INFO: Extracting primitive: COL_stone_walk.010
15:32:31 | INFO: Primitives created: 1
15:32:31 | INFO: Extracting primitive: COL_stone_walk.011
15:32:31 | INFO: Primitives created: 1
15:32:31 | INFO: Extracting primitive: COL_stone_walk.012
15:32:31 | INFO: Primitives created: 1
15:32:31 | INFO: Extracting primitive: COL_study_approach.002
15:32:31 | INFO: Primitives created: 1
15:32:31 | INFO: Extracting primitive: COL_tubi_approach.001
15:32:31 | INFO: Primitives created: 1
15:32:31 | INFO: Extracting primitive: COL_tubi_approach.002
15:32:31 | INFO: Primitives created: 1
15:32:31 | INFO: Extracting primitive: COL_tubi_approach.007
15:32:31 | INFO: Primitives created: 1
15:32:31 | INFO: Extracting primitive: COL_tubi_approach.008
15:32:31 | INFO: Primitives created: 1
15:32:31 | INFO: Extracting primitive: KIT_stage_floor.001
15:32:31 | INFO: Primitives created: 1
15:32:31 | INFO: Extracting primitive: AOJING_approach_guard.001
15:32:31 | INFO: Primitives created: 1
15:32:31 | INFO: Extracting primitive: KIT_stage_painted_moon.001
15:32:31 | INFO: Primitives created: 1
15:32:31 | INFO: Extracting primitive: KIT_stage_painted_mountain_layer.003
15:32:31 | INFO: Primitives created: 1
15:32:31 | INFO: Extracting primitive: KIT_stage_painted_mountain_layer.004
15:32:31 | INFO: Primitives created: 1
15:32:31 | INFO: Extracting primitive: KIT_stage_painted_mountain_layer.005
15:32:31 | INFO: Primitives created: 1
15:32:31 | INFO: Extracting primitive: KIT_water_stone_walk.005
15:32:31 | INFO: Primitives created: 1
15:32:31 | INFO: Extracting primitive: Painted coved ceiling candidate.001
15:32:31 | INFO: Primitives created: 1
15:32:31 | INFO: Extracting primitive: KIT_stage_painted_canvas.002
15:32:31 | INFO: Primitives created: 1
15:32:31 | INFO: Extracting primitive: Eight painted cyclorama arcs.001
15:32:32 | WARNING: More than one shader node tex image used for a texture. The resulting glTF sampler will behave like the first shader node tex image.
15:32:32 | INFO: Primitives created: 2
15:32:32 | INFO: Extracting primitive: KIT_stage_fog_plane_render.002
15:32:32 | INFO: Primitives created: 1
15:32:32 | INFO: Finished glTF 2.0 export in 0.17911982536315918 s

15:32:32 | INFO: Starting glTF 2.0 export
15:32:32 | INFO: Extracting primitive: Cube.147
15:32:32 | INFO: Primitives created: 1
15:32:32 | INFO: Extracting primitive: Cube.148
15:32:32 | INFO: Primitives created: 1
15:32:32 | INFO: Extracting primitive: Cube.149
15:32:32 | INFO: Primitives created: 1
15:32:32 | INFO: Extracting primitive: Cube.150
15:32:32 | INFO: Primitives created: 1
15:32:32 | INFO: Extracting primitive: COL_bridge_crosswalk.002
15:32:32 | INFO: Primitives created: 1
15:32:32 | INFO: Extracting primitive: COL_bridge_crosswalk.003
15:32:32 | INFO: Primitives created: 1
15:32:32 | INFO: Extracting primitive: COL_floor_joint_pavilion_east_joint.001
15:32:32 | INFO: Primitives created: 1
15:32:32 | INFO: Extracting primitive: COL_floor_joint_pavilion_west_joint.001
15:32:32 | INFO: Primitives created: 1
15:32:32 | INFO: Extracting primitive: Cube.146
15:32:32 | INFO: Primitives created: 1
15:32:32 | INFO: Extracting primitive: Cube.145
15:32:32 | INFO: Primitives created: 1
15:32:32 | INFO: Extracting primitive: COL_corridor_floor.009
15:32:32 | INFO: Primitives created: 1
15:32:32 | INFO: Extracting primitive: COL_corridor_side.015
15:32:32 | INFO: Primitives created: 1
15:32:32 | INFO: Extracting primitive: COL_corridor_side.016
15:32:32 | INFO: Primitives created: 1
15:32:32 | INFO: Extracting primitive: COL_corridor_post.016
15:32:32 | INFO: Primitives created: 1
15:32:32 | INFO: Extracting primitive: COL_corridor_post.017
15:32:32 | INFO: Primitives created: 1
15:32:32 | INFO: Extracting primitive: COL_corridor_floor.010
15:32:32 | INFO: Primitives created: 1
15:32:32 | INFO: Extracting primitive: COL_corridor_side.017
15:32:32 | INFO: Primitives created: 1
15:32:32 | INFO: Extracting primitive: COL_corridor_side.018
15:32:32 | INFO: Primitives created: 1
15:32:32 | INFO: Extracting primitive: COL_corridor_post.018
15:32:32 | INFO: Primitives created: 1
15:32:32 | INFO: Extracting primitive: COL_corridor_post.019
15:32:32 | INFO: Primitives created: 1
15:32:32 | INFO: Extracting primitive: COL_corridor_floor.011
15:32:32 | INFO: Primitives created: 1
15:32:32 | INFO: Extracting primitive: COL_corridor_side.019
15:32:32 | INFO: Primitives created: 1
15:32:32 | INFO: Extracting primitive: COL_corridor_side.020
15:32:32 | INFO: Primitives created: 1
15:32:32 | INFO: Extracting primitive: COL_corridor_post.020
15:32:32 | INFO: Primitives created: 1
15:32:32 | INFO: Extracting primitive: COL_corridor_post.021
15:32:32 | INFO: Primitives created: 1
15:32:32 | INFO: Extracting primitive: COL_corridor_floor.012
15:32:32 | INFO: Primitives created: 1
15:32:32 | INFO: Extracting primitive: COL_corridor_side.021
15:32:32 | INFO: Primitives created: 1
15:32:32 | INFO: Extracting primitive: COL_corridor_side.022
15:32:32 | INFO: Primitives created: 1
15:32:32 | INFO: Extracting primitive: COL_corridor_post.022
15:32:32 | INFO: Primitives created: 1
15:32:32 | INFO: Extracting primitive: COL_corridor_post.023
15:32:32 | INFO: Primitives created: 1
15:32:32 | INFO: Extracting primitive: COL_corridor_floor.001
15:32:32 | INFO: Primitives created: 1
15:32:32 | INFO: Extracting primitive: COL_corridor_side.001
15:32:32 | INFO: Primitives created: 1
15:32:32 | INFO: Extracting primitive: COL_corridor_side.002
15:32:32 | INFO: Primitives created: 1
15:32:32 | INFO: Extracting primitive: COL_corridor_post.001
15:32:32 | INFO: Primitives created: 1
15:32:32 | INFO: Extracting primitive: COL_corridor_post.002
15:32:32 | INFO: Primitives created: 1
15:32:32 | INFO: Extracting primitive: COL_corridor_floor.002
15:32:32 | INFO: Primitives created: 1
15:32:32 | INFO: Extracting primitive: COL_corridor_side.003
15:32:32 | INFO: Primitives created: 1
15:32:32 | INFO: Extracting primitive: COL_corridor_side.004
15:32:32 | INFO: Primitives created: 1
15:32:32 | INFO: Extracting primitive: COL_corridor_post.003
15:32:32 | INFO: Primitives created: 1
15:32:32 | INFO: Extracting primitive: COL_corridor_post.004
15:32:32 | INFO: Primitives created: 1
15:32:32 | INFO: Extracting primitive: COL_corridor_floor.003
15:32:32 | INFO: Primitives created: 1
15:32:32 | INFO: Extracting primitive: COL_corridor_side.005
15:32:32 | INFO: Primitives created: 1
15:32:32 | INFO: Extracting primitive: COL_corridor_side.006
15:32:32 | INFO: Primitives created: 1
15:32:32 | INFO: Extracting primitive: COL_corridor_post.005
15:32:32 | INFO: Primitives created: 1
15:32:32 | INFO: Extracting primitive: COL_corridor_post.006
15:32:32 | INFO: Primitives created: 1
15:32:32 | INFO: Extracting primitive: COL_corridor_floor.004
15:32:32 | INFO: Primitives created: 1
15:32:32 | INFO: Extracting primitive: COL_corridor_side.007
15:32:32 | INFO: Primitives created: 1
15:32:32 | INFO: Extracting primitive: COL_corridor_side.008
15:32:32 | INFO: Primitives created: 1
15:32:32 | INFO: Extracting primitive: COL_corridor_post.007
15:32:32 | INFO: Primitives created: 1
15:32:32 | INFO: Extracting primitive: COL_corridor_post.008
15:32:32 | INFO: Primitives created: 1
15:32:32 | INFO: Extracting primitive: COL_corridor_floor.005
15:32:32 | INFO: Primitives created: 1
15:32:32 | INFO: Extracting primitive: COL_corridor_side.009
15:32:32 | INFO: Primitives created: 1
15:32:32 | INFO: Extracting primitive: COL_corridor_side.010
15:32:32 | INFO: Primitives created: 1
15:32:32 | INFO: Extracting primitive: COL_corridor_post.009
15:32:32 | INFO: Primitives created: 1
15:32:32 | INFO: Extracting primitive: COL_corridor_post.010
15:32:32 | INFO: Primitives created: 1
15:32:32 | INFO: Extracting primitive: COL_corridor_floor.006
15:32:32 | INFO: Primitives created: 1
15:32:32 | INFO: Extracting primitive: COL_corridor_side.011
15:32:32 | INFO: Primitives created: 1
15:32:32 | INFO: Extracting primitive: COL_corridor_post.011
15:32:32 | INFO: Primitives created: 1
15:32:32 | INFO: Extracting primitive: COL_corridor_post.012
15:32:32 | INFO: Primitives created: 1
15:32:32 | INFO: Extracting primitive: COL_corridor_floor.007
15:32:32 | INFO: Primitives created: 1
15:32:32 | INFO: Extracting primitive: COL_corridor_side.012
15:32:32 | INFO: Primitives created: 1
15:32:32 | INFO: Extracting primitive: COL_corridor_post.013
15:32:32 | INFO: Primitives created: 1
15:32:32 | INFO: Extracting primitive: COL_corridor_floor.008
15:32:32 | INFO: Primitives created: 1
15:32:32 | INFO: Extracting primitive: COL_corridor_side.013
15:32:32 | INFO: Primitives created: 1
15:32:32 | INFO: Extracting primitive: COL_corridor_side.014
15:32:32 | INFO: Primitives created: 1
15:32:32 | INFO: Extracting primitive: COL_corridor_post.014
15:32:32 | INFO: Primitives created: 1
15:32:32 | INFO: Extracting primitive: COL_corridor_post.015
15:32:32 | INFO: Primitives created: 1
15:32:32 | INFO: Extracting primitive: COL_corridor_floor.013
15:32:32 | INFO: Primitives created: 1
15:32:32 | INFO: Extracting primitive: COL_corridor_side.023
15:32:32 | INFO: Primitives created: 1
15:32:32 | INFO: Extracting primitive: COL_corridor_side.024
15:32:32 | INFO: Primitives created: 1
15:32:32 | INFO: Extracting primitive: COL_corridor_post.024
15:32:32 | INFO: Primitives created: 1
15:32:32 | INFO: Extracting primitive: COL_corridor_post.025
15:32:32 | INFO: Primitives created: 1
15:32:32 | INFO: Extracting primitive: COL_corridor_floor.014
15:32:32 | INFO: Primitives created: 1
15:32:32 | INFO: Extracting primitive: COL_corridor_side.025
15:32:32 | INFO: Primitives created: 1
15:32:32 | INFO: Extracting primitive: COL_corridor_side.026
15:32:32 | INFO: Primitives created: 1
15:32:32 | INFO: Extracting primitive: COL_corridor_post.026
15:32:32 | INFO: Primitives created: 1
15:32:32 | INFO: Extracting primitive: COL_corridor_post.027
15:32:32 | INFO: Primitives created: 1
15:32:32 | INFO: Extracting primitive: COL_corridor_floor.015
15:32:32 | INFO: Primitives created: 1
15:32:32 | INFO: Extracting primitive: COL_corridor_side.027
15:32:32 | INFO: Primitives created: 1
15:32:32 | INFO: Extracting primitive: COL_corridor_side.028
15:32:32 | INFO: Primitives created: 1
15:32:32 | INFO: Extracting primitive: COL_corridor_post.028
15:32:32 | INFO: Primitives created: 1
15:32:32 | INFO: Extracting primitive: COL_corridor_post.029
15:32:32 | INFO: Primitives created: 1
15:32:32 | INFO: Extracting primitive: COL_corridor_floor.016
15:32:32 | INFO: Primitives created: 1
15:32:32 | INFO: Extracting primitive: COL_corridor_side.029
15:32:32 | INFO: Primitives created: 1
15:32:32 | INFO: Extracting primitive: COL_corridor_side.030
15:32:32 | INFO: Primitives created: 1
15:32:32 | INFO: Extracting primitive: COL_corridor_post.030
15:32:32 | INFO: Primitives created: 1
15:32:32 | INFO: Extracting primitive: COL_corridor_post.031
15:32:32 | INFO: Primitives created: 1
15:32:32 | INFO: Extracting primitive: COL_qinfang_deck.001
15:32:32 | INFO: Primitives created: 1
15:32:32 | INFO: Extracting primitive: COL_pavilion_bench.001
15:32:32 | INFO: Primitives created: 1
15:32:32 | INFO: Extracting primitive: COL_pavilion_bench.002
15:32:32 | INFO: Primitives created: 1
15:32:32 | INFO: Extracting primitive: COL_pavilion_bracket.001
15:32:32 | INFO: Primitives created: 1
15:32:32 | INFO: Extracting primitive: COL_pavilion_bracket.002
15:32:32 | INFO: Primitives created: 1
15:32:32 | INFO: Extracting primitive: COL_pavilion_bracket.003
15:32:32 | INFO: Primitives created: 1
15:32:32 | INFO: Extracting primitive: COL_pavilion_bracket.004
15:32:32 | INFO: Primitives created: 1
15:32:32 | INFO: Extracting primitive: COL_pavilion_bracket.005
15:32:32 | INFO: Primitives created: 1
15:32:32 | INFO: Extracting primitive: COL_pavilion_bracket.006
15:32:32 | INFO: Primitives created: 1
15:32:32 | INFO: Extracting primitive: COL_pavilion_post.001
15:32:32 | INFO: Primitives created: 1
15:32:32 | INFO: Extracting primitive: COL_pavilion_post.002
15:32:32 | INFO: Primitives created: 1
15:32:32 | INFO: Extracting primitive: COL_pavilion_post.003
15:32:32 | INFO: Primitives created: 1
15:32:32 | INFO: Extracting primitive: COL_pavilion_post.004
15:32:32 | INFO: Primitives created: 1
15:32:32 | INFO: Extracting primitive: COL_pavilion_post.005
15:32:32 | INFO: Primitives created: 1
15:32:32 | INFO: Extracting primitive: COL_pavilion_post.006
15:32:32 | INFO: Primitives created: 1
15:32:32 | INFO: Extracting primitive: COL_pavilion_roof.001
15:32:32 | INFO: Primitives created: 1
15:32:32 | INFO: Extracting primitive: KIT_flora_bamboo_large_render.001
15:32:32 | WARNING: More than one shader node tex image used for a texture. The resulting glTF sampler will behave like the first shader node tex image.
15:32:32 | INFO: Primitives created: 1
15:32:32 | INFO: Extracting primitive: KIT_flora_bamboo_large_render.002
15:32:32 | INFO: Primitives created: 1
15:32:32 | INFO: Extracting primitive: KIT_flora_bamboo_small_render.001
15:32:32 | INFO: Primitives created: 1
15:32:32 | INFO: Extracting primitive: KIT_flora_willow_render.001
15:32:32 | INFO: Primitives created: 1
15:32:32 | INFO: Extracting primitive: KIT_flora_willow_render.002
15:32:32 | INFO: Primitives created: 1
15:32:32 | INFO: Extracting primitive: HERO_qinfang-ting_title.002
15:32:32 | WARNING: More than one shader node tex image used for a texture. The resulting glTF sampler will behave like the first shader node tex image.
15:32:32 | INFO: Primitives created: 1
15:32:32 | INFO: Extracting primitive: HERO_qinfang_bridge.001
15:32:32 | INFO: Primitives created: 1
15:32:32 | INFO: Extracting primitive: HERO_table_hexagram.001
15:32:32 | INFO: Primitives created: 1
15:32:32 | INFO: Extracting primitive: line_piece.005
15:32:32 | WARNING: More than one shader node tex image used for a texture. The resulting glTF sampler will behave like the first shader node tex image.
15:32:32 | INFO: Primitives created: 1
15:32:32 | INFO: Extracting primitive: line_piece.002
15:32:32 | INFO: Primitives created: 1
15:32:32 | INFO: Extracting primitive: line_piece.011
15:32:32 | INFO: Primitives created: 1
15:32:32 | INFO: Extracting primitive: line_piece.008
15:32:32 | INFO: Primitives created: 1
15:32:32 | INFO: Extracting primitive: line_piece.017
15:32:32 | INFO: Primitives created: 1
15:32:32 | INFO: Extracting primitive: line_piece.014
15:32:32 | INFO: Primitives created: 1
15:32:32 | INFO: Extracting primitive: line_piece.019
15:32:32 | INFO: Primitives created: 1
15:32:32 | INFO: Extracting primitive: line_piece.018
15:32:32 | INFO: Primitives created: 1
15:32:32 | INFO: Extracting primitive: line_piece.021
15:32:32 | INFO: Primitives created: 1
15:32:32 | INFO: Extracting primitive: line_piece.020
15:32:32 | INFO: Primitives created: 1
15:32:32 | INFO: Extracting primitive: line_piece.023
15:32:32 | INFO: Primitives created: 1
15:32:32 | INFO: Extracting primitive: line_piece.022
15:32:32 | INFO: Primitives created: 1
15:32:32 | INFO: Extracting primitive: HERO_table_pedestal.001
15:32:32 | INFO: Primitives created: 1
15:32:32 | INFO: Extracting primitive: KIT_water_lotus.021
15:32:32 | INFO: Primitives created: 1
15:32:32 | INFO: Extracting primitive: KIT_corridor_rail.008
15:32:32 | INFO: Primitives created: 1
15:32:32 | INFO: Extracting primitive: KIT_pavilion_roof_shell.001
15:32:32 | INFO: Primitives created: 1
15:32:32 | INFO: Extracting primitive: KIT_pavilion_plinth.001
15:32:32 | INFO: Primitives created: 1
15:32:32 | INFO: Extracting primitive: KIT_props_lantern_hanging_render.001
15:32:32 | WARNING: More than one shader node tex image used for a texture. The resulting glTF sampler will behave like the first shader node tex image.
15:32:32 | INFO: Primitives created: 1
15:32:32 | INFO: Extracting primitive: KIT_water_stream.001
15:32:32 | INFO: Primitives created: 1
15:32:32 | INFO: Finished glTF 2.0 export in 0.2538759708404541 s

15:32:33 | INFO: Starting glTF 2.0 export
15:32:33 | INFO: Extracting primitive: COL_GATE_banana_planter.001
15:32:33 | INFO: Primitives created: 1
15:32:33 | INFO: Extracting primitive: KIT_rockery_passage.022
15:32:33 | INFO: Primitives created: 1
15:32:33 | INFO: Extracting primitive: KIT_rockery_passage.024
15:32:33 | INFO: Primitives created: 1
15:32:33 | INFO: Extracting primitive: KIT_rockery_cliff.006
15:32:33 | INFO: Primitives created: 1
15:32:33 | INFO: Extracting primitive: KIT_rockery_cliff.008
15:32:33 | INFO: Primitives created: 1
15:32:33 | INFO: Extracting primitive: KIT_rockery_passage.004
15:32:33 | INFO: Primitives created: 1
15:32:33 | INFO: Extracting primitive: KIT_rockery_passage.016
15:32:33 | INFO: Primitives created: 1
15:32:33 | INFO: Extracting primitive: KIT_rockery_passage.018
15:32:33 | INFO: Primitives created: 1
15:32:33 | INFO: Extracting primitive: KIT_rockery_passage.020
15:32:33 | INFO: Primitives created: 1
15:32:33 | INFO: Extracting primitive: GATE_paving.003
15:32:33 | INFO: Primitives created: 1
15:32:33 | INFO: Extracting primitive: HERO_gate_inscription.001
15:32:33 | WARNING: More than one shader node tex image used for a texture. The resulting glTF sampler will behave like the first shader node tex image.
15:32:33 | INFO: Primitives created: 1
15:32:33 | INFO: Extracting primitive: HERO_gate_water_drips.001
15:32:33 | WARNING: More than one shader node tex image used for a texture. The resulting glTF sampler will behave like the first shader node tex image.
15:32:33 | INFO: Primitives created: 1
15:32:33 | INFO: Extracting primitive: GATE_banana_pseudostem.001
15:32:33 | INFO: Primitives created: 1
15:32:33 | INFO: Extracting primitive: GATE_banana_soil.001
15:32:33 | INFO: Primitives created: 1
15:32:33 | INFO: Extracting primitive: KIT_rockery_passage.001
15:32:33 | WARNING: More than one shader node tex image used for a texture. The resulting glTF sampler will behave like the first shader node tex image.
15:32:33 | INFO: Primitives created: 1
15:32:33 | INFO: Extracting primitive: GATE_paving.002
15:32:33 | INFO: Primitives created: 1
15:32:33 | INFO: Extracting primitive: KIT_props_lantern_hanging_render.008
15:32:33 | WARNING: More than one shader node tex image used for a texture. The resulting glTF sampler will behave like the first shader node tex image.
15:32:33 | INFO: Primitives created: 1
15:32:33 | INFO: Extracting primitive: KIT_stage_fog_plane_render.017
15:32:33 | INFO: Primitives created: 1
15:32:33 | INFO: Finished glTF 2.0 export in 0.06962728500366211 s

15:32:33 | INFO: Starting glTF 2.0 export
15:32:33 | INFO: Extracting primitive: COL_cell_floor.006
15:32:33 | INFO: Primitives created: 1
15:32:33 | INFO: Extracting primitive: COL_cell_floor.007
15:32:33 | INFO: Primitives created: 1
15:32:33 | INFO: Extracting primitive: COL_cell_floor.008
15:32:33 | INFO: Primitives created: 1
15:32:33 | INFO: Extracting primitive: COL_cell_floor.009
15:32:33 | INFO: Primitives created: 1
15:32:33 | INFO: Extracting primitive: COL_cell_floor.010
15:32:33 | INFO: Primitives created: 1
15:32:33 | INFO: Extracting primitive: COL_cell_floor.011
15:32:33 | INFO: Primitives created: 1
15:32:33 | INFO: Extracting primitive: COL_cell_wall.012
15:32:33 | INFO: Primitives created: 1
15:32:33 | INFO: Extracting primitive: COL_cell_wall.013
15:32:33 | INFO: Primitives created: 1
15:32:33 | INFO: Extracting primitive: COL_cell_wall.014
15:32:33 | INFO: Primitives created: 1
15:32:33 | INFO: Extracting primitive: COL_cell_wall.015
15:32:33 | INFO: Primitives created: 1
15:32:33 | INFO: Extracting primitive: COL_cell_wall.016
15:32:33 | INFO: Primitives created: 1
15:32:33 | INFO: Extracting primitive: COL_cell_wall.017
15:32:33 | INFO: Primitives created: 1
15:32:33 | INFO: Extracting primitive: COL_cell_wall.018
15:32:33 | INFO: Primitives created: 1
15:32:33 | INFO: Extracting primitive: COL_cell_wall.019
15:32:33 | INFO: Primitives created: 1
15:32:33 | INFO: Extracting primitive: COL_cell_wall.020
15:32:33 | INFO: Primitives created: 1
15:32:33 | INFO: Extracting primitive: COL_cell_wall.021
15:32:33 | INFO: Primitives created: 1
15:32:33 | INFO: Extracting primitive: COL_cell_wall.022
15:32:33 | INFO: Primitives created: 1
15:32:33 | INFO: Extracting primitive: COL_cell_wall.023
15:32:33 | INFO: Primitives created: 1
15:32:33 | INFO: Extracting primitive: COL_entry_corridor.001
15:32:33 | INFO: Primitives created: 1
15:32:33 | INFO: Extracting primitive: COL_entry_walk.002
15:32:33 | INFO: Primitives created: 1
15:32:33 | INFO: Extracting primitive: COL_entry_walk.003
15:32:33 | INFO: Primitives created: 1
15:32:33 | INFO: Extracting primitive: COL_floor_joint_cell_threshold_0.001
15:32:33 | INFO: Primitives created: 1
15:32:33 | INFO: Extracting primitive: COL_floor_joint_cell_threshold_1.001
15:32:33 | INFO: Primitives created: 1
15:32:33 | INFO: Extracting primitive: COL_floor_joint_cell_threshold_2.001
15:32:33 | INFO: Primitives created: 1
15:32:33 | INFO: Extracting primitive: COL_floor_joint_cell_threshold_3.001
15:32:33 | INFO: Primitives created: 1
15:32:33 | INFO: Extracting primitive: COL_floor_joint_cell_threshold_4.001
15:32:33 | INFO: Primitives created: 1
15:32:33 | INFO: Extracting primitive: COL_floor_joint_cell_threshold_5.001
15:32:33 | INFO: Primitives created: 1
15:32:33 | INFO: Extracting primitive: Cube.193
15:32:33 | INFO: Primitives created: 1
15:32:33 | INFO: Extracting primitive: Cube.194
15:32:33 | INFO: Primitives created: 1
15:32:33 | INFO: Extracting primitive: Cube.195
15:32:33 | INFO: Primitives created: 1
15:32:33 | INFO: Extracting primitive: Cube.196
15:32:33 | INFO: Primitives created: 1
15:32:33 | INFO: Extracting primitive: Cube.197
15:32:33 | INFO: Primitives created: 1
15:32:33 | INFO: Extracting primitive: Cube.198
15:32:33 | INFO: Primitives created: 1
15:32:33 | INFO: Extracting primitive: Cube.199
15:32:33 | INFO: Primitives created: 1
15:32:33 | INFO: Extracting primitive: Cube.200
15:32:33 | INFO: Primitives created: 1
15:32:33 | INFO: Extracting primitive: Cube.151
15:32:33 | INFO: Primitives created: 1
15:32:33 | INFO: Extracting primitive: Cube.152
15:32:33 | INFO: Primitives created: 1
15:32:33 | INFO: Extracting primitive: Cube.153
15:32:33 | INFO: Primitives created: 1
15:32:33 | INFO: Extracting primitive: Cube.154
15:32:33 | INFO: Primitives created: 1
15:32:33 | INFO: Extracting primitive: Cube.155
15:32:33 | INFO: Primitives created: 1
15:32:33 | INFO: Extracting primitive: Cube.156
15:32:33 | INFO: Primitives created: 1
15:32:33 | INFO: Extracting primitive: Cube.157
15:32:33 | INFO: Primitives created: 1
15:32:33 | INFO: Extracting primitive: Cube.158
15:32:33 | INFO: Primitives created: 1
15:32:33 | INFO: Extracting primitive: Cube.159
15:32:33 | INFO: Primitives created: 1
15:32:33 | INFO: Extracting primitive: Cube.160
15:32:33 | INFO: Primitives created: 1
15:32:33 | INFO: Extracting primitive: Cube.161
15:32:33 | INFO: Primitives created: 1
15:32:33 | INFO: Extracting primitive: Cube.162
15:32:33 | INFO: Primitives created: 1
15:32:33 | INFO: Extracting primitive: Cube.163
15:32:33 | INFO: Primitives created: 1
15:32:33 | INFO: Extracting primitive: Cube.164
15:32:33 | INFO: Primitives created: 1
15:32:33 | INFO: Extracting primitive: Cube.165
15:32:33 | INFO: Primitives created: 1
15:32:33 | INFO: Extracting primitive: Cube.166
15:32:33 | INFO: Primitives created: 1
15:32:33 | INFO: Extracting primitive: Cube.167
15:32:33 | INFO: Primitives created: 1
15:32:33 | INFO: Extracting primitive: Cube.168
15:32:33 | INFO: Primitives created: 1
15:32:33 | INFO: Extracting primitive: Cube.169
15:32:33 | INFO: Primitives created: 1
15:32:33 | INFO: Extracting primitive: Cube.170
15:32:33 | INFO: Primitives created: 1
15:32:33 | INFO: Extracting primitive: Cube.171
15:32:33 | INFO: Primitives created: 1
15:32:33 | INFO: Extracting primitive: Cube.172
15:32:33 | INFO: Primitives created: 1
15:32:33 | INFO: Extracting primitive: Cube.173
15:32:33 | INFO: Primitives created: 1
15:32:33 | INFO: Extracting primitive: Cube.174
15:32:33 | INFO: Primitives created: 1
15:32:33 | INFO: Extracting primitive: Cube.175
15:32:33 | INFO: Primitives created: 1
15:32:33 | INFO: Extracting primitive: Cube.176
15:32:33 | INFO: Primitives created: 1
15:32:33 | INFO: Extracting primitive: Cube.177
15:32:33 | INFO: Primitives created: 1
15:32:33 | INFO: Extracting primitive: Cube.178
15:32:33 | INFO: Primitives created: 1
15:32:33 | INFO: Extracting primitive: Cube.179
15:32:33 | INFO: Primitives created: 1
15:32:33 | INFO: Extracting primitive: Cube.180
15:32:33 | INFO: Primitives created: 1
15:32:33 | INFO: Extracting primitive: Cube.181
15:32:33 | INFO: Primitives created: 1
15:32:33 | INFO: Extracting primitive: Cube.182
15:32:33 | INFO: Primitives created: 1
15:32:33 | INFO: Extracting primitive: Cube.183
15:32:33 | INFO: Primitives created: 1
15:32:33 | INFO: Extracting primitive: Cube.184
15:32:33 | INFO: Primitives created: 1
15:32:33 | INFO: Extracting primitive: Cube.185
15:32:33 | INFO: Primitives created: 1
15:32:33 | INFO: Extracting primitive: Cube.186
15:32:33 | INFO: Primitives created: 1
15:32:33 | INFO: Extracting primitive: Cube.187
15:32:33 | INFO: Primitives created: 1
15:32:33 | INFO: Extracting primitive: Cube.188
15:32:33 | INFO: Primitives created: 1
15:32:33 | INFO: Extracting primitive: Cube.189
15:32:33 | INFO: Primitives created: 1
15:32:33 | INFO: Extracting primitive: Cube.190
15:32:33 | INFO: Primitives created: 1
15:32:33 | INFO: Extracting primitive: Cube.191
15:32:33 | INFO: Primitives created: 1
15:32:33 | INFO: Extracting primitive: Cube.192
15:32:33 | INFO: Primitives created: 1
15:32:33 | INFO: Extracting primitive: KIT_tech_cell_side.012
15:32:33 | INFO: Primitives created: 1
15:32:33 | INFO: Extracting primitive: KIT_wall_window_bar.030
15:32:33 | INFO: Primitives created: 1
15:32:33 | INFO: Extracting primitive: KIT_stage_entry_walk.002
15:32:33 | INFO: Primitives created: 1
15:32:33 | INFO: Extracting primitive: KIT_props_folding_chair_render.001
15:32:33 | WARNING: More than one shader node tex image used for a texture. The resulting glTF sampler will behave like the first shader node tex image.
15:32:33 | INFO: Primitives created: 1
15:32:33 | INFO: Extracting primitive: KIT_stage_floor_boards_render.002
15:32:33 | WARNING: More than one shader node tex image used for a texture. The resulting glTF sampler will behave like the first shader node tex image.
15:32:33 | INFO: Primitives created: 1
15:32:33 | INFO: Extracting primitive: KIT_stage_gel_frame_render.002
15:32:33 | INFO: Primitives created: 2
15:32:33 | INFO: Extracting primitive: KIT_stage_studio_wall_render.002
15:32:33 | INFO: Primitives created: 1
15:32:33 | INFO: Extracting primitive: KIT_stage_fog_plane_render.020
15:32:33 | INFO: Primitives created: 1
15:32:33 | INFO: Extracting primitive: KIT_tech_terminal_desk_render.001
15:32:34 | WARNING: More than one shader node tex image used for a texture. The resulting glTF sampler will behave like the first shader node tex image.
15:32:34 | INFO: Primitives created: 1
15:32:34 | INFO: Extracting primitive: KIT_props_scroll_render.001
15:32:34 | WARNING: More than one shader node tex image used for a texture. The resulting glTF sampler will behave like the first shader node tex image.
15:32:34 | INFO: Primitives created: 1
15:32:34 | INFO: Finished glTF 2.0 export in 0.14775776863098145 s

15:32:35 | INFO: Starting glTF 2.0 export
15:32:35 | INFO: Extracting primitive: COL_qiushuang-zhai_floor.001
15:32:35 | INFO: Primitives created: 1
15:32:35 | INFO: Extracting primitive: COL_study_desk_centre.002
15:32:35 | INFO: Primitives created: 1
15:32:35 | INFO: Extracting primitive: COL_study_desk_left.002
15:32:35 | INFO: Primitives created: 1
15:32:35 | INFO: Extracting primitive: COL_study_desk_right.002
15:32:35 | INFO: Primitives created: 1
15:32:35 | INFO: Extracting primitive: COL_study_front_walk.002
15:32:35 | INFO: Primitives created: 1
15:32:35 | INFO: Extracting primitive: COL_study_front_wall.002
15:32:35 | INFO: Primitives created: 1
15:32:35 | INFO: Extracting primitive: COL_study_post.001
15:32:35 | INFO: Primitives created: 1
15:32:35 | INFO: Extracting primitive: COL_study_post.002
15:32:35 | INFO: Primitives created: 1
15:32:35 | INFO: Extracting primitive: COL_study_post.003
15:32:35 | INFO: Primitives created: 1
15:32:35 | INFO: Extracting primitive: COL_study_post.008
15:32:35 | INFO: Primitives created: 1
15:32:35 | INFO: Extracting primitive: Cube.201
15:32:35 | INFO: Primitives created: 1
15:32:35 | INFO: Extracting primitive: Cube.202
15:32:35 | INFO: Primitives created: 1
15:32:35 | INFO: Extracting primitive: Cube.203
15:32:35 | INFO: Primitives created: 1
15:32:35 | INFO: Extracting primitive: HERO_study_scroll_bamboo.002
15:32:35 | INFO: Primitives created: 1
15:32:35 | INFO: Extracting primitive: HERO_study_scroll_plum.002
15:32:35 | INFO: Primitives created: 1
15:32:35 | INFO: Extracting primitive: HERO_study_title.002
15:32:35 | WARNING: More than one shader node tex image used for a texture. The resulting glTF sampler will behave like the first shader node tex image.
15:32:35 | INFO: Primitives created: 1
15:32:35 | INFO: Extracting primitive: SITE_qiushuang-zhai_backstage.001
15:32:35 | INFO: Primitives created: 1
15:32:35 | INFO: Extracting primitive: KIT_pavilion_finial.005
15:32:35 | INFO: Primitives created: 1
15:32:35 | INFO: Extracting primitive: KIT_wall_lattice_vertical.042
15:32:35 | INFO: Primitives created: 1
15:32:35 | INFO: Extracting primitive: SITE_qiushuang-zhai_platform.001
15:32:35 | INFO: Primitives created: 1
15:32:35 | INFO: Extracting primitive: KIT_props_lantern_hanging_render.010
15:32:35 | WARNING: More than one shader node tex image used for a texture. The resulting glTF sampler will behave like the first shader node tex image.
15:32:35 | INFO: Primitives created: 1
15:32:35 | INFO: Extracting primitive: KIT_pavilion_roof.005
15:32:35 | INFO: Primitives created: 1
15:32:35 | INFO: Extracting primitive: KIT_tech_terminal_desk_render.007
15:32:35 | WARNING: More than one shader node tex image used for a texture. The resulting glTF sampler will behave like the first shader node tex image.
15:32:35 | INFO: Primitives created: 1
15:32:35 | INFO: Extracting primitive: SITE_qiushuang-zhai_front.001
15:32:35 | INFO: Primitives created: 1
15:32:35 | INFO: Finished glTF 2.0 export in 0.04831218719482422 s

15:32:36 | INFO: Starting glTF 2.0 export
15:32:36 | INFO: Extracting primitive: COL_tubi-tang_floor.001
15:32:36 | INFO: Primitives created: 1
15:32:36 | INFO: Extracting primitive: COL_tubi_closed_hall.002
15:32:36 | INFO: Primitives created: 1
15:32:36 | INFO: Extracting primitive: COL_tubi_hall_post.001
15:32:36 | INFO: Primitives created: 1
15:32:36 | INFO: Extracting primitive: COL_tubi_hall_post.002
15:32:36 | INFO: Primitives created: 1
15:32:36 | INFO: Extracting primitive: COL_tubi_hall_post.006
15:32:36 | INFO: Primitives created: 1
15:32:36 | INFO: Extracting primitive: COL_tubi_parapet.001
15:32:36 | INFO: Primitives created: 1
15:32:36 | INFO: Extracting primitive: COL_tubi_parapet.002
15:32:36 | INFO: Primitives created: 1
15:32:36 | INFO: Extracting primitive: COL_tubi_parapet.003
15:32:36 | INFO: Primitives created: 1
15:32:36 | INFO: Extracting primitive: COL_tubi_parapet.008
15:32:36 | INFO: Primitives created: 1
15:32:36 | INFO: Extracting primitive: COL_tubi_stair_guard.001
15:32:36 | INFO: Primitives created: 1
15:32:36 | INFO: Extracting primitive: COL_tubi_stair_guard.004
15:32:36 | INFO: Primitives created: 1
15:32:36 | INFO: Extracting primitive: COL_tubi_stair_ramp.002
15:32:36 | INFO: Primitives created: 1
15:32:36 | INFO: Extracting primitive: COL_tubi_terrace.002
15:32:36 | INFO: Primitives created: 1
15:32:36 | INFO: Extracting primitive: COL_tubi_topic_table.002
15:32:36 | INFO: Primitives created: 1
15:32:36 | INFO: Extracting primitive: COL_tubi_view_bench_left.001
15:32:36 | INFO: Primitives created: 1
15:32:36 | INFO: Extracting primitive: COL_tubi_view_bench_right.001
15:32:36 | INFO: Primitives created: 1
15:32:36 | INFO: Extracting primitive: HERO_tubi_title.002
15:32:36 | WARNING: More than one shader node tex image used for a texture. The resulting glTF sampler will behave like the first shader node tex image.
15:32:36 | INFO: Primitives created: 1
15:32:36 | INFO: Extracting primitive: SITE_tubi-tang_backstage.001
15:32:36 | INFO: Primitives created: 1
15:32:36 | INFO: Extracting primitive: KIT_pavilion_finial.007
15:32:36 | INFO: Primitives created: 1
15:32:36 | INFO: Extracting primitive: KIT_wall_amber_window.003
15:32:36 | INFO: Primitives created: 1
15:32:36 | INFO: Extracting primitive: TUBI_topic_line.001
15:32:36 | INFO: Primitives created: 1
15:32:36 | INFO: Extracting primitive: KIT_wall_lattice_vertical.063
15:32:36 | INFO: Primitives created: 1
15:32:36 | INFO: Extracting primitive: SITE_tubi-tang_platform.001
15:32:36 | INFO: Primitives created: 1
15:32:36 | INFO: Extracting primitive: KIT_props_lantern_hanging_render.012
15:32:36 | WARNING: More than one shader node tex image used for a texture. The resulting glTF sampler will behave like the first shader node tex image.
15:32:36 | INFO: Primitives created: 1
15:32:36 | INFO: Extracting primitive: KIT_pavilion_roof.007
15:32:36 | INFO: Primitives created: 1
15:32:36 | INFO: Extracting primitive: TUBI_terrace.002
15:32:36 | INFO: Primitives created: 1
15:32:36 | INFO: Extracting primitive: SITE_tubi-tang_front.001
15:32:36 | INFO: Primitives created: 1
15:32:36 | INFO: Finished glTF 2.0 export in 0.039324045181274414 s

15:32:38 | INFO: Starting glTF 2.0 export
15:32:38 | INFO: Extracting primitive: COL_daguan_central_step.003
15:32:38 | INFO: Primitives created: 1
15:32:38 | INFO: Extracting primitive: COL_daguan_central_step.004
15:32:38 | INFO: Primitives created: 1
15:32:38 | INFO: Extracting primitive: COL_daguan_central_step.005
15:32:38 | INFO: Primitives created: 1
15:32:38 | INFO: Extracting primitive: COL_daguan_closed_front.001
15:32:38 | INFO: Primitives created: 1
15:32:38 | INFO: Extracting primitive: COL_daguan_column.006
15:32:38 | INFO: Primitives created: 1
15:32:38 | INFO: Extracting primitive: COL_daguan_column.007
15:32:38 | INFO: Primitives created: 1
15:32:38 | INFO: Extracting primitive: COL_daguan_column.008
15:32:38 | INFO: Primitives created: 1
15:32:38 | INFO: Extracting primitive: COL_daguan_column.009
15:32:38 | INFO: Primitives created: 1
15:32:38 | INFO: Extracting primitive: COL_daguan_column.010
15:32:38 | INFO: Primitives created: 1
15:32:38 | INFO: Extracting primitive: COL_daguan_column.011
15:32:38 | INFO: Primitives created: 1
15:32:38 | INFO: Extracting primitive: COL_daguan_floor.001
15:32:38 | INFO: Primitives created: 1
15:32:38 | INFO: Extracting primitive: COL_daguan_return_wall.002
15:32:38 | INFO: Primitives created: 1
15:32:38 | INFO: Extracting primitive: COL_daguan_return_wall.003
15:32:38 | INFO: Primitives created: 1
15:32:38 | INFO: Extracting primitive: HERO_daguan_title.001
15:32:38 | WARNING: More than one shader node tex image used for a texture. The resulting glTF sampler will behave like the first shader node tex image.
15:32:38 | INFO: Primitives created: 1
15:32:38 | INFO: Extracting primitive: DAGUAN_backstage.001
15:32:38 | INFO: Primitives created: 1
15:32:38 | INFO: Extracting primitive: DAGUAN_door_stud.180
15:32:38 | INFO: Primitives created: 1
15:32:38 | INFO: Extracting primitive: DAGUAN_amber_transom.002
15:32:38 | INFO: Primitives created: 1
15:32:38 | INFO: Extracting primitive: DAGUAN_closed_door.010
15:32:38 | INFO: Primitives created: 1
15:32:38 | INFO: Extracting primitive: DAGUAN_recessed_panel.020
15:32:38 | INFO: Primitives created: 1
15:32:38 | INFO: Extracting primitive: DAGUAN_column.006
15:32:38 | INFO: Primitives created: 1
15:32:38 | INFO: Extracting primitive: DAGUAN_platform.001
15:32:38 | INFO: Primitives created: 1
15:32:38 | INFO: Extracting primitive: DAGUAN_lower_roof.001
15:32:38 | INFO: Primitives created: 1
15:32:38 | INFO: Extracting primitive: DAGUAN_front.001
15:32:38 | INFO: Primitives created: 1
15:32:38 | INFO: Finished glTF 2.0 export in 0.0587921142578125 s

15:32:39 | INFO: Starting glTF 2.0 export
15:32:39 | INFO: Extracting primitive: COL_ouxiang_approach.001
15:32:39 | INFO: Primitives created: 1
15:32:39 | INFO: Extracting primitive: COL_ouxiang_deck.001
15:32:39 | INFO: Primitives created: 1
15:32:39 | INFO: Extracting primitive: COL_ouxiang_post.004
15:32:39 | INFO: Primitives created: 1
15:32:39 | INFO: Extracting primitive: COL_ouxiang_post.005
15:32:39 | INFO: Primitives created: 1
15:32:39 | INFO: Extracting primitive: COL_ouxiang_post.006
15:32:39 | INFO: Primitives created: 1
15:32:39 | INFO: Extracting primitive: COL_ouxiang_post.007
15:32:39 | INFO: Primitives created: 1
15:32:39 | INFO: Extracting primitive: COL_ouxiang_rail.002
15:32:39 | INFO: Primitives created: 1
15:32:39 | INFO: Extracting primitive: COL_ouxiang_rail.003
15:32:39 | INFO: Primitives created: 1
15:32:39 | INFO: Extracting primitive: COL_ouxiang_side_rail.004
15:32:39 | INFO: Primitives created: 1
15:32:39 | INFO: Extracting primitive: COL_ouxiang_side_rail.005
15:32:39 | INFO: Primitives created: 1
15:32:39 | INFO: Extracting primitive: COL_ouxiang_side_rail.006
15:32:39 | INFO: Primitives created: 1
15:32:39 | INFO: Extracting primitive: COL_ouxiang_side_rail.007
15:32:39 | INFO: Primitives created: 1
15:32:39 | INFO: Extracting primitive: COL_ouxiang_table.001
15:32:39 | INFO: Primitives created: 1
15:32:39 | INFO: Extracting primitive: KIT_props_tea_cup.006
15:32:39 | INFO: Primitives created: 1
15:32:39 | INFO: Extracting primitive: KIT_water_lotus_leaf.007
15:32:39 | INFO: Primitives created: 1
15:32:39 | INFO: Extracting primitive: SITE_ouxiang_deck.001
15:32:39 | INFO: Primitives created: 1
15:32:39 | INFO: Extracting primitive: KIT_pavilion_water_pier.004
15:32:39 | INFO: Primitives created: 1
15:32:39 | INFO: Extracting primitive: KIT_props_lantern_hanging_render.013
15:32:39 | WARNING: More than one shader node tex image used for a texture. The resulting glTF sampler will behave like the first shader node tex image.
15:32:39 | INFO: Primitives created: 1
15:32:39 | INFO: Extracting primitive: KIT_pavilion_water_hipped_roof.001
15:32:39 | INFO: Primitives created: 1
15:32:39 | INFO: Finished glTF 2.0 export in 0.03200387954711914 s

15:32:40 | INFO: Starting glTF 2.0 export
15:32:40 | INFO: Extracting primitive: COL_hengwu-yuan_floor.001
15:32:40 | INFO: Primitives created: 1
15:32:40 | INFO: Extracting primitive: COL_hengwu_closed_hall.002
15:32:40 | INFO: Primitives created: 1
15:32:40 | INFO: Extracting primitive: COL_hengwu_court.002
15:32:40 | INFO: Primitives created: 1
15:32:40 | INFO: Extracting primitive: COL_hengwu_hall_post.001
15:32:40 | INFO: Primitives created: 1
15:32:40 | INFO: Extracting primitive: COL_hengwu_hall_post.002
15:32:40 | INFO: Primitives created: 1
15:32:40 | INFO: Extracting primitive: COL_hengwu_hall_post.006
15:32:40 | INFO: Primitives created: 1
15:32:40 | INFO: Extracting primitive: COL_wall_bay.001
15:32:40 | INFO: Primitives created: 1
15:32:40 | INFO: Extracting primitive: COL_wall_bay.002
15:32:40 | INFO: Primitives created: 1
15:32:40 | INFO: Extracting primitive: COL_wall_bay.003
15:32:40 | INFO: Primitives created: 1
15:32:40 | INFO: Extracting primitive: COL_wall_bay.004
15:32:40 | INFO: Primitives created: 1
15:32:40 | INFO: Extracting primitive: COL_wall_bay.005
15:32:40 | INFO: Primitives created: 1
15:32:40 | INFO: Extracting primitive: COL_wall_bay.006
15:32:40 | INFO: Primitives created: 1
15:32:40 | INFO: Extracting primitive: KIT_wall_plaster.002
15:32:40 | INFO: Primitives created: 1
15:32:40 | INFO: Extracting primitive: COL_wall_window.001
15:32:40 | INFO: Primitives created: 1
15:32:40 | INFO: Extracting primitive: COL_wall_window.002
15:32:40 | INFO: Primitives created: 1
15:32:40 | INFO: Extracting primitive: COL_hengwu_rock.001
15:32:40 | INFO: Primitives created: 1
15:32:40 | INFO: Extracting primitive: COL_hengwu_rock.002
15:32:40 | INFO: Primitives created: 1
15:32:40 | INFO: Extracting primitive: COL_hengwu_rock.006
15:32:40 | INFO: Primitives created: 1
15:32:40 | INFO: Extracting primitive: COL_hengwu_stool.001
15:32:40 | INFO: Primitives created: 1
15:32:40 | INFO: Extracting primitive: COL_hengwu_stool.002
15:32:40 | INFO: Primitives created: 1
15:32:40 | INFO: Extracting primitive: COL_hengwu_stool.003
15:32:40 | INFO: Primitives created: 1
15:32:40 | INFO: Extracting primitive: COL_hengwu_stool.008
15:32:40 | INFO: Primitives created: 1
15:32:40 | INFO: Extracting primitive: COL_hengwu_table.002
15:32:40 | INFO: Primitives created: 1
15:32:40 | INFO: Extracting primitive: HERO_hengwu-yuan_title.002
15:32:40 | WARNING: More than one shader node tex image used for a texture. The resulting glTF sampler will behave like the first shader node tex image.
15:32:40 | INFO: Primitives created: 1
15:32:40 | INFO: Extracting primitive: SITE_hengwu-yuan_backstage.001
15:32:40 | INFO: Primitives created: 1
15:32:40 | INFO: Extracting primitive: KIT_pavilion_finial.011
15:32:40 | INFO: Primitives created: 1
15:32:40 | INFO: Extracting primitive: KIT_wall_amber_window.006
15:32:40 | INFO: Primitives created: 1
15:32:40 | INFO: Extracting primitive: HENGWU_herb_leaf.001
15:32:40 | INFO: Primitives created: 1
15:32:40 | INFO: Extracting primitive: KIT_wall_lattice_vertical.105
15:32:40 | INFO: Primitives created: 1
15:32:40 | INFO: Extracting primitive: SITE_hengwu-yuan_platform.001
15:32:40 | INFO: Primitives created: 1
15:32:40 | INFO: Extracting primitive: KIT_props_lantern_hanging_render.015
15:32:40 | WARNING: More than one shader node tex image used for a texture. The resulting glTF sampler will behave like the first shader node tex image.
15:32:40 | INFO: Primitives created: 1
15:32:40 | INFO: Extracting primitive: KIT_pavilion_roof.011
15:32:40 | INFO: Primitives created: 1
15:32:40 | INFO: Extracting primitive: KIT_wall_bay.001
15:32:40 | WARNING: More than one shader node tex image used for a texture. The resulting glTF sampler will behave like the first shader node tex image.
15:32:40 | INFO: Primitives created: 1
15:32:40 | INFO: Extracting primitive: SITE_hengwu-yuan_front.001
15:32:40 | INFO: Primitives created: 1
15:32:40 | INFO: Finished glTF 2.0 export in 0.12871789932250977 s

15:32:40 | INFO: Starting glTF 2.0 export
15:32:40 | INFO: Extracting primitive: COL_yihong_closed_front.002
15:32:40 | INFO: Primitives created: 1
15:32:40 | INFO: Extracting primitive: COL_yihong_court_side.001
15:32:40 | INFO: Primitives created: 1
15:32:40 | INFO: Extracting primitive: COL_yihong_court_side.004
15:32:40 | INFO: Primitives created: 1
15:32:40 | INFO: Extracting primitive: COL_yihong_floor.002
15:32:40 | INFO: Primitives created: 1
15:32:40 | INFO: Extracting primitive: COL_yihong_planter.001
15:32:40 | INFO: Primitives created: 1
15:32:40 | INFO: Extracting primitive: COL_yihong_planter.004
15:32:40 | INFO: Primitives created: 1
15:32:40 | INFO: Extracting primitive: COL_yihong_side_return.001
15:32:40 | INFO: Primitives created: 1
15:32:40 | INFO: Extracting primitive: COL_yihong_side_return.004
15:32:40 | INFO: Primitives created: 1
15:32:40 | INFO: Extracting primitive: COL_yihong_threshold.002
15:32:40 | INFO: Primitives created: 1
15:32:40 | INFO: Extracting primitive: KIT_flora_banana_render.001
15:32:40 | WARNING: More than one shader node tex image used for a texture. The resulting glTF sampler will behave like the first shader node tex image.
15:32:40 | INFO: Primitives created: 1
15:32:40 | INFO: Extracting primitive: KIT_flora_banana_render.002
15:32:40 | INFO: Primitives created: 1
15:32:40 | INFO: Extracting primitive: HERO_yihong-yuan_title.002
15:32:40 | WARNING: More than one shader node tex image used for a texture. The resulting glTF sampler will behave like the first shader node tex image.
15:32:40 | INFO: Primitives created: 1
15:32:40 | INFO: Extracting primitive: YIHONG_backstage.002
15:32:40 | INFO: Primitives created: 1
15:32:40 | INFO: Extracting primitive: YIHONG_door_rail.001
15:32:40 | INFO: Primitives created: 1
15:32:40 | INFO: Extracting primitive: YIHONG_amber_window.002
15:32:40 | INFO: Primitives created: 1
15:32:40 | INFO: Extracting primitive: YIHONG_door_panel.001
15:32:40 | INFO: Primitives created: 1
15:32:40 | INFO: Extracting primitive: YIHONG_paving.002
15:32:40 | INFO: Primitives created: 1
15:32:40 | INFO: Extracting primitive: YIHONG_court_cap.001
15:32:40 | INFO: Primitives created: 1
15:32:40 | INFO: Extracting primitive: YIHONG_closed_front.002
15:32:40 | INFO: Primitives created: 1
15:32:40 | INFO: Finished glTF 2.0 export in 0.033943891525268555 s

15:32:41 | INFO: Starting glTF 2.0 export
15:32:41 | INFO: Extracting primitive: COL_xiaoxiang_bamboo_bed.004
15:32:41 | INFO: Primitives created: 1
15:32:41 | INFO: Extracting primitive: COL_xiaoxiang_bamboo_bed.005
15:32:41 | INFO: Primitives created: 1
15:32:41 | INFO: Extracting primitive: COL_xiaoxiang_bamboo_bed.006
15:32:41 | INFO: Primitives created: 1
15:32:41 | INFO: Extracting primitive: COL_xiaoxiang_bamboo_bed.007
15:32:41 | INFO: Primitives created: 1
15:32:41 | INFO: Extracting primitive: COL_xiaoxiang_closed_front.001
15:32:41 | INFO: Primitives created: 1
15:32:41 | INFO: Extracting primitive: COL_xiaoxiang_floor.001
15:32:41 | INFO: Primitives created: 1
15:32:41 | INFO: Extracting primitive: COL_xiaoxiang_return.002
15:32:41 | INFO: Primitives created: 1
15:32:41 | INFO: Extracting primitive: COL_xiaoxiang_return.003
15:32:41 | INFO: Primitives created: 1
15:32:41 | INFO: Extracting primitive: COL_xiaoxiang_threshold.001
15:32:41 | INFO: Primitives created: 1
15:32:41 | INFO: Extracting primitive: KIT_flora_bamboo_large_render.003
15:32:41 | WARNING: More than one shader node tex image used for a texture. The resulting glTF sampler will behave like the first shader node tex image.
15:32:41 | INFO: Primitives created: 1
15:32:41 | INFO: Extracting primitive: KIT_flora_bamboo_medium_render.001
15:32:41 | INFO: Primitives created: 1
15:32:41 | INFO: Extracting primitive: KIT_flora_bamboo_small_render.002
15:32:41 | INFO: Primitives created: 1
15:32:41 | INFO: Extracting primitive: KIT_flora_bamboo_large_render.004
15:32:41 | INFO: Primitives created: 1
15:32:41 | INFO: Extracting primitive: HERO_xiaoxiang-guan_title.002
15:32:41 | WARNING: More than one shader node tex image used for a texture. The resulting glTF sampler will behave like the first shader node tex image.
15:32:41 | INFO: Primitives created: 1
15:32:41 | INFO: Extracting primitive: XIAOXIANG_black_back.001
15:32:41 | INFO: Primitives created: 1
15:32:41 | INFO: Extracting primitive: XIAOXIANG_gate_pull.002
15:32:41 | INFO: Primitives created: 1
15:32:41 | INFO: Extracting primitive: XIAOXIANG_amber_window.001
15:32:41 | INFO: Primitives created: 1
15:32:41 | INFO: Extracting primitive: XIAOXIANG_gate_leaf.002
15:32:41 | INFO: Primitives created: 1
15:32:41 | INFO: Extracting primitive: XIAOXIANG_paving.001
15:32:41 | INFO: Primitives created: 1
15:32:41 | INFO: Extracting primitive: XIAOXIANG_wall_cap.001
15:32:41 | INFO: Primitives created: 1
15:32:41 | INFO: Extracting primitive: XIAOXIANG_closed_front.001
15:32:41 | INFO: Primitives created: 1
15:32:41 | INFO: Finished glTF 2.0 export in 0.03284502029418945 s

15:32:41 | INFO: Starting glTF 2.0 export
15:32:41 | INFO: Extracting primitive: COL_longcui_burner.001
15:32:41 | INFO: Primitives created: 1
15:32:41 | INFO: Extracting primitive: COL_longcui_closed_front.001
15:32:41 | INFO: Primitives created: 1
15:32:41 | INFO: Extracting primitive: COL_longcui_floor.001
15:32:41 | INFO: Primitives created: 1
15:32:41 | INFO: Extracting primitive: COL_longcui_plum_trunk.002
15:32:41 | INFO: Primitives created: 1
15:32:41 | INFO: Extracting primitive: COL_longcui_plum_trunk.003
15:32:41 | INFO: Primitives created: 1
15:32:41 | INFO: Extracting primitive: COL_longcui_return.002
15:32:41 | INFO: Primitives created: 1
15:32:41 | INFO: Extracting primitive: COL_longcui_return.003
15:32:41 | INFO: Primitives created: 1
15:32:41 | INFO: Extracting primitive: COL_longcui_threshold.001
15:32:41 | INFO: Primitives created: 1
15:32:41 | INFO: Extracting primitive: KIT_flora_plum_render.001
15:32:41 | WARNING: More than one shader node tex image used for a texture. The resulting glTF sampler will behave like the first shader node tex image.
15:32:41 | INFO: Primitives created: 1
15:32:41 | INFO: Extracting primitive: KIT_flora_plum_render.002
15:32:41 | INFO: Primitives created: 1
15:32:41 | INFO: Extracting primitive: HERO_longcui-an_title.002
15:32:41 | WARNING: More than one shader node tex image used for a texture. The resulting glTF sampler will behave like the first shader node tex image.
15:32:41 | INFO: Primitives created: 1
15:32:41 | INFO: Extracting primitive: LONGCUI_backstage.001
15:32:41 | INFO: Primitives created: 1
15:32:41 | INFO: Extracting primitive: LONGCUI_gate_pull.002
15:32:41 | INFO: Primitives created: 1
15:32:41 | INFO: Extracting primitive: LONGCUI_closed_gate.002
15:32:41 | INFO: Primitives created: 1
15:32:41 | INFO: Extracting primitive: LONGCUI_paving.001
15:32:41 | INFO: Primitives created: 1
15:32:41 | INFO: Extracting primitive: KIT_props_lantern_hanging_render.016
15:32:41 | WARNING: More than one shader node tex image used for a texture. The resulting glTF sampler will behave like the first shader node tex image.
15:32:41 | INFO: Primitives created: 1
15:32:41 | INFO: Extracting primitive: LONGCUI_wall_cap.001
15:32:41 | INFO: Primitives created: 1
15:32:41 | INFO: Extracting primitive: LONGCUI_closed_front.001
15:32:41 | INFO: Primitives created: 1
15:32:41 | INFO: Finished glTF 2.0 export in 0.03244185447692871 s

15:32:42 | INFO: Starting glTF 2.0 export
15:32:42 | INFO: Extracting primitive: COL_aojing_closed_front.002
15:32:42 | INFO: Primitives created: 1
15:32:42 | INFO: Extracting primitive: COL_aojing_dry_ledge.002
15:32:42 | INFO: Primitives created: 1
15:32:42 | INFO: Extracting primitive: COL_aojing_hall_floor.002
15:32:42 | INFO: Primitives created: 1
15:32:42 | INFO: Extracting primitive: COL_aojing_ledge_end.002
15:32:42 | INFO: Primitives created: 1
15:32:42 | INFO: Extracting primitive: COL_aojing_ledge_parapet.002
15:32:42 | INFO: Primitives created: 1
15:32:42 | INFO: Extracting primitive: COL_aojing_return.001
15:32:42 | INFO: Primitives created: 1
15:32:42 | INFO: Extracting primitive: COL_aojing_return.004
15:32:42 | INFO: Primitives created: 1
15:32:42 | INFO: Extracting primitive: HERO_aojing-guan_title.002
15:32:42 | WARNING: More than one shader node tex image used for a texture. The resulting glTF sampler will behave like the first shader node tex image.
15:32:42 | INFO: Primitives created: 1
15:32:42 | INFO: Extracting primitive: AOJING_pond.002
15:32:42 | INFO: Primitives created: 1
15:32:42 | INFO: Extracting primitive: AOJING_backstage.002
15:32:42 | INFO: Primitives created: 1
15:32:42 | INFO: Extracting primitive: AOJING_amber_window.002
15:32:42 | INFO: Primitives created: 1
15:32:42 | INFO: Extracting primitive: AOJING_window_lattice.001
15:32:42 | INFO: Primitives created: 1
15:32:42 | INFO: Extracting primitive: AOJING_dry_ledge.002
15:32:42 | INFO: Primitives created: 1
15:32:42 | INFO: Extracting primitive: AOJING_roof.002
15:32:42 | INFO: Primitives created: 1
15:32:42 | INFO: Extracting primitive: AOJING_closed_front.002
15:32:42 | INFO: Primitives created: 1
15:32:42 | INFO: Finished glTF 2.0 export in 0.02699899673461914 s

15:32:43 | INFO: Starting glTF 2.0 export
15:32:43 | INFO: Extracting primitive: COL_daoxiang_closed_front.001
15:32:43 | INFO: Primitives created: 1
15:32:43 | INFO: Extracting primitive: COL_daoxiang_court.001
15:32:43 | INFO: Primitives created: 1
15:32:43 | INFO: Extracting primitive: COL_daoxiang_fence.004
15:32:43 | INFO: Primitives created: 1
15:32:43 | INFO: Extracting primitive: COL_daoxiang_fence.005
15:32:43 | INFO: Primitives created: 1
15:32:43 | INFO: Extracting primitive: COL_daoxiang_fence.006
15:32:43 | INFO: Primitives created: 1
15:32:43 | INFO: Extracting primitive: COL_daoxiang_fence.007
15:32:43 | INFO: Primitives created: 1
15:32:43 | INFO: Extracting primitive: COL_daoxiang_side.002
15:32:43 | INFO: Primitives created: 1
15:32:43 | INFO: Extracting primitive: COL_daoxiang_side.003
15:32:43 | INFO: Primitives created: 1
15:32:43 | INFO: Extracting primitive: HERO_daoxiang-cun_title.002
15:32:43 | WARNING: More than one shader node tex image used for a texture. The resulting glTF sampler will behave like the first shader node tex image.
15:32:43 | INFO: Primitives created: 1
15:32:43 | INFO: Extracting primitive: DAOXIANG_backstage.001
15:32:43 | INFO: Primitives created: 1
15:32:43 | INFO: Extracting primitive: DAOXIANG_door_latch.001
15:32:43 | INFO: Primitives created: 1
15:32:43 | INFO: Extracting primitive: DAOXIANG_warm_sliver.001
15:32:43 | INFO: Primitives created: 1
15:32:43 | INFO: Extracting primitive: DAOXIANG_closed_door.001
15:32:43 | INFO: Primitives created: 1
15:32:43 | INFO: Extracting primitive: DAOXIANG_paddy_painting.001
15:32:43 | INFO: Primitives created: 1
15:32:43 | INFO: Extracting primitive: DAOXIANG_court.001
15:32:43 | INFO: Primitives created: 1
15:32:43 | INFO: Extracting primitive: DAOXIANG_thatch_mass.001
15:32:43 | INFO: Primitives created: 1
15:32:43 | INFO: Extracting primitive: DAOXIANG_front.001
15:32:43 | INFO: Primitives created: 1
15:32:43 | INFO: Finished glTF 2.0 export in 0.03841423988342285 s

15:32:43 | INFO: Starting glTF 2.0 export
15:32:43 | INFO: Extracting primitive: COL_water_bridge_side.001
15:32:43 | INFO: Primitives created: 1
15:32:43 | INFO: Extracting primitive: COL_water_bridge_side.004
15:32:43 | INFO: Primitives created: 1
15:32:43 | INFO: Extracting primitive: COL_water_bridge_deck.002
15:32:43 | INFO: Primitives created: 1
15:32:43 | INFO: Extracting primitive: COL_ziling_landing.001
15:32:43 | INFO: Primitives created: 1
15:32:43 | INFO: Extracting primitive: KIT_flora_reed_render.001
15:32:43 | WARNING: More than one shader node tex image used for a texture. The resulting glTF sampler will behave like the first shader node tex image.
15:32:43 | INFO: Primitives created: 1
15:32:43 | INFO: Extracting primitive: KIT_flora_reed_render.002
15:32:43 | INFO: Primitives created: 1
15:32:43 | INFO: Extracting primitive: KIT_flora_reed_render.003
15:32:43 | INFO: Primitives created: 1
15:32:43 | INFO: Extracting primitive: KIT_flora_reed_render.004
15:32:43 | INFO: Primitives created: 1
15:32:43 | INFO: Extracting primitive: KIT_flora_reed_render.005
15:32:43 | INFO: Primitives created: 1
15:32:43 | INFO: Extracting primitive: KIT_flora_reed_render.006
15:32:43 | INFO: Primitives created: 1
15:32:43 | INFO: Extracting primitive: KIT_flora_reed_render.007
15:32:43 | INFO: Primitives created: 1
15:32:43 | INFO: Extracting primitive: KIT_flora_reed_render.008
15:32:43 | INFO: Primitives created: 1
15:32:43 | INFO: Extracting primitive: KIT_flora_reed_render.009
15:32:43 | INFO: Primitives created: 1
15:32:43 | INFO: Extracting primitive: KIT_flora_reed_render.010
15:32:43 | INFO: Primitives created: 1
15:32:43 | INFO: Extracting primitive: KIT_water_lotus_leaf.011
15:32:43 | INFO: Primitives created: 1
15:32:43 | INFO: Extracting primitive: KIT_water_plank.002
15:32:43 | WARNING: More than one shader node tex image used for a texture. The resulting glTF sampler will behave like the first shader node tex image.
15:32:43 | INFO: Primitives created: 1
15:32:43 | INFO: Extracting primitive: SITE_ziling_island.001
15:32:43 | INFO: Primitives created: 1
15:32:43 | INFO: Finished glTF 2.0 export in 0.035559892654418945 s

15:32:43 | INFO: Starting glTF 2.0 export
15:32:43 | INFO: Extracting primitive: COL_aojing_approach.001
15:32:43 | INFO: Primitives created: 1
15:32:43 | INFO: Extracting primitive: COL_aojing_approach.004
15:32:43 | INFO: Primitives created: 1
15:32:43 | INFO: Extracting primitive: COL_aojing_approach_guard.001
15:32:43 | INFO: Primitives created: 1
15:32:43 | INFO: Extracting primitive: COL_aojing_approach_guard.004
15:32:43 | INFO: Primitives created: 1
15:32:43 | INFO: Extracting primitive: COL_aojing_approach_ramp.002
15:32:43 | INFO: Primitives created: 1
15:32:43 | INFO: Extracting primitive: COL_aojing_closed_front.002
15:32:43 | INFO: Primitives created: 1
15:32:43 | INFO: Extracting primitive: COL_aojing_dry_ledge.002
15:32:43 | INFO: Primitives created: 1
15:32:43 | INFO: Extracting primitive: COL_aojing_hall_floor.002
15:32:43 | INFO: Primitives created: 1
15:32:43 | INFO: Extracting primitive: COL_aojing_ledge_end.002
15:32:43 | INFO: Primitives created: 1
15:32:43 | INFO: Extracting primitive: COL_aojing_ledge_parapet.002
15:32:43 | INFO: Primitives created: 1
15:32:43 | INFO: Extracting primitive: COL_aojing_return.001
15:32:43 | INFO: Primitives created: 1
15:32:43 | INFO: Extracting primitive: COL_aojing_return.004
15:32:43 | INFO: Primitives created: 1
15:32:43 | INFO: Extracting primitive: Cube.147
15:32:43 | INFO: Primitives created: 1
15:32:43 | INFO: Extracting primitive: Cube.148
15:32:43 | INFO: Primitives created: 1
15:32:43 | INFO: Extracting primitive: Cube.149
15:32:43 | INFO: Primitives created: 1
15:32:43 | INFO: Extracting primitive: Cube.150
15:32:43 | INFO: Primitives created: 1
15:32:43 | INFO: Extracting primitive: COL_bridge_crosswalk.002
15:32:43 | INFO: Primitives created: 1
15:32:43 | INFO: Extracting primitive: COL_bridge_crosswalk.003
15:32:43 | INFO: Primitives created: 1
15:32:43 | INFO: Extracting primitive: COL_cell_floor.006
15:32:43 | INFO: Primitives created: 1
15:32:43 | INFO: Extracting primitive: COL_cell_floor.007
15:32:43 | INFO: Primitives created: 1
15:32:43 | INFO: Extracting primitive: COL_cell_floor.008
15:32:43 | INFO: Primitives created: 1
15:32:43 | INFO: Extracting primitive: COL_cell_floor.009
15:32:43 | INFO: Primitives created: 1
15:32:43 | INFO: Extracting primitive: COL_cell_floor.010
15:32:43 | INFO: Primitives created: 1
15:32:43 | INFO: Extracting primitive: COL_cell_floor.011
15:32:43 | INFO: Primitives created: 1
15:32:43 | INFO: Extracting primitive: COL_cell_wall.012
15:32:43 | INFO: Primitives created: 1
15:32:43 | INFO: Extracting primitive: COL_cell_wall.013
15:32:43 | INFO: Primitives created: 1
15:32:43 | INFO: Extracting primitive: COL_cell_wall.014
15:32:43 | INFO: Primitives created: 1
15:32:43 | INFO: Extracting primitive: COL_cell_wall.015
15:32:43 | INFO: Primitives created: 1
15:32:43 | INFO: Extracting primitive: COL_cell_wall.016
15:32:43 | INFO: Primitives created: 1
15:32:43 | INFO: Extracting primitive: COL_cell_wall.017
15:32:43 | INFO: Primitives created: 1
15:32:43 | INFO: Extracting primitive: COL_cell_wall.018
15:32:43 | INFO: Primitives created: 1
15:32:43 | INFO: Extracting primitive: COL_cell_wall.019
15:32:43 | INFO: Primitives created: 1
15:32:43 | INFO: Extracting primitive: COL_cell_wall.020
15:32:43 | INFO: Primitives created: 1
15:32:43 | INFO: Extracting primitive: COL_cell_wall.021
15:32:43 | INFO: Primitives created: 1
15:32:43 | INFO: Extracting primitive: COL_cell_wall.022
15:32:43 | INFO: Primitives created: 1
15:32:43 | INFO: Extracting primitive: COL_cell_wall.023
15:32:43 | INFO: Primitives created: 1
15:32:43 | INFO: Extracting primitive: COL_daguan_central_step.003
15:32:43 | INFO: Primitives created: 1
15:32:43 | INFO: Extracting primitive: COL_daguan_central_step.004
15:32:43 | INFO: Primitives created: 1
15:32:43 | INFO: Extracting primitive: COL_daguan_central_step.005
15:32:43 | INFO: Primitives created: 1
15:32:43 | INFO: Extracting primitive: COL_daguan_closed_front.001
15:32:43 | INFO: Primitives created: 1
15:32:43 | INFO: Extracting primitive: COL_daguan_column.006
15:32:43 | INFO: Primitives created: 1
15:32:43 | INFO: Extracting primitive: COL_daguan_column.007
15:32:43 | INFO: Primitives created: 1
15:32:43 | INFO: Extracting primitive: COL_daguan_column.008
15:32:43 | INFO: Primitives created: 1
15:32:43 | INFO: Extracting primitive: COL_daguan_column.009
15:32:43 | INFO: Primitives created: 1
15:32:43 | INFO: Extracting primitive: COL_daguan_column.010
15:32:43 | INFO: Primitives created: 1
15:32:43 | INFO: Extracting primitive: COL_daguan_column.011
15:32:43 | INFO: Primitives created: 1
15:32:43 | INFO: Extracting primitive: COL_daguan_floor.001
15:32:43 | INFO: Primitives created: 1
15:32:43 | INFO: Extracting primitive: COL_daguan_return_wall.002
15:32:43 | INFO: Primitives created: 1
15:32:43 | INFO: Extracting primitive: COL_daguan_return_wall.003
15:32:43 | INFO: Primitives created: 1
15:32:43 | INFO: Extracting primitive: COL_daoxiang_approach.002
15:32:43 | INFO: Primitives created: 1
15:32:43 | INFO: Extracting primitive: COL_daoxiang_approach.003
15:32:43 | INFO: Primitives created: 1
15:32:43 | INFO: Extracting primitive: COL_daoxiang_closed_front.001
15:32:43 | INFO: Primitives created: 1
15:32:43 | INFO: Extracting primitive: COL_daoxiang_court.001
15:32:43 | INFO: Primitives created: 1
15:32:43 | INFO: Extracting primitive: COL_daoxiang_fence.004
15:32:43 | INFO: Primitives created: 1
15:32:43 | INFO: Extracting primitive: COL_daoxiang_fence.005
15:32:43 | INFO: Primitives created: 1
15:32:43 | INFO: Extracting primitive: COL_daoxiang_fence.006
15:32:43 | INFO: Primitives created: 1
15:32:43 | INFO: Extracting primitive: COL_daoxiang_fence.007
15:32:43 | INFO: Primitives created: 1
15:32:43 | INFO: Extracting primitive: COL_daoxiang_side.002
15:32:43 | INFO: Primitives created: 1
15:32:43 | INFO: Extracting primitive: COL_daoxiang_side.003
15:32:43 | INFO: Primitives created: 1
15:32:43 | INFO: Extracting primitive: COL_entry_corridor.001
15:32:43 | INFO: Primitives created: 1
15:32:43 | INFO: Extracting primitive: COL_entry_walk.002
15:32:43 | INFO: Primitives created: 1
15:32:43 | INFO: Extracting primitive: COL_entry_walk.003
15:32:43 | INFO: Primitives created: 1
15:32:43 | INFO: Extracting primitive: COL_floor_joint_cell_threshold_0.001
15:32:43 | INFO: Primitives created: 1
15:32:43 | INFO: Extracting primitive: COL_floor_joint_cell_threshold_1.001
15:32:43 | INFO: Primitives created: 1
15:32:43 | INFO: Extracting primitive: COL_floor_joint_cell_threshold_2.001
15:32:43 | INFO: Primitives created: 1
15:32:43 | INFO: Extracting primitive: COL_floor_joint_cell_threshold_3.001
15:32:43 | INFO: Primitives created: 1
15:32:43 | INFO: Extracting primitive: COL_floor_joint_cell_threshold_4.001
15:32:43 | INFO: Primitives created: 1
15:32:43 | INFO: Extracting primitive: COL_floor_joint_cell_threshold_5.001
15:32:43 | INFO: Primitives created: 1
15:32:43 | INFO: Extracting primitive: COL_floor_joint_pavilion_east_joint.001
15:32:43 | INFO: Primitives created: 1
15:32:43 | INFO: Extracting primitive: COL_floor_joint_pavilion_west_joint.001
15:32:43 | INFO: Primitives created: 1
15:32:43 | INFO: Extracting primitive: Cube.146
15:32:43 | INFO: Primitives created: 1
15:32:43 | INFO: Extracting primitive: Cube.145
15:32:43 | INFO: Primitives created: 1
15:32:43 | INFO: Extracting primitive: COL_GATE_banana_planter.001
15:32:43 | INFO: Primitives created: 1
15:32:43 | INFO: Extracting primitive: KIT_rockery_passage.022
15:32:43 | INFO: Primitives created: 1
15:32:43 | INFO: Extracting primitive: KIT_rockery_passage.024
15:32:43 | INFO: Primitives created: 1
15:32:43 | INFO: Extracting primitive: KIT_rockery_cliff.006
15:32:43 | INFO: Primitives created: 1
15:32:43 | INFO: Extracting primitive: KIT_rockery_cliff.008
15:32:43 | INFO: Primitives created: 1
15:32:43 | INFO: Extracting primitive: KIT_rockery_passage.004
15:32:43 | INFO: Primitives created: 1
15:32:43 | INFO: Extracting primitive: KIT_rockery_passage.016
15:32:43 | INFO: Primitives created: 1
15:32:43 | INFO: Extracting primitive: KIT_rockery_passage.018
15:32:43 | INFO: Primitives created: 1
15:32:43 | INFO: Extracting primitive: KIT_rockery_passage.020
15:32:43 | INFO: Primitives created: 1
15:32:43 | INFO: Extracting primitive: GATE_paving.003
15:32:43 | INFO: Primitives created: 1
15:32:43 | INFO: Extracting primitive: COL_hengwu-yuan_floor.001
15:32:43 | INFO: Primitives created: 1
15:32:43 | INFO: Extracting primitive: COL_hengwu_approach.002
15:32:43 | INFO: Primitives created: 1
15:32:43 | INFO: Extracting primitive: COL_hengwu_approach.003
15:32:43 | INFO: Primitives created: 1
15:32:43 | INFO: Extracting primitive: COL_hengwu_closed_hall.002
15:32:43 | INFO: Primitives created: 1
15:32:43 | INFO: Extracting primitive: COL_hengwu_court.002
15:32:43 | INFO: Primitives created: 1
15:32:43 | INFO: Extracting primitive: COL_hengwu_hall_post.001
15:32:43 | INFO: Primitives created: 1
15:32:43 | INFO: Extracting primitive: COL_hengwu_hall_post.002
15:32:43 | INFO: Primitives created: 1
15:32:43 | INFO: Extracting primitive: COL_hengwu_hall_post.006
15:32:43 | INFO: Primitives created: 1
15:32:43 | INFO: Extracting primitive: COL_wall_bay.001
15:32:43 | INFO: Primitives created: 1
15:32:43 | INFO: Extracting primitive: COL_wall_bay.002
15:32:43 | INFO: Primitives created: 1
15:32:43 | INFO: Extracting primitive: COL_wall_bay.003
15:32:43 | INFO: Primitives created: 1
15:32:43 | INFO: Extracting primitive: COL_wall_bay.004
15:32:43 | INFO: Primitives created: 1
15:32:43 | INFO: Extracting primitive: COL_wall_bay.005
15:32:43 | INFO: Primitives created: 1
15:32:43 | INFO: Extracting primitive: COL_wall_bay.006
15:32:43 | INFO: Primitives created: 1
15:32:43 | INFO: Extracting primitive: KIT_wall_plaster.002
15:32:43 | INFO: Primitives created: 1
15:32:43 | INFO: Extracting primitive: COL_wall_window.001
15:32:43 | INFO: Primitives created: 1
15:32:43 | INFO: Extracting primitive: COL_wall_window.002
15:32:43 | INFO: Primitives created: 1
15:32:43 | INFO: Extracting primitive: COL_hengwu_rock.001
15:32:43 | INFO: Primitives created: 1
15:32:43 | INFO: Extracting primitive: COL_hengwu_rock.002
15:32:43 | INFO: Primitives created: 1
15:32:43 | INFO: Extracting primitive: COL_hengwu_rock.006
15:32:43 | INFO: Primitives created: 1
15:32:43 | INFO: Extracting primitive: COL_hengwu_stool.001
15:32:43 | INFO: Primitives created: 1
15:32:43 | INFO: Extracting primitive: COL_hengwu_stool.002
15:32:43 | INFO: Primitives created: 1
15:32:43 | INFO: Extracting primitive: COL_hengwu_stool.003
15:32:43 | INFO: Primitives created: 1
15:32:43 | INFO: Extracting primitive: COL_hengwu_stool.008
15:32:43 | INFO: Primitives created: 1
15:32:43 | INFO: Extracting primitive: COL_hengwu_table.002
15:32:43 | INFO: Primitives created: 1
15:32:43 | INFO: Extracting primitive: COL_longcui_approach.003
15:32:43 | INFO: Primitives created: 1
15:32:43 | INFO: Extracting primitive: COL_longcui_approach.004
15:32:43 | INFO: Primitives created: 1
15:32:43 | INFO: Extracting primitive: COL_longcui_approach.005
15:32:43 | INFO: Primitives created: 1
15:32:43 | INFO: Extracting primitive: COL_longcui_burner.001
15:32:43 | INFO: Primitives created: 1
15:32:43 | INFO: Extracting primitive: COL_longcui_closed_front.001
15:32:43 | INFO: Primitives created: 1
15:32:43 | INFO: Extracting primitive: COL_longcui_floor.001
15:32:43 | INFO: Primitives created: 1
15:32:43 | INFO: Extracting primitive: COL_longcui_plum_trunk.002
15:32:43 | INFO: Primitives created: 1
15:32:43 | INFO: Extracting primitive: COL_longcui_plum_trunk.003
15:32:43 | INFO: Primitives created: 1
15:32:43 | INFO: Extracting primitive: COL_longcui_return.002
15:32:43 | INFO: Primitives created: 1
15:32:43 | INFO: Extracting primitive: COL_longcui_return.003
15:32:43 | INFO: Primitives created: 1
15:32:43 | INFO: Extracting primitive: COL_longcui_threshold.001
15:32:43 | INFO: Primitives created: 1
15:32:43 | INFO: Extracting primitive: COL_ouxiang_approach.001
15:32:43 | INFO: Primitives created: 1
15:32:43 | INFO: Extracting primitive: COL_ouxiang_deck.001
15:32:43 | INFO: Primitives created: 1
15:32:43 | INFO: Extracting primitive: COL_ouxiang_post.004
15:32:43 | INFO: Primitives created: 1
15:32:43 | INFO: Extracting primitive: COL_ouxiang_post.005
15:32:43 | INFO: Primitives created: 1
15:32:43 | INFO: Extracting primitive: COL_ouxiang_post.006
15:32:43 | INFO: Primitives created: 1
15:32:43 | INFO: Extracting primitive: COL_ouxiang_post.007
15:32:43 | INFO: Primitives created: 1
15:32:43 | INFO: Extracting primitive: COL_ouxiang_rail.002
15:32:43 | INFO: Primitives created: 1
15:32:43 | INFO: Extracting primitive: COL_ouxiang_rail.003
15:32:43 | INFO: Primitives created: 1
15:32:43 | INFO: Extracting primitive: COL_ouxiang_side_rail.004
15:32:43 | INFO: Primitives created: 1
15:32:43 | INFO: Extracting primitive: COL_ouxiang_side_rail.005
15:32:43 | INFO: Primitives created: 1
15:32:43 | INFO: Extracting primitive: COL_ouxiang_side_rail.006
15:32:43 | INFO: Primitives created: 1
15:32:43 | INFO: Extracting primitive: COL_ouxiang_side_rail.007
15:32:43 | INFO: Primitives created: 1
15:32:43 | INFO: Extracting primitive: COL_ouxiang_table.001
15:32:43 | INFO: Primitives created: 1
15:32:43 | INFO: Extracting primitive: COL_corridor_floor.009
15:32:43 | INFO: Primitives created: 1
15:32:43 | INFO: Extracting primitive: COL_corridor_side.015
15:32:43 | INFO: Primitives created: 1
15:32:43 | INFO: Extracting primitive: COL_corridor_side.016
15:32:43 | INFO: Primitives created: 1
15:32:43 | INFO: Extracting primitive: COL_corridor_post.016
15:32:43 | INFO: Primitives created: 1
15:32:43 | INFO: Extracting primitive: COL_corridor_post.017
15:32:43 | INFO: Primitives created: 1
15:32:43 | INFO: Extracting primitive: COL_corridor_floor.010
15:32:43 | INFO: Primitives created: 1
15:32:43 | INFO: Extracting primitive: COL_corridor_side.017
15:32:43 | INFO: Primitives created: 1
15:32:43 | INFO: Extracting primitive: COL_corridor_side.018
15:32:43 | INFO: Primitives created: 1
15:32:43 | INFO: Extracting primitive: COL_corridor_post.018
15:32:43 | INFO: Primitives created: 1
15:32:43 | INFO: Extracting primitive: COL_corridor_post.019
15:32:43 | INFO: Primitives created: 1
15:32:43 | INFO: Extracting primitive: COL_corridor_floor.011
15:32:43 | INFO: Primitives created: 1
15:32:43 | INFO: Extracting primitive: COL_corridor_side.019
15:32:43 | INFO: Primitives created: 1
15:32:43 | INFO: Extracting primitive: COL_corridor_side.020
15:32:43 | INFO: Primitives created: 1
15:32:43 | INFO: Extracting primitive: COL_corridor_post.020
15:32:43 | INFO: Primitives created: 1
15:32:43 | INFO: Extracting primitive: COL_corridor_post.021
15:32:43 | INFO: Primitives created: 1
15:32:43 | INFO: Extracting primitive: COL_corridor_floor.012
15:32:43 | INFO: Primitives created: 1
15:32:43 | INFO: Extracting primitive: COL_corridor_side.021
15:32:43 | INFO: Primitives created: 1
15:32:43 | INFO: Extracting primitive: COL_corridor_side.022
15:32:43 | INFO: Primitives created: 1
15:32:43 | INFO: Extracting primitive: COL_corridor_post.022
15:32:43 | INFO: Primitives created: 1
15:32:43 | INFO: Extracting primitive: COL_corridor_post.023
15:32:43 | INFO: Primitives created: 1
15:32:43 | INFO: Extracting primitive: COL_corridor_floor.001
15:32:43 | INFO: Primitives created: 1
15:32:43 | INFO: Extracting primitive: COL_corridor_side.001
15:32:43 | INFO: Primitives created: 1
15:32:43 | INFO: Extracting primitive: COL_corridor_side.002
15:32:43 | INFO: Primitives created: 1
15:32:43 | INFO: Extracting primitive: COL_corridor_post.001
15:32:43 | INFO: Primitives created: 1
15:32:43 | INFO: Extracting primitive: COL_corridor_post.002
15:32:43 | INFO: Primitives created: 1
15:32:43 | INFO: Extracting primitive: COL_corridor_floor.002
15:32:43 | INFO: Primitives created: 1
15:32:43 | INFO: Extracting primitive: COL_corridor_side.003
15:32:43 | INFO: Primitives created: 1
15:32:43 | INFO: Extracting primitive: COL_corridor_side.004
15:32:43 | INFO: Primitives created: 1
15:32:43 | INFO: Extracting primitive: COL_corridor_post.003
15:32:43 | INFO: Primitives created: 1
15:32:43 | INFO: Extracting primitive: COL_corridor_post.004
15:32:43 | INFO: Primitives created: 1
15:32:43 | INFO: Extracting primitive: COL_corridor_floor.003
15:32:43 | INFO: Primitives created: 1
15:32:43 | INFO: Extracting primitive: COL_corridor_side.005
15:32:43 | INFO: Primitives created: 1
15:32:43 | INFO: Extracting primitive: COL_corridor_side.006
15:32:43 | INFO: Primitives created: 1
15:32:43 | INFO: Extracting primitive: COL_corridor_post.005
15:32:43 | INFO: Primitives created: 1
15:32:43 | INFO: Extracting primitive: COL_corridor_post.006
15:32:43 | INFO: Primitives created: 1
15:32:43 | INFO: Extracting primitive: COL_corridor_floor.004
15:32:43 | INFO: Primitives created: 1
15:32:43 | INFO: Extracting primitive: COL_corridor_side.007
15:32:43 | INFO: Primitives created: 1
15:32:43 | INFO: Extracting primitive: COL_corridor_side.008
15:32:43 | INFO: Primitives created: 1
15:32:43 | INFO: Extracting primitive: COL_corridor_post.007
15:32:43 | INFO: Primitives created: 1
15:32:43 | INFO: Extracting primitive: COL_corridor_post.008
15:32:43 | INFO: Primitives created: 1
15:32:43 | INFO: Extracting primitive: COL_corridor_floor.005
15:32:43 | INFO: Primitives created: 1
15:32:43 | INFO: Extracting primitive: COL_corridor_side.009
15:32:43 | INFO: Primitives created: 1
15:32:43 | INFO: Extracting primitive: COL_corridor_side.010
15:32:43 | INFO: Primitives created: 1
15:32:43 | INFO: Extracting primitive: COL_corridor_post.009
15:32:43 | INFO: Primitives created: 1
15:32:43 | INFO: Extracting primitive: COL_corridor_post.010
15:32:43 | INFO: Primitives created: 1
15:32:43 | INFO: Extracting primitive: COL_corridor_floor.006
15:32:43 | INFO: Primitives created: 1
15:32:43 | INFO: Extracting primitive: COL_corridor_side.011
15:32:43 | INFO: Primitives created: 1
15:32:43 | INFO: Extracting primitive: COL_corridor_post.011
15:32:43 | INFO: Primitives created: 1
15:32:43 | INFO: Extracting primitive: COL_corridor_post.012
15:32:43 | INFO: Primitives created: 1
15:32:43 | INFO: Extracting primitive: COL_corridor_floor.007
15:32:43 | INFO: Primitives created: 1
15:32:43 | INFO: Extracting primitive: COL_corridor_side.012
15:32:43 | INFO: Primitives created: 1
15:32:43 | INFO: Extracting primitive: COL_corridor_post.013
15:32:43 | INFO: Primitives created: 1
15:32:43 | INFO: Extracting primitive: COL_corridor_floor.008
15:32:43 | INFO: Primitives created: 1
15:32:43 | INFO: Extracting primitive: COL_corridor_side.013
15:32:43 | INFO: Primitives created: 1
15:32:43 | INFO: Extracting primitive: COL_corridor_side.014
15:32:43 | INFO: Primitives created: 1
15:32:43 | INFO: Extracting primitive: COL_corridor_post.014
15:32:43 | INFO: Primitives created: 1
15:32:43 | INFO: Extracting primitive: COL_corridor_post.015
15:32:43 | INFO: Primitives created: 1
15:32:43 | INFO: Extracting primitive: COL_corridor_floor.013
15:32:43 | INFO: Primitives created: 1
15:32:43 | INFO: Extracting primitive: COL_corridor_side.023
15:32:43 | INFO: Primitives created: 1
15:32:43 | INFO: Extracting primitive: COL_corridor_side.024
15:32:43 | INFO: Primitives created: 1
15:32:43 | INFO: Extracting primitive: COL_corridor_post.024
15:32:43 | INFO: Primitives created: 1
15:32:43 | INFO: Extracting primitive: COL_corridor_post.025
15:32:43 | INFO: Primitives created: 1
15:32:43 | INFO: Extracting primitive: COL_corridor_floor.014
15:32:43 | INFO: Primitives created: 1
15:32:43 | INFO: Extracting primitive: COL_corridor_side.025
15:32:43 | INFO: Primitives created: 1
15:32:43 | INFO: Extracting primitive: COL_corridor_side.026
15:32:43 | INFO: Primitives created: 1
15:32:43 | INFO: Extracting primitive: COL_corridor_post.026
15:32:43 | INFO: Primitives created: 1
15:32:43 | INFO: Extracting primitive: COL_corridor_post.027
15:32:43 | INFO: Primitives created: 1
15:32:43 | INFO: Extracting primitive: COL_corridor_floor.015
15:32:43 | INFO: Primitives created: 1
15:32:43 | INFO: Extracting primitive: COL_corridor_side.027
15:32:43 | INFO: Primitives created: 1
15:32:43 | INFO: Extracting primitive: COL_corridor_side.028
15:32:43 | INFO: Primitives created: 1
15:32:43 | INFO: Extracting primitive: COL_corridor_post.028
15:32:43 | INFO: Primitives created: 1
15:32:43 | INFO: Extracting primitive: COL_corridor_post.029
15:32:43 | INFO: Primitives created: 1
15:32:43 | INFO: Extracting primitive: COL_corridor_floor.016
15:32:43 | INFO: Primitives created: 1
15:32:43 | INFO: Extracting primitive: COL_corridor_side.029
15:32:43 | INFO: Primitives created: 1
15:32:43 | INFO: Extracting primitive: COL_corridor_side.030
15:32:43 | INFO: Primitives created: 1
15:32:43 | INFO: Extracting primitive: COL_corridor_post.030
15:32:43 | INFO: Primitives created: 1
15:32:43 | INFO: Extracting primitive: COL_corridor_post.031
15:32:43 | INFO: Primitives created: 1
15:32:43 | INFO: Extracting primitive: COL_qinfang_deck.001
15:32:43 | INFO: Primitives created: 1
15:32:43 | INFO: Extracting primitive: COL_pavilion_bench.001
15:32:43 | INFO: Primitives created: 1
15:32:43 | INFO: Extracting primitive: COL_pavilion_bench.002
15:32:43 | INFO: Primitives created: 1
15:32:43 | INFO: Extracting primitive: COL_pavilion_bracket.001
15:32:43 | INFO: Primitives created: 1
15:32:43 | INFO: Extracting primitive: COL_pavilion_bracket.002
15:32:43 | INFO: Primitives created: 1
15:32:43 | INFO: Extracting primitive: COL_pavilion_bracket.003
15:32:43 | INFO: Primitives created: 1
15:32:43 | INFO: Extracting primitive: COL_pavilion_bracket.004
15:32:43 | INFO: Primitives created: 1
15:32:43 | INFO: Extracting primitive: COL_pavilion_bracket.005
15:32:43 | INFO: Primitives created: 1
15:32:43 | INFO: Extracting primitive: COL_pavilion_bracket.006
15:32:43 | INFO: Primitives created: 1
15:32:43 | INFO: Extracting primitive: COL_pavilion_post.001
15:32:43 | INFO: Primitives created: 1
15:32:43 | INFO: Extracting primitive: COL_pavilion_post.002
15:32:43 | INFO: Primitives created: 1
15:32:43 | INFO: Extracting primitive: COL_pavilion_post.003
15:32:43 | INFO: Primitives created: 1
15:32:43 | INFO: Extracting primitive: COL_pavilion_post.004
15:32:43 | INFO: Primitives created: 1
15:32:43 | INFO: Extracting primitive: COL_pavilion_post.005
15:32:43 | INFO: Primitives created: 1
15:32:43 | INFO: Extracting primitive: COL_pavilion_post.006
15:32:43 | INFO: Primitives created: 1
15:32:43 | INFO: Extracting primitive: COL_pavilion_roof.001
15:32:43 | INFO: Primitives created: 1
15:32:43 | INFO: Extracting primitive: COL_qiushuang-zhai_floor.001
15:32:43 | INFO: Primitives created: 1
15:32:43 | INFO: Extracting primitive: Cube.009
15:32:43 | INFO: Primitives created: 1
15:32:43 | INFO: Extracting primitive: Cube.011
15:32:43 | INFO: Primitives created: 1
15:32:43 | INFO: Extracting primitive: Cube.012
15:32:43 | INFO: Primitives created: 1
15:32:43 | INFO: Extracting primitive: Cube.013
15:32:43 | INFO: Primitives created: 1
15:32:43 | INFO: Extracting primitive: Cube.019
15:32:43 | INFO: Primitives created: 1
15:32:43 | INFO: Extracting primitive: Cube.020
15:32:43 | INFO: Primitives created: 1
15:32:43 | INFO: Extracting primitive: Cube.023
15:32:43 | INFO: Primitives created: 1
15:32:43 | INFO: Extracting primitive: Cube.024
15:32:43 | INFO: Primitives created: 1
15:32:43 | INFO: Extracting primitive: Cube.048
15:32:43 | INFO: Primitives created: 1
15:32:43 | INFO: Extracting primitive: Cube.050
15:32:43 | INFO: Primitives created: 1
15:32:43 | INFO: Extracting primitive: Cube.052
15:32:43 | INFO: Primitives created: 1
15:32:43 | INFO: Extracting primitive: Cube.092
15:32:43 | INFO: Primitives created: 1
15:32:43 | INFO: Extracting primitive: Cube.093
15:32:43 | INFO: Primitives created: 1
15:32:43 | INFO: Extracting primitive: Cube.094
15:32:43 | INFO: Primitives created: 1
15:32:43 | INFO: Extracting primitive: Cube.095
15:32:43 | INFO: Primitives created: 1
15:32:43 | INFO: Extracting primitive: Cube.096
15:32:43 | INFO: Primitives created: 1
15:32:43 | INFO: Extracting primitive: Cube.097
15:32:43 | INFO: Primitives created: 1
15:32:43 | INFO: Extracting primitive: Cube.098
15:32:43 | INFO: Primitives created: 1
15:32:43 | INFO: Extracting primitive: Cube.099
15:32:43 | INFO: Primitives created: 1
15:32:43 | INFO: Extracting primitive: Cube.100
15:32:43 | INFO: Primitives created: 1
15:32:43 | INFO: Extracting primitive: Cube.101
15:32:43 | INFO: Primitives created: 1
15:32:43 | INFO: Extracting primitive: Cube.102
15:32:43 | INFO: Primitives created: 1
15:32:43 | INFO: Extracting primitive: Cube.103
15:32:43 | INFO: Primitives created: 1
15:32:43 | INFO: Extracting primitive: Cube.104
15:32:43 | INFO: Primitives created: 1
15:32:43 | INFO: Extracting primitive: Cube.105
15:32:43 | INFO: Primitives created: 1
15:32:43 | INFO: Extracting primitive: Cube.106
15:32:43 | INFO: Primitives created: 1
15:32:43 | INFO: Extracting primitive: Cube.107
15:32:43 | INFO: Primitives created: 1
15:32:43 | INFO: Extracting primitive: Cube.108
15:32:43 | INFO: Primitives created: 1
15:32:43 | INFO: Extracting primitive: Cube.109
15:32:43 | INFO: Primitives created: 1
15:32:43 | INFO: Extracting primitive: Cube.110
15:32:43 | INFO: Primitives created: 1
15:32:43 | INFO: Extracting primitive: Cube.111
15:32:43 | INFO: Primitives created: 1
15:32:43 | INFO: Extracting primitive: Cube.112
15:32:43 | INFO: Primitives created: 1
15:32:43 | INFO: Extracting primitive: Cube.113
15:32:43 | INFO: Primitives created: 1
15:32:43 | INFO: Extracting primitive: Cube.114
15:32:43 | INFO: Primitives created: 1
15:32:43 | INFO: Extracting primitive: Cube.115
15:32:43 | INFO: Primitives created: 1
15:32:43 | INFO: Extracting primitive: Cube.116
15:32:43 | INFO: Primitives created: 1
15:32:43 | INFO: Extracting primitive: Cube.117
15:32:43 | INFO: Primitives created: 1
15:32:43 | INFO: Extracting primitive: Cube.118
15:32:43 | INFO: Primitives created: 1
15:32:43 | INFO: Extracting primitive: Cube.119
15:32:43 | INFO: Primitives created: 1
15:32:43 | INFO: Extracting primitive: Cube.120
15:32:43 | INFO: Primitives created: 1
15:32:43 | INFO: Extracting primitive: Cube.121
15:32:43 | INFO: Primitives created: 1
15:32:43 | INFO: Extracting primitive: Cube.122
15:32:43 | INFO: Primitives created: 1
15:32:43 | INFO: Extracting primitive: Cube.123
15:32:43 | INFO: Primitives created: 1
15:32:43 | INFO: Extracting primitive: Cube.124
15:32:43 | INFO: Primitives created: 1
15:32:43 | INFO: Extracting primitive: Cube.125
15:32:43 | INFO: Primitives created: 1
15:32:43 | INFO: Extracting primitive: Cube.126
15:32:43 | INFO: Primitives created: 1
15:32:43 | INFO: Extracting primitive: Cube.127
15:32:43 | INFO: Primitives created: 1
15:32:43 | INFO: Extracting primitive: Cube.128
15:32:43 | INFO: Primitives created: 1
15:32:43 | INFO: Extracting primitive: Cube.129
15:32:43 | INFO: Primitives created: 1
15:32:43 | INFO: Extracting primitive: Cube.130
15:32:43 | INFO: Primitives created: 1
15:32:43 | INFO: Extracting primitive: Cube.131
15:32:43 | INFO: Primitives created: 1
15:32:43 | INFO: Extracting primitive: Cube.132
15:32:43 | INFO: Primitives created: 1
15:32:43 | INFO: Extracting primitive: Cube.133
15:32:43 | INFO: Primitives created: 1
15:32:43 | INFO: Extracting primitive: Cube.134
15:32:43 | INFO: Primitives created: 1
15:32:43 | INFO: Extracting primitive: Cube.135
15:32:43 | INFO: Primitives created: 1
15:32:43 | INFO: Extracting primitive: Cube.136
15:32:43 | INFO: Primitives created: 1
15:32:43 | INFO: Extracting primitive: Cube.137
15:32:43 | INFO: Primitives created: 1
15:32:43 | INFO: Extracting primitive: Cube.138
15:32:43 | INFO: Primitives created: 1
15:32:43 | INFO: Extracting primitive: Cube.139
15:32:43 | INFO: Primitives created: 1
15:32:43 | INFO: Extracting primitive: Cube.140
15:32:43 | INFO: Primitives created: 1
15:32:43 | INFO: Extracting primitive: Cube.141
15:32:43 | INFO: Primitives created: 1
15:32:43 | INFO: Extracting primitive: Cube.142
15:32:43 | INFO: Primitives created: 1
15:32:43 | INFO: Extracting primitive: Cube.143
15:32:43 | INFO: Primitives created: 1
15:32:43 | INFO: Extracting primitive: Cube.144
15:32:43 | INFO: Primitives created: 1
15:32:43 | INFO: Extracting primitive: Cube.193
15:32:43 | INFO: Primitives created: 1
15:32:43 | INFO: Extracting primitive: Cube.194
15:32:43 | INFO: Primitives created: 1
15:32:43 | INFO: Extracting primitive: Cube.195
15:32:43 | INFO: Primitives created: 1
15:32:43 | INFO: Extracting primitive: Cube.196
15:32:43 | INFO: Primitives created: 1
15:32:43 | INFO: Extracting primitive: Cube.197
15:32:43 | INFO: Primitives created: 1
15:32:43 | INFO: Extracting primitive: Cube.198
15:32:43 | INFO: Primitives created: 1
15:32:43 | INFO: Extracting primitive: Cube.199
15:32:43 | INFO: Primitives created: 1
15:32:43 | INFO: Extracting primitive: Cube.200
15:32:43 | INFO: Primitives created: 1
15:32:43 | INFO: Extracting primitive: COL_stone_walk.005
15:32:43 | INFO: Primitives created: 1
15:32:43 | INFO: Extracting primitive: COL_stone_walk.008
15:32:43 | INFO: Primitives created: 1
15:32:43 | INFO: Extracting primitive: COL_stone_walk.009
15:32:43 | INFO: Primitives created: 1
15:32:43 | INFO: Extracting primitive: COL_stone_walk.010
15:32:43 | INFO: Primitives created: 1
15:32:43 | INFO: Extracting primitive: COL_stone_walk.011
15:32:43 | INFO: Primitives created: 1
15:32:43 | INFO: Extracting primitive: COL_stone_walk.012
15:32:43 | INFO: Primitives created: 1
15:32:43 | INFO: Extracting primitive: COL_study_approach.002
15:32:43 | INFO: Primitives created: 1
15:32:43 | INFO: Extracting primitive: COL_study_desk_centre.002
15:32:43 | INFO: Primitives created: 1
15:32:43 | INFO: Extracting primitive: COL_study_desk_left.002
15:32:43 | INFO: Primitives created: 1
15:32:43 | INFO: Extracting primitive: COL_study_desk_right.002
15:32:43 | INFO: Primitives created: 1
15:32:43 | INFO: Extracting primitive: COL_study_front_walk.002
15:32:43 | INFO: Primitives created: 1
15:32:43 | INFO: Extracting primitive: COL_study_front_wall.002
15:32:43 | INFO: Primitives created: 1
15:32:43 | INFO: Extracting primitive: COL_study_post.001
15:32:43 | INFO: Primitives created: 1
15:32:43 | INFO: Extracting primitive: COL_study_post.002
15:32:43 | INFO: Primitives created: 1
15:32:43 | INFO: Extracting primitive: COL_study_post.003
15:32:43 | INFO: Primitives created: 1
15:32:43 | INFO: Extracting primitive: COL_study_post.008
15:32:43 | INFO: Primitives created: 1
15:32:43 | INFO: Extracting primitive: Cube.151
15:32:43 | INFO: Primitives created: 1
15:32:43 | INFO: Extracting primitive: Cube.152
15:32:43 | INFO: Primitives created: 1
15:32:43 | INFO: Extracting primitive: Cube.153
15:32:43 | INFO: Primitives created: 1
15:32:43 | INFO: Extracting primitive: Cube.154
15:32:43 | INFO: Primitives created: 1
15:32:43 | INFO: Extracting primitive: Cube.155
15:32:43 | INFO: Primitives created: 1
15:32:43 | INFO: Extracting primitive: Cube.156
15:32:43 | INFO: Primitives created: 1
15:32:43 | INFO: Extracting primitive: Cube.157
15:32:43 | INFO: Primitives created: 1
15:32:43 | INFO: Extracting primitive: Cube.158
15:32:43 | INFO: Primitives created: 1
15:32:43 | INFO: Extracting primitive: Cube.159
15:32:43 | INFO: Primitives created: 1
15:32:43 | INFO: Extracting primitive: Cube.160
15:32:43 | INFO: Primitives created: 1
15:32:43 | INFO: Extracting primitive: Cube.161
15:32:43 | INFO: Primitives created: 1
15:32:43 | INFO: Extracting primitive: Cube.162
15:32:43 | INFO: Primitives created: 1
15:32:43 | INFO: Extracting primitive: Cube.163
15:32:43 | INFO: Primitives created: 1
15:32:43 | INFO: Extracting primitive: Cube.164
15:32:43 | INFO: Primitives created: 1
15:32:43 | INFO: Extracting primitive: Cube.165
15:32:43 | INFO: Primitives created: 1
15:32:43 | INFO: Extracting primitive: Cube.166
15:32:43 | INFO: Primitives created: 1
15:32:43 | INFO: Extracting primitive: Cube.167
15:32:43 | INFO: Primitives created: 1
15:32:43 | INFO: Extracting primitive: Cube.168
15:32:43 | INFO: Primitives created: 1
15:32:43 | INFO: Extracting primitive: Cube.169
15:32:43 | INFO: Primitives created: 1
15:32:43 | INFO: Extracting primitive: Cube.170
15:32:43 | INFO: Primitives created: 1
15:32:43 | INFO: Extracting primitive: Cube.171
15:32:43 | INFO: Primitives created: 1
15:32:43 | INFO: Extracting primitive: Cube.172
15:32:43 | INFO: Primitives created: 1
15:32:43 | INFO: Extracting primitive: Cube.173
15:32:43 | INFO: Primitives created: 1
15:32:43 | INFO: Extracting primitive: Cube.174
15:32:43 | INFO: Primitives created: 1
15:32:43 | INFO: Extracting primitive: Cube.175
15:32:43 | INFO: Primitives created: 1
15:32:43 | INFO: Extracting primitive: Cube.176
15:32:43 | INFO: Primitives created: 1
15:32:43 | INFO: Extracting primitive: Cube.177
15:32:43 | INFO: Primitives created: 1
15:32:43 | INFO: Extracting primitive: Cube.178
15:32:43 | INFO: Primitives created: 1
15:32:43 | INFO: Extracting primitive: Cube.179
15:32:43 | INFO: Primitives created: 1
15:32:43 | INFO: Extracting primitive: Cube.180
15:32:43 | INFO: Primitives created: 1
15:32:43 | INFO: Extracting primitive: Cube.201
15:32:43 | INFO: Primitives created: 1
15:32:43 | INFO: Extracting primitive: Cube.202
15:32:43 | INFO: Primitives created: 1
15:32:43 | INFO: Extracting primitive: Cube.203
15:32:43 | INFO: Primitives created: 1
15:32:43 | INFO: Extracting primitive: Cube.181
15:32:43 | INFO: Primitives created: 1
15:32:43 | INFO: Extracting primitive: Cube.182
15:32:43 | INFO: Primitives created: 1
15:32:43 | INFO: Extracting primitive: Cube.183
15:32:43 | INFO: Primitives created: 1
15:32:43 | INFO: Extracting primitive: Cube.184
15:32:43 | INFO: Primitives created: 1
15:32:43 | INFO: Extracting primitive: Cube.185
15:32:43 | INFO: Primitives created: 1
15:32:43 | INFO: Extracting primitive: Cube.186
15:32:43 | INFO: Primitives created: 1
15:32:43 | INFO: Extracting primitive: Cube.187
15:32:43 | INFO: Primitives created: 1
15:32:43 | INFO: Extracting primitive: Cube.188
15:32:43 | INFO: Primitives created: 1
15:32:43 | INFO: Extracting primitive: Cube.189
15:32:43 | INFO: Primitives created: 1
15:32:43 | INFO: Extracting primitive: Cube.190
15:32:43 | INFO: Primitives created: 1
15:32:43 | INFO: Extracting primitive: Cube.191
15:32:43 | INFO: Primitives created: 1
15:32:43 | INFO: Extracting primitive: Cube.192
15:32:43 | INFO: Primitives created: 1
15:32:43 | INFO: Extracting primitive: COL_tubi-tang_floor.001
15:32:43 | INFO: Primitives created: 1
15:32:43 | INFO: Extracting primitive: COL_tubi_approach.001
15:32:43 | INFO: Primitives created: 1
15:32:43 | INFO: Extracting primitive: COL_tubi_approach.002
15:32:43 | INFO: Primitives created: 1
15:32:43 | INFO: Extracting primitive: COL_tubi_approach.007
15:32:43 | INFO: Primitives created: 1
15:32:43 | INFO: Extracting primitive: COL_tubi_approach.008
15:32:43 | INFO: Primitives created: 1
15:32:43 | INFO: Extracting primitive: COL_tubi_closed_hall.002
15:32:43 | INFO: Primitives created: 1
15:32:43 | INFO: Extracting primitive: COL_tubi_hall_post.001
15:32:43 | INFO: Primitives created: 1
15:32:43 | INFO: Extracting primitive: COL_tubi_hall_post.002
15:32:43 | INFO: Primitives created: 1
15:32:43 | INFO: Extracting primitive: COL_tubi_hall_post.006
15:32:43 | INFO: Primitives created: 1
15:32:43 | INFO: Extracting primitive: COL_tubi_parapet.001
15:32:43 | INFO: Primitives created: 1
15:32:43 | INFO: Extracting primitive: COL_tubi_parapet.002
15:32:43 | INFO: Primitives created: 1
15:32:43 | INFO: Extracting primitive: COL_tubi_parapet.003
15:32:43 | INFO: Primitives created: 1
15:32:43 | INFO: Extracting primitive: COL_tubi_parapet.008
15:32:43 | INFO: Primitives created: 1
15:32:43 | INFO: Extracting primitive: COL_tubi_stair_guard.001
15:32:43 | INFO: Primitives created: 1
15:32:43 | INFO: Extracting primitive: COL_tubi_stair_guard.004
15:32:43 | INFO: Primitives created: 1
15:32:43 | INFO: Extracting primitive: COL_tubi_stair_ramp.002
15:32:43 | INFO: Primitives created: 1
15:32:43 | INFO: Extracting primitive: COL_tubi_terrace.002
15:32:43 | INFO: Primitives created: 1
15:32:43 | INFO: Extracting primitive: COL_tubi_topic_table.002
15:32:43 | INFO: Primitives created: 1
15:32:43 | INFO: Extracting primitive: COL_tubi_view_bench_left.001
15:32:43 | INFO: Primitives created: 1
15:32:43 | INFO: Extracting primitive: COL_tubi_view_bench_right.001
15:32:43 | INFO: Primitives created: 1
15:32:43 | INFO: Extracting primitive: COL_water_bridge_side.001
15:32:43 | INFO: Primitives created: 1
15:32:43 | INFO: Extracting primitive: COL_water_bridge_side.004
15:32:43 | INFO: Primitives created: 1
15:32:43 | INFO: Extracting primitive: COL_water_bridge_deck.002
15:32:43 | INFO: Primitives created: 1
15:32:43 | INFO: Extracting primitive: COL_xiaoxiang_bamboo_bed.004
15:32:43 | INFO: Primitives created: 1
15:32:43 | INFO: Extracting primitive: COL_xiaoxiang_bamboo_bed.005
15:32:43 | INFO: Primitives created: 1
15:32:43 | INFO: Extracting primitive: COL_xiaoxiang_bamboo_bed.006
15:32:43 | INFO: Primitives created: 1
15:32:43 | INFO: Extracting primitive: COL_xiaoxiang_bamboo_bed.007
15:32:43 | INFO: Primitives created: 1
15:32:43 | INFO: Extracting primitive: COL_xiaoxiang_closed_front.001
15:32:43 | INFO: Primitives created: 1
15:32:43 | INFO: Extracting primitive: COL_xiaoxiang_floor.001
15:32:43 | INFO: Primitives created: 1
15:32:43 | INFO: Extracting primitive: COL_xiaoxiang_return.002
15:32:43 | INFO: Primitives created: 1
15:32:43 | INFO: Extracting primitive: COL_xiaoxiang_return.003
15:32:43 | INFO: Primitives created: 1
15:32:43 | INFO: Extracting primitive: COL_xiaoxiang_threshold.001
15:32:43 | INFO: Primitives created: 1
15:32:43 | INFO: Extracting primitive: COL_yihong_closed_front.002
15:32:43 | INFO: Primitives created: 1
15:32:43 | INFO: Extracting primitive: COL_yihong_court_side.001
15:32:43 | INFO: Primitives created: 1
15:32:43 | INFO: Extracting primitive: COL_yihong_court_side.004
15:32:43 | INFO: Primitives created: 1
15:32:43 | INFO: Extracting primitive: COL_yihong_floor.002
15:32:43 | INFO: Primitives created: 1
15:32:43 | INFO: Extracting primitive: COL_yihong_planter.001
15:32:43 | INFO: Primitives created: 1
15:32:43 | INFO: Extracting primitive: COL_yihong_planter.004
15:32:43 | INFO: Primitives created: 1
15:32:43 | INFO: Extracting primitive: COL_yihong_side_return.001
15:32:43 | INFO: Primitives created: 1
15:32:43 | INFO: Extracting primitive: COL_yihong_side_return.004
15:32:43 | INFO: Primitives created: 1
15:32:43 | INFO: Extracting primitive: COL_yihong_threshold.002
15:32:43 | INFO: Primitives created: 1
15:32:43 | INFO: Extracting primitive: COL_ziling_landing.001
15:32:43 | INFO: Primitives created: 1
15:32:43 | INFO: Extracting primitive: HERO_aojing-guan_title.002
15:32:43 | WARNING: More than one shader node tex image used for a texture. The resulting glTF sampler will behave like the first shader node tex image.
15:32:43 | INFO: Primitives created: 1
15:32:43 | INFO: Extracting primitive: HERO_daguan_title.001
15:32:43 | WARNING: More than one shader node tex image used for a texture. The resulting glTF sampler will behave like the first shader node tex image.
15:32:43 | INFO: Primitives created: 1
15:32:43 | INFO: Extracting primitive: HERO_daoxiang-cun_title.002
15:32:43 | WARNING: More than one shader node tex image used for a texture. The resulting glTF sampler will behave like the first shader node tex image.
15:32:43 | INFO: Primitives created: 1
15:32:43 | INFO: Extracting primitive: KIT_flora_plum_render.001
15:32:43 | WARNING: More than one shader node tex image used for a texture. The resulting glTF sampler will behave like the first shader node tex image.
15:32:43 | INFO: Primitives created: 1
15:32:43 | INFO: Extracting primitive: KIT_flora_plum_render.002
15:32:43 | INFO: Primitives created: 1
15:32:43 | INFO: Extracting primitive: KIT_flora_bamboo_large_render.001
15:32:43 | INFO: Primitives created: 1
15:32:43 | INFO: Extracting primitive: KIT_flora_bamboo_large_render.002
15:32:43 | INFO: Primitives created: 1
15:32:43 | INFO: Extracting primitive: KIT_flora_bamboo_small_render.001
15:32:43 | INFO: Primitives created: 1
15:32:43 | INFO: Extracting primitive: KIT_flora_willow_render.001
15:32:43 | INFO: Primitives created: 1
15:32:43 | INFO: Extracting primitive: KIT_flora_willow_render.002
15:32:43 | INFO: Primitives created: 1
15:32:43 | INFO: Extracting primitive: KIT_flora_bamboo_large_render.003
15:32:43 | INFO: Primitives created: 1
15:32:43 | INFO: Extracting primitive: KIT_flora_bamboo_medium_render.001
15:32:43 | INFO: Primitives created: 1
15:32:43 | INFO: Extracting primitive: KIT_flora_bamboo_small_render.002
15:32:43 | INFO: Primitives created: 1
15:32:43 | INFO: Extracting primitive: KIT_flora_bamboo_large_render.004
15:32:43 | INFO: Primitives created: 1
15:32:43 | INFO: Extracting primitive: KIT_flora_banana_render.001
15:32:43 | INFO: Primitives created: 1
15:32:43 | INFO: Extracting primitive: KIT_flora_banana_render.002
15:32:43 | INFO: Primitives created: 1
15:32:43 | INFO: Extracting primitive: KIT_flora_reed_render.001
15:32:43 | INFO: Primitives created: 1
15:32:43 | INFO: Extracting primitive: KIT_flora_reed_render.002
15:32:43 | INFO: Primitives created: 1
15:32:43 | INFO: Extracting primitive: KIT_flora_reed_render.003
15:32:43 | INFO: Primitives created: 1
15:32:43 | INFO: Extracting primitive: KIT_flora_reed_render.004
15:32:43 | INFO: Primitives created: 1
15:32:43 | INFO: Extracting primitive: KIT_flora_reed_render.005
15:32:43 | INFO: Primitives created: 1
15:32:43 | INFO: Extracting primitive: KIT_flora_reed_render.006
15:32:43 | INFO: Primitives created: 1
15:32:43 | INFO: Extracting primitive: KIT_flora_reed_render.007
15:32:43 | INFO: Primitives created: 1
15:32:43 | INFO: Extracting primitive: KIT_flora_reed_render.008
15:32:43 | INFO: Primitives created: 1
15:32:43 | INFO: Extracting primitive: KIT_flora_reed_render.009
15:32:43 | INFO: Primitives created: 1
15:32:43 | INFO: Extracting primitive: KIT_flora_reed_render.010
15:32:43 | INFO: Primitives created: 1
15:32:43 | INFO: Extracting primitive: HERO_gate_inscription.001
15:32:43 | WARNING: More than one shader node tex image used for a texture. The resulting glTF sampler will behave like the first shader node tex image.
15:32:43 | INFO: Primitives created: 1
15:32:43 | INFO: Extracting primitive: HERO_gate_water_drips.001
15:32:43 | WARNING: More than one shader node tex image used for a texture. The resulting glTF sampler will behave like the first shader node tex image.
15:32:43 | INFO: Primitives created: 1
15:32:43 | INFO: Extracting primitive: HERO_hengwu-yuan_title.002
15:32:43 | WARNING: More than one shader node tex image used for a texture. The resulting glTF sampler will behave like the first shader node tex image.
15:32:43 | INFO: Primitives created: 1
15:32:43 | INFO: Extracting primitive: HERO_longcui-an_title.002
15:32:43 | WARNING: More than one shader node tex image used for a texture. The resulting glTF sampler will behave like the first shader node tex image.
15:32:43 | INFO: Primitives created: 1
15:32:43 | INFO: Extracting primitive: HERO_qinfang-ting_title.002
15:32:43 | WARNING: More than one shader node tex image used for a texture. The resulting glTF sampler will behave like the first shader node tex image.
15:32:43 | INFO: Primitives created: 1
15:32:43 | INFO: Extracting primitive: HERO_qinfang_bridge.001
15:32:43 | INFO: Primitives created: 1
15:32:43 | INFO: Extracting primitive: HERO_study_scroll_bamboo.002
15:32:43 | INFO: Primitives created: 1
15:32:43 | INFO: Extracting primitive: HERO_study_scroll_plum.002
15:32:43 | INFO: Primitives created: 1
15:32:43 | INFO: Extracting primitive: HERO_study_title.002
15:32:43 | WARNING: More than one shader node tex image used for a texture. The resulting glTF sampler will behave like the first shader node tex image.
15:32:43 | INFO: Primitives created: 1
15:32:43 | INFO: Extracting primitive: HERO_table_hexagram.001
15:32:43 | INFO: Primitives created: 1
15:32:43 | INFO: Extracting primitive: line_piece.005
15:32:43 | WARNING: More than one shader node tex image used for a texture. The resulting glTF sampler will behave like the first shader node tex image.
15:32:43 | INFO: Primitives created: 1
15:32:43 | INFO: Extracting primitive: line_piece.002
15:32:43 | INFO: Primitives created: 1
15:32:43 | INFO: Extracting primitive: line_piece.011
15:32:43 | INFO: Primitives created: 1
15:32:43 | INFO: Extracting primitive: line_piece.008
15:32:43 | INFO: Primitives created: 1
15:32:43 | INFO: Extracting primitive: line_piece.017
15:32:43 | INFO: Primitives created: 1
15:32:43 | INFO: Extracting primitive: line_piece.014
15:32:43 | INFO: Primitives created: 1
15:32:43 | INFO: Extracting primitive: line_piece.019
15:32:43 | INFO: Primitives created: 1
15:32:43 | INFO: Extracting primitive: line_piece.018
15:32:43 | INFO: Primitives created: 1
15:32:43 | INFO: Extracting primitive: line_piece.021
15:32:43 | INFO: Primitives created: 1
15:32:43 | INFO: Extracting primitive: line_piece.020
15:32:43 | INFO: Primitives created: 1
15:32:43 | INFO: Extracting primitive: line_piece.023
15:32:43 | INFO: Primitives created: 1
15:32:43 | INFO: Extracting primitive: line_piece.022
15:32:43 | INFO: Primitives created: 1
15:32:43 | INFO: Extracting primitive: HERO_table_pedestal.001
15:32:43 | INFO: Primitives created: 1
15:32:43 | INFO: Extracting primitive: HERO_tubi_title.002
15:32:43 | WARNING: More than one shader node tex image used for a texture. The resulting glTF sampler will behave like the first shader node tex image.
15:32:43 | INFO: Primitives created: 1
15:32:43 | INFO: Extracting primitive: HERO_xiaoxiang-guan_title.002
15:32:43 | WARNING: More than one shader node tex image used for a texture. The resulting glTF sampler will behave like the first shader node tex image.
15:32:43 | INFO: Primitives created: 1
15:32:43 | INFO: Extracting primitive: HERO_yihong-yuan_title.002
15:32:43 | WARNING: More than one shader node tex image used for a texture. The resulting glTF sampler will behave like the first shader node tex image.
15:32:43 | INFO: Primitives created: 1
15:32:43 | INFO: Extracting primitive: AOJING_pond.002
15:32:43 | INFO: Primitives created: 1
15:32:43 | INFO: Extracting primitive: AOJING_backstage.002
15:32:43 | INFO: Primitives created: 1
15:32:43 | INFO: Extracting primitive: AOJING_amber_window.002
15:32:43 | INFO: Primitives created: 1
15:32:43 | INFO: Extracting primitive: AOJING_window_lattice.001
15:32:43 | INFO: Primitives created: 1
15:32:43 | INFO: Extracting primitive: AOJING_dry_ledge.002
15:32:43 | INFO: Primitives created: 1
15:32:43 | INFO: Extracting primitive: AOJING_roof.002
15:32:43 | INFO: Primitives created: 1
15:32:43 | INFO: Extracting primitive: AOJING_closed_front.002
15:32:43 | INFO: Primitives created: 1
15:32:43 | INFO: Extracting primitive: DAGUAN_backstage.001
15:32:43 | INFO: Primitives created: 1
15:32:43 | INFO: Extracting primitive: DAGUAN_door_stud.180
15:32:43 | INFO: Primitives created: 1
15:32:43 | INFO: Extracting primitive: DAGUAN_amber_transom.002
15:32:43 | INFO: Primitives created: 1
15:32:43 | INFO: Extracting primitive: DAGUAN_closed_door.010
15:32:43 | INFO: Primitives created: 1
15:32:43 | INFO: Extracting primitive: DAGUAN_recessed_panel.020
15:32:43 | INFO: Primitives created: 1
15:32:43 | INFO: Extracting primitive: DAGUAN_column.006
15:32:43 | INFO: Primitives created: 1
15:32:43 | INFO: Extracting primitive: DAGUAN_platform.001
15:32:43 | INFO: Primitives created: 1
15:32:43 | INFO: Extracting primitive: DAGUAN_lower_roof.001
15:32:43 | INFO: Primitives created: 1
15:32:43 | INFO: Extracting primitive: DAGUAN_front.001
15:32:43 | INFO: Primitives created: 1
15:32:43 | INFO: Extracting primitive: DAOXIANG_backstage.001
15:32:43 | INFO: Primitives created: 1
15:32:43 | INFO: Extracting primitive: DAOXIANG_door_latch.001
15:32:43 | INFO: Primitives created: 1
15:32:43 | INFO: Extracting primitive: DAOXIANG_warm_sliver.001
15:32:43 | INFO: Primitives created: 1
15:32:43 | INFO: Extracting primitive: DAOXIANG_closed_door.001
15:32:43 | INFO: Primitives created: 1
15:32:43 | INFO: Extracting primitive: DAOXIANG_paddy_painting.001
15:32:43 | INFO: Primitives created: 1
15:32:43 | INFO: Extracting primitive: DAOXIANG_court.001
15:32:43 | INFO: Primitives created: 1
15:32:43 | INFO: Extracting primitive: DAOXIANG_thatch_mass.001
15:32:43 | INFO: Primitives created: 1
15:32:43 | INFO: Extracting primitive: DAOXIANG_front.001
15:32:43 | INFO: Primitives created: 1
15:32:43 | INFO: Extracting primitive: SITE_hengwu-yuan_backstage.001
15:32:43 | INFO: Primitives created: 1
15:32:43 | INFO: Extracting primitive: KIT_pavilion_finial.011
15:32:43 | INFO: Primitives created: 1
15:32:43 | INFO: Extracting primitive: KIT_wall_amber_window.006
15:32:43 | INFO: Primitives created: 1
15:32:43 | INFO: Extracting primitive: HENGWU_herb_leaf.001
15:32:43 | INFO: Primitives created: 1
15:32:43 | INFO: Extracting primitive: KIT_wall_lattice_vertical.105
15:32:43 | INFO: Primitives created: 1
15:32:43 | INFO: Extracting primitive: SITE_hengwu-yuan_platform.001
15:32:43 | INFO: Primitives created: 1
15:32:43 | INFO: Extracting primitive: KIT_props_lantern_hanging_render.015
15:32:43 | WARNING: More than one shader node tex image used for a texture. The resulting glTF sampler will behave like the first shader node tex image.
15:32:43 | INFO: Primitives created: 1
15:32:43 | INFO: Extracting primitive: KIT_pavilion_roof.011
15:32:43 | INFO: Primitives created: 1
15:32:43 | INFO: Extracting primitive: KIT_wall_bay.001
15:32:43 | WARNING: More than one shader node tex image used for a texture. The resulting glTF sampler will behave like the first shader node tex image.
15:32:43 | INFO: Primitives created: 1
15:32:43 | INFO: Extracting primitive: SITE_hengwu-yuan_front.001
15:32:43 | INFO: Primitives created: 1
15:32:43 | INFO: Extracting primitive: LONGCUI_backstage.001
15:32:43 | INFO: Primitives created: 1
15:32:43 | INFO: Extracting primitive: LONGCUI_gate_pull.002
15:32:43 | INFO: Primitives created: 1
15:32:43 | INFO: Extracting primitive: LONGCUI_closed_gate.002
15:32:43 | INFO: Primitives created: 1
15:32:43 | INFO: Extracting primitive: LONGCUI_paving.001
15:32:43 | INFO: Primitives created: 1
15:32:43 | INFO: Extracting primitive: KIT_props_lantern_hanging_render.016
15:32:43 | INFO: Primitives created: 1
15:32:43 | INFO: Extracting primitive: LONGCUI_wall_cap.001
15:32:43 | INFO: Primitives created: 1
15:32:43 | INFO: Extracting primitive: LONGCUI_closed_front.001
15:32:43 | INFO: Primitives created: 1
15:32:43 | INFO: Extracting primitive: KIT_props_tea_cup.006
15:32:43 | INFO: Primitives created: 1
15:32:43 | INFO: Extracting primitive: KIT_water_lotus_leaf.007
15:32:43 | INFO: Primitives created: 1
15:32:43 | INFO: Extracting primitive: SITE_ouxiang_deck.001
15:32:43 | INFO: Primitives created: 1
15:32:43 | INFO: Extracting primitive: KIT_pavilion_water_pier.004
15:32:43 | INFO: Primitives created: 1
15:32:43 | INFO: Extracting primitive: KIT_props_lantern_hanging_render.013
15:32:43 | INFO: Primitives created: 1
15:32:43 | INFO: Extracting primitive: KIT_pavilion_water_hipped_roof.001
15:32:43 | INFO: Primitives created: 1
15:32:43 | INFO: Extracting primitive: KIT_water_lotus.021
15:32:43 | INFO: Primitives created: 1
15:32:43 | INFO: Extracting primitive: KIT_corridor_rail.008
15:32:43 | INFO: Primitives created: 1
15:32:43 | INFO: Extracting primitive: KIT_pavilion_roof_shell.001
15:32:43 | INFO: Primitives created: 1
15:32:43 | INFO: Extracting primitive: KIT_pavilion_plinth.001
15:32:43 | INFO: Primitives created: 1
15:32:43 | INFO: Extracting primitive: KIT_props_lantern_hanging_render.001
15:32:43 | INFO: Primitives created: 1
15:32:43 | INFO: Extracting primitive: KIT_water_stream.001
15:32:43 | INFO: Primitives created: 1
15:32:43 | INFO: Extracting primitive: SITE_qiushuang-zhai_backstage.001
15:32:43 | INFO: Primitives created: 1
15:32:43 | INFO: Extracting primitive: KIT_pavilion_finial.005
15:32:43 | INFO: Primitives created: 1
15:32:43 | INFO: Extracting primitive: KIT_wall_lattice_vertical.042
15:32:43 | INFO: Primitives created: 1
15:32:43 | INFO: Extracting primitive: SITE_qiushuang-zhai_platform.001
15:32:43 | INFO: Primitives created: 1
15:32:43 | INFO: Extracting primitive: KIT_props_lantern_hanging_render.010
15:32:43 | INFO: Primitives created: 1
15:32:43 | INFO: Extracting primitive: KIT_pavilion_roof.005
15:32:43 | INFO: Primitives created: 1
15:32:43 | INFO: Extracting primitive: KIT_tech_terminal_desk_render.007
15:32:43 | WARNING: More than one shader node tex image used for a texture. The resulting glTF sampler will behave like the first shader node tex image.
15:32:43 | INFO: Primitives created: 1
15:32:43 | INFO: Extracting primitive: SITE_qiushuang-zhai_front.001
15:32:43 | INFO: Primitives created: 1
15:32:43 | INFO: Extracting primitive: GATE_banana_pseudostem.001
15:32:43 | INFO: Primitives created: 1
15:32:43 | INFO: Extracting primitive: GATE_banana_soil.001
15:32:43 | INFO: Primitives created: 1
15:32:43 | INFO: Extracting primitive: KIT_rockery_passage.001
15:32:43 | INFO: Primitives created: 1
15:32:43 | INFO: Extracting primitive: GATE_paving.002
15:32:43 | INFO: Primitives created: 1
15:32:43 | INFO: Extracting primitive: KIT_props_lantern_hanging_render.008
15:32:43 | INFO: Primitives created: 1
15:32:43 | INFO: Extracting primitive: KIT_stage_fog_plane_render.017
15:32:43 | INFO: Primitives created: 1
15:32:43 | INFO: Extracting primitive: KIT_stage_floor.001
15:32:43 | INFO: Primitives created: 1
15:32:43 | INFO: Extracting primitive: AOJING_approach_guard.001
15:32:43 | INFO: Primitives created: 1
15:32:43 | INFO: Extracting primitive: KIT_stage_painted_moon.001
15:32:44 | INFO: Primitives created: 1
15:32:44 | INFO: Extracting primitive: KIT_stage_painted_mountain_layer.003
15:32:44 | INFO: Primitives created: 1
15:32:44 | INFO: Extracting primitive: KIT_stage_painted_mountain_layer.004
15:32:44 | INFO: Primitives created: 1
15:32:44 | INFO: Extracting primitive: KIT_stage_painted_mountain_layer.005
15:32:44 | INFO: Primitives created: 1
15:32:44 | INFO: Extracting primitive: KIT_water_stone_walk.005
15:32:44 | INFO: Primitives created: 1
15:32:44 | INFO: Extracting primitive: Painted coved ceiling candidate.001
15:32:44 | INFO: Primitives created: 1
15:32:44 | INFO: Extracting primitive: KIT_stage_painted_canvas.002
15:32:44 | INFO: Primitives created: 1
15:32:44 | INFO: Extracting primitive: Eight painted cyclorama arcs.001
15:32:44 | WARNING: More than one shader node tex image used for a texture. The resulting glTF sampler will behave like the first shader node tex image.
15:32:44 | INFO: Primitives created: 2
15:32:44 | INFO: Extracting primitive: KIT_stage_fog_plane_render.002
15:32:44 | INFO: Primitives created: 1
15:32:44 | INFO: Extracting primitive: KIT_tech_cell_side.012
15:32:44 | INFO: Primitives created: 1
15:32:44 | INFO: Extracting primitive: KIT_wall_window_bar.030
15:32:44 | INFO: Primitives created: 1
15:32:44 | INFO: Extracting primitive: KIT_stage_entry_walk.002
15:32:44 | INFO: Primitives created: 1
15:32:44 | INFO: Extracting primitive: KIT_props_folding_chair_render.001
15:32:44 | INFO: Primitives created: 1
15:32:44 | INFO: Extracting primitive: KIT_stage_floor_boards_render.002
15:32:44 | INFO: Primitives created: 1
15:32:44 | INFO: Extracting primitive: KIT_stage_gel_frame_render.002
15:32:44 | INFO: Primitives created: 2
15:32:44 | INFO: Extracting primitive: KIT_stage_studio_wall_render.002
15:32:44 | INFO: Primitives created: 1
15:32:44 | INFO: Extracting primitive: KIT_stage_fog_plane_render.020
15:32:44 | INFO: Primitives created: 1
15:32:44 | INFO: Extracting primitive: KIT_tech_terminal_desk_render.001
15:32:44 | INFO: Primitives created: 1
15:32:44 | INFO: Extracting primitive: KIT_props_scroll_render.001
15:32:44 | WARNING: More than one shader node tex image used for a texture. The resulting glTF sampler will behave like the first shader node tex image.
15:32:44 | INFO: Primitives created: 1
15:32:44 | INFO: Extracting primitive: SITE_tubi-tang_backstage.001
15:32:44 | INFO: Primitives created: 1
15:32:44 | INFO: Extracting primitive: KIT_pavilion_finial.007
15:32:44 | INFO: Primitives created: 1
15:32:44 | INFO: Extracting primitive: KIT_wall_amber_window.003
15:32:44 | INFO: Primitives created: 1
15:32:44 | INFO: Extracting primitive: TUBI_topic_line.001
15:32:44 | INFO: Primitives created: 1
15:32:44 | INFO: Extracting primitive: KIT_wall_lattice_vertical.063
15:32:44 | INFO: Primitives created: 1
15:32:44 | INFO: Extracting primitive: SITE_tubi-tang_platform.001
15:32:44 | INFO: Primitives created: 1
15:32:44 | INFO: Extracting primitive: KIT_props_lantern_hanging_render.012
15:32:44 | INFO: Primitives created: 1
15:32:44 | INFO: Extracting primitive: KIT_pavilion_roof.007
15:32:44 | INFO: Primitives created: 1
15:32:44 | INFO: Extracting primitive: TUBI_terrace.002
15:32:44 | INFO: Primitives created: 1
15:32:44 | INFO: Extracting primitive: SITE_tubi-tang_front.001
15:32:44 | INFO: Primitives created: 1
15:32:44 | INFO: Extracting primitive: XIAOXIANG_black_back.001
15:32:44 | INFO: Primitives created: 1
15:32:44 | INFO: Extracting primitive: XIAOXIANG_gate_pull.002
15:32:44 | INFO: Primitives created: 1
15:32:44 | INFO: Extracting primitive: XIAOXIANG_amber_window.001
15:32:44 | INFO: Primitives created: 1
15:32:44 | INFO: Extracting primitive: XIAOXIANG_gate_leaf.002
15:32:44 | INFO: Primitives created: 1
15:32:44 | INFO: Extracting primitive: XIAOXIANG_paving.001
15:32:44 | INFO: Primitives created: 1
15:32:44 | INFO: Extracting primitive: XIAOXIANG_wall_cap.001
15:32:44 | INFO: Primitives created: 1
15:32:44 | INFO: Extracting primitive: XIAOXIANG_closed_front.001
15:32:44 | INFO: Primitives created: 1
15:32:44 | INFO: Extracting primitive: YIHONG_backstage.002
15:32:44 | INFO: Primitives created: 1
15:32:44 | INFO: Extracting primitive: YIHONG_door_rail.001
15:32:44 | INFO: Primitives created: 1
15:32:44 | INFO: Extracting primitive: YIHONG_amber_window.002
15:32:44 | INFO: Primitives created: 1
15:32:44 | INFO: Extracting primitive: YIHONG_door_panel.001
15:32:44 | INFO: Primitives created: 1
15:32:44 | INFO: Extracting primitive: YIHONG_paving.002
15:32:44 | INFO: Primitives created: 1
15:32:44 | INFO: Extracting primitive: YIHONG_court_cap.001
15:32:44 | INFO: Primitives created: 1
15:32:44 | INFO: Extracting primitive: YIHONG_closed_front.002
15:32:44 | INFO: Primitives created: 1
15:32:44 | INFO: Extracting primitive: KIT_water_lotus_leaf.011
15:32:44 | INFO: Primitives created: 1
15:32:44 | INFO: Extracting primitive: KIT_water_plank.002
15:32:44 | INFO: Primitives created: 1
15:32:44 | INFO: Extracting primitive: SITE_ziling_island.001
15:32:44 | INFO: Primitives created: 1
15:32:44 | INFO: Finished glTF 2.0 export in 0.650623083114624 s

{"engine": "Godot", "sites": {"stage": {"objects": 100, "triangles": 11188, "render_meshes": 11, "colliders": 87, "triggers": 0}, "qinfang-ting": {"objects": 145, "triangles": 41324, "render_meshes": 27, "colliders": 103, "triggers": 7}, "rockery-gate": {"objects": 27, "triangles": 15324, "render_meshes": 8, "colliders": 10, "triggers": 3}, "terminal-cells": {"objects": 113, "triangles": 37996, "render_meshes": 10, "colliders": 77, "triggers": 18}, "qiushuang-zhai": {"objects": 36, "triangles": 21754, "render_meshes": 11, "colliders": 13, "triggers": 5}, "tubi-tang": {"objects": 37, "triangles": 11340, "render_meshes": 11, "colliders": 16, "triggers": 5}, "daguan-lou": {"objects": 29, "triangles": 23666, "render_meshes": 10, "colliders": 13, "triggers": 3}, "ouxiang-xie": {"objects": 28, "triangles": 15450, "render_meshes": 6, "colliders": 13, "triggers": 4}, "hengwu-yuan": {"objects": 43, "triangles": 20386, "render_meshes": 11, "colliders": 23, "triggers": 4}, "yihong-yuan": {"objects": 28, "triangles": 2294, "render_meshes": 10, "colliders": 9, "triggers": 4}, "xiaoxiang-guan": {"objects": 30, "triangles": 7478, "render_meshes": 12, "colliders": 9, "triggers": 4}, "longcui-an": {"objects": 27, "triangles": 4638, "render_meshes": 10, "colliders": 8, "triggers": 4}, "aojing-guan": {"objects": 24, "triangles": 2788, "render_meshes": 8, "colliders": 7, "triggers": 3}, "daoxiang-cun": {"objects": 27, "triangles": 10862, "render_meshes": 9, "colliders": 8, "triggers": 4}, "ziling-zhou": {"objects": 23, "triangles": 7064, "render_meshes": 13, "colliders": 4, "triggers": 3}}, "warnings": ["Reference assets, not yet profiled on mobile.", "Lightmap bake remains unfinished; engine import evidence is recorded separately in godot/import-validation.json."], "total_triangles": 233552, "total_render_meshes": 167}
BlenderMCP addon unregistered
Blender 5.2.2 LTS (hash d13f752e3b9c built 2026-09-15 01:49:19)

Blender quit
